CASE_ID,ACCIDENT_YEAR,PROC_DATE,JURIS,COLLISION_DATE,COLLISION_TIME,OFFICER_ID,REPORTING_DISTRICT,DAY_OF_WEEK,CHP_SHIFT,POPULATION,CNTY_CITY_LOC,SPECIAL_COND,BEAT_TYPE,CHP_BEAT_TYPE,CITY_DIVISION_LAPD,CHP_BEAT_CLASS,BEAT_NUMBER,PRIMARY_RD,SECONDARY_RD,DISTANCE,DIRECTION,INTERSECTION,WEATHER_1,WEATHER_2,STATE_HWY_IND,CALTRANS_COUNTY,CALTRANS_DISTRICT,STATE_ROUTE,ROUTE_SUFFIX,POSTMILE_PREFIX,POSTMILE,LOCATION_TYPE,RAMP_INTERSECTION,SIDE_OF_HWY,TOW_AWAY,COLLISION_SEVERITY,NUMBER_KILLED,NUMBER_INJURED,PARTY_COUNT,PRIMARY_COLL_FACTOR,PCF_CODE_OF_VIOL,PCF_VIOL_CATEGORY,PCF_VIOLATION,PCF_VIOL_SUBSECTION,HIT_AND_RUN,TYPE_OF_COLLISION,MVIW,PED_ACTION,ROAD_SURFACE,ROAD_COND_1,ROAD_COND_2,LIGHTING,CONTROL_DEVICE,CHP_ROAD_TYPE,PEDESTRIAN_ACCIDENT,BICYCLE_ACCIDENT,MOTORCYCLE_ACCIDENT,TRUCK_ACCIDENT,NOT_PRIVATE_PROPERTY,ALCOHOL_INVOLVED,STWD_VEHTYPE_AT_FAULT,CHP_VEHTYPE_AT_FAULT,COUNT_SEVERE_INJ,COUNT_VISIBLE_INJ,COUNT_COMPLAINT_PAIN,COUNT_PED_KILLED,COUNT_PED_INJURED,COUNT_BICYCLIST_KILLED,COUNT_BICYCLIST_INJURED,COUNT_MC_KILLED,COUNT_MC_INJURED,PRIMARY_RAMP,SECONDARY_RAMP,LATITUDE,LONGITUDE,COUNTY,CITY,POINT_X,POINT_Y
6376715,2014,2014-06-20,0712,2014-02-06,0905,325,,4,5,5,0712,0,0,0,,0,002,"GEARY RD","BUENA VISTA AV",0.00,,Y,B,C,N,,,,,,,,,,Y,4,0,1,2,A,-,09,21801,A,N,D,C,A,B,-,-,A,A,0,,,,,Y,,A,07,0,0,1,0,0,0,0,0,0,"- ","- ",,,"CONTRA COSTA","WALNUT CREEK",-122.07353998000001,37.926329969999998
6376821,2014,2016-02-24,9350,2014-02-13,1705,015765,,4,2,9,0700,0,1,1,,2,115,RT80,"MAIN ST",7920.00,E,N,B,-,Y,MRN,4,580,-,-,1.130,H,-,E,Y,3,0,3,4,A,-,03,22350,,N,C,C,A,A,H,-,A,D,4,,,,,Y,,A,07,0,2,1,0,0,0,0,0,0,"- ","- ",37.937399999999997,-122.4575,"CONTRA COSTA",UNINCORPORATED,-122.45420622,37.936494330000002
6377780,2014,2014-06-10,0714,2014-01-10,1958,135,122,5,5,4,0714,0,0,0,,0,002,"HOWE RD","PG&E POLE 110193133",17.00,S,N,A,-,N,,,,,,,,,,Y,3,0,1,1,A,-,07,21658,A,N,E,I,A,A,H,-,C,D,0,,,,,Y,,A,01,0,1,0,0,0,0,0,0,0,"- ","- ",38.002490000000002,-122.11221999999999,"CONTRA COSTA",MARTINEZ,,
6378310,2014,2014-06-09,0701,2014-01-19,1713,5214,612,7,5,5,0701,0,0,0,,0,003,"LONE TREE WY","VISTA GRANDE DR",0.00,,Y,A,-,N,,,,,,,,,,Y,4,0,1,2,A,-,12,21453,A,N,D,C,A,A,H,-,C,A,0,,,,,Y,,A,01,0,0,1,0,0,0,0,0,0,"- ","- ",,,"CONTRA COSTA",ANTIOCH,-121.75469995,37.961769940000003
6379627,2014,2014-06-05,9320,2014-02-10,0813,019195,,1,1,9,0700,1,2,4,,2,011,"APPIAN WY","RANCHO RD",210.00,N,N,B,-,N,,,,,,,,,,Y,4,0,2,4,A,-,03,22350,,N,C,D,A,B,H,-,A,A,0,,,,,Y,,H,14,0,0,2,0,0,0,0,0,0,"- ","- ",,,"CONTRA COSTA",UNINCORPORATED,-122.29727161,37.983992649999998
6379635,2014,2014-06-09,9320,2014-02-12,1649,16788,,3,2,9,0700,0,2,4,,2,097,"WALNUT BL","CONCORD AV",500.00,S,N,B,-,N,,,,,,,,,,Y,4,0,2,4,A,-,04,21703,,N,C,C,A,A,H,-,A,A,0,,,,,Y,,A,01,0,0,2,0,0,0,0,0,0,"- ","- ",,,"CONTRA COSTA",UNINCORPORATED,-121.69631372000001,37.902336640000001
6380096,2014,2015-11-20,9320,2014-02-19,1544,10179,,3,2,3,0792,0,1,3,,2,240,"RT 24","WILDER RD",1584.00,W,N,A,-,Y,CC,4,24,-,-,0.900,H,-,E,Y,4,0,1,1,A,-,03,22350,,N,E,I,A,A,H,-,A,D,1,,,,Y,Y,,F,26,0,0,1,0,0,0,0,0,0,"- ","- ",,,"CONTRA COSTA",ORINDA,-122.20315777,37.86699462
6380741,2014,2014-06-03,0700,2014-01-29,1756,63406,DANVI,3,5,4,0790,0,0,0,,0,061,"DANVILLE BL","DEL AMIGO RD",0.00,,Y,A,-,N,,,,,,,,,,N,4,0,1,2,A,-,10,21950,A,N,G,B,B,A,H,-,C,A,0,Y,,,,Y,,A,01,0,0,1,0,1,0,0,0,0,"- ","- ",,,"CONTRA COSTA",DANVILLE,-122.00849991,37.828849949999999
6380745,2014,2014-06-03,0700,2014-01-19,1329,72359,057,7,5,3,0734,0,0,0,,0,051,"MAIN ST","BIG BREAK",0.00,,Y,A,-,N,,,,,,,,,,Y,3,0,3,2,A,-,12,21453,A,N,D,D,A,A,H,-,A,A,0,,,,,Y,,A,01,0,1,2,0,0,0,0,0,0,"- ","- ",,,"CONTRA COSTA",OAKLEY,-121.7329599,38.004289929999999
6381687,2014,2014-06-07,9370,2014-01-25,1727,20356,,6,2,5,0710,0,3,5,,2,010,"VERDE AV","GIARAMITA ST",67.00,W,N,A,-,N,,,,,,,,,,Y,2,0,1,4,A,-,01,23152,A,F,G,B,E,A,H,-,B,D,0,Y,,,,Y,Y,A,01,1,0,0,0,1,0,0,0,0,"- ","- ",37.960000000000001,-122.36364,"CONTRA COSTA",RICHMOND,-122.36354237,37.959964839999998
6381734,2014,2014-06-07,9320,2014-01-25,1535,19458,,6,2,9,0700,0,2,4,,2,095,"MARSH CREEK RD","LYDIA LN",4224.00,W,N,A,-,N,,,,,,,,,,Y,3,0,3,2,A,-,05,21460,A,N,D,C,A,A,H,-,A,D,0,,,,,Y,,A,07,0,1,2,0,0,0,0,0,0,"- ","- ",,,"CONTRA COSTA",UNINCORPORATED,-121.75572851,37.8714054
6381937,2014,2014-06-16,0712,2014-02-18,1053,338,,2,5,5,0712,0,0,0,,0,003,"CHEYENNE DR","QUIET PLACE DR",0.00,,Y,B,-,N,,,,,,,,,,N,2,0,1,2,A,-,09,21802,A,N,D,G,A,A,H,-,A,D,0,,Y,,,Y,,L,04,1,0,0,0,0,0,1,0,0,"- ","- ",,,"CONTRA COSTA","WALNUT CREEK",-122.01794996,37.911949999999997
6381941,2014,2014-06-13,0712,2014-02-13,2331,P517,WALNU,4,5,5,0712,0,0,0,,0,001,"CREEKSIDE DR","1400 CREEKSIDE DR",0.00,,Y,A,-,N,,,,,,,,,,Y,4,0,1,1,A,-,03,22350,,N,E,I,A,A,H,-,C,D,0,,,,,Y,,A,01,0,0,1,0,0,0,0,0,0,"- ","- ",,,"CONTRA COSTA","WALNUT CREEK",-122.05080986,37.884128310000001
6381945,2014,2014-06-13,9320,2014-02-06,2150,020295,,4,2,9,0700,0,3,5,,2,010,"HILLTOP DR","EL PATIO DR",20.00,W,N,B,-,N,,,,,,,,,,Y,3,0,1,1,A,-,01,23152,A,N,E,I,A,A,H,-,C,D,0,,,,,Y,Y,A,07,0,1,0,0,0,0,0,0,0,"- ","- ",,,"CONTRA COSTA",UNINCORPORATED,-122.31036838,37.976430569999998
6381949,2014,2014-06-13,9320,2014-02-02,1835,019458,,7,2,9,0700,0,2,4,,2,046,"CHERRY LN","HAVEN LN",180.00,N,N,A,-,N,,,,,,,,,,Y,4,0,1,1,A,-,01,23152,A,N,E,I,A,A,H,-,D,D,0,,,,,Y,Y,A,01,0,0,1,0,0,0,0,0,0,"- ","- ",,,"CONTRA COSTA",UNINCORPORATED,-122.05263982,37.923360180000003
6381953,2014,2016-03-03,9320,2014-02-10,1822,019465,,1,2,9,0700,0,3,5,,2,075,RT4,"BAILEY RD",0.00,,Y,A,-,Y,CC,4,4,-,R,20.278,R,4,W,N,4,0,1,2,A,-,12,22450,A,N,D,C,A,A,H,-,C,A,1,,,,,Y,,A,01,0,0,1,0,0,0,0,0,0,TO,"- ",,,"CONTRA COSTA",UNINCORPORATED,-121.9389664,38.01911046
6381957,2014,2014-06-13,9320,2014-02-11,2340,019559,,2,3,9,0700,0,3,5,,2,040,"2ND AV","BLACKWOOD DR",0.00,,Y,A,-,N,,,,,,,,,,Y,3,0,1,1,A,-,01,23152,A,N,E,I,A,A,H,-,C,D,0,,,,,Y,Y,A,01,0,1,0,0,0,0,0,0,0,"- ","- ",37.981780000000001,-122.06921,"CONTRA COSTA",UNINCORPORATED,-122.0692999,37.98171997
6381961,2014,2014-06-13,9320,2014-02-08,2205,019535,,6,3,9,0700,0,3,5,,2,060,"DONEGAL WY","FRANCIS DR",150.00,N,N,B,C,N,,,,,,,,,,Y,3,0,1,2,A,-,08,22107,,N,C,E,A,B,H,-,C,D,0,,,,,Y,,A,01,0,1,0,0,0,0,0,0,0,"- ","- ",,,"CONTRA COSTA",UNINCORPORATED,-122.10596,37.95626
6381965,2014,2014-06-16,9320,2014-02-08,1400,019253,,6,2,9,0700,0,2,4,,2,031,"NAPA ST","MARIPOSA AV",100.00,S,N,A,-,N,,,,,,,,,,N,2,0,1,2,A,-,08,22108,,N,G,B,E,A,H,-,A,D,0,Y,,,,Y,,A,08,1,0,0,0,1,0,0,0,0,"- ","- ",,,"CONTRA COSTA",UNINCORPORATED,-122.26274220000001,38.03659734
6382329,2014,2014-06-06,0701,2014-01-31,1311,4265,503,5,5,5,0701,0,0,0,,0,003,"DAVISON DR","SUNSET LN",0.00,,Y,A,-,N,,,,,,,,,,Y,4,0,1,2,A,-,09,21801,A,N,A,C,A,A,H,-,A,D,0,,,,,Y,,A,07,0,0,1,0,0,0,0,0,0,"- ","- ",,,"CONTRA COSTA",ANTIOCH,-121.80428997,37.985159979999999
6383184,2014,2015-02-23,0712,2014-02-14,1818,P520,,5,5,5,0712,0,0,0,,0,001,"S MAIN ST","BOTELHO DR",20.00,S,N,A,-,N,,,,,,,,,,Y,4,0,2,2,A,-,05,21651,A,N,A,C,A,A,H,-,C,A,0,,,,,Y,,A,01,0,0,2,0,0,0,0,0,0,"- ","- ",,,"CONTRA COSTA","WALNUT CREEK",-122.05954257,37.895173759999999
6384179,2014,2014-06-16,9320,2014-02-04,2250,019752,,2,3,9,0700,0,2,4,,2,031,"SAN PABLO AV","CUMMINGS SKYWAY",3168.00,W,N,A,-,N,,,,,,,,,,Y,3,0,1,1,A,-,01,23152,A,M,E,I,A,A,H,-,D,D,0,,,,,Y,Y,D,22,0,1,0,0,0,0,0,0,0,"- ","- ",,,"CONTRA COSTA",UNINCORPORATED,-122.25215346,38.049015949999998
6384217,2014,2014-06-10,0710,2014-01-25,1705,1662,0710,6,5,5,0710,0,0,0,,0,008,"ROBERT H MILLER DR","BIRMINGHAM DR",0.00,,Y,A,-,N,,,,,,,,,,N,4,0,1,2,A,-,09,21801,A,N,D,C,A,A,H,-,B,D,0,,,,,Y,,D,22,0,0,1,0,0,0,0,0,0,"- ","- ",,,"CONTRA COSTA",RICHMOND,-122.33765065999999,37.976054220000002
6384681,2014,2014-06-17,0714,2014-02-07,1409,121,184,5,5,4,0714,0,0,0,,0,004,"MORELLO AV","MUIR RD",0.00,,Y,C,-,N,,,,,,,,,,Y,4,0,1,2,A,-,12,21453,A,N,D,C,A,B,H,-,A,A,0,,,,,Y,,D,22,0,0,1,0,0,0,0,0,0,"- ","- ",37.990459999999999,-122.10104,"CONTRA COSTA",MARTINEZ,-122.10101,37.990559959999999
6384685,2014,2015-01-13,0714,2014-01-22,1343,135,"10 2",3,5,4,0714,0,0,0,,0,002,"CASTRO ST","E ST",0.00,,Y,A,-,N,,,,,,,,,,N,4,0,1,2,A,-,09,21800,A,N,D,C,A,A,H,-,A,A,0,,,,,Y,,A,01,0,0,1,0,0,0,0,0,0,"- ","- ",38.002400000000002,-122.13043,"CONTRA COSTA",MARTINEZ,-122.13057986,38.002289939999997
6385307,2014,2016-01-19,9320,2014-02-05,2018,019107,,3,2,5,0712,0,1,1,,2,682,"RT 680","TREAT BL",2640.00,N,N,B,C,Y,CC,4,680,-,-,16.900,H,-,S,N,4,0,1,2,A,-,07,21658,A,M,B,C,A,B,H,-,C,D,1,,,,,Y,,-,99,0,0,1,0,0,0,0,0,0,"- ","- ",,,"CONTRA COSTA","WALNUT CREEK",-122.06040141,37.934031910000002
6385311,2014,2016-02-23,9320,2014-02-06,0950,018449,,4,1,6,0704,0,1,3,,2,242,"RT 242",CLAYTON/MARKET,100.00,S,N,B,C,Y,CC,4,242,-,R,0.760,H,-,S,N,4,0,2,2,A,-,03,22350,,N,C,C,A,B,H,-,A,D,1,,,,,Y,,A,01,0,0,2,0,0,0,0,0,0,"- ",SO,,,"CONTRA COSTA",CONCORD,-122.04802436999999,37.969551529999997
6385315,2014,2016-03-03,9320,2014-02-08,1525,019238,,6,2,9,0700,0,1,3,,2,400,RT4,"WILLOW AV",2640.00,E,N,B,C,Y,CC,4,4,-,R,1.210,H,-,W,Y,4,0,1,1,A,-,03,22350,,N,E,I,A,B,H,-,A,D,1,,,,,Y,,A,01,0,0,1,0,0,0,0,0,0,"- ","- ",,,"CONTRA COSTA",UNINCORPORATED,-122.24769314,38.015203980000003
6385319,2014,2014-06-16,9320,2014-02-08,1600,019107,,6,2,3,0715,0,1,3,,2,241,RT4,"OAK HILL RD",1901.00,W,N,B,C,Y,,,,,,,,,,Y,4,0,1,1,A,-,08,22107,,N,E,I,A,B,H,-,A,D,0,,,,,Y,,A,01,0,0,1,0,0,0,0,0,0,"- ","- ",,,"CONTRA COSTA",LAFAYETTE,,
6385323,2014,2016-03-03,9320,2014-02-13,1855,019996,,4,2,5,0701,0,1,3,,2,404,RT4,"LONE TREE WY",500.00,W,N,A,-,Y,CC,4,4,-,R,27.700,H,-,E,Y,4,0,2,4,A,-,03,22350,,N,C,C,A,A,D,-,D,D,1,,,,,Y,,A,01,0,0,2,0,0,0,0,0,0,"- ","- ",,,"CONTRA COSTA",ANTIOCH,-121.8079627,37.998116570000001
6385327,2014,2016-03-03,9320,2014-02-06,2250,019559,,4,3,9,0700,0,1,3,,2,401,RT4,"FRANKLIN CANYON RD",1584.00,E,N,B,-,Y,CC,4,4,-,R,2.640,H,-,E,Y,2,0,1,1,A,-,01,23152,A,N,E,I,A,A,H,-,D,D,1,,,,,Y,Y,A,01,1,0,0,0,0,0,0,0,0,"- ","- ",38.007820000000002,-122.22056000000001,"CONTRA COSTA",UNINCORPORATED,-122.22351648,38.008090610000004
6385331,2014,2016-03-03,9320,2014-02-05,1845,016584,,3,2,9,0700,0,1,3,,2,401,RT4,"FRANKLIN CANYON UNDERCROSSING",1584.00,E,N,B,C,Y,CC,4,4,-,R,2.640,H,-,E,Y,4,0,1,1,A,-,03,22350,,N,E,I,A,B,H,-,C,D,1,,,,,Y,,A,01,0,0,1,0,0,0,0,0,0,"- ","- ",38.007809999999999,-122.22107,"CONTRA COSTA",UNINCORPORATED,-122.22351648,38.008090610000004
6386110,2014,2016-03-03,9320,2014-02-05,1620,19458,,3,2,9,0700,0,1,3,,2,402,RT4,"SOLANO WY",528.00,E,N,B,-,Y,CC,4,4,-,R,13.800,H,-,E,Y,4,0,1,3,A,-,03,22350,,N,C,C,A,A,H,-,A,D,1,,,,,Y,,A,07,0,0,1,0,0,0,0,0,0,"- ","- ",,,"CONTRA COSTA",UNINCORPORATED,-122.05075803,38.001500790000001
6386562,2014,2014-06-17,0700,2014-02-03,1505,70914,DAN33,1,5,4,0790,0,0,0,,0,063,"CROW CANYON RD","CENTER WY",0.00,,Y,A,-,N,,,,,,,,,,Y,4,0,3,2,A,-,12,21453,A,N,D,C,A,A,H,-,A,A,0,,,,,Y,,A,01,0,0,3,0,0,0,0,0,0,"- ","- ",,,"CONTRA COSTA",DANVILLE,-121.92172999,37.797389959999997
6386790,2014,2014-06-17,9365,2014-02-17,1530,017805,,1,2,9,0700,0,1,1,,2,001,RT80,"POMONA AV",300.00,E,N,A,-,Y,,,,,,,,,,Y,4,0,2,3,A,-,03,22350,,N,C,C,A,A,H,-,A,D,0,,,,,Y,,A,01,0,0,2,0,0,0,0,0,0,"- ","- ",38.054340000000003,-122.22645,"CONTRA COSTA",UNINCORPORATED,,
6387047,2014,2016-01-19,9390,2014-02-08,1240,19612,,6,1,4,0790,0,1,1,,2,069,"RT 680","SYCAMORE VALLEY RD",75.00,S,N,B,C,Y,CC,4,680,-,R,6.750,H,-,S,Y,4,0,1,1,A,-,03,22350,,N,E,I,A,B,H,-,A,D,1,,,,,Y,,A,01,0,0,1,0,0,0,0,0,0,"- ","- ",,,"CONTRA COSTA",DANVILLE,-121.99297242,37.811193199999998
6387048,2014,2014-06-17,9320,2014-02-13,1220,16503,,4,1,9,0700,0,2,4,,2,071,"WILLOW PASS RD","MARYS AV",0.00,,Y,A,-,N,,,,,,,,,,Y,4,0,3,2,A,-,03,22350,,N,C,C,A,A,H,-,A,A,0,,,,,Y,,A,01,0,0,3,0,0,0,0,0,0,"- ","- ",,,"CONTRA COSTA",UNINCORPORATED,-121.95730996,38.02677997
6387052,2014,2015-11-20,9320,2014-02-11,1440,10179,,2,2,3,0715,0,1,3,,2,241,"RT 24","PLEASANT HILL RD",1056.00,E,N,A,-,Y,CC,4,24,-,R,7.900,H,-,E,N,4,0,1,2,A,-,07,21658,A,F,B,C,A,A,H,-,A,D,1,,,Y,,Y,,A,01,0,0,1,0,0,0,0,0,1,"- ","- ",,,"CONTRA COSTA",LAFAYETTE,-122.09186491,37.897664970000001
6387079,2014,2014-06-17,9320,2014-02-11,0840,16094,,2,1,9,0700,0,2,4,,2,071,"WILLOW PASS RD","BAILEY RD",75.00,W,N,A,-,N,,,,,,,,,,N,4,0,1,2,A,-,03,22350,,N,C,C,A,A,H,-,A,D,0,,,,,Y,,A,01,0,0,1,0,0,0,0,0,0,"- ","- ",,,"CONTRA COSTA",UNINCORPORATED,-121.94228037000001,38.026764729999996
6387082,2014,2016-01-19,9390,2014-02-09,0800,019587,,7,1,4,0790,0,1,1,,2,069,"RT 680","SYCAMORE VALLEY RD",100.00,S,N,C,-,Y,CC,4,680,-,R,6.740,H,-,S,Y,3,0,1,1,A,-,08,22107,,N,E,I,A,B,H,-,A,D,1,,,,,Y,,A,01,0,1,0,0,0,0,0,0,0,"- ","- ",37.486579999999996,-121.59571,"CONTRA COSTA",DANVILLE,-121.99292552999999,37.811051130000003
6387120,2014,2016-02-23,9320,2014-02-18,1840,19458,,2,2,6,0704,0,1,3,,2,242,"RT 242","OLIVER RD",528.00,S,N,A,-,Y,CC,4,242,-,R,2.690,H,-,N,Y,4,0,3,3,A,-,03,22350,,N,C,C,A,A,H,-,D,D,1,,,,,Y,,A,01,0,0,3,0,0,0,0,0,0,"- ","- ",,,"CONTRA COSTA",CONCORD,-122.03873177,37.99614837
6387145,2014,2016-01-19,9320,2014-02-13,0820,018036,,4,1,6,0704,0,1,1,,2,683,"RT 680","WILLOW PASS RD",80.00,N,N,A,-,Y,CC,4,680,-,-,19.183,R,1,S,Y,3,0,1,2,A,-,03,22350,,N,C,C,A,A,H,-,A,D,1,,,,,Y,,A,01,0,1,0,0,0,0,0,0,0,TO,"- ",37.965269999999997,-122.05737999999999,"CONTRA COSTA",CONCORD,-122.05761525,37.967756309999999
6387946,2014,2014-06-16,0740,2014-02-14,1140,15,72,5,5,4,0791,0,0,0,,0,003,"BOLLINGER CANYON RD","WEDGEWOOD RD",100.00,W,N,B,-,N,,,,,,,,,,N,4,0,1,2,A,-,09,21453,B,N,D,C,A,A,H,-,A,A,0,,,,,Y,,A,01,0,0,1,0,0,0,0,0,0,"- ","- ",,,"CONTRA COSTA","SAN RAMON",-121.9217354,37.773762939999997
6387949,2014,2016-01-19,9320,2014-02-06,0915,17271,,4,1,6,0704,0,1,1,,2,683,"RT 680","WILLOW PASS RD",500.00,S,N,B,C,Y,CC,4,680,-,R,19.150,H,-,N,Y,4,0,2,2,A,-,08,22107,,N,B,E,A,B,H,-,A,D,1,,,,,Y,,A,01,0,0,2,0,0,0,0,0,0,"- ","- ",37.961269999999999,-122.05322,"CONTRA COSTA",CONCORD,-122.05540305,37.96512413
6387953,2014,2015-11-20,9320,2014-02-08,2240,019866,,6,3,9,0700,0,1,3,,2,241,"RT 24",ORINDA,1584.00,W,N,C,-,Y,CC,4,24,-,-,1.650,H,-,E,Y,4,0,1,1,A,-,08,22107,,N,E,I,A,B,H,-,D,D,1,,,,,Y,,A,01,0,0,1,0,0,0,0,0,0,"- ","- ",37.877389999999998,-122.1814,"CONTRA COSTA",UNINCORPORATED,-122.19162094000001,37.870954130000001
6387957,2014,2016-01-19,9320,2014-02-08,1638,019465,,6,2,6,0704,0,1,1,,2,683,"RT 680","CONCORD AV",2640.00,N,N,B,C,Y,CC,4,680,-,-,20.380,H,-,N,Y,4,0,2,2,A,-,03,22350,,N,C,C,A,B,H,-,A,D,1,,,,,Y,,A,01,0,0,2,0,0,0,0,0,0,"- ","- ",,,"CONTRA COSTA",CONCORD,-122.06607188,37.983210839999998
6387961,2014,2016-03-03,9320,2014-02-06,1220,017508,,4,1,9,0700,0,1,3,,2,401,"RT 4","BARRY HILL RD",20.00,E,N,C,-,Y,CC,4,4,-,R,4.070,I,5,E,Y,4,0,1,1,A,-,08,22107,,N,E,I,A,B,H,-,A,D,1,,,,,Y,,A,01,0,0,1,0,0,0,0,0,0,"- ","- ",38.00761,-122.21008,"CONTRA COSTA",UNINCORPORATED,-122.19941178000001,38.011464529999998
6387965,2014,2016-03-03,9320,2014-02-06,0850,017508,,4,1,4,0714,0,1,3,,2,401,"RT 4",ALHAMBRA,10.00,E,N,C,-,Y,CC,4,4,-,R,8.730,H,-,E,Y,4,0,1,1,A,-,08,22107,,N,E,I,A,B,H,-,A,D,1,,,,,Y,,A,07,0,0,1,0,0,0,0,0,0,"- ","- ",37.991320000000002,-122.12741,"CONTRA COSTA",MARTINEZ,-122.12717422,37.991197829999997
6387969,2014,2016-03-03,9320,2014-02-03,0039,020009,,1,3,9,0700,0,1,3,,1,406,"RT 4","NEWPORT DR",870.00,W,N,A,-,Y,CC,4,4,-,-,45.610,H,-,W,N,4,0,2,1,A,-,08,22107,,N,E,I,A,A,H,-,D,D,0,,,,,Y,,A,07,0,0,2,0,0,0,0,0,0,"- ","- ",37.883940000000003,-121.61872,"CONTRA COSTA",UNINCORPORATED,-121.61792678,37.88938272
6387981,2014,2015-11-20,9320,2014-02-09,1100,017508,,7,1,3,0792,0,1,3,,2,240,"RT 24","ST STEPHENS",2000.00,W,N,C,-,Y,CC,4,24,-,R,2.880,H,-,E,N,4,0,1,2,A,-,03,22350,,N,E,C,A,B,H,-,A,D,1,,,,,Y,,A,01,0,0,1,0,0,0,0,0,0,"- ","- ",37.892020000000002,-122.17192,"CONTRA COSTA",ORINDA,-122.17845568,37.885566330000003
6388401,2014,2016-01-05,9320,2014-02-14,1900,019423,,5,2,5,0712,0,1,1,,2,681,"RT 680","S MAIN ST",700.00,S,N,A,-,Y,CC,4,680,-,-,12.950,H,-,N,Y,3,0,3,2,A,-,03,22350,,N,C,C,A,A,H,-,D,D,1,,,Y,,Y,,C,02,0,1,2,0,0,0,0,0,1,"- ","- ",,,"CONTRA COSTA","WALNUT CREEK",-122.05404029,37.884702580000003
6388738,2014,2014-06-04,0740,2014-01-31,1528,501,SR72,5,5,4,0791,0,0,0,,0,005,"IVY HILL WY","ALBION RD",630.00,N,N,A,-,N,,,,,,,,,,Y,4,0,1,2,A,-,09,21801,A,N,D,C,A,A,H,-,A,A,0,,,,,Y,,A,01,0,0,1,0,0,0,0,0,0,"- ","- ",37.769379999999998,-121.8982,"CONTRA COSTA","SAN RAMON",-121.89811797,37.769286450000003
6388742,2014,2016-01-19,0740,2014-01-31,1540,15,72,5,5,4,0791,0,0,0,,0,003,"CROW CANYON RD","RT 680",0.00,,Y,A,-,Y,CC,4,680,-,R,3.991,R,4,N,Y,4,0,1,2,A,-,12,21453,A,N,D,C,A,A,H,-,A,A,0,,,,,Y,,A,01,0,0,1,0,0,0,0,0,0,"- ",NF,,,"CONTRA COSTA","SAN RAMON",-121.97385214000001,37.774586460000002
6388787,2014,2014-06-05,9320,2014-01-03,1310,20009,,5,1,9,0700,0,3,5,,2,010,"7TH ST","NAPA ST",0.00,,Y,A,-,N,,,,,,,,,,N,4,0,1,2,A,-,12,21453,A,N,D,G,A,A,H,-,A,A,0,,Y,,,Y,,L,04,0,0,1,0,0,0,1,0,0,"- ","- ",38.028910000000003,-122.26336999999999,"CONTRA COSTA",UNINCORPORATED,-122.26325987,38.028909949999999
6389024,2014,2015-02-13,0704,2014-02-20,1943,468,,4,5,6,0704,0,0,0,,0,002,"MEADOW LN","RILEY CT",60.00,S,N,B,-,N,,,,,,,,,,N,4,0,1,3,A,-,03,22350,,N,C,C,A,A,H,-,A,D,0,,,,,Y,,A,01,0,0,1,0,0,0,0,0,0,"- ","- ",,,"CONTRA COSTA",CONCORD,-122.04206175,37.959884359999997
6389308,2014,2014-06-24,0704,2014-02-21,1156,335,VALLE,5,5,6,0704,0,0,0,,0,005,"CLAYTON RD","BARBIS WY",50.00,E,N,A,-,N,,,,,,,,,,Y,4,0,1,2,A,-,03,22350,,N,C,C,A,A,H,-,A,D,0,,,,,Y,,A,01,0,0,1,0,0,0,0,0,0,"- ","- ",,,"CONTRA COSTA",CONCORD,-122.01056643,37.970294199999998
6389312,2014,2014-06-24,0704,2014-02-21,0300,0493,32,5,5,6,0704,0,0,0,,0,001,"MARSH DR","SOLANO WY",528.00,W,N,A,-,N,,,,,,,,,,Y,4,0,2,1,A,-,01,23153,A,N,F,I,A,-,H,-,C,D,0,,,,,Y,Y,A,07,0,0,2,0,0,0,0,0,0,"- ","- ",,,"CONTRA COSTA",CONCORD,-122.05472988,37.999369080000001
6389316,2014,2014-06-24,0704,2014-02-18,1919,0435,CONCO,2,5,6,0704,0,0,0,,0,002,"MARKET ST","WILLOW PASS RD",120.00,S,N,A,-,N,,,,,,,,,,Y,4,0,2,2,A,-,05,21460,A,N,A,C,A,A,H,-,C,A,0,,,,,Y,,A,01,0,0,2,0,0,0,0,0,0,"- ","- ",,,"CONTRA COSTA",CONCORD,-122.04612409000001,37.970770559999998
6390428,2014,2014-06-10,0740,2014-01-30,1655,501,"SR 72",4,5,4,0791,0,0,0,,0,003,"CAMINO RAMON","EXECUTIVE PKWY",784.00,S,N,A,-,N,,,,,,,,,,Y,3,0,2,2,A,-,03,22350,,N,C,C,A,A,H,-,B,A,0,,,,,Y,,A,07,0,1,1,0,0,0,0,0,0,"- ","- ",37.768090000000001,-121.96079,"CONTRA COSTA","SAN RAMON",-121.96073561,37.768148179999997
6390697,2014,2014-06-21,9320,2014-02-20,1715,18371,,4,2,9,0700,0,2,4,,2,012,"SAN PABLO DAM RD","MILTON AV",100.00,W,N,A,-,N,,,,,,,,,,Y,4,0,2,2,A,-,03,22350,,N,C,C,A,A,H,-,A,D,0,,,,,Y,,D,22,0,0,2,0,0,0,0,0,0,"- ","- ",,,"CONTRA COSTA",UNINCORPORATED,-122.30561791,37.966630160000001
6390862,2014,2014-06-19,9370,2014-02-06,0527,019469,,4,3,4,0711,0,1,1,,2,083,"RT 80","EL PORTAL DR",70.00,E,N,B,C,Y,,,80,,,,,,,Y,3,0,1,3,A,-,07,21658,A,N,B,C,A,B,H,-,D,D,0,,,,Y,Y,,G,27,0,1,0,0,0,0,0,0,0,"- ","- ",37.965350000000001,-122.32377,"CONTRA COSTA","SAN PABLO",-122.32379324999999,37.965394250000003
6390872,2014,2014-06-20,9370,2014-02-12,0815,019645,,3,1,5,0710,0,1,1,,2,082,RT80,"CARLSON AV",750.00,E,N,A,-,Y,,,,,,,,,,Y,4,0,1,2,A,-,03,22350,,N,C,C,A,A,H,-,A,D,0,,,,,Y,,D,22,0,0,1,0,0,0,0,0,0,"- ","- ",37.545310000000001,-122.59430999999999,"CONTRA COSTA",RICHMOND,,