CASE_ID,ACCIDENT_YEAR,PROC_DATE,JURIS,COLLISION_DATE,COLLISION_TIME,OFFICER_ID,REPORTING_DISTRICT,DAY_OF_WEEK,CHP_SHIFT,POPULATION,CNTY_CITY_LOC,SPECIAL_COND,BEAT_TYPE,CHP_BEAT_TYPE,CITY_DIVISION_LAPD,CHP_BEAT_CLASS,BEAT_NUMBER,PRIMARY_RD,SECONDARY_RD,DISTANCE,DIRECTION,INTERSECTION,WEATHER_1,WEATHER_2,STATE_HWY_IND,CALTRANS_COUNTY,CALTRANS_DISTRICT,STATE_ROUTE,ROUTE_SUFFIX,POSTMILE_PREFIX,POSTMILE,LOCATION_TYPE,RAMP_INTERSECTION,SIDE_OF_HWY,TOW_AWAY,COLLISION_SEVERITY,NUMBER_KILLED,NUMBER_INJURED,PARTY_COUNT,PRIMARY_COLL_FACTOR,PCF_CODE_OF_VIOL,PCF_VIOL_CATEGORY,PCF_VIOLATION,PCF_VIOL_SUBSECTION,HIT_AND_RUN,TYPE_OF_COLLISION,MVIW,PED_ACTION,ROAD_SURFACE,ROAD_COND_1,ROAD_COND_2,LIGHTING,CONTROL_DEVICE,CHP_ROAD_TYPE,PEDESTRIAN_ACCIDENT,BICYCLE_ACCIDENT,MOTORCYCLE_ACCIDENT,TRUCK_ACCIDENT,NOT_PRIVATE_PROPERTY,ALCOHOL_INVOLVED,STWD_VEHTYPE_AT_FAULT,CHP_VEHTYPE_AT_FAULT,COUNT_SEVERE_INJ,COUNT_VISIBLE_INJ,COUNT_COMPLAINT_PAIN,COUNT_PED_KILLED,COUNT_PED_INJURED,COUNT_BICYCLIST_KILLED,COUNT_BICYCLIST_INJURED,COUNT_MC_KILLED,COUNT_MC_INJURED,PRIMARY_RAMP,SECONDARY_RAMP,LATITUDE,LONGITUDE,COUNTY,CITY,POINT_X,POINT_Y
6428469,2014,2015-10-15,0712,2014-02-27,1823,P525,,4,5,5,0712,0,0,0,,0,001,"SOUTH CALIFORNIA BL","BOTELHO DR",0.00,,Y,A,-,N,,,,,,,,,,Y,3,0,1,2,A,-,08,22107,,N,D,C,A,A,H,-,C,A,0,,,,,Y,,A,01,0,1,0,0,0,0,0,0,0,"- ","- ",,,"CONTRA COSTA","WALNUT CREEK",-122.06184999,37.89457994
6428492,2014,2014-06-27,0712,2014-02-26,1849,P529,,3,5,5,0712,0,0,0,,0,002,"YGNACIO VALLEY RD","NORTH CALIFORNIA BL",0.00,,Y,C,-,N,,,,,,,,,,N,3,0,1,2,A,-,"- ",,,N,G,B,B,B,H,-,C,A,0,Y,,,,Y,,N,60,0,1,0,0,1,0,0,0,0,"- ","- ",,,"CONTRA COSTA","WALNUT CREEK",-122.06575992,37.904969940000001
6428496,2014,2014-06-27,0712,2014-02-25,1700,P529,,2,5,5,0712,0,0,0,,0,002,"N MAIN ST","2800 N MAIN ST",0.00,,Y,A,-,N,,,,,,,,,,Y,4,0,3,2,A,-,09,21804,A,N,A,C,A,A,H,-,A,D,0,,,,,Y,,A,01,0,0,3,0,0,0,0,0,0,"- ","- ",,,"CONTRA COSTA","WALNUT CREEK",-122.06310153,37.924822380000002
6428500,2014,2014-06-27,0712,2014-02-22,1901,P531,,6,5,5,0712,0,0,0,,0,002,"N CALIFORNIA","LACASSIE AV",0.00,,Y,A,-,N,,,,,,,,,,Y,4,0,1,2,A,-,12,21453,A,N,D,D,A,A,H,-,C,A,0,,,,,Y,,-,,0,0,1,0,0,0,0,0,0,"- ","- ",,,"CONTRA COSTA","WALNUT CREEK",-122.06517993999999,37.903579989999997
6428504,2014,2014-06-27,0712,2014-02-22,0604,P491,,6,5,5,0712,0,0,0,,0,003,"BANCROFT RD","POMAR WY",0.00,,Y,A,-,N,,,,,,,,,,Y,4,0,1,2,D,-,00,,,N,D,C,A,A,H,-,C,A,0,,,,,Y,,-,"- ",0,0,1,0,0,0,0,0,0,"- ","- ",,,"CONTRA COSTA","WALNUT CREEK",-122.04118988,37.927739979999998
6428568,2014,2016-01-19,9390,2014-02-21,1045,19108,,5,1,4,0791,0,1,1,,2,068,"RT 680","CROW CANYON RD",4752.00,S,N,A,-,Y,CC,4,680,-,R,3.280,H,-,N,Y,4,0,2,1,A,-,03,22350,,N,F,A,A,A,H,-,A,D,1,,,,,Y,,A,07,0,0,2,0,0,0,0,0,0,"- ","- ",,,"CONTRA COSTA","SAN RAMON",-121.96862731,37.765142519999998
6428612,2014,2016-01-19,9390,2014-02-27,0025,19246,,4,3,4,0791,0,1,1,,2,068,"RT 680","ALCOSTA BL",50.00,N,N,B,-,Y,CC,4,680,-,R,0.020,H,-,N,Y,3,0,1,1,A,-,08,22107,,M,E,I,A,B,H,-,C,D,1,,,,,Y,,A,01,0,1,0,0,0,0,0,0,0,TO,"- ",37.701619999999998,-121.90965,"CONTRA COSTA","SAN RAMON",-121.94015233,37.723662879999999
6428948,2014,2015-02-23,0704,2014-03-25,0805,497,032,2,5,6,0704,0,0,0,,0,003,"DETROIT AV","MONUMENT BL",269.00,S,N,B,-,N,,,,,,,,,,N,4,0,1,2,A,-,09,21801,A,N,D,C,A,A,H,-,A,D,0,,,,,Y,,A,01,0,0,1,0,0,0,0,0,0,"- ","- ",,,"CONTRA COSTA",CONCORD,-122.03309154,37.959493969999997
6429018,2014,2015-11-18,0706,2014-02-26,1736,174,,3,5,3,0706,0,0,0,,0,002,"SYCAMORE AV","REDWOOD RD",18.00,W,N,C,-,N,,,,,,,,,,Y,4,0,1,2,A,-,01,23152,A,M,C,C,A,B,H,-,C,D,0,,,,,Y,Y,A,01,0,0,1,0,0,0,0,0,0,"- ","- ",,,"CONTRA COSTA",HERCULES,-122.26273249,38.008540000000004
6429026,2014,2015-02-11,0706,2014-02-16,1508,101,,7,5,3,0706,0,0,0,,0,001,"SAN PABLO AV","SYCAMORE AV",0.00,,Y,A,-,N,,,,,,,,,,Y,4,0,1,4,A,-,12,21453,A,N,D,C,A,A,H,-,A,A,0,,,,,Y,,-,"- ",0,0,1,0,0,0,0,0,0,"- ","- ",,,"CONTRA COSTA",HERCULES,-122.27328987999999,38.013300000000001
6429050,2014,2015-01-28,0712,2014-02-18,1210,P484,,2,5,5,0712,0,0,0,,0,,"N MAIN ST","ARROYO WY",0.00,,Y,A,-,N,,,,,,,,,,Y,3,0,1,2,A,-,09,21802,A,N,D,C,A,A,H,-,A,A,0,,,,,Y,,A,07,0,1,0,0,0,0,0,0,0,"- ","- ",,,"CONTRA COSTA","WALNUT CREEK",-122.06368995,37.904989989999997
6429594,2014,2014-06-26,0712,2014-03-21,1400,P378,,5,5,5,0712,0,0,0,,0,002,"CALIFORNIA BL","LA CASSIE AV",0.00,,Y,A,-,N,,,,,,,,,,Y,3,0,1,2,A,-,09,21801,A,N,A,C,A,A,H,-,A,D,0,,,,,Y,,D,22,0,1,0,0,0,0,0,0,0,"- ","- ",,,"CONTRA COSTA","WALNUT CREEK",-122.06517993999999,37.903579989999997
6429617,2014,2014-07-30,0710,2014-01-20,1710,1402,,1,5,5,0710,0,0,0,,0,008,"BLUME DR","RICHMOND PKWY",30.00,S,N,A,-,N,,,,,,,,,,N,4,0,1,2,A,-,04,21703,,N,C,C,A,A,H,-,B,A,0,,,,,Y,,-,,0,0,1,0,0,0,0,0,0,"- ","- ",,,"CONTRA COSTA",RICHMOND,-122.31700859,37.986837110000003
6429648,2014,2014-07-02,0711,2014-02-05,1543,S1044,0711,3,5,4,0711,0,0,0,,0,002,"SAN PABLO AV","VALE RD",0.00,,Y,B,-,N,,,,,,,,,,Y,3,0,2,3,A,-,04,21703,,N,C,D,A,A,H,-,A,A,0,,,,,Y,,A,01,0,1,1,0,0,0,0,0,0,"- ","- ",,,"CONTRA COSTA","SAN PABLO",-122.33574994999999,37.95554989
6429649,2014,2014-07-02,0711,2014-02-07,1833,1057,SP,5,5,4,0711,0,0,0,,0,003,"RUMRILL BL","MARKET AV",0.00,,Y,C,-,N,,,,,,,,,,N,4,0,1,2,A,-,10,21950,A,F,G,B,C,B,H,-,C,A,0,Y,,,,Y,,A,01,0,0,1,0,1,0,0,0,0,"- ","- ",,,"CONTRA COSTA","SAN PABLO",-122.35666990999999,37.958849970000003
6429654,2014,2014-07-02,0704,2014-02-05,1106,478,,3,5,6,0704,0,0,0,,0,004,"MONUMENT BLVD","COWELL RD",247.00,S,N,B,-,N,,,,,,,,,,N,3,0,1,2,A,-,05,21650,1,N,D,G,A,A,H,-,A,D,0,,Y,,,Y,,L,04,0,1,0,0,0,0,1,0,0,"- ","- ",,,"CONTRA COSTA",CONCORD,-122.03225547,37.968055419999999
6429655,2014,2014-07-02,0704,2014-02-10,1016,483,,1,5,6,0704,0,0,0,,0,002,"ADELAIDE ST","CLAYTON RD",0.00,,Y,A,-,N,,,,,,,,,,N,4,0,1,2,A,-,10,21950,A,N,G,B,B,A,H,-,A,D,0,Y,,,,Y,,A,01,0,0,1,0,1,0,0,0,0,"- ","- ",,,"CONTRA COSTA",CONCORD,-122.04124998,37.971690000000002
6429656,2014,2014-07-10,0704,2014-02-14,0637,502,,5,5,6,0704,0,0,0,,0,004,"PACHECO ST","COLFAX ST",25.00,W,N,A,-,N,,,,,,,,,,N,4,0,1,2,A,-,11,21954,A,N,E,B,E,A,H,-,B,D,0,Y,,,,Y,,N,60,0,0,1,0,1,0,0,0,0,"- ","- ",,,"CONTRA COSTA",CONCORD,-122.03318589,37.979376719999998
6429657,2014,2014-07-02,0704,2014-02-17,0155,535,,1,5,6,0704,0,0,0,,0,005,"BABEL LN","GAINSBOROUGH DR",50.00,S,N,A,-,N,,,,,,,,,,Y,4,0,1,1,B,-,22,,,N,E,I,A,A,H,-,D,D,0,,,,,Y,,A,07,0,0,1,0,0,0,0,0,0,"- ","- ",,,"CONTRA COSTA",CONCORD,-122.00823413000001,37.963614190000001
6429743,2014,2016-03-03,9320,2014-03-19,0810,016824,,3,1,5,0708,0,1,3,,2,403,"RT 4","BAILEY RD",250.00,W,N,A,-,Y,CC,4,4,-,R,20.050,H,-,W,Y,4,0,1,5,A,-,03,22350,,N,C,C,A,A,H,-,A,D,1,,,,,Y,,D,22,0,0,1,0,0,0,0,0,0,"- ","- ",38.019060000000003,-121.94515,"CONTRA COSTA",PITTSBURG,-121.94308827,38.01910101
6429745,2014,2016-03-03,9320,2014-03-28,1150,018732,,5,1,9,0700,0,1,3,,2,403,"RT 4","BAILEY RD",2640.00,W,N,A,-,Y,CC,4,4,-,R,20.630,H,-,W,N,4,0,1,2,A,-,07,21658,A,N,B,C,A,A,H,-,A,D,1,,,,,Y,,-,"- ",0,0,1,0,0,0,0,0,0,"- ","- ",,,"CONTRA COSTA",UNINCORPORATED,-121.93256043,38.019118749999997
6429840,2014,2016-01-19,9390,2014-02-21,1045,19517,,5,1,4,0791,0,1,1,,2,068,"RT 680","CROW CANYON RD",2640.00,S,N,A,-,Y,CC,4,680,-,R,3.680,H,-,N,Y,4,0,2,2,A,-,03,22350,,N,C,C,A,A,H,-,A,D,1,,,,,Y,,A,07,0,0,2,0,0,0,0,0,0,"- ","- ",,,"CONTRA COSTA","SAN RAMON",-121.97171212000001,37.770374240000002
6430278,2014,2014-07-02,0701,2014-03-01,1426,2372,611,6,5,5,0701,0,0,0,,0,1436,"HIDDEN GLEN DR","SELKIRK CT",71.00,W,N,B,-,N,,,,,,,,,,N,3,0,1,2,A,-,"- ",,,N,C,E,A,A,H,-,A,A,0,,,Y,,Y,Y,C,02,0,1,0,0,0,0,0,0,1,"- ","- ",,,"CONTRA COSTA",ANTIOCH,-121.75853153,37.97872856
6430750,2014,2014-07-15,0708,2014-04-01,1255,229,,2,5,5,0708,0,0,0,,0,001,"CLIPPER DR","W CATAMARAN CIR",113.00,E,N,C,-,N,,,,,,,,,,N,4,0,1,2,A,-,21,22106,,N,H,C,A,B,H,-,A,D,0,,,,Y,Y,,F,27,0,0,1,0,0,0,0,0,0,"- ","- ",,,"CONTRA COSTA",PITTSBURG,-121.91708776,38.024861569999999
6430754,2014,2015-10-12,0708,2014-03-25,2134,P323,,2,5,5,0708,0,0,0,,0,002,"PITTSBURG-ANTIOCH HWY","HARBOR ST",1420.00,E,N,C,-,N,,,,,,,,,,Y,3,0,1,2,A,-,03,22350,,N,A,C,A,B,H,-,C,D,0,,,,Y,Y,,A,01,0,1,0,0,0,0,0,0,0,"- ","- ",,,"CONTRA COSTA",PITTSBURG,-121.8740712,38.024442989999997
6430801,2014,2014-07-10,9370,2014-03-12,0620,020657,,3,1,5,0710,0,1,1,,2,082,RT80,"POTRERO AV",1372.00,W,N,A,-,Y,,,,,,,,,,N,4,0,1,2,A,-,07,21658,A,N,B,C,A,A,H,-,D,D,0,,,,,Y,,I,09,0,0,1,0,0,0,0,0,0,"- ","- ",37.551209999999998,-122.19324,"CONTRA COSTA",RICHMOND,,
6430952,2014,2014-06-20,0701,2014-02-25,2021,5321,305,2,5,5,0701,0,0,0,,0,001,"MAHOGANY WY","DOGWOOD WY",0.00,,Y,A,-,N,,,,,,,,,,N,2,0,1,2,A,-,11,21954,A,N,G,B,E,A,H,-,D,D,0,Y,,,,Y,Y,N,60,1,0,0,0,1,0,0,0,0,"- ","- ",,,"CONTRA COSTA",ANTIOCH,-121.82713997,38.00230998
6430985,2014,2014-06-20,0710,2014-02-19,0958,1494,CENTR,3,5,5,0710,0,0,0,,0,004,"BARRETT AV","19TH ST",0.00,,Y,A,-,N,,,,,,,,,,Y,4,0,5,2,A,-,12,21453,A,N,D,C,A,A,H,-,A,A,0,,,,,Y,,A,01,0,0,5,0,0,0,0,0,0,"- ","- ",,,"CONTRA COSTA",RICHMOND,-122.35150985999999,37.938459899999998
6431044,2014,2014-06-30,0701,2014-03-03,1847,3361,104,1,5,5,0701,0,0,0,,0,002,"10TH ST","J ST",4.00,W,N,C,-,N,,,,,,,,,,N,3,0,1,2,A,-,"- ",,,M,G,B,B,B,H,-,C,D,0,Y,,,,Y,,A,01,0,1,0,0,1,0,0,0,0,"- ","- ",,,"CONTRA COSTA",ANTIOCH,-121.81718389,38.011189999999999
6431047,2014,2016-01-19,9390,2014-03-13,0800,019452,,4,1,4,0791,0,1,1,,2,068,"RT 680","CROW CANYON RD",364.00,S,N,A,-,Y,CC,4,680,-,R,4.110,H,-,N,Y,4,0,3,2,A,-,07,21658,A,N,C,C,A,A,D,-,A,D,1,,,,,Y,,A,07,0,0,3,0,0,0,0,0,0,"- ","- ",37.804690000000001,-121.98992,"CONTRA COSTA","SAN RAMON",-121.97466903,37.77619868
6431086,2014,2016-01-19,9390,2014-03-28,1325,19982,,5,1,4,0790,0,1,1,,2,069,"RT 680","SYCAMORE VALLEY RD",18.00,E,N,A,-,Y,CC,4,680,-,R,6.508,R,1,N,N,4,0,2,2,A,-,03,22350,,N,C,C,A,A,A,H,-,A,1,,,,,Y,,A,01,0,0,2,0,0,0,0,0,0,TO,"- ",37.811010000000003,-121.99187000000001,"CONTRA COSTA",DANVILLE,-121.99127455999999,37.807833850000002
6431100,2014,2014-07-01,0710,2014-03-15,2006,1586,,6,5,5,0710,0,0,0,,0,007,"23RD ST","MACDONALD AV",0.00,,Y,A,-,N,,,,,,,,,,N,4,0,1,2,A,-,09,21801,A,N,D,C,A,A,H,-,B,A,0,,,,,Y,,A,01,0,0,1,0,0,0,0,0,0,"- ","- ",,,"CONTRA COSTA",RICHMOND,-122.34754993,37.935729879999997
6431103,2014,2014-06-30,9320,2014-03-22,1850,019914,,6,2,9,0700,0,2,4,,2,071,"PORT CHICAGO HWY","KEVIN DR",0.00,,Y,A,-,N,,,,,,,,,,Y,4,0,2,2,A,-,09,21802,A,N,D,C,A,A,H,-,A,A,0,,,,,Y,,A,01,0,0,2,0,0,0,0,0,0,"- ","- ",,,"CONTRA COSTA",UNINCORPORATED,-121.9604799,38.031679939999997
6431104,2014,2014-07-17,0710,2014-03-16,2003,1484,SOUTH,7,5,5,0710,0,0,0,,0,004,"MACDONALD AV","21ST ST",0.00,,Y,A,-,N,,,,,,,,,,N,4,0,1,2,A,-,"- ",,,N,G,B,B,A,H,-,C,A,0,Y,,,,Y,,-,,0,0,1,0,1,0,0,0,0,"- ","- ",,,"CONTRA COSTA",RICHMOND,-122.34955988999999,37.935739959999999
6431331,2014,2015-02-18,0714,2014-03-09,1401,146,051,7,5,4,0714,0,0,0,,0,001,"HAVEN ST","CASTRO ST",0.00,,Y,A,-,N,,,,,,,,,,Y,4,0,1,2,A,-,03,22350,,N,D,C,A,A,H,-,A,D,0,,,,,Y,,A,,0,0,1,0,0,0,0,0,0,"- ","- ",,,"CONTRA COSTA",MARTINEZ,-122.13320999,38.012389910000003
6431339,2014,2015-02-18,0714,2014-03-22,0749,129,18-4,6,5,4,0714,0,0,0,,0,004,"MUIR RD","SWEETWATER DR",0.00,,Y,A,-,N,,,,,,,,,,N,4,0,1,2,A,-,03,22350,,N,C,C,A,A,H,-,A,D,0,,,,,Y,,A,01,0,0,1,0,0,0,0,0,0,"- ","- ",,,"CONTRA COSTA",MARTINEZ,-122.08242993,37.990449929999997
6432401,2014,2014-06-25,0705,2014-03-10,0751,117,TRAFF,1,5,3,0705,0,0,0,,0,012,"ARLINGTON BL","LAGUNITAS BL",280.00,N,N,B,-,N,,,,,,,,,,Y,4,0,1,2,A,-,08,22107,,N,C,E,A,B,H,-,A,D,0,,,,,Y,,A,01,0,0,1,0,0,0,0,0,0,"- ","- ",,,"CONTRA COSTA","EL CERRITO",-122.30896462,37.933918519999999
6432430,2014,2016-03-03,0705,2014-03-03,0009,117,TRAFF,1,5,3,0705,0,0,0,,0,010,"RT 123","COLUMBIA AV",10.00,S,N,B,-,Y,CC,4,123,-,-,0.570,H,-,S,Y,3,0,2,2,A,-,01,23152,A,F,E,I,A,B,H,-,C,D,0,,,,,Y,Y,A,01,0,2,0,0,0,0,0,0,0,"- ","- ",,,"CONTRA COSTA","EL CERRITO",-122.3050921,37.905884890000003
6432699,2014,2015-06-02,0714,2014-03-18,1341,114,01,2,5,4,0714,0,0,0,,0,001,"RICHARDSON ST","BUCKLEY ST",18.00,N,N,A,-,N,,,,,,,,,,N,4,0,1,3,A,-,08,22107,,N,B,C,E,A,H,-,A,D,0,Y,,,,Y,,A,01,0,0,1,0,1,0,0,0,0,"- ","- ",38.018990000000002,-122.13498,"CONTRA COSTA",MARTINEZ,-122.14114877999999,38.01723878
6433022,2014,2014-06-30,0701,2014-03-13,2027,5324,103,4,5,5,0701,0,0,0,,0,002,"W 10TH ST","K ST",66.00,W,N,A,-,N,,,,,,,,,,N,2,0,1,2,A,-,08,22107,,N,B,G,A,A,H,-,C,D,0,,Y,,,Y,Y,L,04,1,0,0,0,0,0,1,0,0,"- ","- ",,,"CONTRA COSTA",ANTIOCH,-121.81863912999999,38.011189999999999
6433309,2014,2014-06-28,0711,2014-03-02,0153,S1039,,7,5,4,0711,0,0,0,,0,001,"GIANT HWY","GIANT HWY 2680",0.00,,N,A,-,N,,,,,,,,,,Y,2,0,3,5,A,-,01,23152,A,N,E,E,A,A,H,-,C,D,0,,,,,Y,Y,A,01,1,2,0,0,0,0,0,0,0,"- ","- ",37.970799999999997,-122.3552,"CONTRA COSTA","SAN PABLO",-122.35532284,37.970802110000001
6434171,2014,2014-07-07,0704,2014-03-28,0754,478,,5,5,6,0704,0,0,0,,0,,"CLAYTON RD","PARK ST",5.00,W,N,A,-,N,,,,,,,,,,N,4,0,1,3,A,-,04,21703,,N,G,B,B,A,H,-,A,A,0,Y,,,,Y,,A,07,0,0,1,0,1,0,0,0,0,"- ","- ",,,"CONTRA COSTA",CONCORD,-122.02903608,37.97555517
6434239,2014,2014-07-11,0704,2014-03-29,2026,531,,6,5,6,0704,0,0,0,,0,003,"OAK GROVE RD","TREAT BL",0.00,,Y,A,-,N,,,,,,,,,,N,4,0,1,2,A,-,12,22450,,N,D,G,A,A,H,-,C,A,0,,Y,,,Y,,L,04,0,0,1,0,0,0,1,0,0,"- ","- ",,,"CONTRA COSTA",CONCORD,-122.02504996,37.93872992
6434365,2014,2014-07-17,0704,2014-04-04,1709,522,VALLE,5,5,6,0704,0,0,0,,0,005,"SCHILLER CT","JOAN AV",75.00,S,N,B,-,N,,,,,,,,,,N,3,0,1,1,A,-,03,22350,,N,H,A,A,B,H,-,A,D,0,,,Y,,Y,,C,02,0,1,0,0,0,0,0,0,1,"- ","- ",,,"CONTRA COSTA",CONCORD,-122.0065127,37.965965619999999
6434369,2014,2014-07-17,0704,2014-04-06,1640,531,,7,5,6,0704,0,0,0,,0,003,"MEADOW LN","SUNSHINE DR",100.00,S,N,A,-,N,,,,,,,,,,N,4,0,1,2,A,-,"- ",,,N,C,C,A,A,H,-,A,A,0,,,,,Y,,A,01,0,0,1,0,0,0,0,0,0,"- ","- ",,,"CONTRA COSTA",CONCORD,-122.04295994,37.960885580000003
6434373,2014,2014-07-17,0704,2014-04-08,0626,386,,2,5,6,0704,0,0,0,,0,005,"CLAYTON RD","ROSLYN DR",62.00,W,N,A,-,N,,,,,,,,,,Y,3,0,1,1,A,-,08,22107,,N,E,I,A,A,H,-,A,D,0,,,,,Y,,A,07,0,1,0,0,0,0,0,0,0,"- ","- ",,,"CONTRA COSTA",CONCORD,-122.01360258,37.971157329999997
6434377,2014,2014-07-17,0704,2014-04-09,1156,504,,3,5,6,0704,0,0,0,,0,003,"MONUMENT BL","MOHR LN",208.00,E,N,A,-,N,,,,,,,,,,N,3,0,1,2,A,-,09,21804,A,N,D,G,A,A,H,-,A,A,0,,Y,,,Y,,A,07,0,1,0,0,0,0,1,0,0,"- ","- ",,,"CONTRA COSTA",CONCORD,-122.05033443000001,37.948433899999998
6434381,2014,2014-07-17,0704,2014-04-10,0834,500,VALLE,4,5,6,0704,0,0,0,,0,006,"CLAYTON RD","TALISMAN WY",0.00,,Y,A,-,N,,,,,,,,,,N,3,0,1,2,A,-,09,21801,A,N,D,G,A,A,H,-,A,A,0,,Y,,,Y,,A,01,0,1,0,0,0,0,1,0,0,"- ","- ",,,"CONTRA COSTA",CONCORD,-121.96587999,37.955069969999997
6434385,2014,2014-07-17,0704,2014-04-07,0939,374,,1,5,6,0704,0,0,0,,0,004,"CLAYTON RD","OAKLAND AV",45.00,E,N,A,-,N,,,,,,,,,,N,3,0,1,2,A,-,07,21658,A,N,B,C,A,A,H,-,A,A,0,,,Y,,Y,,C,02,0,1,0,0,0,0,0,0,1,"- ","- ",,,"CONTRA COSTA",CONCORD,-122.0273713,37.975042270000003
6434387,2014,2014-07-22,0704,2014-04-13,0632,533,,7,5,6,0704,0,0,0,,0,005,"WILLOW PASS RD","WILLOW PASS RD 4006",19.00,N,N,A,-,N,,,,,,,,,,Y,3,0,1,1,A,-,03,22350,,N,F,I,A,A,H,-,B,A,0,,,,,Y,Y,A,07,0,1,0,0,0,0,0,0,0,"- ","- ",,,"CONTRA COSTA",CONCORD,,
6434389,2014,2014-07-18,0704,2014-04-03,1250,497,32,4,5,6,0704,0,0,0,,0,003,"TREAT BL","OAK GROVE RD",0.00,,Y,A,-,N,,,,,,,,,,Y,3,0,3,2,A,-,07,21658,A,N,D,C,A,A,H,-,A,A,0,,,,,Y,,A,01,0,1,2,0,0,0,0,0,0,"- ","- ",,,"CONTRA COSTA",CONCORD,-122.02504996,37.93872992
6434866,2014,2014-06-11,0701,2014-01-13,0800,4190,209,1,5,5,0701,0,0,0,,0,002,"FILBERT ST","BEECHNUT ST",360.00,E,N,F,-,N,,,,,,,,,,Y,2,0,2,2,A,-,05,21650,1,N,A,C,A,A,H,-,A,D,0,,,,,Y,,A,01,1,0,1,0,0,0,0,0,0,"- ","- ",,,"CONTRA COSTA",ANTIOCH,-121.76166667,38.000065560000003
6435043,2014,2014-07-02,9370,2014-03-17,0840,020149,,1,1,5,0710,0,1,1,,2,082,RT80,"MCBRYDE AV",343.00,W,N,A,-,Y,,,,,,,,,,Y,2,0,1,4,A,-,03,22350,,N,B,C,A,A,H,-,A,D,0,,,Y,,Y,,C,02,1,0,0,0,0,0,0,0,1,"- ","- ",37.564999999999998,-122.19313,"CONTRA COSTA",RICHMOND,,
6435112,2014,2014-07-02,0740,2014-03-15,1030,SRA058,72,6,5,4,0791,0,0,0,,0,001,"SAN RAMON VALLEY BL","FOSTORIA WY",6.00,S,N,A,-,N,,,,,,,,,,N,2,0,1,2,A,-,09,21453,B,N,D,G,A,A,H,-,A,A,0,,Y,,,Y,Y,-,,1,0,0,0,0,0,1,0,0,"- ","- ",,,"CONTRA COSTA","SAN RAMON",-121.97791234,37.779844679999997
6435116,2014,2014-07-02,0740,2014-03-21,1109,15,72,5,5,4,0791,0,0,0,,0,003,"CROW CANYON PL","CROW CANYON RD",20.00,E,N,A,-,N,,,,,,,,,,N,4,0,2,3,A,-,21,22106,,N,C,C,A,A,H,-,A,A,0,,,,,Y,,A,01,0,0,2,0,0,0,0,0,0,"- ","- ",,,"CONTRA COSTA","SAN RAMON",-121.97157763,37.77857144
6435120,2014,2014-07-02,0740,2014-03-18,1237,53,72,2,5,4,0791,0,0,0,,0,005,"STONELEAF RD","S WEDGEWOOD RD",0.00,,Y,A,-,N,,,,,,,,,,Y,4,0,1,2,A,-,09,21800,B,N,D,C,A,A,H,-,A,A,0,,,,,Y,,A,01,0,0,1,0,0,0,0,0,0,"- ","- ",,,"CONTRA COSTA","SAN RAMON",-121.91962997,37.768449889999999
6435164,2014,2014-06-30,0704,2014-03-12,0657,0300,,3,5,6,0704,0,0,0,,0,003,"MONUMENT BL","ERICKSON RD",53.00,W,N,A,-,N,,,,,,,,,,N,4,0,1,3,A,-,04,21703,,N,C,C,A,A,H,-,B,A,0,,,,Y,Y,,G,25,0,0,1,0,0,0,0,0,0,"- ","- ",,,"CONTRA COSTA",CONCORD,-122.03724875,37.957594469999997
6435292,2014,2014-07-01,0740,2014-02-21,1229,15,72,5,5,4,0791,0,0,0,,0,005,"BOLLINGER CANYON RD","BRANCH PARKWAY",0.00,,Y,A,-,N,,,,,,,,,,Y,4,0,1,2,A,-,12,21453,A,N,D,C,A,A,H,-,A,A,0,,,,,Y,,A,01,0,0,1,0,0,0,0,0,0,"- ","- ",,,"CONTRA COSTA","SAN RAMON",-121.90925998,37.753309960000003
6435294,2014,2015-11-20,9370,2014-03-25,1045,14911,,2,1,9,0700,0,1,3,,2,023,"RT 24","FISU RANCH RD",1056.00,W,N,B,-,Y,CC,4,24,-,R,0.200,H,-,W,Y,4,0,1,2,A,-,03,22350,,N,C,C,A,A,H,-,C,D,1,,,,,Y,,A,01,0,0,1,0,0,0,0,0,0,"- ","- ",,,"CONTRA COSTA",UNINCORPORATED,-122.21104068,37.86047465
6435300,2014,2014-07-01,0740,2014-02-05,0859,15,72,3,5,4,0791,0,0,0,,0,001,"CROW CANYON RD","OLD MILL RD",377.00,E,N,A,-,N,,,,,,,,,,Y,3,0,1,2,A,-,03,22350,,N,C,C,A,A,H,-,A,D,0,,,Y,,Y,,C,02,0,1,0,0,0,0,0,0,1,"- ","- ",,,"CONTRA COSTA","SAN RAMON",-121.98422406,37.774240349999999
6435303,2014,2014-07-01,0740,2014-02-21,1410,501,SR72,5,5,4,0791,0,0,0,,0,001,"SAN RAMON VALLEY BL","PURDUE RD",0.00,,Y,A,-,N,,,,,,,,,,Y,3,0,4,2,A,-,09,21802,A,N,D,C,A,A,H,-,A,A,0,,,,,Y,,A,07,0,1,3,0,0,0,0,0,0,"- ","- ",37.78201,-121.97901,"CONTRA COSTA","SAN RAMON",-121.97900993,37.782079889999999
6435304,2014,2014-07-01,0740,2014-02-28,1304,501,SR72,5,5,4,0791,0,0,0,,0,005,"DOUGHERTY RD","NORTH GALE RIDGE RD",32.00,N,N,B,C,N,,,,,,,,,,Y,2,0,3,2,A,-,03,22350,,N,C,C,A,B,H,-,A,A,0,,,,,Y,,A,01,1,0,2,0,0,0,0,0,0,"- ","- ",37.778089999999999,-121.92319999999999,"CONTRA COSTA","SAN RAMON",-121.92323001,37.77796197
6435308,2014,2014-07-01,0740,2014-02-21,1836,501,SR72,5,5,4,0791,0,0,0,,0,002,"ALCOSTA BL","BROADMOOR DR",0.00,,Y,A,-,N,,,,,,,,,,Y,4,0,1,2,A,-,09,21802,A,N,D,C,A,A,H,-,C,A,0,,,,,Y,,A,07,0,0,1,0,0,0,0,0,0,"- ","- ",,,"CONTRA COSTA","SAN RAMON",-121.93102992,37.730119909999999
6435312,2014,2015-09-02,0740,2014-02-20,1715,501,SR72,4,5,4,0791,0,0,0,,0,003,"BOLLINGER CANYON RD","RT 680",0.00,E,N,A,-,N,,,,,,,,,,Y,3,0,1,2,A,-,03,22350,,F,B,C,A,A,H,-,A,A,0,,,Y,,Y,,A,07,0,1,0,0,0,0,0,0,1,"- ","- ",,,"CONTRA COSTA","SAN RAMON",-121.96558994,37.760089979999997