CASE_ID,ACCIDENT_YEAR,PROC_DATE,JURIS,COLLISION_DATE,COLLISION_TIME,OFFICER_ID,REPORTING_DISTRICT,DAY_OF_WEEK,CHP_SHIFT,POPULATION,CNTY_CITY_LOC,SPECIAL_COND,BEAT_TYPE,CHP_BEAT_TYPE,CITY_DIVISION_LAPD,CHP_BEAT_CLASS,BEAT_NUMBER,PRIMARY_RD,SECONDARY_RD,DISTANCE,DIRECTION,INTERSECTION,WEATHER_1,WEATHER_2,STATE_HWY_IND,CALTRANS_COUNTY,CALTRANS_DISTRICT,STATE_ROUTE,ROUTE_SUFFIX,POSTMILE_PREFIX,POSTMILE,LOCATION_TYPE,RAMP_INTERSECTION,SIDE_OF_HWY,TOW_AWAY,COLLISION_SEVERITY,NUMBER_KILLED,NUMBER_INJURED,PARTY_COUNT,PRIMARY_COLL_FACTOR,PCF_CODE_OF_VIOL,PCF_VIOL_CATEGORY,PCF_VIOLATION,PCF_VIOL_SUBSECTION,HIT_AND_RUN,TYPE_OF_COLLISION,MVIW,PED_ACTION,ROAD_SURFACE,ROAD_COND_1,ROAD_COND_2,LIGHTING,CONTROL_DEVICE,CHP_ROAD_TYPE,PEDESTRIAN_ACCIDENT,BICYCLE_ACCIDENT,MOTORCYCLE_ACCIDENT,TRUCK_ACCIDENT,NOT_PRIVATE_PROPERTY,ALCOHOL_INVOLVED,STWD_VEHTYPE_AT_FAULT,CHP_VEHTYPE_AT_FAULT,COUNT_SEVERE_INJ,COUNT_VISIBLE_INJ,COUNT_COMPLAINT_PAIN,COUNT_PED_KILLED,COUNT_PED_INJURED,COUNT_BICYCLIST_KILLED,COUNT_BICYCLIST_INJURED,COUNT_MC_KILLED,COUNT_MC_INJURED,PRIMARY_RAMP,SECONDARY_RAMP,LATITUDE,LONGITUDE,COUNTY,CITY,POINT_X,POINT_Y
6445050,2014,2016-04-13,9320,2014-04-04,1120,18973,,5,1,4,0714,0,1,3,,2,402,"RT 4","MORELLO AV",1220.00,W,N,C,-,Y,CC,4,4,-,-,10.100,H,-,W,Y,4,0,1,1,A,-,08,22107,,N,E,I,A,B,B,-,A,D,1,,,,,Y,,A,07,0,0,1,0,0,0,0,0,0,"- ","- ",37.993099999999998,-122.10353000000001,"CONTRA COSTA",MARTINEZ,-122.11295391,37.99653481
6445077,2014,2016-04-13,9320,2014-04-01,1910,17906,,2,2,9,0700,0,1,3,,2,401,"RT 4","SYCAMORE AV",528.00,W,N,B,C,Y,CC,4,4,-,R,1.210,H,-,W,Y,3,0,1,1,A,-,03,22350,,N,E,I,A,B,H,-,A,D,1,,,,,Y,,A,01,0,1,0,0,0,0,0,0,0,"- ","- ",,,"CONTRA COSTA",UNINCORPORATED,-122.24769314,38.015203980000003
6445425,2014,2015-03-03,9370,2014-03-24,0830,20123,,1,1,5,0710,0,1,1,,2,082,"RT 80","BARRETT AV",750.00,W,N,A,-,Y,,,,,,,,,,Y,3,0,1,2,A,-,07,21658,A,F,B,C,A,A,H,-,A,D,0,,,,,Y,,-,99,0,1,0,0,0,0,0,0,0,"- ","- ",37.953000000000003,-122.3357,"CONTRA COSTA",RICHMOND,-122.32664696000001,37.933525080000003
6445764,2014,2015-10-12,0701,2014-02-14,0835,4265,615,5,5,5,0701,0,0,0,,0,003,"LONE TREE WY","FAIRSIDE WY",0.00,,Y,A,-,N,,,,,,,,,,N,4,0,1,2,A,-,09,21453,B,N,A,G,A,A,H,-,A,A,0,,Y,,,Y,,A,01,0,0,1,0,0,0,1,0,0,"- ","- ",,,"CONTRA COSTA",ANTIOCH,-121.75076992,37.961769910000001
6445788,2014,2014-07-02,0701,2014-02-02,1600,5236,603,7,5,5,0701,0,0,0,,0,003,"DEER VALLEY RD","COUNTRY HILLS DR",600.00,N,N,C,-,N,,,,,,,,,,N,3,0,1,1,A,-,03,22350,,N,E,I,A,B,H,-,A,D,0,,,,,Y,,A,01,0,1,0,0,0,0,0,0,0,"- ","- ",,,"CONTRA COSTA",ANTIOCH,-121.78355907,37.972452959999998
6445792,2014,2014-07-02,0701,2014-02-03,1631,4470,601,1,5,5,0701,0,0,0,,0,003,"DEER VALLEY RD","HILLCREST AV",75.00,N,N,A,-,N,,,,,,,,,,Y,4,0,1,2,A,-,"- ",,,N,C,C,A,A,H,-,A,A,0,,,,,Y,,A,01,0,0,1,0,0,0,0,0,0,"- ","- ",,,"CONTRA COSTA",ANTIOCH,-121.78467999999999,37.990209999999998
6445796,2014,2014-07-02,0701,2014-02-08,2248,3361,208,6,5,5,0701,0,0,0,,0,002,"HARGROVE ST","E 18TH ST",0.00,,Y,C,-,N,,,,,,,,,,N,4,0,1,2,A,-,11,21955,,F,G,B,D,B,H,-,C,D,0,Y,,,,Y,,N,60,0,0,1,0,1,0,0,0,0,"- ","- ",,,"CONTRA COSTA",ANTIOCH,-121.78240992000001,38.004919899999997
6445833,2014,2014-06-13,0701,2014-01-05,1257,5237,601,7,5,5,0701,0,0,0,,0,003,"DEER VALLEY RD","WILDFLOWER DR",192.00,,N,A,-,N,,,,,,,,,,Y,2,0,1,1,A,-,03,22350,,N,E,I,A,A,H,-,A,D,0,,,Y,,Y,,C,02,1,0,0,0,0,0,0,0,1,"- ","- ",,,"CONTRA COSTA",ANTIOCH,-121.78579995,37.986959970000001
6445992,2014,2014-07-10,9370,2014-03-25,0920,15258,,2,1,5,0710,0,1,1,,2,082,"RT 80","CARLSON BL",800.00,E,N,B,-,Y,,,80,,,,,,,Y,4,0,1,3,A,-,03,22350,,N,C,C,A,A,H,-,A,D,0,,,,,Y,,A,01,0,0,1,0,0,0,0,0,0,"- ","- ",37.913350000000001,-122.3175,"CONTRA COSTA",RICHMOND,-122.31751753,37.91334998
6447567,2014,2014-07-14,0712,2014-04-12,2248,P530,SECT3,6,5,5,0712,0,0,0,,0,,"YGNACIO VALLEY RD","YGNACIO PLZ",0.00,,Y,A,-,N,,,,,,,,,,Y,3,0,1,2,A,-,09,21801,A,N,F,C,A,A,H,-,C,D,0,,,Y,,Y,,D,22,0,1,0,0,0,0,0,0,1,"- ","- ",,,"CONTRA COSTA","WALNUT CREEK",-122.05084994000001,37.909309909999998
6447609,2014,2016-02-23,9320,2014-03-29,1150,018847,,6,1,6,0704,0,1,3,,2,242,"RT 242","RT 4",14.00,S,N,B,C,Y,CC,4,242,-,R,3.350,H,-,N,Y,4,0,1,2,A,-,03,22350,,N,B,C,A,B,H,-,A,D,1,,,,,Y,,A,01,0,0,1,0,0,0,0,0,0,TO,"- ",,,"CONTRA COSTA",CONCORD,-122.03593518,38.00527872
6447667,2014,2016-04-14,9370,2014-04-11,1450,020630,,5,2,5,0710,0,1,1,,2,082,"RT 80","CENTRAL AV",800.00,E,N,A,-,Y,CC,4,80,-,-,0.400,H,-,W,Y,4,0,2,2,A,-,03,22350,,N,C,C,A,A,H,-,A,D,6,,,,,Y,,A,01,0,0,2,0,0,0,0,0,0,"- ","- ",37.902799999999999,-122.31229999999999,"CONTRA COSTA",RICHMOND,-122.31236778,37.903035260000003
6447673,2014,2016-04-13,9320,2014-04-08,2030,016636,,2,2,5,0701,0,1,3,,2,404,"RT 4","LONE TREE WY",500.00,W,N,A,-,Y,CC,4,4,-,R,27.700,H,-,E,N,4,0,1,2,A,-,03,22350,,N,C,C,A,A,D,H,D,D,1,,,,,Y,,D,22,0,0,1,0,0,0,0,0,0,"- ","- ",,,"CONTRA COSTA",ANTIOCH,-121.8079627,37.998116570000001
6447932,2014,2015-03-03,9320,2014-04-05,1520,019607,,6,2,9,0700,0,1,3,,2,403,"RT 4","SAN MARCO BL",100.00,E,N,A,-,Y,,,4,,,,,,,Y,3,0,1,1,A,-,08,22107,,N,E,I,A,A,H,-,A,D,0,,,,,Y,,A,01,0,1,0,0,0,0,0,0,0,"- ","- ",38.022440000000003,-121.96474000000001,"CONTRA COSTA",UNINCORPORATED,-121.96469609,38.022657969999997
6448162,2014,2016-04-12,9320,2014-04-12,0750,18973,,6,1,6,0704,0,1,3,,2,242,"RT 242",RT4,1584.00,S,N,A,-,Y,CC,4,242,-,R,3.079,R,2,N,Y,3,0,2,2,A,-,07,21658,A,N,B,C,A,A,H,-,A,D,1,,,,,Y,,A,07,0,2,0,0,0,0,0,0,0,"- ","- ",38.002009999999999,-122.03733,"CONTRA COSTA",CONCORD,-122.03752778,38.0016374
6448163,2014,2014-07-21,0712,2014-04-17,1507,P529,,4,5,5,0712,0,0,0,,0,001,"TICE VALLEY BL","ROLLING HILLS DR",0.00,,Y,A,-,N,,,,,,,,,,Y,3,0,3,3,A,-,01,23152,,N,C,C,A,A,H,-,A,A,0,,,,,Y,Y,A,01,0,1,2,0,0,0,0,0,0,"- ","- ",,,"CONTRA COSTA","WALNUT CREEK",-122.0754799,37.879240000000003
6448166,2014,2016-04-12,9320,2014-04-12,2155,19866,,6,2,5,0712,0,1,1,,2,682,"RT 680","N MAIN ST",1584.00,N,N,A,-,Y,CC,4,680,-,-,15.910,H,-,N,Y,4,0,2,2,A,-,07,21658,A,N,D,C,A,A,H,-,C,D,1,,,,,Y,,A,01,0,0,2,0,0,0,0,0,0,"- ","- ",37.920079999999999,-122.06211,"CONTRA COSTA","WALNUT CREEK",-122.0625488,37.91950628
6448167,2014,2014-07-21,0712,2014-04-16,1631,462,030,3,5,5,0712,0,0,0,,0,003,"OAK GROVE RD","SHADELANDS DR",50.00,N,N,A,-,N,,,,,,,,,,Y,3,0,1,2,A,-,08,22100,B,N,D,C,A,A,H,-,A,D,0,,,,,Y,,A,07,0,1,0,0,0,0,0,0,0,"- ","- ",,,"CONTRA COSTA","WALNUT CREEK",-122.0170767,37.93006827
6448171,2014,2014-07-21,0712,2014-04-02,0950,P245,,3,5,5,0712,0,0,0,,0,003,"YGNACIO VALLEY RD","KINROSS DR",0.00,,Y,A,-,N,,,,,,,,,,Y,4,0,2,2,A,-,12,21453,A,N,D,C,A,A,H,-,A,A,0,,,,,Y,,A,01,0,0,2,0,0,0,0,0,0,"- ","- ",,,"CONTRA COSTA","WALNUT CREEK",-122.04376990999999,37.913269980000003
6448175,2014,2016-04-19,9320,2014-04-13,2030,019266,,7,2,9,0700,0,1,1,,2,180,RT80,"CUMMINGS SKWY",800.00,E,N,A,-,Y,CC,4,80,-,-,12.900,H,-,E,Y,4,0,2,2,A,-,03,22350,,N,C,C,A,A,H,-,C,D,1,,,,,Y,,A,07,0,0,2,0,0,0,0,0,0,"- ","- ",,,"CONTRA COSTA",UNINCORPORATED,-122.23611803,38.046534260000001
6448179,2014,2014-07-21,0710,2014-04-07,2210,1040,,1,5,5,0710,0,0,0,,0,003,"MONTEREY ST","IMPERIAL AV",180.00,S,N,A,-,N,,,,,,,,,,N,3,0,1,3,A,-,01,23152,A,N,C,E,A,A,H,-,C,D,0,,,,,Y,Y,-,,0,1,0,0,0,0,0,0,0,"- ","- ",,,"CONTRA COSTA",RICHMOND,-122.31973145000001,37.9095096
6448183,2014,2014-07-21,0712,2014-04-09,1331,245,,3,5,5,0712,0,0,0,,0,003,"CEDRO LN","AVELLANO DR",100.00,W,N,A,-,N,,,,,,,,,,N,3,0,1,2,A,-,11,21954,A,N,G,B,D,A,H,-,A,D,0,Y,,,,Y,,N,60,0,1,0,0,1,0,0,0,0,"- ","- ",,,"CONTRA COSTA","WALNUT CREEK",-122.01601220000001,37.920381229999997
6448195,2014,2014-07-21,0712,2014-04-17,1724,P460,,4,5,5,0712,0,0,0,,0,001,"YGNACIO VALLEY RD","N BROADWAY",450.00,W,N,A,-,N,,,,,,,,,,N,4,0,1,3,A,-,03,22350,,N,C,C,A,A,H,-,A,D,0,,,,,Y,,A,,0,0,1,0,0,0,0,0,0,"- ","- ",,,"CONTRA COSTA","WALNUT CREEK",-122.06304844,37.906715390000002
6448199,2014,2014-07-21,0712,2014-04-12,1622,P530,,6,5,5,0712,0,0,0,,0,,"SAN CARLOS DR","SAN JOSE CT",0.00,,Y,A,-,N,,,,,,,,,,Y,3,0,2,2,A,-,09,21801,A,N,A,C,A,A,H,-,A,D,0,,,,,Y,,A,01,0,2,0,0,0,0,0,0,0,"- ","- ",,,"CONTRA COSTA","WALNUT CREEK",-122.03647997,37.913779939999998
6448201,2014,2016-04-19,9320,2014-04-02,1000,16824,,3,1,9,0700,0,1,1,,2,180,RT80,"CUMMINGS SKWY",1000.00,E,N,B,-,Y,CC,4,80,-,-,12.940,H,-,E,N,4,0,1,2,A,-,03,22350,,F,C,C,A,A,H,-,A,D,1,,,,,Y,,-,99,0,0,1,0,0,0,0,0,0,"- ","- ",,,"CONTRA COSTA",UNINCORPORATED,-122.23558663999999,38.04690901
6448205,2014,2016-04-13,9320,2014-04-05,1935,19454,9320,6,2,5,0701,0,1,3,,2,404,RT4,"G ST",768.00,W,N,A,-,Y,CC,4,4,-,-,27.140,H,-,W,Y,2,0,2,1,A,-,01,23152,A,N,E,J,A,A,D,-,D,D,1,,,,,Y,Y,A,01,1,1,0,0,0,0,0,0,0,"- ","- ",,,"CONTRA COSTA",ANTIOCH,-121.81808564000001,37.998631979999999
6448239,2014,2016-04-14,9320,2014-04-15,0730,16094,,2,1,5,0701,0,1,3,,2,404,RT4,"LONE TREE WY",1275.00,W,N,A,-,Y,CC,4,4,-,R,27.550,H,-,E,Y,4,0,1,1,A,-,08,22107,,N,E,I,A,A,D,-,A,D,1,,,,,Y,,A,01,0,0,1,0,0,0,0,0,0,"- ","- ",,,"CONTRA COSTA",ANTIOCH,-121.81071599000001,37.998108539999997
6448814,2014,2015-11-20,9320,2014-03-27,1900,012853,,4,2,3,0715,0,1,3,,2,241,RT4,"EL NIDO RANCH RD",2112.00,E,N,B,-,Y,CC,4,24,-,R,5.410,H,-,E,N,3,0,2,3,A,-,07,21658,A,N,B,C,A,A,H,-,D,D,1,,,,,Y,,A,01,0,1,1,0,0,0,0,0,0,"- ","- ",,,"CONTRA COSTA",LAFAYETTE,-122.13632518999999,37.890349970000003
6448815,2014,2015-11-20,9320,2014-03-27,0700,16824,,4,1,3,0715,0,1,3,,2,241,"RT 24","PLEASANT HILL RD",535.00,E,N,B,-,Y,CC,4,24,-,R,7.770,R,2,W,Y,3,0,1,1,A,-,03,22350,,N,D,I,A,B,H,-,A,D,1,,,,,Y,,A,01,0,1,0,0,0,0,0,0,0,"- ","- ",37.898440000000001,-122.09447,"CONTRA COSTA",LAFAYETTE,-122.0943391,37.897954730000002
6448833,2014,2016-01-19,9320,2014-03-31,1347,020295,,1,1,5,0712,0,1,1,,2,681,"RT 680","S MAIN ST",528.00,S,N,C,-,Y,CC,4,680,-,-,12.980,H,-,S,N,4,0,1,1,A,-,03,22350,,N,E,I,A,B,H,-,A,D,1,,,,,Y,,A,01,0,0,1,0,0,0,0,0,0,"- ","- ",37.879179999999998,-122.04942,"CONTRA COSTA","WALNUT CREEK",-122.05459779,37.884843770000003
6448834,2014,2014-07-03,9320,2014-03-31,1744,019266,,1,2,3,0707,0,1,1,,2,180,RT80,"APPIAN WY",1300.00,E,N,A,B,Y,,,,,,,,,,N,4,0,2,3,A,-,03,22350,,N,C,C,A,B,H,-,A,D,0,,,,,Y,,A,01,0,0,2,0,0,0,0,0,0,"- ","- ",,,"CONTRA COSTA",PINOLE,,
6448849,2014,2015-11-20,9320,2014-03-25,1220,16824,,2,1,3,0792,0,1,3,,2,240,"RT 24","CAMINO PABLO",950.00,W,N,B,C,Y,CC,4,24,-,R,2.130,H,-,E,Y,4,0,3,3,A,-,03,22350,,N,C,C,A,B,C,-,A,D,1,,,,,Y,,A,01,0,0,3,0,0,0,0,0,0,"- ","- ",37.874279999999999,-122.18711,"CONTRA COSTA",ORINDA,-122.18542408,37.8759686
6448850,2014,2016-01-19,9320,2014-03-25,1720,10179,,2,2,5,0712,0,1,1,,2,681,"RT 680","RUDGEAR RD",23.00,N,N,A,-,Y,CC,4,680,-,R,12.610,H,-,N,N,4,0,1,2,A,-,03,22350,,N,C,C,A,A,H,-,A,D,6,,,,,Y,,-,,0,0,1,0,0,0,0,0,0,"- ","- ",,,"CONTRA COSTA","WALNUT CREEK",-122.04907092000001,37.879287089999998
6448851,2014,2014-07-11,9320,2014-03-26,0905,16824,,3,1,3,0707,0,1,1,,2,180,"RT 80","PINOLE VALLEY RD",350.00,E,N,B,-,Y,,,,,,,,,,N,4,0,1,2,A,-,03,22350,,N,C,C,A,B,H,-,A,D,0,,,,,Y,,A,07,0,0,1,0,0,0,0,0,0,"- ","- ",,,"CONTRA COSTA",PINOLE,-122.28540218000001,37.997943769999999
6448852,2014,2016-03-03,9320,2014-03-15,2156,19465,,6,2,5,0701,0,1,3,,2,404,"RT 4","L ST",3500.00,E,N,A,-,Y,CC,4,4,-,-,26.620,H,-,E,Y,3,0,1,1,A,-,08,22107,,M,E,I,A,A,H,-,A,D,1,,,Y,,Y,,C,02,0,1,0,0,0,0,0,0,1,"- ","- ",,,"CONTRA COSTA",ANTIOCH,-121.82717276,38.000999729999997
6448853,2014,2016-03-03,9320,2014-03-20,1555,19914,,4,2,5,0701,0,1,3,,2,404,"RT 4","HILLCREST AV",45.00,W,N,A,-,Y,CC,4,4,-,R,28.759,R,1,W,N,4,0,2,2,A,-,03,22350,,N,C,C,A,A,H,-,A,D,1,,,,,Y,,A,01,0,0,2,0,0,0,0,0,0,FR,"- ",,,"CONTRA COSTA",ANTIOCH,-121.78872532,37.996898080000001
6448925,2014,2015-10-12,9320,2014-03-24,1500,19266,,1,2,9,0700,0,2,4,,2,012,"SAN PABLO DAM RD","MARTINS LN",30.00,S,N,A,-,N,,,,,,,,,,Y,4,0,1,4,A,-,08,22107,,M,C,E,A,A,H,-,A,D,0,,,,,Y,,A,07,0,0,1,0,0,0,0,0,0,"- ","- ",37.963250000000002,-122.29089,"CONTRA COSTA",UNINCORPORATED,-122.29107999999999,37.963329999999999
6448926,2014,2016-01-19,9320,2014-03-24,0923,14911,,1,1,9,0700,0,1,1,,2,683,"RT 680","CENTER ST",1056.00,S,N,A,-,Y,CC,4,680,-,-,20.180,H,-,S,Y,4,0,1,1,A,-,03,22350,,N,F,A,A,A,H,-,A,D,1,,,Y,,Y,,C,02,0,0,1,0,0,0,0,0,1,"- ","- ",,,"CONTRA COSTA",UNINCORPORATED,-122.06562141000001,37.98020417
6448927,2014,2015-11-20,9320,2014-03-29,1454,19107,,6,2,3,0715,0,1,3,,2,241,"RT 24","PLEASANT HILL RD",10.00,E,N,B,C,Y,CC,4,24,-,R,7.556,R,2,E,Y,4,0,1,1,A,-,08,22107,,N,E,I,A,B,H,-,A,D,1,,,,,Y,,A,07,0,0,1,0,0,0,0,0,0,FR,"- ",,,"CONTRA COSTA",LAFAYETTE,-122.09812325999999,37.897447540000002
6448928,2014,2014-07-17,0740,2014-03-28,2057,53,72,5,5,4,0791,0,0,0,,0,002,"ALCOSTA BL","DAVONA DR",0.00,,Y,A,-,N,,,,,,,,,,Y,4,0,2,2,A,-,12,21453,A,N,D,C,A,A,H,-,C,A,0,,,,,Y,,A,01,0,0,2,0,0,0,0,0,0,"- ","- ",,,"CONTRA COSTA","SAN RAMON",-121.93700990000001,37.724359909999997
6448929,2014,2014-07-17,0740,2014-03-20,0839,15,,4,5,4,0791,0,0,0,,0,,"WINDERMERE PKWY","S BELLINGHAM",0.00,,Y,A,-,N,,,,,,,,,,Y,4,0,1,2,A,-,12,21453,A,N,D,C,A,A,H,-,A,A,0,,,,,Y,,A,08,0,0,1,0,0,0,0,0,0,"- ","- ",,,"CONTRA COSTA","SAN RAMON",-121.89973265,37.763365759999999
6449009,2014,2014-07-17,0712,2014-03-21,1718,P378,,5,5,5,0712,0,0,0,,0,001,"YGNACIO VALLEY RD",BROADWAY,30.00,E,N,A,-,N,,,,,,,,,,N,4,0,1,3,B,-,22,,,N,C,C,A,A,H,-,A,A,0,,,,,Y,,A,07,0,0,1,0,0,0,0,0,0,"- ","- ",,,"CONTRA COSTA","WALNUT CREEK",-122.06138599000001,37.906770000000002
6449010,2014,2014-07-17,0712,2014-03-17,0743,325,,1,5,5,0712,0,0,0,,0,002,"N MAIN ST","GEARY RD",100.00,S,N,C,-,N,,,,,,,,,,Y,4,0,1,1,A,-,03,22350,,N,E,I,A,B,H,-,A,D,0,,,,,Y,,A,07,0,0,1,0,0,0,0,0,0,"- ","- ",,,"CONTRA COSTA","WALNUT CREEK",-122.06265552000001,37.926125929999998
6449011,2014,2014-07-17,0712,2014-03-23,0206,P479,WALNU,7,5,5,0712,0,0,0,,0,001,"RUDGEAR RD","YOUNGS VALLEY RD",126.00,W,N,A,-,N,,,,,,,,,,Y,3,0,2,1,A,-,01,23153,A,N,E,I,A,A,H,-,C,D,0,,,,,Y,Y,A,01,0,2,0,0,0,0,0,0,0,"- ","- ",,,"CONTRA COSTA","WALNUT CREEK",-122.03813423,37.87988867
6449012,2014,2014-07-17,0712,2014-03-24,1808,P498,,1,5,5,0712,0,0,0,,0,,"MOUNT DIABLO BL","BOULEVARD WY",0.00,,Y,A,-,N,,,,,,,,,,Y,4,0,1,3,A,-,09,21453,C,N,D,C,A,A,H,-,A,A,0,,,,,Y,,-,,0,0,1,0,0,0,0,0,0,"- ","- ",,,"CONTRA COSTA","WALNUT CREEK",-122.07158995,37.896409990000002
6449014,2014,2014-07-17,0712,2014-03-28,1512,P378,,5,5,5,0712,0,0,0,,0,002,"N MAIN ST","LESNICK LN",300.00,N,N,A,-,N,,,,,,,,,,Y,4,0,1,2,A,-,09,21804,A,N,D,C,A,A,H,-,A,D,0,,,,,Y,,A,01,0,0,1,0,0,0,0,0,0,"- ","- ",,,"CONTRA COSTA","WALNUT CREEK",-122.06319366,37.924554479999998
6449015,2014,2014-07-17,0712,2014-03-27,1647,P508,,4,5,5,0712,0,0,0,,0,001,"BANCROFT RD","BRANBURY RD",0.00,,Y,A,-,N,,,,,,,,,,N,3,0,1,1,B,-,22,,,N,F,A,A,A,H,-,A,D,0,,,Y,,Y,,C,02,0,1,0,0,0,0,0,0,1,"- ","- ",,,"CONTRA COSTA","WALNUT CREEK",-122.03784942999999,37.924117119999998
6449181,2014,2016-01-11,0740,2014-03-22,2013,SR067,SR72,6,5,4,0791,0,0,0,,0,001,"BOLLINGER CANYON RD","RT 680",0.00,,Y,A,-,Y,CC,4,680,-,R,3.100,R,4,S,Y,4,0,1,2,A,-,12,21453,A,N,D,C,A,A,H,-,C,A,0,,,,,Y,,A,07,0,0,1,0,0,0,0,0,0,"- ","- ",,,"CONTRA COSTA","SAN RAMON",-121.96734812,37.762765989999998
6449222,2014,2014-07-09,0700,2014-03-26,1115,60701,33,3,5,4,0790,0,0,0,,0,061,"SAN RAMON VALLEY BL","HARTZ WY",0.00,,Y,B,C,N,,,,,,,,,,Y,4,0,1,3,A,-,12,21453,A,N,D,C,A,B,H,-,A,A,0,,,,,Y,,-,,0,0,1,0,0,0,0,0,0,"- ","- ",,,"CONTRA COSTA",DANVILLE,-121.99656987,37.819129930000003
6449226,2014,2014-07-09,0700,2014-03-24,1203,60701,3,1,5,4,0790,0,0,0,,0,062,"HARTZ AV","SHORT ST",0.00,,Y,A,-,N,,,,,,,,,,N,3,0,1,2,A,-,03,22350,,N,E,E,A,A,H,-,A,D,0,,Y,,,Y,,L,04,0,1,0,0,0,0,1,0,0,"- ","- ",,,"CONTRA COSTA",DANVILLE,-121.99915994,37.821199989999997
6449230,2014,2014-07-09,0700,2014-03-24,1314,70914,DAN33,1,5,4,0790,0,0,0,,0,062,"DIABLO RD","CLYDESDALE DR",25.00,S,N,A,-,N,,,,,,,,,,N,3,0,1,2,A,-,06,21750,,N,B,G,A,A,E,-,A,D,0,,Y,,,Y,,A,01,0,1,0,0,0,0,1,0,0,"- ","- ",,,"CONTRA COSTA",DANVILLE,-121.97182368999999,37.835772380000002
6449494,2014,2015-10-23,0711,2014-04-07,1257,1017,SPPA,1,5,4,0711,0,0,0,,0,002,"CHURCH LANE","WILLOW RD",15.00,W,N,A,-,N,,,,,,,,,,Y,3,0,1,3,A,-,04,21703,,N,C,D,A,A,-,-,A,D,0,,,,,Y,,A,01,0,1,0,0,0,0,0,0,0,"- ","- ",,,"CONTRA COSTA","SAN PABLO",-122.33906595000001,37.959800209999997
6449498,2014,2014-07-07,0711,2014-03-31,1822,1055,,1,5,4,0711,0,0,0,,0,002,"EL PORTAL DR","LIGHT POLE #25681",0.00,,Y,A,-,N,,,80,,,,,,,Y,2,0,1,3,A,-,03,22350,,N,C,I,A,B,H,-,A,A,0,,,,,Y,,A,01,1,0,0,0,0,0,0,0,0,"- ","- ",37.963000000000001,-122.3291,"CONTRA COSTA","SAN PABLO",-122.32880403,37.962654700000002
6450082,2014,2014-07-03,0712,2014-03-29,1324,P632,,6,5,5,0712,0,0,0,,0,003,"YGNACIO VALLEY RD","CIVIC DR",100.00,E,N,C,-,N,,,,,,,,,,N,4,0,1,2,A,-,03,22350,,N,C,C,A,B,H,-,A,A,0,,,,,Y,,A,08,0,0,1,0,0,0,0,0,0,"- ","- ",,,"CONTRA COSTA","WALNUT CREEK",-122.05851043,37.906786519999997
6450114,2014,2016-03-03,9320,2014-03-29,1417,19238,,6,2,3,0706,0,1,3,,2,401,"RT 4","RT 80",200.00,E,N,B,C,Y,CC,4,80,-,-,10.305,R,2,E,Y,3,0,1,1,A,-,08,22107,,N,E,I,A,B,H,-,A,D,1,,,,,Y,,A,01,0,1,0,0,0,0,0,0,0,"- ","- ",,,"CONTRA COSTA",HERCULES,-122.26659729000001,38.01789333
6450118,2014,2014-07-03,0710,2014-03-24,0904,1380,NORTH,1,5,5,0710,0,0,0,,0,007,"22ND ST","BARRETT AV",0.00,,Y,A,-,N,,,,,,,,,,N,4,0,1,2,A,-,09,21801,A,N,-,G,A,A,H,-,A,-,0,,Y,,,Y,,A,07,0,0,1,0,0,0,1,0,0,"- ","- ",,,"CONTRA COSTA",RICHMOND,-122.34855989,37.938459989999998
6450682,2014,2014-06-24,0712,2014-04-14,1000,14911,,1,5,5,0712,0,0,0,,0,,"SOUTH MAIN ST","BRENTWOOD CT",1000.00,N,N,A,-,N,,,,,,,,,,Y,4,0,1,1,A,-,08,22107,,N,E,I,A,A,H,-,A,D,0,,,,,Y,,A,01,0,0,1,0,0,0,0,0,0,"- ","- ",,,"CONTRA COSTA","WALNUT CREEK",-122.05540154000001,37.885459619999999
6450834,2014,2016-01-19,9320,2014-01-20,1055,020009,01202,1,1,4,0714,0,1,1,,2,683,"RT 680","PACHECO BL",1100.00,S,N,A,-,Y,CC,4,680,-,-,22.220,H,-,S,Y,4,0,2,2,A,-,07,21658,A,N,B,C,A,A,H,-,A,D,1,,,,,Y,,-,99,0,0,2,0,0,0,0,0,0,"- ","- ",38.004989999999999,-122.0822,"CONTRA COSTA",MARTINEZ,-122.08284263,38.005636819999999
6450898,2014,2014-07-07,0700,2014-03-10,1642,63641,057,1,5,3,0734,0,0,0,,0,053,"OHARA AV","BROWNSTONE RD",0.00,,Y,A,-,N,,,,,,,,,,Y,3,0,1,1,A,-,03,22350,,N,E,I,A,A,H,-,A,D,0,,,,,Y,,A,01,0,1,0,0,0,0,0,0,0,"- ","- ",,,"CONTRA COSTA",OAKLEY,-121.71411995,37.971499940000001
6451358,2014,2016-01-05,9320,2014-03-26,1550,012853,,3,2,4,0790,0,1,1,,2,681,"RT 680","EL CERRO BL",750.00,S,N,B,-,Y,CC,4,680,-,R,8.040,H,-,N,N,4,0,1,2,A,-,04,21703,,N,C,C,A,B,H,-,A,D,6,,,,,Y,,A,01,0,0,1,0,0,0,0,0,0,"- ","- ",,,"CONTRA COSTA",DANVILLE,-121.99908008,37.828605189999998
6453141,2014,2016-04-13,9320,2014-04-29,0750,019195,,2,1,9,0700,0,1,3,,2,403,RT4,"WILLOW PASS RD",1848.00,W,N,A,-,Y,CC,4,4,-,R,18.410,H,-,W,Y,3,0,1,2,A,-,03,22350,,N,B,C,A,A,H,-,A,D,1,,,Y,,Y,,C,02,0,1,0,0,0,0,0,0,1,"- ","- ",,,"CONTRA COSTA",UNINCORPORATED,-121.97210195,38.024022449999997
6453531,2014,2016-03-29,9350,2014-05-15,0700,19651,,4,1,9,0700,0,1,1,,2,115,"RT 580","RICHMOND SAN RAFAEL TP",3960.00,W,N,A,-,Y,CC,4,580,-,-,6.880,H,-,W,Y,4,0,1,2,A,-,03,22350,,N,C,C,A,A,H,-,A,D,1,,,,,Y,,A,01,0,0,1,0,0,0,0,0,0,"- ","- ",37.933610000000002,-122.42167000000001,"CONTRA COSTA",UNINCORPORATED,-122.41719383,37.933271529999999
6454071,2014,2014-07-15,0704,2014-04-12,1442,380,,6,5,6,0704,0,0,0,,0,005,"CONCORD BL","LIVE OAK AV",0.00,,Y,A,-,N,,,,,,,,,,Y,4,0,1,2,A,-,03,22350,,N,B,C,A,A,H,-,A,D,0,,,,,Y,,A,01,0,0,1,0,0,0,0,0,0,"- ","- ",,,"CONTRA COSTA",CONCORD,-121.99629998,37.977949959999997