CASE_ID,ACCIDENT_YEAR,PROC_DATE,JURIS,COLLISION_DATE,COLLISION_TIME,OFFICER_ID,REPORTING_DISTRICT,DAY_OF_WEEK,CHP_SHIFT,POPULATION,CNTY_CITY_LOC,SPECIAL_COND,BEAT_TYPE,CHP_BEAT_TYPE,CITY_DIVISION_LAPD,CHP_BEAT_CLASS,BEAT_NUMBER,PRIMARY_RD,SECONDARY_RD,DISTANCE,DIRECTION,INTERSECTION,WEATHER_1,WEATHER_2,STATE_HWY_IND,CALTRANS_COUNTY,CALTRANS_DISTRICT,STATE_ROUTE,ROUTE_SUFFIX,POSTMILE_PREFIX,POSTMILE,LOCATION_TYPE,RAMP_INTERSECTION,SIDE_OF_HWY,TOW_AWAY,COLLISION_SEVERITY,NUMBER_KILLED,NUMBER_INJURED,PARTY_COUNT,PRIMARY_COLL_FACTOR,PCF_CODE_OF_VIOL,PCF_VIOL_CATEGORY,PCF_VIOLATION,PCF_VIOL_SUBSECTION,HIT_AND_RUN,TYPE_OF_COLLISION,MVIW,PED_ACTION,ROAD_SURFACE,ROAD_COND_1,ROAD_COND_2,LIGHTING,CONTROL_DEVICE,CHP_ROAD_TYPE,PEDESTRIAN_ACCIDENT,BICYCLE_ACCIDENT,MOTORCYCLE_ACCIDENT,TRUCK_ACCIDENT,NOT_PRIVATE_PROPERTY,ALCOHOL_INVOLVED,STWD_VEHTYPE_AT_FAULT,CHP_VEHTYPE_AT_FAULT,COUNT_SEVERE_INJ,COUNT_VISIBLE_INJ,COUNT_COMPLAINT_PAIN,COUNT_PED_KILLED,COUNT_PED_INJURED,COUNT_BICYCLIST_KILLED,COUNT_BICYCLIST_INJURED,COUNT_MC_KILLED,COUNT_MC_INJURED,PRIMARY_RAMP,SECONDARY_RAMP,LATITUDE,LONGITUDE,COUNTY,CITY,POINT_X,POINT_Y
6454072,2014,2014-07-09,0704,2014-03-28,1641,502,,5,5,6,0704,0,0,0,,0,001,"CONCORD AV","BISSO LN",0.00,,Y,A,-,N,,,,,,,,,,N,4,0,1,2,A,-,03,22350,,N,C,C,A,A,H,-,A,D,0,,,,,Y,,D,22,0,0,1,0,0,0,0,0,0,"- ","- ",,,"CONTRA COSTA",CONCORD,-122.04766994000001,37.979749920000003
6454074,2014,2014-07-15,0704,2014-04-09,1508,500,SOUTH,3,5,6,0704,0,0,0,,0,003,"LANDINI LN","MONUMENT BL",0.00,,Y,A,-,N,,,,,,,,,,N,4,0,1,2,A,-,05,21650,1,N,D,G,A,A,H,-,A,A,0,,Y,,,Y,,L,04,0,0,1,0,0,0,1,0,0,"- ","- ",,,"CONTRA COSTA",CONCORD,-122.03801996,37.957059960000002
6454075,2014,2014-07-15,0704,2014-04-01,2054,0505,,2,5,6,0704,0,0,0,,0,003,"OAK GROVE RD","RISDON RD",0.00,,Y,C,-,N,,,,,,,,,,Y,4,0,2,2,A,-,09,21802,A,N,D,C,A,B,H,-,C,A,0,,,,,Y,,D,22,0,0,2,0,0,0,0,0,0,"- ","- ",,,"CONTRA COSTA",CONCORD,-122.03055992,37.94466998
6454555,2014,2015-03-14,0704,2014-04-15,1813,538,NORTH,2,5,6,0704,0,0,0,,0,001,"CONCORD AV","COMMERCE AV",190.00,E,N,A,-,N,,,,,,,,,,N,4,0,1,4,A,-,03,22350,,N,C,C,A,A,H,-,A,A,0,,,,,Y,,A,07,0,0,1,0,0,0,0,0,0,"- ","- ",,,"CONTRA COSTA",CONCORD,-122.04416601,37.979097959999997
6454808,2014,2016-04-14,9320,2014-04-24,0615,16094,,4,1,9,0700,0,1,3,,2,405,"RT 4","RT 160",900.00,W,N,B,-,Y,CC,4,4,-,R,29.880,H,-,W,Y,4,0,1,2,A,-,03,22350,,N,C,C,A,A,D,-,A,D,1,,,,,Y,,A,01,0,0,1,0,0,0,0,0,0,"- ","- ",,,"CONTRA COSTA",UNINCORPORATED,-121.76910959999999,37.993239610000003
6455124,2014,2014-07-21,0709,2014-04-10,2231,343,3020,4,5,4,0709,0,0,0,,0,002,"CONTRA COSTA BL","VIKING DR",15.00,S,N,A,-,N,,,,,,,,,,N,4,0,2,2,A,-,03,22350,,N,C,C,A,A,H,-,D,A,0,,,,,Y,,-,,0,0,2,0,0,0,0,0,0,"- ","- ",,,"CONTRA COSTA","PLEASANT HILL",-122.06277243,37.967059239999998
6455128,2014,2014-07-30,0709,2014-04-10,1146,421,3001,4,5,4,0709,0,0,0,,0,002,"CONTRA COSTA BL","S 2ND AV",0.00,,Y,A,-,N,,,,,,,,,,N,3,0,1,3,A,-,03,22350,,N,C,C,A,A,H,-,A,A,0,,,,,Y,,-,,0,1,0,0,0,0,0,0,0,"- ","- ",,,"CONTRA COSTA","PLEASANT HILL",-122.0672599,37.981629990000002
6455144,2014,2014-07-21,0709,2014-04-03,1421,328,3030,4,5,4,0709,0,0,0,,0,002,"CONTRA COSTA BL","ALAN DR",200.00,N,N,A,B,N,,,,,,,,,,N,4,0,1,4,A,-,03,22350,,N,C,C,A,A,D,-,A,A,0,,,,,Y,,-,,0,0,1,0,0,0,0,0,0,"- ","- ",,,"CONTRA COSTA","PLEASANT HILL",-122.06225646999999,37.964204039999998
6455148,2014,2014-07-21,0709,2014-04-05,1234,407,4450,6,5,4,0709,0,0,0,,0,001,"OAK PARK BL","DOUGLAS LN",183.00,E,N,A,-,N,,,,,,,,,,N,3,0,2,2,A,-,08,22107,,N,D,C,A,A,H,-,A,D,0,,,,,Y,,-,,0,1,1,0,0,0,0,0,0,"- ","- ",,,"CONTRA COSTA","PLEASANT HILL",-122.07534534,37.933725039999999
6455182,2014,2014-07-03,0709,2014-03-31,0748,424,1040,1,5,4,0709,0,0,0,,0,002,"MORELLO AV","TAYLOR BL",167.00,N,N,A,-,N,,,,,,,,,,Y,4,0,2,2,A,-,09,21801,A,N,D,C,A,A,H,-,A,D,0,,,,,Y,,-,,0,0,2,0,0,0,0,0,0,"- ","- ",,,"CONTRA COSTA","PLEASANT HILL",-122.07894481,37.961311639999998
6455190,2014,2014-07-03,0709,2014-03-31,2116,380,3001,1,5,4,0709,0,0,0,,0,002,"CONTRA COSTA BL","CHILPANCINGO PKWY",0.00,,Y,B,-,N,,,,,,,,,,Y,4,0,2,3,A,-,12,21453,A,N,D,B,A,B,H,-,C,A,0,,,,,Y,,-,,0,0,2,0,0,0,0,0,0,"- ","- ",,,"CONTRA COSTA","PLEASANT HILL",-122.06494996000001,37.975719949999998
6455557,2014,2016-04-19,9320,2014-04-20,2120,019266,,7,2,3,0706,0,1,1,,2,180,"RT 80","WILLOW AV",800.00,W,N,A,-,Y,CC,4,80,-,-,10.540,H,-,E,Y,3,0,2,3,A,-,03,22350,,N,C,C,A,A,H,-,C,D,1,,,,,Y,,A,01,0,1,1,0,0,0,0,0,0,"- ","- ",,,"CONTRA COSTA",HERCULES,-122.26405909,38.020653369999998
6455561,2014,2016-04-13,9320,2014-04-10,2330,019559,,4,3,5,0701,0,1,3,,2,404,"RT 4",SOMERSVILLE,300.00,W,N,A,-,Y,CC,4,4,-,-,25.950,H,-,E,N,4,0,1,2,A,-,01,23152,A,N,C,C,A,A,D,-,C,D,1,,,,,Y,Y,A,07,0,0,1,0,0,0,0,0,0,"- ","- ",,,"CONTRA COSTA",ANTIOCH,-121.83884476999999,38.004176049999998
6455565,2014,2016-04-14,9320,2014-04-19,1940,017219,,6,2,9,0700,0,1,3,,1,406,"RT 4","BIXLER RD",0.00,,Y,A,-,Y,CC,4,4,-,-,45.330,I,5,W,Y,3,0,3,2,A,-,12,21453,A,N,D,C,A,A,H,-,C,A,0,,,,,Y,,A,01,0,1,2,0,0,0,0,0,0,"- ","- ",,,"CONTRA COSTA",UNINCORPORATED,-121.62310592,37.889442289999998
6455569,2014,2014-07-10,0740,2014-04-15,1511,15,72,2,5,4,0791,0,0,0,,0,005,"STONELEAF RD","ASTOR HOLLOW ST",132.00,N,N,A,-,N,,,,,,,,,,Y,3,0,2,2,A,-,05,21650,,N,C,E,A,A,H,-,A,D,0,,,,,Y,,A,01,0,1,1,0,0,0,0,0,0,"- ","- ",,,"CONTRA COSTA","SAN RAMON",-121.91674519999999,37.760399820000004
6455701,2014,2016-04-12,9390,2014-04-10,2115,20074,,4,2,4,0791,0,1,1,,2,068,"RT 680","MONTE VIDEO RD",10.00,N,N,A,-,Y,CC,4,680,-,R,1.910,H,-,S,Y,3,0,1,1,C,-,18,,,N,F,A,A,A,H,-,D,D,1,,,Y,,Y,,-,"- ",0,1,0,0,0,0,0,0,1,"- ","- ",,,"CONTRA COSTA","SAN RAMON",-121.95761168,37.74753338
6456009,2014,2016-04-13,9320,2014-04-14,1000,018973,,1,1,5,0708,0,1,3,,2,403,"RT 4","WILLOW PASS RD",2640.00,E,N,A,-,Y,CC,4,4,-,R,19.290,H,-,W,Y,4,0,1,2,A,-,03,22350,,N,C,C,A,A,H,-,A,D,1,,,,Y,Y,,A,07,0,0,1,0,0,0,0,0,0,"- ","- ",38.020069999999997,-121.98529000000001,"CONTRA COSTA",PITTSBURG,-121.95654781,38.021322640000001
6456053,2014,2015-10-23,0740,2014-04-17,1600,15,72,4,5,4,0791,0,0,0,,0,003,"CROW CANYON RD","CANYON CREST DR",30.00,E,N,A,-,N,,,,,,,,,,Y,4,0,1,2,A,-,03,22350,,N,C,C,A,A,H,-,A,A,0,,,,,Y,,D,22,0,0,1,0,0,0,0,0,0,"- ","- ",,,"CONTRA COSTA","SAN RAMON",-121.94633985,37.788058229999997
6456058,2014,2015-10-23,9320,2014-04-08,1600,16636,,2,2,5,0708,1,4,S,,2,901,"LOVERIDGE RD","BUCHANAN RD",80.00,N,N,A,-,N,,,,,,,,,,N,4,0,1,2,A,-,21,22106,,N,C,C,A,A,H,-,A,D,0,,,,,Y,,H,14,0,0,1,0,0,0,0,0,0,"- ","- ",,,"CONTRA COSTA",PITTSBURG,-121.87403866,37.998180640000001
6456098,2014,2014-07-07,9320,2014-03-28,2350,19945,,5,3,3,0706,0,1,1,,2,180,"RT 80","RT 4",130.00,E,N,B,-,Y,,,,,,,,,,Y,4,0,1,2,A,-,03,22350,,N,C,C,A,A,D,-,C,D,0,,,,,Y,,A,01,0,0,1,0,0,0,0,0,0,"- ","- ",,,"CONTRA COSTA",HERCULES,-122.26929,38.015120000000003
6456147,2014,2016-03-30,9320,2014-04-18,1805,018371,,5,2,4,0790,0,1,1,,2,681,"RT 680","DIABLO RD",5.00,N,N,A,-,Y,CC,4,680,-,R,7.729,R,1,S,N,4,0,1,2,A,-,03,22350,,N,C,C,A,A,H,-,A,A,6,,,,,Y,,A,01,0,0,1,0,0,0,0,0,0,"- ","- ",,,"CONTRA COSTA",DANVILLE,-121.995458,37.825659469999998
6456151,2014,2016-04-14,9320,2014-04-09,2154,020295,,3,2,9,0700,0,1,3,,2,402,RT4,"PORT CHICAGO HWY",1584.00,W,N,A,-,Y,CC,4,4,-,R,15.120,H,-,E,Y,4,0,1,2,A,-,01,23152,A,N,C,C,A,A,H,-,C,D,1,,,,,Y,Y,A,07,0,0,1,0,0,0,0,0,0,"- ","- ",,,"CONTRA COSTA",UNINCORPORATED,-122.02847026000001,38.008659780000002
6456155,2014,2015-12-14,9320,2014-04-17,0056,018553,,4,3,9,0700,0,3,5,,2,040,"PACHECO BL","2ND AV",0.00,,Y,A,-,N,,,,,,,,,,N,3,0,1,1,A,-,03,22350,,N,E,I,A,A,H,-,C,D,0,,Y,,,Y,,L,04,0,1,0,0,0,0,1,0,0,"- ","- ",,,"CONTRA COSTA",UNINCORPORATED,-122.0672599,37.981629990000002
6456159,2014,2016-03-30,9320,2014-04-16,1050,012853,,3,1,5,0712,0,1,1,,2,682,"RT 680","TREAT BL",750.00,S,N,A,-,Y,CC,4,680,-,-,16.260,H,-,S,N,4,0,1,2,A,-,04,21703,,N,C,C,A,A,H,-,A,D,1,,,,,Y,,A,01,0,0,1,0,0,0,0,0,0,"- ","- ",,,"CONTRA COSTA","WALNUT CREEK",-122.06109211,37.924348870000003
6456310,2014,2015-03-13,0740,2014-04-11,1036,15,72,5,5,4,0791,0,0,0,,0,002,"WESTSIDE DR","SAN RAMON VALLEY BL",38.00,W,N,-,-,N,,,,,,,,,,N,4,0,1,2,A,-,"- ",,,N,-,-,A,-,-,-,-,-,0,,,,,Y,,-,"- ",0,0,1,0,0,0,0,0,0,"- ","- ",,,"CONTRA COSTA","SAN RAMON",-121.95702952000001,37.745046539999997
6456915,2014,2014-07-10,0704,2014-04-14,1552,538,NORTH,1,5,6,0704,0,0,0,,0,004,"CONCORD BL","GALINDO ST",0.00,,Y,A,-,N,,,,,,,,,,Y,4,0,1,4,A,-,12,21453,A,N,D,C,A,A,H,-,A,A,0,,,,,Y,,D,22,0,0,1,0,0,0,0,0,0,"- ","- ",,,"CONTRA COSTA",CONCORD,-122.03448,37.975139990000002
6456919,2014,2014-07-11,0704,2014-03-29,1343,472,,6,5,6,0704,0,0,0,,0,,"CLAYTON RD","SAN JOSE AV",147.00,E,N,C,-,N,,,,,,,,,,Y,4,0,1,2,A,-,01,23152,,N,C,E,A,B,H,-,A,A,0,,,,,Y,,A,01,0,0,1,0,0,0,0,0,0,"- ","- ",,,"CONTRA COSTA",CONCORD,-122.02584962,37.974634180000002
6456923,2014,2014-07-10,0704,2014-04-05,1155,451,,6,5,6,0704,0,0,0,,0,004,"EAST OLIVERA RD","WILLOW PASS RD",110.00,N,N,A,-,N,,,,,,,,,,Y,3,0,1,2,A,-,08,22102,,N,D,C,A,A,H,-,A,D,0,,,,,Y,,D,22,0,1,0,0,0,0,0,0,0,"- ","- ",,,"CONTRA COSTA",CONCORD,-122.01574989,37.983581209999997
6456939,2014,2015-03-05,0704,2014-04-21,0730,0365,,1,5,6,0704,0,0,0,,0,003,"TREAT BL","NAVARONNE WY",0.00,,Y,A,-,N,,,,,,,,,,Y,4,0,1,2,A,-,03,22350,,N,C,C,A,A,H,-,A,A,0,,,,,Y,,A,01,0,0,1,0,0,0,0,0,0,"- ","- ",,,"CONTRA COSTA",CONCORD,-122.01258996,37.946799929999997
6457238,2014,2014-07-10,0704,2014-04-14,1637,541,,1,5,6,0704,0,0,0,,0,001,"WILLOW PASS RD","GALINDO ST",0.00,,Y,A,-,N,,,,,,,,,,Y,4,0,1,3,A,-,17,21461,A,N,D,C,A,A,H,-,A,A,0,,,,,Y,,A,01,0,0,1,0,0,0,0,0,0,"- ","- ",,,"CONTRA COSTA",CONCORD,-122.03518991,37.976039880000002
6457242,2014,2016-03-30,0704,2014-04-18,1755,0469,,5,5,6,0704,0,0,0,,0,001,"SUNVALLEY BL","RT 680",0.00,,Y,A,-,Y,CC,4,680,-,-,19.183,R,4,S,N,4,0,5,3,A,-,03,22350,,N,C,C,A,A,H,-,A,A,0,,,,,Y,,A,01,0,0,5,0,0,0,0,0,0,"- ",SO,,,"CONTRA COSTA",CONCORD,-122.05761525,37.967756309999999
6457246,2014,2014-07-10,0704,2014-04-18,1251,504,,5,5,6,0704,0,0,0,,0,001,"WILLOW PASS RD","FRY WY",0.00,,Y,A,-,N,,,,,,,,,,N,4,0,1,2,A,-,05,21650,1,N,A,G,A,A,H,-,A,A,0,,Y,,,Y,,L,04,0,0,1,0,0,0,1,0,0,"- ","- ",,,"CONTRA COSTA",CONCORD,-122.04138998000001,37.973129929999999
6457250,2014,2014-07-10,0704,2014-04-18,0730,466,,5,5,6,0704,0,0,0,,0,005,"COWELL RD","TREAT BL",0.00,,Y,A,-,N,,,,,,,,,,N,3,0,1,2,A,-,12,21453,A,N,D,G,A,A,H,-,A,A,0,,Y,,,Y,,L,04,0,1,0,0,0,0,1,0,0,"- ","- ",,,"CONTRA COSTA",CONCORD,-122.00166998,37.955489929999999
6457254,2014,2014-07-10,0704,2014-04-13,1058,543,MTDIA,7,5,6,0704,0,0,0,,0,002,"DIAMOND BL","WILLOW WY",0.00,,Y,A,-,N,,,,,,,,,,Y,4,0,1,2,A,-,09,21801,A,N,A,C,A,A,A,H,-,A,0,,,,,Y,,A,07,0,0,1,0,0,0,0,0,0,"- ","- ",,,"CONTRA COSTA",CONCORD,-122.05586989,37.971439959999998
6457258,2014,2015-10-23,0704,2014-04-11,1634,360,,5,5,6,0704,0,0,0,,0,004,"PORT CHICAGO HWY","WILLOW PASS RD",0.00,,Y,B,-,N,,,,,,,,,,N,4,0,2,2,A,-,08,22101,,N,D,C,A,A,H,-,A,A,0,,,,,Y,,A,08,0,0,2,0,0,0,0,0,0,"- ","- ",,,"CONTRA COSTA",CONCORD,-122.02959993,37.978579930000002
6457262,2014,2014-07-10,0704,2014-04-10,2353,0485,,4,5,6,0704,0,0,0,,0,004,"EAST ST","CONCORD BL",0.00,,Y,A,-,N,,,,,,,,,,Y,4,0,4,2,A,-,12,21453,A,N,D,C,A,A,H,-,C,A,0,,,,,Y,,A,01,0,0,4,0,0,0,0,0,0,"- ","- ",,,"CONTRA COSTA",CONCORD,-122.02999987,37.977289980000002
6457266,2014,2014-07-10,0704,2014-04-07,0905,497,032,1,5,6,0704,0,0,0,,0,006,"YGNACIO VALLEY RD","COWELL RD",858.00,W,N,A,-,N,,,,,,,,,,Y,3,0,1,1,C,-,18,,,N,E,H,A,A,H,-,A,D,0,,,Y,,Y,,-,"- ",0,1,0,0,0,0,0,0,1,"- ","- ",,,"CONTRA COSTA",CONCORD,-121.99477945,37.945917090000002
6457313,2014,2016-04-12,9320,2014-04-06,0207,019789,,7,3,9,0700,0,1,3,,2,242,"RT 242","GRANT ST",150.00,N,N,A,-,Y,CC,4,242,-,R,2.230,H,-,N,Y,4,0,1,2,A,-,01,23152,A,N,D,C,A,A,H,-,D,D,1,,,,,Y,Y,A,01,0,0,1,0,0,0,0,0,0,"- ","- ",,,"CONTRA COSTA",UNINCORPORATED,-122.04011224,37.989848119999998
6457865,2014,2016-03-29,9350,2014-04-27,1619,17201,,7,2,5,0710,0,1,1,,2,115,"RT 580","RICHMOND SAN RAFAEL TP",5280.00,W,N,A,-,Y,CC,4,580,-,-,7.130,H,-,W,Y,4,0,4,3,A,-,03,22350,,N,C,C,A,A,H,-,A,D,1,,,,,Y,,A,07,0,0,4,0,0,0,0,0,0,"- ","- ",37.933050000000001,-122.42518,"CONTRA COSTA",RICHMOND,-122.42178043,37.933577829999997
6458160,2014,2014-06-27,0701,2014-02-20,1828,4265,0405,4,5,5,0701,0,0,0,,0,004,"GENTRYTOWN DR","REDWOOD DR",200.00,N,N,A,-,N,,,,,,,,,,Y,2,0,1,2,A,-,"- ",,,N,G,B,D,A,H,-,C,D,0,Y,,,,Y,Y,A,08,1,0,0,0,1,0,0,0,0,"- ","- ",,,"CONTRA COSTA",ANTIOCH,-121.84012106,37.99222915
6458244,2014,2016-03-03,9320,2014-03-22,2340,19607,,6,3,9,0700,0,1,3,,2,403,RT4,"BAILEY RD",1200.00,E,N,A,-,Y,CC,4,4,-,R,20.360,H,-,W,Y,4,0,1,1,A,-,01,23152,A,N,E,I,A,A,H,-,C,D,1,,,,,Y,Y,A,01,0,0,1,0,0,0,0,0,0,"- ","- ",38.01878,-121.93116999999999,"CONTRA COSTA",UNINCORPORATED,-121.93747911,38.019124640000001
6458574,2014,2014-07-11,0708,2014-04-30,1000,195,46,3,5,5,0708,0,0,0,,0,004,"RAILROAD AV","CASTLEWOOD DR",0.00,,Y,A,-,N,,,,,,,,,,Y,4,0,1,2,A,-,01,23152,C,N,A,C,A,A,H,-,A,A,0,,,,,Y,,A,01,0,0,1,0,0,0,0,0,0,"- ","- ",,,"CONTRA COSTA",PITTSBURG,-121.8974085,37.995488999999999
6459123,2014,2014-07-11,0708,2014-04-27,0333,P312,,7,5,5,0708,0,0,0,,0,002,"NORTH PARKSIDE DR","N PARKSIDE DR 40",15.00,S,N,A,-,N,,,,,,,,,,Y,3,0,1,1,A,-,08,22107,,F,A,I,A,A,H,-,C,D,0,,,,,Y,,A,01,0,1,0,0,0,0,0,0,0,"- ","- ",,,"CONTRA COSTA",PITTSBURG,,
6459493,2014,2014-08-04,0708,2014-05-02,2339,316,,5,5,5,0708,0,0,0,,0,005,"HARBOR ST","GARCIA AV",162.00,S,N,A,-,N,,,,,,,,,,Y,3,0,1,1,A,-,05,21651,B,N,F,I,A,A,H,-,C,A,0,,,,,Y,,A,01,0,1,0,0,0,0,0,0,0,"- ","- ",,,"CONTRA COSTA",PITTSBURG,-121.88554322,38.012424170000003
6459796,2014,2014-07-24,9320,2014-05-07,1510,016584,,3,2,9,0700,0,2,4,,2,023,"BEAR CREEK RD","ALHAMBRA VALLEY RD",0.00,,Y,A,-,N,,,,,,,,,,Y,4,0,3,2,A,-,12,22450,A,N,D,C,A,A,H,-,A,A,0,,,,,Y,,A,01,0,0,3,0,0,0,0,0,0,"- ","- ",,,"CONTRA COSTA",UNINCORPORATED,-122.20073996000001,37.963189960000001
6459800,2014,2016-04-13,9320,2014-05-05,0740,019458,,1,1,9,0700,0,1,3,,2,403,RT4,"BAILEY RD",100.00,W,N,A,-,Y,CC,4,4,-,R,20.090,H,-,W,Y,4,0,1,4,A,-,03,22350,,N,C,C,A,A,H,-,A,D,1,,,,,Y,,A,07,0,0,1,0,0,0,0,0,0,"- ","- ",,,"CONTRA COSTA",UNINCORPORATED,-121.94236558999999,38.019098550000002
6459804,2014,2016-04-13,9320,2014-05-10,1834,019107,,6,2,9,0700,0,1,3,,2,402,"RT 242","PORT CHICAGO HWY",1320.00,W,N,A,-,Y,CC,4,4,-,-,14.558,R,2,W,N,3,0,1,1,A,-,01,23152,F,N,F,A,A,A,H,-,A,D,1,,,,,Y,,A,01,0,1,0,0,0,0,0,0,0,"- ","- ",,,"CONTRA COSTA",UNINCORPORATED,-122.03812867000001,38.005135639999999
6459808,2014,2016-01-28,9320,2014-05-09,0740,018036,,5,1,3,0715,0,1,3,,2,241,"RT 24","EL CURTOLA BL",1000.00,E,N,A,-,Y,CC,4,24,-,R,8.470,H,-,W,Y,4,0,1,3,A,-,03,22350,,N,C,C,A,A,H,-,A,D,1,,,,,Y,,A,01,0,0,1,0,0,0,0,0,0,"- ","- ",37.897590000000001,-122.08152,"CONTRA COSTA",LAFAYETTE,-122.08283710000001,37.897885870000003
6459994,2014,2015-12-14,0712,2014-04-24,1537,P530,SUPER,4,5,5,0712,0,0,0,,0,002,"DOS PALOS DR","DOS PALOS DR 1413",0.00,,-,A,-,N,,,,,,,,,,N,3,0,1,2,A,-,21,22106,,N,B,E,A,A,H,-,A,D,0,,,,,Y,,D,23,0,1,0,0,0,0,0,0,0,"- ","- ",,,"CONTRA COSTA","WALNUT CREEK",-122.08571612999999,37.921394749999997
6460452,2014,2014-07-10,0701,2014-04-14,1323,5214,612,1,5,5,0701,0,0,0,,0,003,"LONE TREE WY","VISTA GRANDE DR",600.00,W,N,A,-,N,,,,,,,,,,Y,3,0,1,1,A,-,"- ",,,N,H,I,A,A,H,-,A,D,0,,,,,Y,,A,01,0,1,0,0,0,0,0,0,0,"- ","- ",,,"CONTRA COSTA",ANTIOCH,-121.75678153,37.961759999999998
6460493,2014,2014-07-10,0711,2014-04-11,0430,1066,,5,5,4,0711,0,0,0,,0,002,"AMADOR ST","ALPINE RD",0.00,,Y,B,-,N,,,,,,,,,,N,2,0,1,2,A,-,09,21804,,N,G,B,A,A,H,-,C,-,0,,Y,,,Y,,L,04,1,0,0,0,0,0,1,0,0,"- ","- ",37.955379999999998,-122.32874,"CONTRA COSTA","SAN PABLO",-122.32882995999999,37.95538999
6460497,2014,2014-07-11,0711,2014-04-07,1539,1055,,1,5,4,0711,0,0,0,,0,003,"CHURCH LN","SAN PABLO AV",0.00,,Y,A,-,N,,,,,,,,,,Y,4,0,1,2,A,-,09,21804,A,N,D,C,A,A,H,-,A,A,0,,,,,Y,,A,01,0,0,1,0,0,0,0,0,0,"- ","- ",,,"CONTRA COSTA","SAN PABLO",-122.34023993,37.958759909999998
6462564,2014,2014-07-09,0711,2014-03-30,0815,1055,,7,5,4,0711,0,0,0,,0,001,"EL PORTAL DR","CHURCH LN",0.00,,Y,A,-,N,,,,,,,,,,N,4,0,1,2,A,-,03,22350,,F,C,C,A,A,H,-,A,A,0,,,,,Y,,-,,0,0,1,0,0,0,0,0,0,"- ","- ",,,"CONTRA COSTA","SAN PABLO",-122.33633995,37.963169909999998
6462580,2014,2014-07-09,0711,2014-03-20,0815,1027,1,4,5,4,0711,0,0,0,,0,001,"EL PORTAL DR","CASTRO RD",0.00,,Y,B,-,N,,,,,,,,,,Y,4,0,2,2,A,-,08,22107,,N,D,C,A,A,H,-,A,D,0,,,,,Y,,A,01,0,0,2,0,0,0,0,0,0,"- ","- ",,,"CONTRA COSTA","SAN PABLO",-122.33905987,37.965599910000002
6462588,2014,2014-07-09,0711,2014-03-19,1941,51063,,3,5,4,0711,0,0,0,,0,,"SAN PABLO DAM RD","AMADOR AV",40.00,W,N,A,-,N,,,,,,,,,,N,4,0,1,2,A,-,04,21703,,N,-,C,A,A,H,-,C,A,0,,,,,Y,,A,01,0,0,1,0,0,0,0,0,0,"- ","- ",,,"CONTRA COSTA","SAN PABLO",-122.32952189,37.956401290000002
6462592,2014,2014-07-09,9320,2014-03-23,1843,017906,,7,2,5,0701,0,1,3,,2,404,"DEER VALLEY RD","CHADBOURNE RD",528.00,S,N,A,-,N,,,,,,,,,,N,3,0,1,1,A,-,01,23152,A,N,F,A,A,A,H,-,A,D,0,,,Y,,Y,Y,C,02,0,1,0,0,0,0,0,0,1,"- ","- ",,,"CONTRA COSTA",ANTIOCH,-121.77750224,37.917018069999997
6462600,2014,2015-10-12,0700,2014-03-31,1608,70451,,1,5,3,0715,0,0,0,,0,040,"MORAGA RD","JONAS HILL RD",5280.00,S,N,C,-,N,,,,,,,,,,Y,3,0,1,1,A,-,03,22350,,N,E,J,A,B,H,-,A,D,0,,,,,Y,,A,01,0,1,0,0,0,0,0,0,0,"- ","- ",,,"CONTRA COSTA",LAFAYETTE,-122.12629785,37.87429487
6462773,2014,2014-07-22,9320,2014-04-05,0920,018753,,6,1,9,0700,0,3,5,,2,015,"ARCHERY WY","NOTTINGHAM DR",0.00,,Y,A,-,N,,,,,,,,,,Y,4,0,2,2,D,-,00,,,N,D,C,A,A,H,-,A,D,0,,,,,Y,,-,"- ",0,0,2,0,0,0,0,0,0,"- ","- ",37.95675,-122.27325,"CONTRA COSTA",UNINCORPORATED,-122.27330988,37.956809939999999
6462777,2014,2014-07-22,0711,2014-04-10,0618,1066,,4,5,4,0711,0,0,0,,0,001,"EL PORTAL DR","CHURCH LN",0.00,,Y,B,-,N,,,,,,,,,,Y,4,0,1,2,A,-,12,21453,A,N,D,C,A,A,H,-,B,A,0,,,,,Y,,A,01,0,0,1,0,0,0,0,0,0,"- ","- ",37.963180000000001,-122.33642,"CONTRA COSTA","SAN PABLO",-122.33633995,37.963169909999998
6462781,2014,2016-04-12,9320,2014-04-08,0935,012853,,2,1,5,0712,0,1,1,,2,682,"RT 680","MOUNT DIABLO BL",900.00,N,N,A,-,Y,CC,4,680,-,-,14.670,H,-,N,Y,4,0,2,2,A,-,03,22350,,N,C,C,A,A,H,-,A,D,1,,,,,Y,,A,07,0,0,2,0,0,0,0,0,0,"- ","- ",,,"CONTRA COSTA","WALNUT CREEK",-122.06998813,37.90280095
6462785,2014,2016-04-12,9320,2014-04-05,1220,019195,,6,1,9,0700,0,1,1,,2,683,"RT 680","MARINA VISTA AV",10.00,S,N,A,-,Y,CC,4,680,-,-,24.390,H,-,N,Y,4,0,3,2,A,-,03,22350,,N,C,C,A,A,H,-,A,D,4,,,,,Y,,A,07,0,0,3,0,0,0,0,0,0,"- ","- ",,,"CONTRA COSTA",UNINCORPORATED,-122.11099847,38.025222300000003
6462789,2014,2016-04-13,9320,2014-04-02,0150,018553,,3,3,6,0704,0,1,1,,2,683,"RT 680","RT 242",528.00,S,N,B,C,Y,CC,4,680,-,R,18.360,H,-,S,Y,4,0,1,2,A,-,01,23152,A,M,C,C,A,B,H,-,C,D,1,,,,,Y,Y,A,01,0,0,1,0,0,0,0,0,0,"- ","- ",,,"CONTRA COSTA",CONCORD,-122.05418145,37.95452745
6462793,2014,2016-04-19,9320,2014-04-01,0305,019866,,2,3,9,0700,0,1,1,,2,180,"RT 80","APPIAN WY",1380.00,E,N,C,-,Y,CC,4,80,-,-,7.860,H,-,E,Y,4,0,1,2,A,-,07,21658,A,N,B,C,A,B,H,-,C,D,1,,,,,Y,,A,01,0,0,1,0,0,0,0,0,0,"- ","- ",37.99389,-122.29689,"CONTRA COSTA",UNINCORPORATED,-122.29697272,37.994000540000002
6462970,2014,2014-07-10,0708,2014-04-08,1607,P247,,2,5,5,0708,0,0,0,,0,002,"LOVERIDGE RD","PITTSBURG-ANTIOCH HWY",0.00,,Y,A,-,N,,,,,,,,,,Y,3,0,2,2,A,-,09,21453,C,N,D,C,A,A,H,-,A,A,0,,,,,Y,,D,22,0,1,1,0,0,0,0,0,0,"- ","- ",,,"CONTRA COSTA",PITTSBURG,-121.85998986,38.015099900000003