CASE_ID,ACCIDENT_YEAR,PROC_DATE,JURIS,COLLISION_DATE,COLLISION_TIME,OFFICER_ID,REPORTING_DISTRICT,DAY_OF_WEEK,CHP_SHIFT,POPULATION,CNTY_CITY_LOC,SPECIAL_COND,BEAT_TYPE,CHP_BEAT_TYPE,CITY_DIVISION_LAPD,CHP_BEAT_CLASS,BEAT_NUMBER,PRIMARY_RD,SECONDARY_RD,DISTANCE,DIRECTION,INTERSECTION,WEATHER_1,WEATHER_2,STATE_HWY_IND,CALTRANS_COUNTY,CALTRANS_DISTRICT,STATE_ROUTE,ROUTE_SUFFIX,POSTMILE_PREFIX,POSTMILE,LOCATION_TYPE,RAMP_INTERSECTION,SIDE_OF_HWY,TOW_AWAY,COLLISION_SEVERITY,NUMBER_KILLED,NUMBER_INJURED,PARTY_COUNT,PRIMARY_COLL_FACTOR,PCF_CODE_OF_VIOL,PCF_VIOL_CATEGORY,PCF_VIOLATION,PCF_VIOL_SUBSECTION,HIT_AND_RUN,TYPE_OF_COLLISION,MVIW,PED_ACTION,ROAD_SURFACE,ROAD_COND_1,ROAD_COND_2,LIGHTING,CONTROL_DEVICE,CHP_ROAD_TYPE,PEDESTRIAN_ACCIDENT,BICYCLE_ACCIDENT,MOTORCYCLE_ACCIDENT,TRUCK_ACCIDENT,NOT_PRIVATE_PROPERTY,ALCOHOL_INVOLVED,STWD_VEHTYPE_AT_FAULT,CHP_VEHTYPE_AT_FAULT,COUNT_SEVERE_INJ,COUNT_VISIBLE_INJ,COUNT_COMPLAINT_PAIN,COUNT_PED_KILLED,COUNT_PED_INJURED,COUNT_BICYCLIST_KILLED,COUNT_BICYCLIST_INJURED,COUNT_MC_KILLED,COUNT_MC_INJURED,PRIMARY_RAMP,SECONDARY_RAMP,LATITUDE,LONGITUDE,COUNTY,CITY,POINT_X,POINT_Y
6563443,2014,2014-08-06,0703,2014-05-04,0347,C049,042,7,5,3,0703,0,0,0,,0,007,"MARSH CREEK RD","DIABLO VIEW LN",287.00,E,N,A,-,N,,,,,,,,,,Y,4,0,1,1,A,-,08,22107,,N,F,I,A,A,H,-,C,A,0,,,,,Y,,D,22,0,0,1,0,0,0,0,0,0,"- ","- ",37.931370000000001,-121.92364000000001,"CONTRA COSTA",CLAYTON,-121.92305,37.932209999999998
6563949,2014,2014-09-08,0714,2014-08-04,1444,144,02,1,5,4,0714,0,0,0,,0,001,"ESTUDILLO ST","MARINA VISTA",90.00,,N,A,-,N,,,,,,,,,,N,3,0,1,2,A,-,21,22106,,N,G,B,D,A,H,-,A,D,0,Y,,,,Y,,N,60,0,1,0,0,1,0,0,0,0,"- ","- ",38.019060000000003,-122.13513,"CONTRA COSTA",MARTINEZ,-122.13737988,38.018559949999997
6564071,2014,2015-04-18,0712,2014-07-21,1007,P297,,1,5,5,0712,0,0,0,,0,002,"YGNACIO VALLEY RD","HOSPITAL LN",0.00,,Y,B,-,N,,,,,,,,,,N,3,0,1,2,A,-,08,22107,,N,D,G,A,A,H,-,A,A,0,,Y,,,Y,,A,01,0,1,0,0,0,0,1,0,0,"- ","- ",,,"CONTRA COSTA","WALNUT CREEK",-122.04205602,37.914291419999998
6564194,2014,2014-07-30,0704,2014-05-22,0904,491,,4,5,6,0704,0,0,0,,0,001,"BISSO LN","CONCORD AV",172.00,E,N,A,-,N,,,,,,,,,,N,4,0,1,2,A,-,09,21804,A,N,D,C,A,A,H,-,A,D,0,,,,,Y,,A,01,0,0,1,0,0,0,0,0,0,"- ","- ",,,"CONTRA COSTA",CONCORD,-122.04754172,37.980211390000001
6565392,2014,2016-05-17,9350,2014-07-18,1515,019166,,5,2,5,0710,0,1,1,,2,115,"RT 580","STENMARK DR",95.00,W,N,A,-,Y,CC,4,580,-,-,6.130,H,-,W,Y,4,0,1,2,A,-,07,21658,A,N,D,C,A,A,H,-,A,A,1,,,,,Y,,A,07,0,0,1,0,0,0,0,0,0,"- ","- ",37.932340000000003,-122.40315,"CONTRA COSTA",RICHMOND,-122.40342812999999,37.93249539
6565769,2014,2015-04-18,0704,2014-07-10,1906,538,NORTH,4,5,6,0704,0,0,0,,0,001,"CONCORD BL","MIRA VISTA TER",0.00,,Y,A,-,N,,,,,,,,,,N,4,0,1,3,A,-,03,22350,,N,C,C,A,A,H,-,A,D,0,,,,,Y,,A,07,0,0,1,0,0,0,0,0,0,"- ","- ",,,"CONTRA COSTA",CONCORD,-122.03673987000001,37.973869950000001
6566174,2014,2015-04-25,0710,2014-07-09,1935,1351,034,3,5,5,0710,0,0,0,,0,005,"PENNSYLVANIA AV","HARBOUR WY",0.00,,Y,B,-,N,,,,,,,,,,N,4,0,1,2,A,-,08,22107,,N,D,C,A,A,H,-,A,A,0,,,,,Y,,-,,0,0,1,0,0,0,0,0,0,"- ","- ",,,"CONTRA COSTA",RICHMOND,-122.35995991999999,37.942609949999998
6566334,2014,2016-04-26,9370,2014-07-07,0540,019742,,1,3,5,0710,0,1,1,,2,082,"RT 80","MACDONALD AV",735.00,W,N,B,-,Y,CC,4,80,-,-,2.480,H,-,W,Y,4,0,2,3,A,-,03,22350,,N,C,C,A,A,H,-,B,D,6,,,,,Y,,A,01,0,0,2,0,0,0,0,0,0,"- ","- ",37.930300000000003,-122.32464,"CONTRA COSTA",RICHMOND,-122.3247868,37.930749990000002
6566394,2014,2014-08-25,0710,2014-07-01,1256,1477,NORTH,2,5,5,0710,0,0,0,,0,007,"MACDONALD AV",BROADWAY,0.00,,Y,A,-,N,,,,,,,,,,Y,4,0,2,2,A,-,09,21801,A,N,D,C,A,A,H,-,A,A,0,,,,,Y,,A,01,0,0,2,0,0,0,0,0,0,"- ","- ",,,"CONTRA COSTA",RICHMOND,-122.34293997,37.935099940000001
6567155,2014,2014-08-01,0710,2014-06-19,1716,1586,,4,5,5,0710,0,0,0,,0,003,"CARLSON BL","HUNTINGTON AV",0.00,,Y,A,-,N,,,,,,,,,,N,2,0,4,5,A,-,10,21950,A,N,-,B,B,A,H,-,A,A,0,Y,,,,Y,,A,01,1,3,0,0,4,0,0,0,0,"- ","- ",,,"CONTRA COSTA",RICHMOND,-122.30855998,37.907759900000002
6567163,2014,2014-08-01,0710,2014-06-25,1245,1324,NORTH,3,5,5,0710,0,0,0,,0,007,"23RD ST","RHEEM AV",0.00,,Y,B,-,N,,,,,,,,,,N,4,0,1,2,A,-,04,21703,,N,C,D,A,A,H,-,A,A,0,,,,,Y,,A,08,0,0,1,0,0,0,0,0,0,"- ","- ",,,"CONTRA COSTA",RICHMOND,-122.34744995,37.949759919999998
6567443,2014,2016-05-06,9320,2014-07-16,1410,12853,,3,2,5,0712,0,1,1,,2,681,"RT 680","RUDGEAR RD",750.00,S,N,A,-,Y,CC,4,680,-,R,12.470,H,-,N,N,4,0,1,2,A,-,07,21658,A,N,B,C,A,A,H,-,A,D,6,,,,,Y,,A,01,0,0,1,0,0,0,0,0,0,"- ","- ",,,"CONTRA COSTA","WALNUT CREEK",-122.04768491,37.877590920000003
6567720,2014,2016-05-14,9320,2014-07-11,1055,16094,,5,1,5,0701,0,1,3,,2,404,RT4,"CONTRA LOMA",1056.00,W,N,A,-,Y,CC,4,4,-,-,26.740,H,-,W,N,3,0,1,4,A,-,03,22350,,M,C,C,A,A,D,-,A,D,1,,,,,Y,,A,01,0,1,0,0,0,0,0,0,0,"- ","- ",,,"CONTRA COSTA",ANTIOCH,-121.82500118999999,38.000511400000001
6567724,2014,2016-05-14,9320,2014-07-08,1210,018449,,2,1,9,0700,0,1,3,,2,405,RT4,"MARSH CREEK RD",30.00,N,N,A,-,Y,CC,4,4,-,-,43.970,I,6,W,N,3,0,3,2,A,-,03,22350,,N,C,A,A,A,H,-,A,A,0,,,,,Y,,A,01,0,3,0,0,0,0,0,0,0,"- ","- ",,,"CONTRA COSTA",UNINCORPORATED,-121.64136047,37.896406759999998
6567728,2014,2016-06-04,9320,2014-07-14,1315,012853,,1,1,5,0712,0,1,1,,2,682,"RT 680","NORTH MAIN ST",300.00,S,N,A,-,Y,CC,4,680,-,-,15.430,H,-,S,N,4,0,1,2,A,-,07,21658,A,N,B,C,A,A,H,-,A,D,1,,,,,Y,,-,"- ",0,0,1,0,0,0,0,0,0,"- ",SO,,,"CONTRA COSTA","WALNUT CREEK",-122.06700923,37.913646790000001
6568644,2014,2014-08-06,0701,2014-05-25,1707,3343,410,7,5,5,0701,0,0,0,,0,004,"LONGVIEW RD","CONTRA LOMA BL",0.00,,Y,A,-,N,,,,,,,,,,N,4,0,1,2,A,-,10,21950,A,N,G,B,B,A,H,-,A,A,0,Y,,,,Y,,D,22,0,0,1,0,1,0,0,0,0,"- ","- ",,,"CONTRA COSTA",ANTIOCH,-121.82282995,37.989669980000002
6568679,2014,2016-05-26,9320,2014-07-06,1255,019458,,7,1,4,0709,0,1,1,,2,683,"RT 680","WILLOW PASS",2000.00,N,N,A,-,Y,CC,4,680,-,-,19.450,H,-,N,Y,4,0,1,2,A,-,07,21658,A,N,B,C,A,A,H,-,A,D,1,,,,,Y,,A,07,0,0,1,0,0,0,0,0,0,"- ","- ",,,"CONTRA COSTA","PLEASANT HILL",-122.05998657000001,37.970958510000003
6568781,2014,2014-08-27,0704,2014-07-17,1712,542,0704,4,5,6,0704,0,0,0,,0,001,"WILLOW PASS RD","DIAMOND BL",52.00,W,N,A,-,N,,,,,,,,,,Y,4,0,1,3,A,-,12,21453,A,N,D,C,A,A,H,-,A,A,0,,,,,Y,,A,07,0,0,1,0,0,0,0,0,0,"- ","- ",,,"CONTRA COSTA",CONCORD,-122.05261862,37.968398569999998
6568785,2014,2014-09-19,0704,2014-07-19,1204,502,,6,5,6,0704,0,0,0,,0,001,"CONCORD AV","BISSO LN",270.00,E,N,A,-,N,,,,,,,,,,N,4,0,1,3,A,-,04,21703,,N,C,C,A,A,H,-,A,A,0,,,,,Y,,D,22,0,0,1,0,0,0,0,0,0,"- ","- ",,,"CONTRA COSTA",CONCORD,-122.04676098,37.979570199999998
6568950,2014,2014-08-23,0704,2014-07-09,1248,0337,SOUTH,3,5,6,0704,0,0,0,,0,002,"DETROIT AV","LAGUNA ST",0.00,,Y,A,-,N,,,,,,,,,,N,4,0,1,2,A,-,10,21950,A,N,G,B,B,A,H,-,A,A,0,Y,,,,Y,,A,01,0,0,1,0,1,0,0,0,0,"- ","- ",,,"CONTRA COSTA",CONCORD,-122.04107988,37.968019910000002
6569079,2014,2016-05-14,9320,2014-07-19,0055,20295,,6,3,5,0708,0,1,3,,2,404,"RT 4","SOMERSVILLE RD",1584.00,W,N,A,-,Y,CC,4,4,-,-,25.710,H,-,E,Y,3,0,1,2,A,-,03,22350,,N,C,C,A,A,H,-,D,D,1,,,Y,,Y,,A,01,0,1,0,0,0,0,0,0,1,"- ","- ",38.007899999999999,-121.85290000000001,"CONTRA COSTA",PITTSBURG,-121.84300643,38.005368609999998
6569083,2014,2016-05-14,9320,2014-07-17,0825,16094,,4,1,5,0701,0,1,3,,2,404,"RT 4","HILLCREST AV",455.00,E,N,A,-,Y,CC,4,4,-,R,29.030,H,-,W,Y,4,0,1,4,A,-,03,22350,,N,C,C,A,A,D,-,A,D,1,,,,,Y,,A,01,0,0,1,0,0,0,0,0,0,"- ","- ",,,"CONTRA COSTA",ANTIOCH,-121.78390176000001,37.996068549999997
6569087,2014,2016-05-14,9320,2014-07-16,1940,19522,,3,2,5,0701,0,1,3,,2,404,"RT 4","SOMERSVILLE RD",900.00,W,N,A,-,Y,CC,4,4,-,-,25.840,H,-,E,Y,3,0,3,5,A,-,03,22350,,N,C,C,A,A,H,-,A,D,1,,,,,Y,,A,01,0,1,2,0,0,0,0,0,0,"- ","- ",,,"CONTRA COSTA",ANTIOCH,-121.84074837999999,38.004731540000002
6569091,2014,2016-06-04,9320,2014-07-17,1605,19107,,4,2,9,0700,0,1,1,,2,681,"RT 680","LIVORNA RD",600.00,N,N,A,-,Y,CC,4,680,-,R,11.480,H,-,N,Y,4,0,1,2,A,-,03,22350,,N,C,C,A,A,H,-,A,D,6,,,,,Y,,A,01,0,0,1,0,0,0,0,0,0,"- ","- ",,,"CONTRA COSTA",UNINCORPORATED,-122.03790639,37.86559604
6569095,2014,2014-08-25,9320,2014-07-17,1050,16503,,4,1,9,0700,0,3,5,,2,090,"WALNUT BL","PAYNE AV",200.00,S,N,A,-,N,,,,,,,,,,Y,4,0,1,2,A,-,03,22350,,N,C,C,A,A,H,-,A,D,0,,,,,Y,,A,01,0,0,1,0,0,0,0,0,0,"- ","- ",,,"CONTRA COSTA",UNINCORPORATED,-121.69628238,37.910470660000001
6569111,2014,2014-08-25,0708,2014-07-15,1751,195,46,2,5,5,0708,0,0,0,,0,005,"BUCHANAN RD","CAMPBELL DR",3773.00,E,N,A,-,N,,,,,,,,,,Y,4,0,3,5,A,-,03,22350,,N,C,C,A,A,H,-,A,A,0,,,,,Y,,A,08,0,0,3,0,0,0,0,0,0,"- ","- ",,,"CONTRA COSTA",PITTSBURG,-121.8739542,37.997970000000002
6569240,2014,2014-08-25,0712,2014-07-13,0937,P519,,7,5,5,0712,0,0,0,,0,001,"CALIFORNIA BL","BOTELHO DR",0.00,,Y,A,-,N,,,,,,,,,,Y,4,0,1,2,A,-,12,21453,A,N,D,C,A,A,H,-,A,A,0,,,,,Y,,A,01,0,0,1,0,0,0,0,0,0,"- ","- ",,,"CONTRA COSTA","WALNUT CREEK",-122.06184999,37.89457994
6569252,2014,2014-08-26,0712,2014-07-22,1934,P496,,2,5,5,0712,0,0,0,,0,001,"SAN LUIS RD","CROWN CT",100.00,W,N,A,-,N,,,,,,,,,,N,2,0,1,1,B,-,22,,,N,H,-,A,A,H,-,A,D,0,,Y,,,Y,,L,04,1,0,0,0,0,0,1,0,0,"- ","- ",,,"CONTRA COSTA","WALNUT CREEK",-122.07627671,37.917196230000002
6569256,2014,2014-08-26,0712,2014-07-19,0944,P519,,6,5,5,0712,0,0,0,,0,001,"MAIN ST","CREEKSIDE DR",0.00,,Y,A,-,N,,,,,,,,,,Y,4,0,1,2,A,-,12,21453,A,N,D,C,A,A,H,-,A,A,0,,,,,Y,,A,01,0,0,1,0,0,0,0,0,0,"- ","- ",,,"CONTRA COSTA","WALNUT CREEK",-122.05584989,37.887249920000002
6569260,2014,2014-10-10,0712,2014-07-15,1232,P425,,2,5,5,0712,0,0,0,,0,003,"PARKSIDE DR","LAWRENCE WY",0.00,,Y,A,-,N,,,,,,,,,,Y,4,0,1,2,A,-,12,21453,A,N,D,C,A,A,H,-,A,A,0,,,,,Y,,A,01,0,0,1,0,0,0,0,0,0,"- ","- ",,,"CONTRA COSTA","WALNUT CREEK",-122.06440986,37.911909909999999
6569264,2014,2014-08-26,0712,2014-07-13,1214,P518,,7,5,5,0712,0,0,0,,0,,"N MAIN ST","PARKSIDE DR",0.00,,Y,A,-,N,,,,,,,,,,Y,4,0,1,2,A,-,21,22106,,N,C,C,A,A,H,-,A,A,0,,,,,Y,,-,,0,0,1,0,0,0,0,0,0,"- ","- ",,,"CONTRA COSTA","WALNUT CREEK",-122.06543990999999,37.911999989999998
6569268,2014,2014-08-26,0712,2014-07-11,1430,P494,,5,5,5,0712,0,0,0,,0,001,"OAKMONT DR","OAKMONT DR 1200",0.00,,N,A,-,N,,,,,,,,,,N,4,0,1,2,A,-,09,21804,A,N,B,C,A,A,H,-,A,D,0,,,,,Y,,A,01,0,0,1,0,0,0,0,0,0,"- ","- ",,,"CONTRA COSTA","WALNUT CREEK",-122.07804858999999,37.870318189999999
6569281,2014,2016-04-26,9370,2014-07-08,1410,017211,,2,2,4,0711,0,1,1,,2,083,"RT 80","EL PORTAL DR",1056.00,W,N,A,-,Y,CC,4,80,-,-,5.050,H,-,W,Y,3,0,1,3,A,-,07,21658,A,F,C,C,A,A,H,-,A,D,6,,,Y,,Y,,-,99,0,1,0,0,0,0,0,0,1,"- ","- ",37.964759999999998,-122.32541000000001,"CONTRA COSTA","SAN PABLO",-122.32574425999999,37.964426160000002
6569496,2014,2016-05-12,9390,2014-07-07,2053,019604,,1,2,4,0791,0,1,1,,2,068,"RT 680","GREENBROOK DR",500.00,S,N,A,-,Y,CC,4,680,-,R,5.240,H,-,S,N,2,0,1,2,A,-,07,21658,A,N,B,C,A,A,D,-,C,D,1,,,Y,Y,Y,,C,02,1,0,0,0,0,0,0,0,1,"- ","- ",37.791640000000001,-121.98298,"CONTRA COSTA","SAN RAMON",-121.98271934,37.791315089999998
6569713,2014,2016-06-04,9320,2014-07-17,0845,018036,,4,1,4,0714,0,1,1,,2,684,"RT 680","MARINA VISTA AV",5280.00,N,N,A,-,Y,CC,4,680,-,-,25.490,H,-,S,N,4,0,1,1,A,-,03,22350,,N,E,I,A,A,H,-,A,D,0,,,,,Y,,D,22,0,0,1,0,0,0,0,0,0,"- ","- ",38.038379999999997,-122.12126000000001,"CONTRA COSTA",MARTINEZ,-122.12126000000001,38.038379999999997
6570187,2014,2014-08-26,0705,2014-06-05,1215,E191,,4,5,3,0705,0,0,0,,0,010,"STOCKTON AV","OHLONE GREENWAY",0.00,,Y,A,-,N,,,,,,,,,,N,2,0,1,2,A,-,12,22450,A,N,A,G,A,A,H,-,A,A,0,,Y,,,Y,,L,04,1,0,0,0,0,0,1,0,0,"- ","- ",,,"CONTRA COSTA","EL CERRITO",-122.30380744,37.908711109999999
6570191,2014,2014-08-26,0705,2014-06-10,1536,E191,,2,5,3,0705,0,0,0,,0,011,"POTRERO AV","55TH ST",72.00,S,N,A,-,N,,,,,,,,,,N,4,0,1,2,A,-,08,22100,B,N,B,G,A,A,H,-,A,A,0,,Y,,,Y,,L,04,0,0,1,0,0,0,1,0,0,"- ","- ",,,"CONTRA COSTA","EL CERRITO",-122.31838,37.92089
6570195,2014,2014-08-26,0705,2014-06-06,1422,E189,,5,5,3,0705,0,0,0,,0,010,"ARLINGTON BL","SCENIC ST",0.00,,Y,A,-,N,,,,,,,,,,N,3,0,1,2,A,-,08,22107,,N,B,G,A,A,H,-,A,A,0,,Y,,,Y,,A,01,0,1,0,0,0,0,1,0,0,"- ","- ",,,"CONTRA COSTA","EL CERRITO",-122.30683992,37.93073991
6570501,2014,2014-08-29,0712,2014-07-21,1154,P378,,1,5,5,0712,0,0,0,,0,002,"NORTH MAIN ST","GEARY RD",300.00,N,N,A,-,N,,,,,,,,,,N,4,0,1,2,A,-,03,22350,,N,C,C,A,A,H,-,A,A,0,,,,,Y,,A,01,0,0,1,0,0,0,0,0,0,"- ","- ",,,"CONTRA COSTA","WALNUT CREEK",-122.0621683,37.927153410000003
6570624,2014,2015-04-17,0704,2014-07-27,0754,461,,7,5,6,0704,0,0,0,,0,005,"YGNACIO VALLEY RD","AYERS RD",700.00,E,N,B,-,N,,,,,,,,,,Y,4,0,1,1,A,-,08,22107,,N,E,I,A,A,H,-,A,A,0,,,,,Y,,A,01,0,0,1,0,0,0,0,0,0,"- ","- ",,,"CONTRA COSTA",CONCORD,-121.97593473000001,37.947732809999998
6571005,2014,2014-08-28,9320,2014-07-25,0553,16503,,5,3,9,0700,0,2,4,,2,096,"VASCO RD","CAMINO DIABLO RD",32.00,N,N,A,-,N,,,,,,,,,,N,4,0,2,2,A,-,03,22350,,N,C,C,A,A,H,-,A,A,0,,,,Y,Y,,G,25,0,0,2,0,0,0,0,0,0,"- ","- ",,,"CONTRA COSTA",UNINCORPORATED,-121.66772109,37.865269939999997
6571277,2014,2016-06-04,9390,2014-07-07,0530,015650,,1,3,4,0791,0,1,1,,2,068,"RT 680","GREENBROOK DR",1056.00,S,N,A,-,Y,CC,4,680,-,R,5.130,H,-,S,Y,4,0,1,1,A,-,08,22107,,M,B,I,A,A,H,-,B,D,1,,,,,Y,,A,07,0,0,1,0,0,0,0,0,0,"- ","- ",37.775179999999999,-121.9743,"CONTRA COSTA","SAN RAMON",-121.98201808,37.789814630000002
6571514,2014,2014-08-25,0704,2014-07-28,0931,337,SOUTH,1,5,6,0704,0,0,0,,0,002,"DETROIT AV","LAGUNA ST",400.00,N,N,A,-,N,,,,,,,,,,N,4,0,1,2,A,-,03,22350,,N,C,C,A,A,H,-,A,D,0,,,,,Y,,A,01,0,0,1,0,0,0,0,0,0,"- ","- ",,,"CONTRA COSTA",CONCORD,-122.04177224,37.968972350000001
6571518,2014,2014-08-26,0704,2014-07-21,1458,384,,1,5,6,0704,0,0,0,,0,,"GALINDO ST","CONCORD BL",15.00,S,N,A,-,N,,,,,,,,,,N,4,0,1,2,A,-,08,22107,,N,B,C,A,A,H,-,A,A,0,,,,,Y,,D,22,0,0,1,0,0,0,0,0,0,"- ","- ",,,"CONTRA COSTA",CONCORD,-122.03445215000001,37.975105190000001
6572265,2014,2016-01-13,9320,2014-07-20,0448,19253,,7,3,9,0700,0,3,5,,2,030,"RAILROAD AV","INVESTMENT ST",30.00,W,N,A,-,N,,,,,,,,,,Y,2,0,1,2,C,-,18,,,N,G,B,E,A,H,-,D,D,0,Y,,,,Y,,-,"- ",1,0,0,0,1,0,0,0,0,"- ","- ",,,"CONTRA COSTA",UNINCORPORATED,-122.26683,38.034550000000003
6572530,2014,2016-04-26,9320,2014-07-26,2128,019535,,6,2,9,0700,0,1,1,,2,180,"RT 80","CUMMINGS SKYWAY",500.00,E,N,B,-,Y,CC,4,80,-,-,12.840,H,-,E,Y,4,0,1,2,A,-,03,22350,,N,C,C,A,A,H,-,C,D,1,,,,,Y,,A,01,0,0,1,0,0,0,0,0,0,"- ","- ",,,"CONTRA COSTA",UNINCORPORATED,-122.23691497,38.0459715
6572538,2014,2016-05-14,9320,2014-07-26,1640,019866,,6,2,5,0701,0,1,3,,2,404,"RT 4","SOMERSVILLE RD",1280.00,W,N,A,-,Y,CC,4,4,-,-,25.770,H,-,E,Y,4,0,1,3,A,-,03,22350,,N,C,C,A,A,H,-,A,D,1,,,,,Y,,A,01,0,0,1,0,0,0,0,0,0,"- ","- ",38.004980000000003,-121.84180000000001,"CONTRA COSTA",ANTIOCH,-121.84196201,38.005079389999999
6572542,2014,2016-05-14,9320,2014-07-18,1530,019866,,5,2,6,0704,0,1,3,,2,402,"RT 4","PORT CHICAGO HWY",500.00,E,N,A,-,Y,CC,4,4,-,R,15.753,R,2,E,Y,4,0,1,2,A,-,03,22350,,M,C,C,A,A,H,-,A,D,1,,,,,Y,,A,07,0,0,1,0,0,0,0,0,0,FR,"- ",38.009639999999997,-122.02029,"CONTRA COSTA",CONCORD,-122.01712995,38.010412760000001
6573176,2014,2014-09-05,0711,2014-07-10,1349,1061,"SAN P",4,5,4,0711,0,0,0,,0,001,"BROADWAY AV","19TH ST",0.00,,Y,A,-,N,,,,,,,,,,N,4,0,1,2,A,-,10,21950,A,N,G,B,B,A,H,-,A,D,0,Y,,,,Y,,D,22,0,0,1,0,1,0,0,0,0,"- ","- ",,,"CONTRA COSTA","SAN PABLO",-122.34650986,37.96979992
6573525,2014,2014-08-27,9320,2014-07-16,2155,195353,,3,2,9,0700,0,1,1,,2,682,"LAS JUNTAS WY","IRON HORSE LN",10.00,E,N,B,-,N,,,,,,,,,,N,3,0,1,2,A,-,09,21802,A,N,D,C,A,A,H,-,C,D,0,,,Y,,Y,,A,07,0,1,0,0,0,0,0,0,1,"- ","- ",,,"CONTRA COSTA",UNINCORPORATED,-122.05579532,37.93009
6573718,2014,2015-01-02,9390,2014-06-30,1740,020188,,1,2,4,0790,0,2,4,,2,111,"BLACKHAWK RD","BLACKHAWK PLAZA CIR",10.00,W,N,A,-,N,,,,,,,,,,Y,3,0,1,2,A,-,03,22350,,N,C,C,A,A,H,-,A,B,0,,,,,Y,,A,01,0,1,0,0,0,0,0,0,0,"- ","- ",37.800350000000002,-121.92134,"CONTRA COSTA",DANVILLE,-121.9213843,37.800552740000001
6573730,2014,2014-08-04,9390,2014-06-21,0930,018628,,6,1,9,0700,0,2,4,,2,113,"HIGHLAND RD","VICTORINE RD",1056.00,W,N,A,-,N,,,,,,,,,,N,2,0,5,5,A,-,03,22350,,N,C,C,A,A,H,-,A,D,0,,Y,,,Y,,L,04,1,3,1,0,0,0,5,0,0,"- ","- ",37.769829999999999,-121.80177999999999,"CONTRA COSTA",UNINCORPORATED,-121.80180984,37.76987132
6573926,2014,2014-09-03,0704,2014-07-21,1315,536,,1,5,6,0704,0,0,0,,0,003,"TREAT BL","WILMORE AV",0.00,,Y,A,-,N,,,,,,,,,,N,4,0,1,2,A,-,03,22350,,N,C,C,A,A,H,-,A,D,0,,,,,Y,,A,07,0,0,1,0,0,0,0,0,0,"- ","- ",,,"CONTRA COSTA",CONCORD,-122.01973993999999,37.942269920000001
6573927,2014,2014-08-28,0704,2014-07-26,0211,0436,03,6,5,6,0704,0,0,0,,0,,"PORT CHICAGO HWY","HICKORY DR",638.00,S,N,A,-,N,,,,,,,,,,Y,4,0,1,1,A,-,01,23152,A,N,A,I,A,A,H,-,C,A,0,,,,,Y,Y,A,01,0,0,1,0,0,0,0,0,0,"- ","- ",,,"CONTRA COSTA",CONCORD,-122.03364843999999,37.987749569999998
6573928,2014,2014-08-28,0704,2014-07-24,1520,0435,,4,5,6,0704,0,0,0,,0,001,"CONCORD AV","BISSO LN",36.00,E,N,A,-,N,,,,,,,,,,N,4,0,1,1,A,-,05,21650,1,N,E,J,A,A,D,-,A,D,0,,Y,,,Y,,L,04,0,0,1,0,0,0,1,0,0,"- ","- ",,,"CONTRA COSTA",CONCORD,-122.0475486,37.979726650000003
6573929,2014,2014-08-28,0704,2014-07-11,1031,491,,5,5,6,0704,0,0,0,,0,001,"PORT CHICAGO HWY","PANORAMIC DR",0.00,,Y,A,-,N,,,,,,,,,,N,3,0,1,2,A,-,08,22107,,N,B,G,A,A,H,-,A,D,0,,Y,,,Y,,L,04,0,1,0,0,0,0,1,0,0,"- ","- ",,,"CONTRA COSTA",CONCORD,-122.02404987,38.00442992
6573930,2014,2014-08-28,0704,2014-07-21,1748,491,,1,5,6,0704,0,0,0,,0,001,"GALINDO ST","WILLOW PASS RD",0.00,,Y,A,-,N,,,,,,,,,,Y,4,0,5,4,A,-,03,22350,,N,C,C,A,A,H,-,A,A,0,,,,,Y,,A,07,0,0,5,0,0,0,0,0,0,"- ","- ",,,"CONTRA COSTA",CONCORD,-122.03518991,37.976039880000002
6574169,2014,2016-05-14,9320,2014-07-23,1058,16824,,3,1,4,0714,0,1,3,,2,402,"RT 4","PINE ST",1235.00,W,N,B,-,Y,CC,4,4,-,R,8.960,H,-,W,Y,3,0,1,2,A,-,08,22107,,N,B,C,A,A,H,-,A,D,1,,,,,Y,,D,22,0,1,0,0,0,0,0,0,0,"- ","- ",,,"CONTRA COSTA",MARTINEZ,-122.12369893,37.993209200000003
6574193,2014,2016-05-13,9320,2014-07-25,1530,19866,,5,2,6,0704,0,1,3,,2,242,"RT 242","CLAYTON RD",4235.00,S,N,A,-,Y,CC,4,242,-,L,0.230,H,-,N,Y,4,0,1,1,A,-,08,22107,,N,E,I,A,A,H,-,A,D,1,,,,,Y,,D,22,0,0,1,0,0,0,0,0,0,"- ","- ",37.958620000000003,-122.05208,"CONTRA COSTA",CONCORD,-122.05194983,37.958723450000001
6574966,2014,2016-06-04,9320,2014-07-17,0940,18036,,4,1,4,0714,0,1,1,,2,683,"RT 680","ARTHUR RD",1929.00,N,N,A,-,Y,CC,4,680,-,-,23.110,H,-,S,Y,3,0,1,1,C,-,18,,,N,F,A,A,D,G,-,A,D,1,,,Y,,Y,,-,"- ",0,1,0,0,0,0,0,0,1,"- ","- ",38.015169999999998,-122.09277,"CONTRA COSTA",MARTINEZ,-122.09331825,38.015792320000003
6574990,2014,2016-04-26,9320,2014-07-06,1900,19945,,7,2,3,0706,0,1,1,,2,180,"RT 80","REFINERY RD",100.00,W,N,A,-,Y,CC,4,80,-,-,11.680,H,-,W,Y,3,0,1,1,A,-,08,22107,,N,E,I,A,A,H,-,A,D,1,,,,,Y,,A,01,0,1,0,0,0,0,0,0,0,"- ","- ",,,"CONTRA COSTA",HERCULES,-122.25164904,38.034251779999998
6574994,2014,2016-06-04,9320,2014-07-25,0650,18732,,5,1,6,0704,0,1,1,,2,683,"RT 680","WILLOW PASS RD",1000.00,S,N,A,-,Y,CC,4,680,-,R,18.730,H,-,N,Y,4,0,1,2,A,-,08,22107,,N,D,C,A,A,H,-,A,D,1,,,,,Y,,A,01,0,0,1,0,0,0,0,0,0,"- ","- ",37.957949999999997,-122.05235999999999,"CONTRA COSTA",CONCORD,-122.0526186,37.959614160000001