CASE_ID,ACCIDENT_YEAR,PROC_DATE,JURIS,COLLISION_DATE,COLLISION_TIME,OFFICER_ID,REPORTING_DISTRICT,DAY_OF_WEEK,CHP_SHIFT,POPULATION,CNTY_CITY_LOC,SPECIAL_COND,BEAT_TYPE,CHP_BEAT_TYPE,CITY_DIVISION_LAPD,CHP_BEAT_CLASS,BEAT_NUMBER,PRIMARY_RD,SECONDARY_RD,DISTANCE,DIRECTION,INTERSECTION,WEATHER_1,WEATHER_2,STATE_HWY_IND,CALTRANS_COUNTY,CALTRANS_DISTRICT,STATE_ROUTE,ROUTE_SUFFIX,POSTMILE_PREFIX,POSTMILE,LOCATION_TYPE,RAMP_INTERSECTION,SIDE_OF_HWY,TOW_AWAY,COLLISION_SEVERITY,NUMBER_KILLED,NUMBER_INJURED,PARTY_COUNT,PRIMARY_COLL_FACTOR,PCF_CODE_OF_VIOL,PCF_VIOL_CATEGORY,PCF_VIOLATION,PCF_VIOL_SUBSECTION,HIT_AND_RUN,TYPE_OF_COLLISION,MVIW,PED_ACTION,ROAD_SURFACE,ROAD_COND_1,ROAD_COND_2,LIGHTING,CONTROL_DEVICE,CHP_ROAD_TYPE,PEDESTRIAN_ACCIDENT,BICYCLE_ACCIDENT,MOTORCYCLE_ACCIDENT,TRUCK_ACCIDENT,NOT_PRIVATE_PROPERTY,ALCOHOL_INVOLVED,STWD_VEHTYPE_AT_FAULT,CHP_VEHTYPE_AT_FAULT,COUNT_SEVERE_INJ,COUNT_VISIBLE_INJ,COUNT_COMPLAINT_PAIN,COUNT_PED_KILLED,COUNT_PED_INJURED,COUNT_BICYCLIST_KILLED,COUNT_BICYCLIST_INJURED,COUNT_MC_KILLED,COUNT_MC_INJURED,PRIMARY_RAMP,SECONDARY_RAMP,LATITUDE,LONGITUDE,COUNTY,CITY,POINT_X,POINT_Y
6659612,2014,2014-10-22,9320,2014-09-25,0855,018525,,4,1,5,0701,0,2,4,,2,095,"MARSH CREEK RD","DEER VALLEY LN",2640.00,E,N,C,-,N,,,,,,,,,,Y,2,0,1,1,A,-,03,22350,,N,F,A,A,B,H,-,A,D,0,,,,,Y,,A,01,1,0,0,0,0,0,0,0,0,"- ","- ",,,"CONTRA COSTA",ANTIOCH,-121.76935398000001,37.878595670000003
6659697,2014,2014-10-17,0704,2014-09-30,2108,0493,32,2,5,6,0704,0,0,0,,0,004,"WILLOW PASS RD","GALINDO ST",0.00,,Y,A,-,N,,,,,,,,,,Y,4,0,1,2,A,-,01,23152,A,N,D,C,A,A,H,-,C,A,0,,,,,Y,Y,A,01,0,0,1,0,0,0,0,0,0,"- ","- ",,,"CONTRA COSTA",CONCORD,-122.03518991,37.976039880000002
6659701,2014,2014-10-17,0704,2014-09-28,1054,555,,7,5,6,0704,0,0,0,,0,005,"COWELL RD","YGNACIO VALLEY RD",48.00,N,N,B,-,N,,,,,,,,,,Y,4,0,1,1,A,-,03,22350,,N,H,I,A,A,H,-,A,A,0,,,Y,,Y,,C,02,0,0,1,0,0,0,0,0,1,"- ","- ",,,"CONTRA COSTA",CONCORD,-121.99240537,37.947308079999999
6660025,2014,2014-10-29,0701,2014-08-20,0837,5334,612,3,5,5,0701,0,0,0,,0,003,"LAUREL RD","CANADA HILLS DR",0.00,,Y,A,-,N,,,,,,,,,,Y,4,0,1,2,A,-,08,22107,,N,D,C,A,A,H,-,A,D,0,,,,,Y,,A,01,0,0,1,0,0,0,0,0,0,"- ","- ",,,"CONTRA COSTA",ANTIOCH,-121.75864996,37.972149979999998
6660029,2014,2014-10-29,0701,2014-08-27,1428,5334,601,3,5,5,0701,0,0,0,,0,003,"DEER VALLEY RD","HILLCREST AV",90.00,S,N,A,-,N,,,,,,,,,,Y,3,0,5,4,A,-,03,22350,,N,C,C,A,A,H,-,A,A,0,,,,,Y,,A,01,0,1,4,0,0,0,0,0,0,"- ","- ",,,"CONTRA COSTA",ANTIOCH,-121.78482836000001,37.989992460000003
6660126,2014,2014-10-23,0705,2014-09-25,1400,20425,,4,5,3,0705,0,0,0,,0,,"SAN PABLO AV","BARRETT AV",16.00,S,N,A,-,N,,,,,,,,,,N,4,0,1,2,A,-,07,21658,A,M,B,C,A,A,H,-,A,A,0,,,,,Y,,A,01,0,0,1,0,0,0,0,0,0,"- ","- ",37.56617,-122.19293999999999,"CONTRA COSTA","EL CERRITO",-122.32504023,37.935288929999999
6660240,2014,2014-11-03,0701,2014-07-28,1108,4470,205,1,5,5,0701,0,0,0,,0,002,"E 18TH ST","CAVALLO RD",21.00,E,N,A,-,N,,,,,,,,,,Y,4,0,1,2,A,-,03,22350,,N,C,C,A,A,H,-,A,A,0,,,,,Y,,A,01,0,0,1,0,0,0,0,0,0,"- ","- ",,,"CONTRA COSTA",ANTIOCH,-121.7966571,38.004899999999999
6660498,2014,2014-10-23,0701,2014-08-19,1352,4265,505,2,5,5,0701,0,0,0,,0,003,"HANSEN DR","UNION MINE DR",0.00,,Y,A,-,N,,,,,,,,,,Y,4,0,1,2,A,-,09,21802,A,N,A,C,A,A,H,-,A,A,0,,,,,Y,,A,01,0,0,1,0,0,0,0,0,0,"- ","- ",,,"CONTRA COSTA",ANTIOCH,-121.81159995,37.96512998
6661381,2014,2014-12-11,0740,2014-09-12,2119,501,SR72,5,5,4,0791,0,0,0,,0,001,"SAN RAMON VALLEY BL","NORRIS CANYON RD",830.00,N,N,A,-,N,,,,,,,,,,N,3,0,1,4,A,-,01,23152,A,F,G,B,F,A,H,-,C,A,0,Y,,,,Y,Y,A,01,0,1,0,0,1,0,0,0,0,"- ","- ",37.773249999999997,-121.97498,"CONTRA COSTA","SAN RAMON",-121.97474621000001,37.773156350000001
6661385,2014,2015-02-12,0740,2014-09-29,1336,60,SR072,1,5,4,0791,0,0,0,,0,003,"CROW CANYON RD","ALCOSTA BL",0.00,,Y,A,-,N,,,,,,,,,,N,4,0,2,3,A,-,09,21453,B,N,B,C,A,A,H,-,A,A,0,,,,,Y,,A,01,0,0,2,0,0,0,0,0,0,"- ","- ",,,"CONTRA COSTA","SAN RAMON",-121.96449994,37.781409930000002
6661495,2014,2016-05-12,9390,2014-09-19,0030,18246,,5,3,4,0790,0,1,1,,2,069,"RT 680","SYCAMORE VALLEY RD",3749.00,S,N,A,-,Y,CC,4,680,-,R,6.030,H,-,N,Y,2,0,1,2,A,-,03,22350,,N,D,C,A,A,H,-,D,D,1,,,,,Y,,A,01,1,0,0,0,0,0,0,0,0,"- ","- ",37.800020000000004,-121.9875,"CONTRA COSTA",DANVILLE,-121.98857203999999,37.801557359999997
6661643,2014,2014-11-07,0701,2014-09-23,1854,3361,,2,5,5,0701,0,0,0,,0,,"VERNE ROBERTS CIR","W 10TH ST",5.00,N,N,A,-,N,,,,,,,,,,N,2,0,4,2,A,-,08,22107,,N,A,C,A,A,H,-,A,D,0,,,,,Y,,A,01,1,2,1,0,0,0,0,0,0,"- ","- ",,,"CONTRA COSTA",ANTIOCH,-121.84178,38.01249
6661866,2014,2014-12-12,9370,2014-10-07,0916,20197,,2,1,5,0710,0,1,1,,2,058,"RT 580","CENTRAL AV",2640.00,W,N,A,-,Y,,,580,,,,,,,N,4,0,1,2,A,-,03,22350,,N,C,C,A,A,H,-,A,D,0,,,,,Y,,A,01,0,0,1,0,0,0,0,0,0,"- ","- ",37.905540000000002,-122.31871,"CONTRA COSTA",RICHMOND,-122.31866384,37.905579039999999
6663534,2014,2016-04-26,9370,2014-09-12,2000,020630,,5,2,5,0710,0,1,1,,2,082,"RT 80","CARLSON BL",450.00,E,N,A,-,Y,CC,4,80,-,-,1.120,H,-,E,Y,4,0,3,2,A,-,03,22350,,F,C,C,A,A,H,-,C,D,6,,,,,Y,,A,01,0,0,3,0,0,0,0,0,0,"- ","- ",37.912170000000003,-122.31731000000001,"CONTRA COSTA",RICHMOND,-122.31732483,37.912513079999997
6663536,2014,2016-04-26,9370,2014-09-25,1840,020633,,4,2,4,0711,0,1,1,,2,083,"RT 80","EL PORTAL DR",180.00,W,N,A,-,Y,CC,4,80,-,-,5.148,R,2,E,Y,3,0,1,1,A,-,08,22107,,N,E,I,A,A,H,-,A,D,6,,,,,Y,,A,07,0,1,0,0,0,0,0,0,0,TO,"- ",37.96564,-122.32201000000001,"CONTRA COSTA","SAN PABLO",-122.32421229000001,37.965174040000001
6663548,2014,2016-01-13,0709,2014-09-13,1212,427,1360,6,5,4,0709,0,0,0,,0,001,"PUTNAM BL","GEARY RD",0.00,,Y,A,-,N,,,,,,,,,,Y,3,0,2,2,A,-,12,21453,A,N,H,C,A,A,D,-,A,A,0,,,,,Y,,-,,0,2,0,0,0,0,0,0,0,"- ","- ",,,"CONTRA COSTA","PLEASANT HILL",-122.07353998000001,37.926329969999998
6663549,2014,2014-10-28,0709,2014-09-16,1249,307,1300,2,5,4,0709,0,0,0,,0,001,"KAHRS AV","COLEMAN CT",0.00,,Y,A,-,N,,,,,,,,,,N,4,0,1,2,A,-,09,21802,A,N,D,G,A,A,H,-,A,D,0,,Y,,,Y,,-,,0,0,1,0,0,0,1,0,0,"- ","- ",,,"CONTRA COSTA","PLEASANT HILL",-122.07307999,37.946329900000002
6663550,2014,2014-10-23,0709,2014-09-11,1505,430,3080,4,5,4,0709,0,0,0,,0,002,"CONTRA COSTA BL","HARRIET DR",50.00,S,N,A,-,N,,,,,,,,,,N,3,0,1,2,A,-,05,21650,1,N,E,G,A,A,H,-,A,-,0,,Y,,,Y,,L,04,0,1,0,0,0,0,1,0,0,"- ","- ",,,"CONTRA COSTA","PLEASANT HILL",-122.06146127,37.95993455
6663551,2014,2014-10-23,0709,2014-09-06,1322,426,3020,6,5,4,0709,0,0,0,,0,002,"CONTRA COSTA BL","TAYLOR BL",0.00,,Y,A,-,N,,,,,,,,,,Y,4,0,3,2,A,-,12,21453,A,N,D,C,A,A,H,-,A,A,0,,,,,Y,,-,,0,0,3,0,0,0,0,0,0,"- ","- ",,,"CONTRA COSTA","PLEASANT HILL",-122.06190986999999,37.962329969999999
6663552,2014,2014-10-23,0709,2014-09-22,2055,426,3080,1,5,4,0709,0,0,0,,0,002,"CONTRA COSTA BL","DEXTER DR",0.00,,Y,A,-,N,,,,,,,,,,N,3,0,3,2,A,-,09,21801,A,N,A,C,A,A,H,-,C,D,0,,,,,Y,,-,,0,2,1,0,0,0,0,0,0,"- ","- ",,,"CONTRA COSTA","PLEASANT HILL",-122.0608299,37.957529970000003
6663553,2014,2016-01-13,0709,2014-09-29,1126,412,3200,1,5,4,0709,0,0,0,,0,001,"OAK PARK BL","N MAIN ST",15.00,N,N,A,-,N,,,,,,,,,,Y,3,0,1,2,A,-,"- ",,,N,C,C,A,A,H,-,A,A,0,,,,,Y,,-,,0,1,0,0,0,0,0,0,0,"- ","- ",,,"CONTRA COSTA","PLEASANT HILL",-122.06078107,37.933457859999997
6663554,2014,2016-05-14,0709,2014-09-26,1248,350,3100,5,5,4,0709,0,0,0,,0,001,"CONTRA COSTA BL","GREGORY LN",0.00,,Y,A,B,Y,CC,4,680,-,R,17.953,R,4,S,N,3,0,1,2,A,-,"- ",,,N,C,C,A,A,H,-,A,A,0,,,,,Y,,-,,0,1,0,0,0,0,0,0,0,"- ","- ",,,"CONTRA COSTA","PLEASANT HILL",-122.05668927000001,37.949158590000003
6663555,2014,2014-10-23,0709,2014-09-23,1511,328,2001,2,5,4,0709,0,0,0,,0,002,"CHILPANCINGO PKWY","CAMELBACK RD",0.00,,Y,A,-,N,,,,,,,,,,N,3,0,1,2,A,-,11,21950,B,N,A,B,D,A,H,-,-,A,0,Y,,,,Y,,N,60,0,1,0,0,1,0,0,0,0,"- ","- ",,,"CONTRA COSTA","PLEASANT HILL",-122.07218989,37.976039929999999
6664020,2014,2014-10-20,0701,2014-07-22,1349,3163,101,2,5,5,0701,0,0,0,,0,001,"W 10TH ST","AUTO CENTER DR",0.00,,Y,A,-,N,,,,,,,,,,Y,4,0,1,2,A,-,03,22350,,N,C,C,A,A,H,-,A,A,0,,,,,Y,,A,01,0,0,1,0,0,0,0,0,0,"- ","- ",,,"CONTRA COSTA",ANTIOCH,-121.82903998,38.012479900000002
6664241,2014,2015-06-18,0740,2014-10-08,1012,53,72,3,5,4,0791,0,0,0,,0,002,"SAN RAMON VALLEY BL","MONTE VIDEO DR",272.00,N,N,A,-,N,,,,,,,,,,Y,4,0,1,1,A,-,05,21650,,N,A,I,A,A,H,-,A,D,0,,,,,Y,,-,,0,0,1,0,0,0,0,0,0,"- ","- ",,,"CONTRA COSTA","SAN RAMON",-121.95840567,37.74772153
6664245,2014,2016-05-21,0740,2014-10-05,1753,SR076,72,7,5,4,0791,0,0,0,,0,003,"CROW CANYON DR","RT 680",0.00,,Y,A,-,Y,CC,4,680,-,R,3.991,R,4,N,Y,4,0,1,2,A,-,12,21453,A,N,D,C,A,A,H,-,A,A,0,,,,,Y,,A,01,0,0,1,0,0,0,0,0,0,"- ",NF,,,"CONTRA COSTA","SAN RAMON",-121.97385214000001,37.774586460000002
6664253,2014,2015-06-18,0740,2014-10-07,0743,53,72,2,5,4,0791,0,0,0,,0,005,"BOLLINGER CANYON RD","HARCOURT WY",0.00,,Y,A,-,N,,,,,,,,,,N,3,0,1,2,A,-,09,21800,A,N,D,G,A,A,H,-,A,A,0,,Y,,,Y,,A,01,0,1,0,0,0,0,1,0,0,"- ","- ",,,"CONTRA COSTA","SAN RAMON",-121.90549996,37.75926991
6664689,2014,2016-05-14,9320,2014-09-22,0500,020295,,1,3,5,0708,0,1,3,,2,404,"RT 4","LOVERIDGE RD",380.00,W,N,A,-,Y,CC,4,4,-,-,24.250,H,-,W,Y,3,0,1,2,A,-,07,21658,A,N,B,C,A,A,H,-,C,D,1,,,,,Y,,A,01,0,1,0,0,0,0,0,0,0,"- ","- ",38.013260000000002,-121.87102,"CONTRA COSTA",PITTSBURG,-121.86833127,38.012180299999997
6664727,2014,2016-05-12,9320,2014-09-23,1335,017906,,2,1,6,0704,0,1,1,,2,683,"RT 680","CONCORD AV",528.00,S,N,A,-,Y,CC,4,680,-,-,19.760,H,-,N,Y,4,0,4,4,A,-,03,22350,,N,C,C,A,A,H,-,A,D,1,,,,Y,Y,,F,26,0,0,4,0,0,0,0,0,0,"- ","- ",,,"CONTRA COSTA",CONCORD,-122.06298748,37.97454948
6664733,2014,2016-05-28,9320,2014-09-30,0817,16824,,2,1,9,0700,0,1,3,,2,240,"RT 24","WILDER RD",1200.00,W,N,A,-,Y,CC,4,24,-,-,0.970,H,-,W,Y,4,0,1,2,A,-,03,22350,,N,C,C,A,A,H,-,A,D,1,,,,,Y,,A,01,0,0,1,0,0,0,0,0,0,"- ","- ",37.866889999999998,-122.20480000000001,"CONTRA COSTA",UNINCORPORATED,-122.20207206000001,37.867363400000002
6664737,2014,2016-05-14,9320,2014-09-28,1140,018042,,7,1,5,0701,0,1,3,,2,404,"RT 160","RT 4",528.00,N,N,A,-,Y,CC,4,160,-,L,0.100,H,-,S,Y,4,0,1,1,A,-,08,22107,,N,E,I,A,A,D,-,A,D,1,,,,,Y,,A,01,0,0,1,0,0,0,0,0,0,"- ","- ",,,"CONTRA COSTA",ANTIOCH,-121.76228051,37.991249680000003
6664767,2014,2014-12-18,9320,2014-10-04,1742,019608,,6,2,5,0708,0,1,3,,2,404,"RT 4","LOVERIDGE RD",240.00,W,N,A,-,Y,,,4,,,,,,,Y,3,0,1,2,A,-,01,23152,A,N,C,C,A,A,H,-,A,D,0,,,,Y,Y,Y,A,01,0,1,0,0,0,0,0,0,0,TO,"- ",38.012099999999997,-121.8678,"CONTRA COSTA",PITTSBURG,-121.86780718,38.012066820000001
6664775,2014,2016-06-04,9320,2014-10-08,1455,019195,,3,2,3,0707,0,1,1,,2,180,"RT 80","APPIAN WY",2800.00,E,N,A,-,Y,CC,4,80,-,-,8.150,H,-,W,Y,4,0,2,2,A,-,07,21658,A,N,C,C,A,A,H,-,A,D,1,,,,,Y,,D,22,0,0,2,0,0,0,0,0,0,"- ","- ",,,"CONTRA COSTA",PINOLE,-122.29213075,37.994821909999999
6664787,2014,2016-05-21,9320,2014-10-05,2020,019411,,7,2,9,0700,0,1,1,,2,683,"RT 680","PACHECO BL",4224.00,N,N,A,-,Y,CC,4,680,-,-,23.230,H,-,N,Y,4,0,1,2,A,-,03,22350,,N,C,C,A,A,H,-,D,D,1,,,,,Y,,D,22,0,0,1,0,0,0,0,0,0,"- ","- ",,,"CONTRA COSTA",UNINCORPORATED,-122.09444986,38.017182669999997
6664971,2014,2015-01-12,0740,2014-10-01,1325,60,SR72,3,5,4,0791,0,0,0,,0,005,"E BRANCH PARKWAY","SHERWOOD WY",0.00,,Y,A,-,N,,,,,,,,,,Y,4,0,3,2,A,-,"- ",,,N,D,C,A,A,H,-,A,A,0,,,,,Y,,-,"- ",0,0,3,0,0,0,0,0,0,"- ","- ",,,"CONTRA COSTA","SAN RAMON",-121.89847985999999,37.751649890000003
6664988,2014,2014-12-12,9320,2014-10-13,0550,18753,,1,3,9,0700,0,3,5,,2,092,"RT 4","REGATTA DR",150.00,W,N,A,-,Y,,,4,,,,,,,Y,4,0,1,2,A,-,07,21658,A,F,E,I,A,A,H,-,D,D,0,,,,,Y,,-,99,0,0,1,0,0,0,0,0,0,"- ","- ",37.889409999999998,-121.63043999999999,"CONTRA COSTA",UNINCORPORATED,-121.63043782,37.8893792
6664992,2014,2014-12-12,9320,2014-10-06,0800,18753,,1,1,5,0701,0,1,3,,2,404,"RT 4","L ST",100.00,W,N,A,-,Y,,,4,,,,,,,N,4,0,1,3,A,-,03,22350,,N,C,C,A,A,H,-,A,D,0,,,,,Y,,A,07,0,0,1,0,0,0,0,0,0,"- ","- ",37.999279999999999,-121.82023,"CONTRA COSTA",ANTIOCH,-121.82024813,37.999214420000001
6665000,2014,2016-06-13,9320,2014-10-04,1113,17342,,6,1,4,0709,0,1,3,,2,241,"RT 24","EL CURTOLA",100.00,E,N,A,-,Y,CC,4,24,-,R,8.440,H,-,E,Y,4,0,1,2,A,-,08,22107,,N,E,I,A,A,H,-,A,D,1,,,,,Y,,A,01,0,0,1,0,0,0,0,0,0,"- ","- ",,,"CONTRA COSTA","PLEASANT HILL",-122.08284783000001,37.897573719999997
6665004,2014,2016-02-29,9320,2014-10-07,0900,12853,,2,1,9,0700,0,2,4,,1,061,"STONE VALLEY RD","AUSTIN LN",15.00,W,N,A,-,N,,,,,,,,,,N,3,0,1,2,A,-,03,22350,,N,C,C,A,A,H,-,A,D,0,,,,,Y,,A,07,0,1,0,0,0,0,0,0,0,"- ","- ",,,"CONTRA COSTA",UNINCORPORATED,-122.02249195,37.852068850000002
6665008,2014,2016-05-14,9320,2014-10-03,1435,19107,,5,2,9,0700,0,1,3,,2,242,"RT 242","CLAYTON RD",200.00,S,N,A,-,Y,CC,4,242,-,R,0.740,H,-,S,Y,3,0,1,1,A,-,08,22107,,N,E,I,A,A,H,-,A,D,1,,,,,Y,,A,01,0,1,0,0,0,0,0,0,0,"- ","- ",,,"CONTRA COSTA",UNINCORPORATED,-122.04808201,37.969257499999998
6665012,2014,2014-12-12,9320,2014-10-06,1416,19454,9320,1,2,9,0700,0,1,3,,2,401,"RT 4","MCEWEN RD",5224.00,E,N,A,-,Y,,,,,,,,,,Y,4,0,1,1,A,-,08,22107,,N,F,A,A,A,H,-,A,D,0,,,,,Y,,A,01,0,0,1,0,0,0,0,0,0,"- ","- ",,,"CONTRA COSTA",UNINCORPORATED,-122.16374709999999,38.005814989999998
6665018,2014,2014-12-17,0712,2014-10-07,1653,P459,,2,5,5,0712,0,0,0,,0,003,"LENNON LN","SHADELANDS DR",0.00,,Y,A,-,N,,,,,,,,,,Y,3,0,1,2,A,-,12,22450,A,N,D,D,A,A,H,-,A,A,0,,,,,Y,,A,08,0,1,0,0,0,0,0,0,0,"- ","- ",,,"CONTRA COSTA","WALNUT CREEK",-122.02780993,37.925359919999998
6665022,2014,2016-02-29,0712,2014-10-06,1620,P297,,1,5,5,0712,0,0,0,,0,,"BUENA VISTA AV","PARKSIDE DR",0.00,,N,A,-,N,,,,,,,,,,,3,0,1,2,A,-,09,21800,A,N,D,G,A,A,H,-,A,A,0,,Y,,,Y,,A,01,0,1,0,0,0,0,1,0,0,"- ","- ",,,"CONTRA COSTA","WALNUT CREEK",-122.06964991,37.909289919999999
6665158,2014,2016-05-21,9320,2014-10-07,1740,019411,,2,2,9,0700,0,1,1,,2,682,"RT 680","N MAIN ST",2640.00,S,N,A,-,Y,CC,4,680,-,-,15.110,H,-,N,Y,3,0,1,4,A,-,03,22350,,N,C,C,A,A,H,-,B,D,1,,,,,Y,,-,,0,1,0,0,0,0,0,0,0,"- ","- ",37.906550000000003,-122.06904,"CONTRA COSTA",UNINCORPORATED,-122.06824816,37.909182039999997
6665297,2014,2016-06-04,9320,2014-10-07,2022,019605,,2,2,3,0707,0,1,1,,2,180,"RT 80","APPIAN WY",450.00,E,N,A,-,Y,CC,4,80,-,-,7.780,R,2,W,Y,3,0,1,1,A,-,08,22107,,N,F,A,A,A,H,-,D,D,1,,,,,Y,,A,01,0,1,0,0,0,0,0,0,0,"- ","- ",37.993980000000001,-122.2984,"CONTRA COSTA",PINOLE,-122.29861201999999,37.993920180000003
6665305,2014,2016-06-13,9320,2014-10-13,0545,11318,,1,3,3,0715,0,1,3,,2,241,"RT 24","1ST ST",540.00,E,N,A,-,Y,CC,4,24,-,R,6.710,H,-,E,Y,4,0,1,1,A,-,08,22107,,N,E,I,A,A,H,-,B,D,1,,,,,Y,,A,01,0,0,1,0,0,0,0,0,0,"- ","- ",,,"CONTRA COSTA",LAFAYETTE,-122.1133189,37.895027399999996
6665309,2014,2014-12-15,9320,2014-10-15,0747,16824,,3,1,3,0706,0,1,3,,2,401,"RT 4","SYCAMORE RD",150.00,E,N,B,-,Y,,,,,,,,,,Y,3,0,1,1,A,-,03,22350,,N,F,I,A,B,H,-,B,D,0,,,,,Y,,A,07,0,1,0,0,0,0,0,0,0,EO,"- ",38.014330000000001,-122.24720000000001,"CONTRA COSTA",HERCULES,,
6665313,2014,2016-06-04,9320,2014-10-07,1853,019605,,2,2,3,0707,0,1,1,,2,180,"RT 80","APPIAN WY",1000.00,E,N,A,-,Y,CC,4,80,-,-,7.620,H,-,E,N,4,0,1,2,A,-,03,22350,,N,C,C,A,A,H,-,D,D,1,,,,,Y,,A,08,0,0,1,0,0,0,0,0,0,"- ","- ",37.994259999999997,-122.29508,"CONTRA COSTA",PINOLE,-122.30111623000001,37.993420149999999
6665317,2014,2016-02-26,9320,2014-10-10,1833,019195,,5,2,9,0700,0,2,4,,2,032,"MCEWEN RD","RT 4",1400.00,N,N,A,-,N,,,,,,,,,,Y,3,0,1,1,A,-,08,22107,,N,F,I,A,A,H,-,B,D,0,,,Y,,Y,,C,02,0,1,0,0,0,0,0,0,1,"- ","- ",,,"CONTRA COSTA",UNINCORPORATED,-122.17808304,38.018639880000002
6665321,2014,2016-06-04,9320,2014-10-13,1940,019465,,1,2,3,0707,0,1,1,,2,180,"RTI 80","PINOLE VALLEY RD",1500.00,E,N,A,-,Y,CC,4,80,-,-,8.790,H,-,E,Y,4,0,1,3,A,-,03,22350,,N,C,C,A,A,-,-,C,D,1,,,,,Y,,A,01,0,0,1,0,0,0,0,0,0,"- ","- ",,,"CONTRA COSTA",PINOLE,-122.28310119,38.000190369999999
6665325,2014,2014-12-15,9320,2014-10-10,1445,017906,,5,2,6,0704,0,1,3,,2,402,"RT 4","RT 680",528.00,E,N,A,-,Y,,,,,,,,,,Y,4,0,1,3,A,-,03,22350,,N,C,C,A,A,H,-,A,D,0,,,,,Y,,A,01,0,0,1,0,0,0,0,0,0,"- ","- ",,,"CONTRA COSTA",CONCORD,-122.06988,37.994669999999999
6665770,2014,2016-06-18,0705,2014-10-04,2003,E183,0705,6,5,3,0705,0,0,0,,0,011,"SAN PABLO AV","PORTOLA DR",3.60,N,N,A,-,Y,CC,4,123,-,-,1.110,I,5,N,Y,2,0,1,2,A,-,01,23153,A,N,G,B,B,A,H,-,C,D,0,Y,,,,Y,Y,D,22,1,0,0,0,1,0,0,0,0,"- ","- ",,,"CONTRA COSTA","EL CERRITO",-122.30951220999999,37.912664960000001
6665810,2014,2014-10-28,0701,2014-08-09,1634,4470,612,6,5,5,0701,0,0,0,,0,003,"LONE TREE WY","VISTA GRANDE DR",45.00,E,N,A,-,N,,,,,,,,,,Y,4,0,2,3,A,-,03,22350,,N,C,C,A,A,H,-,A,A,0,,,,Y,Y,,F,26,0,0,2,0,0,0,0,0,0,"- ","- ",,,"CONTRA COSTA",ANTIOCH,-121.75454388,37.961770000000001
6665930,2014,2016-02-29,0709,2014-10-12,1417,430,1300,7,5,4,0709,0,0,0,,0,001,"OAK PARK BL","DOUGLAS LN",40.00,E,N,A,-,N,,,,,,,,,,N,3,0,1,2,A,-,05,21650,1,N,D,G,A,A,H,-,A,A,0,,Y,,,Y,,L,04,0,1,0,0,0,0,1,0,0,"- ","- ",,,"CONTRA COSTA","PLEASANT HILL",-122.07584128000001,37.93372892
6666017,2014,2014-11-12,0701,2014-09-19,1031,5320,509,5,5,5,0701,0,0,0,,0,003,"LONE TREE WY","MOKELUMNE DR",0.00,,Y,A,-,N,,,,,,,,,,Y,4,0,1,3,A,-,12,21453,A,N,D,C,A,A,H,-,A,A,0,,,,,Y,,A,01,0,0,1,0,0,0,0,0,0,"- ","- ",,,"CONTRA COSTA",ANTIOCH,-121.78592989000001,37.968029999999999
6666067,2014,2014-12-18,9320,2014-10-12,1512,019465,,7,2,9,0700,0,3,5,,2,075,"ALVES LN","MEDANOS AV",0.00,,Y,A,-,N,,,,,,,,,,Y,4,0,2,2,A,-,09,21802,A,N,D,C,A,A,H,-,A,A,0,,,,,Y,,A,01,0,0,2,0,0,0,0,0,0,"- ","- ",,,"CONTRA COSTA",UNINCORPORATED,-121.95120995000001,38.022639990000002
6666071,2014,2014-12-18,9320,2014-10-06,0820,14859,,1,1,9,0700,0,3,5,,2,075,"WILLOW PASS RD","N BROADWAY",60.00,W,N,A,-,N,,,,,,,,,,Y,3,0,1,2,A,-,09,21801,A,N,D,C,A,A,H,-,A,D,0,,,,,Y,,A,01,0,1,0,0,0,0,0,0,0,"- ","- ",38.026780000000002,-121.94117,"CONTRA COSTA",UNINCORPORATED,-121.94106834999999,38.026760000000003
6666343,2014,2014-12-17,9320,2014-10-15,1505,013800,,3,2,9,0700,0,3,5,,2,040,"SHELL AV","JEFFERSON ST",15.00,S,N,A,-,N,,,,,,,,,,Y,4,0,1,2,A,-,08,22107,,N,A,C,A,A,H,-,A,A,0,,,,,Y,,A,01,0,0,1,0,0,0,0,0,0,"- ","- ",,,"CONTRA COSTA",UNINCORPORATED,-122.11792142,38.013508809999998
6666404,2014,2016-05-14,9320,2014-09-28,0435,20196,,7,3,5,0701,0,1,3,,2,404,"RT 4","HILLCREST AV",528.00,W,N,A,-,Y,CC,4,4,-,R,28.840,H,-,E,Y,3,0,3,2,A,-,01,23152,A,N,C,C,A,A,H,-,E,D,1,,,,,Y,Y,A,01,0,1,2,0,0,0,0,0,0,"- ","- ",37.998010000000001,-121.79689,"CONTRA COSTA",ANTIOCH,-121.78717291,37.996408160000001
6666432,2014,2016-06-13,9320,2014-10-16,1913,016788,,4,2,3,0715,0,1,3,,2,241,"RT 24","DOLORES DR",2112.00,W,N,B,-,Y,CC,4,24,-,R,5.440,H,-,E,Y,4,0,1,2,A,-,03,22350,,N,C,C,A,A,H,-,B,D,1,,,,,Y,,D,22,0,0,1,0,0,0,0,0,0,"- ","- ",,,"CONTRA COSTA",LAFAYETTE,-122.13579011,37.890362369999998
6666440,2014,2014-12-19,9320,2014-10-22,1750,013800,,3,2,6,0704,0,1,3,,2,402,RT4,"PERALTA RD",30.00,W,N,B,-,Y,,,,,,,,,,N,4,0,1,2,A,-,03,22350,,N,C,C,A,A,H,-,B,D,0,,,,,Y,,D,22,0,0,1,0,0,0,0,0,0,"- ","- ",,,"CONTRA COSTA",CONCORD,,
6666448,2014,2016-05-21,9320,2014-10-20,0630,14911,,1,1,4,0709,0,1,1,,2,682,"RT 680","TREAT BL",500.00,N,N,A,-,Y,CC,4,680,-,-,16.500,H,-,S,Y,3,0,5,3,A,-,03,22350,,N,C,C,A,A,H,-,B,D,1,,,,,Y,,D,22,0,1,4,0,0,0,0,0,0,"- ","- ",,,"CONTRA COSTA","PLEASANT HILL",-122.06063985999999,37.927914880000003