CASE_ID,ACCIDENT_YEAR,PROC_DATE,JURIS,COLLISION_DATE,COLLISION_TIME,OFFICER_ID,REPORTING_DISTRICT,DAY_OF_WEEK,CHP_SHIFT,POPULATION,CNTY_CITY_LOC,SPECIAL_COND,BEAT_TYPE,CHP_BEAT_TYPE,CITY_DIVISION_LAPD,CHP_BEAT_CLASS,BEAT_NUMBER,PRIMARY_RD,SECONDARY_RD,DISTANCE,DIRECTION,INTERSECTION,WEATHER_1,WEATHER_2,STATE_HWY_IND,CALTRANS_COUNTY,CALTRANS_DISTRICT,STATE_ROUTE,ROUTE_SUFFIX,POSTMILE_PREFIX,POSTMILE,LOCATION_TYPE,RAMP_INTERSECTION,SIDE_OF_HWY,TOW_AWAY,COLLISION_SEVERITY,NUMBER_KILLED,NUMBER_INJURED,PARTY_COUNT,PRIMARY_COLL_FACTOR,PCF_CODE_OF_VIOL,PCF_VIOL_CATEGORY,PCF_VIOLATION,PCF_VIOL_SUBSECTION,HIT_AND_RUN,TYPE_OF_COLLISION,MVIW,PED_ACTION,ROAD_SURFACE,ROAD_COND_1,ROAD_COND_2,LIGHTING,CONTROL_DEVICE,CHP_ROAD_TYPE,PEDESTRIAN_ACCIDENT,BICYCLE_ACCIDENT,MOTORCYCLE_ACCIDENT,TRUCK_ACCIDENT,NOT_PRIVATE_PROPERTY,ALCOHOL_INVOLVED,STWD_VEHTYPE_AT_FAULT,CHP_VEHTYPE_AT_FAULT,COUNT_SEVERE_INJ,COUNT_VISIBLE_INJ,COUNT_COMPLAINT_PAIN,COUNT_PED_KILLED,COUNT_PED_INJURED,COUNT_BICYCLIST_KILLED,COUNT_BICYCLIST_INJURED,COUNT_MC_KILLED,COUNT_MC_INJURED,PRIMARY_RAMP,SECONDARY_RAMP,LATITUDE,LONGITUDE,COUNTY,CITY,POINT_X,POINT_Y
6702306,2014,2015-01-08,0712,2014-11-01,1510,545,,6,5,5,0712,0,0,0,,0,002,"N MAIN ST","SOS DR",0.00,,Y,A,-,N,,,,,,,,,,N,3,0,1,2,A,-,09,21802,A,N,D,C,A,A,H,-,A,D,0,,,Y,,Y,,A,01,0,1,0,0,0,0,0,0,1,"- ","- ",,,"CONTRA COSTA","WALNUT CREEK",-122.06522991999999,37.918709990000004
6702318,2014,2015-01-07,0712,2014-11-11,1438,P459,,2,5,5,0712,0,0,0,,0,004,"LOCUST ST","CIVIC DR",20.00,S,N,B,-,N,,,,,,,,,,N,4,0,2,2,A,-,03,22350,,N,C,C,A,A,H,-,A,D,0,,,,,Y,,A,01,0,0,2,0,0,0,0,0,0,"- ","- ",,,"CONTRA COSTA","WALNUT CREEK",-122.06299746000001,37.901278040000001
6702368,2014,2014-12-08,0708,2014-10-22,1813,322,,3,5,5,0708,0,0,0,,0,002,"RAILROAD AV","CALIFORNIA AV",120.00,N,N,A,-,N,,,,,,,,,,N,2,0,1,1,A,-,"- ",,,N,E,I,A,A,H,-,A,A,0,,,Y,,Y,,C,02,1,0,0,0,0,0,0,0,1,"- ","- ",,,"CONTRA COSTA",PITTSBURG,-121.88904026,38.017780530000003
6702372,2014,2014-12-08,0708,2014-10-15,2309,P329,,3,5,5,0708,0,0,0,,0,004,"EAST LELAND RD","RAILROAD AV",0.00,,Y,A,-,N,,,,,,,,,,Y,2,0,1,2,A,-,01,23152,A,N,A,D,A,A,H,-,C,A,0,,,,,Y,Y,-,,1,0,0,0,0,0,0,0,0,"- ","- ",,,"CONTRA COSTA",PITTSBURG,-121.8912,38.012199930000001
6702376,2014,2014-12-08,0708,2014-10-26,2130,P313,,7,5,5,0708,0,0,0,,0,001,"WILLOW PASS RD","BALCLUTHA WY",57.00,W,N,A,-,N,,,,,,,,,,N,4,0,1,2,A,-,04,21703,,M,C,C,A,A,H,-,C,A,0,,,,,Y,Y,A,01,0,0,1,0,0,0,0,0,0,"- ","- ",,,"CONTRA COSTA",PITTSBURG,-121.92407793,38.02675
6702597,2014,2014-12-10,9320,2014-10-22,1220,16094,,3,1,9,0700,0,1,3,,2,403,"RT 4","BAY POINT",2640.00,W,N,A,-,Y,,,,,,,,,,Y,4,0,1,2,A,-,08,22107,,N,D,C,A,A,H,-,A,D,0,,,,,Y,,A,01,0,0,1,0,0,0,0,0,0,"- ","- ",,,"CONTRA COSTA",UNINCORPORATED,,
6702633,2014,2014-12-10,9320,2014-10-30,0950,16094,,4,1,5,0701,0,1,3,,2,404,"RT 4","G ST",1410.00,E,N,A,-,Y,,,,,,,,,,Y,4,0,1,4,A,-,03,22350,,N,C,C,A,A,D,-,A,D,0,,,,,Y,,A,07,0,0,1,0,0,0,0,0,0,"- ","- ",,,"CONTRA COSTA",ANTIOCH,-121.81056617,37.998107230000002
6702637,2014,2016-05-21,9320,2014-10-26,2015,019465,,7,2,5,0712,0,1,1,,2,681,"RT 680","RUDGEAR RD",1056.00,S,N,A,-,Y,CC,4,680,-,R,12.330,H,-,N,Y,4,0,1,2,A,-,07,21658,A,N,A,C,A,A,H,-,C,D,6,,,,,Y,,A,01,0,0,1,0,0,0,0,0,0,"- ","- ",,,"CONTRA COSTA","WALNUT CREEK",-122.04605536,37.876076959999999
6703419,2014,2014-12-04,0706,2014-10-02,0806,100,HERCU,4,5,3,0706,0,0,0,,0,002,"REFUGIO VALLEY RD","COMMUNITY CENTER DR",400.00,W,N,A,-,N,,,,,,,,,,N,4,0,1,2,A,-,10,21952,,N,G,B,F,A,H,-,A,D,0,Y,,,,Y,,A,01,0,0,1,0,1,0,0,0,0,"- ","- ",,,"CONTRA COSTA",HERCULES,-122.24906623,37.99827355
6703423,2014,2014-12-03,0706,2014-10-31,1424,184,,5,5,3,0706,0,0,0,,0,001,"WILLOW AV","SYCAMORE AV",1056.00,E,N,B,-,N,,,,,,,,,,Y,2,0,1,1,A,-,"- ",,,N,F,A,A,B,H,-,A,D,0,,,,,Y,,A,01,1,0,0,0,0,0,0,0,0,"- ","- ",,,"CONTRA COSTA",HERCULES,-122.27052884,38.014452329999997
6703468,2014,2015-01-08,0709,2014-11-08,2015,430,1190,6,5,4,0709,0,0,0,,0,001,"WOODSWORTH LN","CONTRA COSTA BL",54.00,W,N,A,-,N,,,,,,,,,,Y,3,0,1,2,A,-,09,21801,A,N,D,C,A,A,H,-,C,A,0,,,Y,,Y,,A,01,0,1,0,0,0,0,0,0,1,"- ","- ",,,"CONTRA COSTA","PLEASANT HILL",-122.06044733,37.950180000000003
6703710,2014,2015-01-08,9320,2014-11-01,1405,019605,,6,2,5,0701,0,1,3,,2,404,"RT 4","A ST",500.00,W,N,A,-,Y,,,4,,,,,,,Y,4,0,1,2,A,-,04,21703,,N,C,C,A,A,D,E,A,D,0,,,,,Y,,A,01,0,0,1,0,0,0,0,0,0,"- ","- ",37.998019999999997,-121.80916000000001,"CONTRA COSTA",ANTIOCH,-121.80915967999999,37.99812043
6703726,2014,2016-05-18,9320,2014-11-03,1150,16713,,1,1,6,0704,0,1,1,,2,683,"RT 680","WILLOW PASS RD",500.00,S,N,A,-,Y,CC,4,680,-,R,14.150,H,-,N,Y,4,0,1,3,A,-,08,22107,,N,-,C,A,A,H,-,A,D,1,,,,,Y,,A,01,0,0,1,0,0,0,0,0,0,"- ","- ",,,"CONTRA COSTA",CONCORD,-122.06924504,37.895021409999998
6703734,2014,2016-05-21,9320,2014-11-04,1636,10179,,2,2,5,0712,0,1,1,,2,681,"RT 680","OLYMPIC BL",121.00,S,N,A,-,Y,CC,4,680,-,-,13.687,R,1,N,N,4,0,1,2,A,-,03,22350,,N,C,C,A,A,H,-,A,A,1,,,,,Y,,A,01,0,0,1,0,0,0,0,0,0,"- ","- ",,,"CONTRA COSTA","WALNUT CREEK",-122.0631918,37.892215610000001
6703738,2014,2016-05-06,9320,2014-11-03,0605,018525,,1,1,9,0700,0,1,1,,2,180,"RT 80","PINOLE VALLEY RD",500.00,E,N,A,-,Y,CC,4,80,-,-,0.860,H,-,W,Y,4,0,1,2,A,-,03,22350,,N,C,C,A,A,H,-,B,D,0,,,,,Y,,A,01,0,0,1,0,0,0,0,0,0,"- ","- ",37.997810000000001,-122.28541,"CONTRA COSTA",UNINCORPORATED,-122.31641958,37.908911889999999
6703993,2014,2015-05-04,0701,2014-08-03,2050,5214,612,7,5,5,0701,0,0,0,,0,003,"VISTA GRANDE DR","LONE TREE WY",0.00,,Y,A,-,N,,,,,,,,,,Y,4,0,1,2,A,-,17,21461,A,M,D,C,A,A,H,-,C,A,0,,,,,Y,,A,01,0,0,1,0,0,0,0,0,0,"- ","- ",,,"CONTRA COSTA",ANTIOCH,-121.75469995,37.961769940000003
6704124,2014,2015-01-09,9320,2014-11-07,1725,019608,,5,2,9,0700,0,2,4,,2,096,"VASCO RD","CAMINO DIABLO",517.00,E,N,A,-,N,,,,,,,,,,Y,4,0,1,3,A,-,03,22350,,N,C,C,A,A,H,-,C,A,0,,,,,Y,,A,07,0,0,1,0,0,0,0,0,0,"- ","- ",,,"CONTRA COSTA",UNINCORPORATED,-121.66764000000001,37.865209999999998
6704457,2014,2015-01-08,9320,2014-11-06,1930,19411,,4,2,9,0700,0,3,5,,2,040,"PEACH ST","PACHECO BL",0.00,,Y,A,-,N,,,,,,,,,,N,3,0,1,2,A,-,10,21950,A,N,G,B,B,A,H,-,D,A,0,Y,,,,Y,,A,01,0,1,0,0,1,0,0,0,0,"- ","- ",38.012259999999998,-122.11666,"CONTRA COSTA",UNINCORPORATED,-122.11653994,38.012409980000001
6704550,2014,2016-02-29,0704,2014-11-06,0651,0321,,4,5,6,0704,0,0,0,,0,006,"KIRKER PASS RD","MYRTLE RD",436.00,N,N,A,-,N,,,,,,,,,,Y,4,0,2,3,A,-,03,22350,,N,A,C,A,A,H,-,A,D,0,,,,,Y,,A,01,0,0,2,0,0,0,0,0,0,"- ","- ",,,"CONTRA COSTA",CONCORD,-121.94509733,37.960628079999999
6705038,2014,2016-05-06,9365,2014-11-01,1855,017747,,6,2,9,0700,0,1,1,,2,080,RT80,"SOLANO / CONTRA COSTA CO LINE",2640.00,W,N,A,-,Y,CC,4,80,-,-,13.640,H,-,W,Y,3,0,2,1,A,-,08,22107,,N,E,I,A,A,H,-,C,D,4,,,,,Y,,D,22,0,1,1,0,0,0,0,0,0,"- ","- ",38.054189999999998,-122.22645,"CONTRA COSTA",UNINCORPORATED,-122.22698336000001,38.053577060000002
6705040,2014,2015-03-02,9320,2014-11-06,0905,16824,,4,1,9,0700,0,3,5,,2,039,"VAGUEROS AV","4TH ST",405.00,S,N,B,-,N,,,,,,,,,,Y,4,0,1,2,A,-,08,22107,,N,B,C,A,A,H,-,A,D,0,,,,,Y,,D,22,0,0,1,0,0,0,0,0,0,"- ","- ",38.03199,-122.26508,"CONTRA COSTA",UNINCORPORATED,-122.26509869,38.031985710000001
6705042,2014,2014-12-10,9320,2014-10-31,1631,017906,,5,2,9,0700,0,2,4,,2,077,"MARSH CREEK RD","MORGAN TERRITORY RD",528.00,W,N,B,C,N,,,,,,,,,,Y,4,0,1,2,A,-,03,22350,,N,B,C,A,B,H,-,A,D,0,,,,,Y,,D,22,0,0,1,0,0,0,0,0,0,"- ","- ",,,"CONTRA COSTA",UNINCORPORATED,-121.87537702,37.907023510000002
6705127,2014,2016-05-17,9370,2014-08-24,2241,020525,,7,3,5,0710,0,1,1,,2,058,"RT 580","HARBOUR WY",600.00,E,N,A,-,Y,CC,4,580,-,R,3.240,H,-,W,Y,3,0,1,2,A,-,03,22350,,N,C,E,A,A,H,-,C,A,1,,,,,Y,,A,01,0,1,0,0,0,0,0,0,0,"- ","- ",37.551859999999998,-122.21132,"CONTRA COSTA",RICHMOND,-122.35415999,37.921863600000002
6705181,2014,2016-05-18,9320,2014-10-23,1420,013800,,4,2,6,0704,0,1,1,,2,683,"RT 680","CONCORD AV",920.00,S,N,A,-,Y,CC,4,680,-,-,19.690,H,-,N,Y,4,0,1,4,A,-,03,22350,,N,C,C,A,A,H,-,A,D,1,,,,,Y,,A,07,0,0,1,0,0,0,0,0,0,"- ","- ",,,"CONTRA COSTA",CONCORD,-122.06233016,37.973725659999999
6705184,2014,2014-12-08,9320,2014-10-27,0825,018525,,1,1,5,0701,0,1,3,,2,404,"RT 4","HILLCREST AV",2112.00,E,N,A,-,Y,,,4,,,,,,,Y,4,0,1,1,A,-,08,22107,,N,E,I,A,A,H,-,A,D,0,,,,,Y,,D,22,0,0,1,0,0,0,0,0,0,"- ","- ",37.994900000000001,-121.77377,"CONTRA COSTA",ANTIOCH,-121.77386248000001,37.994356709999998
6705186,2014,2014-12-08,9320,2014-10-31,1555,019605,,5,2,5,0701,0,1,3,,2,404,"RT 4","HILLCREST AV",1000.00,W,N,B,-,Y,,,4,,,,,,,Y,3,0,2,2,A,-,08,22107,,N,C,C,A,B,D,E,A,D,0,,,,,Y,Y,D,22,0,1,1,0,0,0,0,0,0,"- ","- ",37.994619999999998,-121.77522999999999,"CONTRA COSTA",ANTIOCH,-121.77523506,37.994589349999998
6705231,2014,2014-11-20,9370,2014-10-14,1424,020107,,2,2,9,0700,0,3,5,,2,012,"FLANNERY RD","MAHAN WY",8.00,N,N,A,-,N,,,,,,,,,,N,3,0,1,2,A,-,11,21954,A,N,G,B,E,A,H,-,A,D,0,Y,,,,Y,Y,N,60,0,1,0,0,1,0,0,0,0,"- ","- ",,,"CONTRA COSTA",UNINCORPORATED,-122.31628082,37.99268197
6705275,2014,2014-11-18,9320,2014-10-26,1415,019608,,7,2,9,0700,0,2,4,,2,091,"BIXLER RD","NEWPORT DR",0.00,,Y,A,-,N,,,,,,,,,,Y,3,0,5,2,A,-,09,21802,A,N,D,C,A,A,H,-,A,A,0,,,,,Y,,A,07,0,1,4,0,0,0,0,0,0,"- ","- ",,,"CONTRA COSTA",UNINCORPORATED,-121.62286989,37.908169940000001
6705461,2014,2016-06-04,9370,2014-11-02,1400,020425,,7,2,5,0710,0,1,1,,2,082,"100TH AV","SOLANO AV",750.00,W,N,A,-,Y,CC,4,80,-,-,3.270,H,-,E,Y,4,0,3,4,A,-,03,22350,,N,C,C,A,A,H,-,A,D,6,,,,,Y,,A,01,0,0,3,0,0,0,0,0,0,"- ","- ",37.940570000000001,-122.32422,"CONTRA COSTA",RICHMOND,-122.32395843,37.941355639999998
6705465,2014,2016-06-04,9370,2014-11-10,1007,018499,,1,1,3,0707,0,1,1,,2,083,"RT 80","RICHMOND PKWY",600.00,E,N,A,-,Y,CC,4,80,-,-,6.850,H,-,E,Y,3,0,1,1,A,-,08,22107,,N,E,I,A,A,H,-,A,D,6,,,,,Y,,A,01,0,1,0,0,0,0,0,0,0,"- ","- ",37.988300000000002,-122.31319999999999,"CONTRA COSTA",PINOLE,-122.31324644,37.98833922
6705470,2014,2015-01-07,9370,2014-11-01,0135,020525,,6,3,5,0710,0,1,1,,2,058,"JULIGA WOOD ST","S 34TH ST",420.00,E,N,B,-,N,,,,,,,,,,Y,4,0,1,1,A,-,01,23152,A,N,E,I,A,A,H,-,C,D,0,,,,,Y,Y,A,01,0,0,1,0,0,0,0,0,0,"- ","- ",37.551900000000003,-122.20737,"CONTRA COSTA",RICHMOND,-122.33549168,37.921958269999998
6705472,2014,2016-05-06,9370,2014-11-03,0915,019801,,1,1,5,0710,0,1,1,,2,082,"RT 80","CENTRAL AV",1300.00,E,N,A,-,Y,CC,4,80,-,-,0.500,H,-,W,N,4,0,1,2,A,-,03,22350,,N,C,C,A,A,H,-,A,D,6,,,,,Y,,A,01,0,0,1,0,0,0,0,0,0,"- ","- ",37.904200000000003,-122.31328999999999,"CONTRA COSTA",RICHMOND,-122.31325717999999,37.904305209999997
6705488,2014,2015-01-08,9320,2014-11-05,0915,16824,,3,1,9,0700,0,2,4,,2,038,"ALHAMBRA VALLEY RD","CASTLE CREEK CT",215.00,E,N,A,-,N,,,,,,,,,,Y,3,0,1,1,A,-,08,22107,,N,E,I,A,A,H,-,A,D,0,,,,,Y,,A,01,0,1,0,0,0,0,0,0,0,"- ","- ",,,"CONTRA COSTA",UNINCORPORATED,-122.12902809000001,37.965970030000001
6705694,2014,2014-12-01,0710,2014-09-28,1908,1318,,7,5,5,0710,0,0,0,,0,006,"MARINA WAY","BARRETT AV",0.00,,Y,A,-,N,,,,,,,,,,N,4,0,1,3,A,-,05,21650,1,N,B,H,A,A,H,-,B,A,0,,Y,,,Y,,L,04,0,0,1,0,0,0,1,0,0,"- ","- ",,,"CONTRA COSTA",RICHMOND,-122.35615988000001,37.938509889999999
6705695,2014,2014-11-24,0710,2014-09-26,1810,1586,,5,5,5,0710,0,0,0,,0,,"HILLTOP MALL RD","KLOSE WY",0.00,,Y,A,-,N,,,,,,,,,,Y,3,0,3,2,A,-,09,21801,A,N,A,C,A,A,H,-,A,D,0,,,,,Y,,A,08,0,2,1,0,0,0,0,0,0,"- ","- ",,,"CONTRA COSTA",RICHMOND,-122.32457988,37.981799989999999
6705696,2014,2014-11-24,0710,2014-09-28,0304,1582,NORTH,7,5,5,0710,0,0,0,,0,007,"38TH ST","CLINTON AV",108.00,S,N,A,-,N,,,,,,,,,,Y,3,0,1,3,A,-,01,23152,,N,D,E,A,A,H,-,C,D,0,,,,,Y,Y,-,,0,1,0,0,0,0,0,0,0,"- ","- ",,,"CONTRA COSTA",RICHMOND,-122.33167994999999,37.940718539999999
6705697,2014,2014-12-01,0710,2014-09-05,1730,1324,CENTR,5,5,5,0710,0,0,0,,0,004,"18TH ST","BURBECK AV",0.00,,Y,A,-,N,,,,,,,,,,Y,3,0,11,2,A,-,03,22350,,F,D,C,A,A,H,-,A,D,0,,,,,Y,,A,01,0,3,8,0,0,0,0,0,0,"- ","- ",,,"CONTRA COSTA",RICHMOND,-122.35204998,37.943099930000002
6705835,2014,2014-11-20,0711,2014-10-26,1739,1053,,7,5,4,0711,0,0,0,,0,003,"15TH ST","POST AV",0.00,,Y,A,-,N,,,,,,,,,,Y,3,0,1,2,A,-,08,22107,,M,C,I,F,A,H,-,A,D,0,Y,,,,Y,,A,01,0,1,0,0,1,0,0,0,0,"- ","- ",,,"CONTRA COSTA","SAN PABLO",-122.3548299,37.957549890000003
6705836,2014,2014-12-12,0711,2014-10-28,0647,1068,,2,5,4,0711,0,0,0,,0,003,"RUMRILL BL","CHESLEY AV",0.00,,Y,A,-,N,,,,,,,,,,N,4,0,1,2,A,-,11,21456,B,N,G,B,B,A,H,-,A,A,0,Y,,,,Y,,N,60,0,0,1,0,1,0,0,0,0,"- ","- ",,,"CONTRA COSTA","SAN PABLO",-122.35690988,37.954749970000002
6705925,2014,2015-06-05,0704,2014-10-15,0735,0425,,3,5,6,0704,0,0,0,,0,003,"OAK GROVE RD","SMITH LN",84.00,N,N,B,-,N,,,,,,,,,,Y,4,0,1,3,A,-,03,22350,,N,C,C,A,B,H,-,A,A,0,,,,,Y,,-,,0,0,1,0,0,0,0,0,0,"- ","- ",,,"CONTRA COSTA",CONCORD,-122.02733116,37.941196730000001
6705988,2014,2014-12-04,0712,2014-10-12,1835,P516,,7,5,5,0712,0,0,0,,0,"S 1","OLYMPIC BL","LIGHT POLE #5281",13.00,S,N,A,-,N,,,,,,,,,,N,4,0,1,2,A,-,03,22350,,F,C,C,A,A,H,-,C,D,0,,,,,Y,,A,07,0,0,1,0,0,0,0,0,0,"- ","- ",,,"CONTRA COSTA","WALNUT CREEK",,
6706643,2014,2015-01-13,0740,2014-11-06,1205,53,72,4,5,4,0791,0,0,0,,0,003,"NORRIS CANYON RD","CAMINO RAMON",429.00,W,N,A,-,N,,,,,,,,,,Y,4,0,1,2,A,-,03,22350,,M,C,C,A,A,H,-,A,D,0,,,,,Y,Y,-,,0,0,1,0,0,0,0,0,0,"- ","- ",,,"CONTRA COSTA","SAN RAMON",-121.96619088999999,37.774031999999998
6706647,2014,2015-01-13,0740,2014-11-11,1153,53,72,2,5,4,0791,0,0,0,,0,003,"ALCOSTA BL","OVERLOOK DR",41.00,N,N,A,-,N,,,,,,,,,,N,4,0,1,2,A,-,03,22350,,N,C,C,A,A,H,-,A,A,0,,,,,Y,,A,01,0,0,1,0,0,0,0,0,0,"- ","- ",,,"CONTRA COSTA","SAN RAMON",-121.953864,37.767474360000001
6706651,2014,2015-01-13,0740,2014-11-06,1908,501,SR72,4,5,4,0791,0,0,0,,0,005,"BOLLINGER CANYON RD","N MONARCH RD",318.00,E,N,A,-,N,,,,,,,,,,Y,4,0,2,3,A,-,03,22350,,N,C,C,A,A,H,-,C,A,0,,,,,Y,,A,08,0,0,2,0,0,0,0,0,0,"- ","- ",,,"CONTRA COSTA","SAN RAMON",-121.91075101,37.77083949
6706655,2014,2015-01-13,0709,2014-11-07,0837,383,3090,5,5,4,0709,0,0,0,,0,001,"CONTRA COSTA BL","DORIS DR",0.00,,Y,A,-,N,,,,,,,,,,Y,3,0,1,2,A,-,09,21802,A,N,D,C,A,A,H,-,A,A,0,,,,,Y,,-,,0,1,0,0,0,0,0,0,0,"- ","- ",,,"CONTRA COSTA","PLEASANT HILL",-122.06023997,37.953359910000003
6707460,2014,2016-05-06,9370,2014-11-13,1805,019109,,4,2,5,0710,0,1,1,,2,083,"RT 80","RICHMOND PKY",1000.00,W,N,A,-,Y,CC,4,80,-,-,6.550,H,-,E,Y,4,0,1,3,A,-,03,22350,,N,C,C,A,A,H,-,C,D,6,,,,,Y,,A,01,0,0,1,0,0,0,0,0,0,"- ","- ",32.55321,-122.98022,"CONTRA COSTA",RICHMOND,-122.31565763,37.984251039999997
6707927,2014,2015-01-15,9370,2014-11-08,1440,020475,,6,2,5,0710,0,1,1,,2,058,"RT 580","CUTTING BL",550.00,E,N,A,-,Y,,,580,,,,,,,Y,4,0,1,2,A,-,01,23152,A,M,C,C,A,A,H,-,A,D,0,,,,,Y,Y,A,07,0,0,1,0,0,0,0,0,0,"- ","- ",37.924500000000002,-122.36136,"CONTRA COSTA",RICHMOND,-122.36136446,37.924492749999999
6708003,2014,2016-06-04,9370,2014-11-02,1733,020258,,7,2,5,0710,0,1,1,,2,082,"RT 80","SAN PABLO DAM RD",1267.00,W,N,A,-,Y,CC,4,80,-,-,4.100,H,-,E,Y,4,0,1,2,A,-,03,22350,,N,C,C,A,A,H,-,B,D,6,,,Y,,Y,,A,01,0,0,1,0,0,0,0,0,1,"- ","- ",37.9529,-122.3279,"CONTRA COSTA",RICHMOND,-122.32801717,37.952889229999997
6708302,2014,2016-05-18,9390,2014-10-22,1744,19695,,3,2,4,0790,0,1,1,,2,069,"RT 680","SYCAMORE VALLEY RD",1330.00,S,N,A,-,Y,CC,4,680,-,R,6.510,H,-,N,Y,4,0,1,3,A,-,07,21658,A,N,B,C,A,A,H,-,A,D,1,,,,,Y,,A,07,0,0,1,0,0,0,0,0,0,"- ","- ",,,"CONTRA COSTA",DANVILLE,-121.99128568,37.807861879999997
6708774,2014,2015-01-09,9320,2014-11-02,1030,018042,,7,1,5,0708,0,1,3,,2,403,"RT 4","RAILROAD AV",20.00,W,N,A,-,Y,,,,,,,,,,N,4,0,1,2,A,-,03,22350,,N,C,C,A,A,H,-,A,A,0,,,,,Y,,D,22,0,0,1,0,0,0,0,0,0,TO,"- ",,,"CONTRA COSTA",PITTSBURG,-121.8897067,38.016825279999999
6708782,2014,2016-05-14,9320,2014-11-02,1735,019608,,7,2,6,0704,0,1,3,,2,242,"RT 242","GRANT ST",1584.00,S,N,A,-,Y,CC,4,242,-,R,2.490,H,-,N,Y,3,0,1,2,A,-,01,23152,A,N,C,C,A,A,H,-,D,D,1,,,,Y,Y,Y,A,01,0,1,0,0,0,0,0,0,0,"- ","- ",37.983800000000002,-122.0412,"CONTRA COSTA",CONCORD,-122.03929426000001,37.993405469999999
6708798,2014,2016-05-21,9320,2014-11-07,1745,019522,,5,2,9,0700,0,1,1,,2,681,"RT 680","STONE VALLEY RD",800.00,S,N,A,-,Y,CC,4,680,-,R,10.220,H,-,N,N,4,0,1,3,A,-,03,22350,,N,C,C,A,A,H,-,A,D,6,,,,,Y,,A,01,0,0,1,0,0,0,0,0,0,"- ","- ",,,"CONTRA COSTA",UNINCORPORATED,-122.02832144,37.849160910000002
6709590,2014,2015-05-28,0702,2014-09-20,1008,541F,25225,6,5,3,0702,0,0,0,,0,0B2,"BRENTWOOD BL","HANSEN LN",10.00,S,N,A,-,N,,,,,,,,,,Y,4,0,1,2,A,-,09,21801,A,N,D,C,A,A,D,H,A,A,0,,,,,Y,,A,07,0,0,1,0,0,0,0,0,0,"- ","- ",,,"CONTRA COSTA",BRENTWOOD,-121.69614065,37.957922539999998
6709634,2014,2014-11-26,9320,2014-10-29,0820,16964,,3,1,4,0714,0,1,3,,2,402,"RT 4","ALHAMBRA AV",1320.00,E,N,A,-,Y,,,,,,,,,,Y,3,0,2,5,A,-,03,22350,,N,C,C,A,A,H,-,A,D,0,,,,,Y,,A,07,0,1,1,0,0,0,0,0,0,"- ","- ",,,"CONTRA COSTA",MARTINEZ,-122.1257808,37.992000410000003
6709635,2014,2016-06-13,9320,2014-10-03,0725,11318,,5,1,3,0715,0,1,3,,2,241,"RT 24","PLEASANT HILL RD",1300.00,W,N,B,-,Y,CC,4,24,-,R,7.410,H,-,W,Y,3,0,1,2,A,-,03,22350,,N,B,C,A,A,H,-,A,D,1,,,,,Y,,A,01,0,1,0,0,0,0,0,0,0,"- ","- ",,,"CONTRA COSTA",LAFAYETTE,-122.10086063,37.89743885
6709636,2014,2016-05-21,9320,2014-10-31,1550,019107,,5,2,4,0709,0,1,1,,2,682,"RT 680","TREAT BL",750.00,N,N,B,C,Y,CC,4,680,-,-,16.706,R,1,S,Y,4,0,1,1,A,-,03,22350,,N,F,A,A,B,H,-,A,D,1,,,Y,,Y,,C,02,0,0,1,0,0,0,0,0,1,"- ","- ",,,"CONTRA COSTA","PLEASANT HILL",-122.06041344,37.931069219999998
6710001,2014,2015-01-07,9320,2014-11-04,0015,020196,,2,3,4,0714,0,1,3,,2,401,"RT 4","CUMMINGS SKYWAY",500.00,E,N,A,-,Y,,,,,,,,,,Y,4,0,1,1,A,-,08,22107,,N,H,I,A,A,H,-,D,D,0,,,,,Y,,A,01,0,0,1,0,0,0,0,0,0,"- ","- ",38.016100000000002,-122.18875,"CONTRA COSTA",MARTINEZ,-122.18874649,38.016143190000001
6710005,2014,2015-01-08,9320,2014-11-01,0200,019789,,6,3,9,0700,0,1,3,,2,404,RT4,"CONTRA LOMA BL",250.00,W,N,B,-,Y,,,,,,,,,,Y,3,0,1,1,A,-,01,23152,A,N,E,I,A,A,-,-,D,D,0,,,,,Y,Y,A,01,0,1,0,0,0,0,0,0,0,"- ","- ",,,"CONTRA COSTA",UNINCORPORATED,,
6710009,2014,2015-01-08,9320,2014-11-12,1730,016636,,3,2,5,0701,0,1,3,,2,404,RT4,"CENTURY BL",528.00,E,N,A,-,Y,,,,,,,,,,N,4,0,1,2,A,-,03,22350,,N,C,C,A,A,H,-,D,D,0,,,,,Y,,A,07,0,0,1,0,0,0,0,0,0,"- ","- ",,,"CONTRA COSTA",ANTIOCH,,
6710017,2014,2015-01-08,9320,2014-11-07,1843,017906,,5,2,5,0701,0,1,3,,2,404,RT4,"A ST",48.00,E,N,A,-,Y,,,,,,,,,,Y,4,0,1,3,A,-,03,22350,,N,C,C,A,A,H,-,D,D,0,,,,,Y,,A,01,0,0,1,0,0,0,0,0,0,"- ","- ",,,"CONTRA COSTA",ANTIOCH,,
6710021,2014,2015-01-08,9320,2014-11-10,1550,016788,,1,2,9,0700,0,1,3,,1,406,RT4,"HOFFMAN LN",528.00,E,N,A,-,Y,,,,,,,,,,Y,3,0,2,2,A,-,08,22107,,N,D,C,A,A,H,-,A,D,0,,,,,Y,,A,01,0,1,1,0,0,0,0,0,0,"- ","- ",37.896540000000002,-121.66737000000001,"CONTRA COSTA",UNINCORPORATED,,
6710045,2014,2015-01-07,9320,2014-11-07,0550,16094,,5,3,5,0701,0,1,3,,2,404,RT4,"AUTO CENTER DR",1.00,E,N,A,-,Y,,,,,,,,,,,4,0,1,2,A,-,03,22350,,N,C,C,A,A,D,G,D,D,0,,,,,Y,,A,01,0,0,1,0,0,0,0,0,0,"- ","- ",,,"CONTRA COSTA",ANTIOCH,-121.837261,38.003971999999997
6710049,2014,2016-02-29,9320,2014-11-13,0745,018042,,4,1,9,0700,0,2,4,,2,077,"MARSH CREEK RD","MORGAN TERRITORY RD",10560.00,N,N,B,C,N,,,,,,,,,,Y,4,0,1,1,A,-,08,22107,,N,E,A,A,B,H,-,A,D,0,,,,,Y,,A,07,0,0,1,0,0,0,0,0,0,"- ","- ",,,"CONTRA COSTA",UNINCORPORATED,-121.90317958999999,37.921883960000002