CASE_ID,ACCIDENT_YEAR,PROC_DATE,JURIS,COLLISION_DATE,COLLISION_TIME,OFFICER_ID,REPORTING_DISTRICT,DAY_OF_WEEK,CHP_SHIFT,POPULATION,CNTY_CITY_LOC,SPECIAL_COND,BEAT_TYPE,CHP_BEAT_TYPE,CITY_DIVISION_LAPD,CHP_BEAT_CLASS,BEAT_NUMBER,PRIMARY_RD,SECONDARY_RD,DISTANCE,DIRECTION,INTERSECTION,WEATHER_1,WEATHER_2,STATE_HWY_IND,CALTRANS_COUNTY,CALTRANS_DISTRICT,STATE_ROUTE,ROUTE_SUFFIX,POSTMILE_PREFIX,POSTMILE,LOCATION_TYPE,RAMP_INTERSECTION,SIDE_OF_HWY,TOW_AWAY,COLLISION_SEVERITY,NUMBER_KILLED,NUMBER_INJURED,PARTY_COUNT,PRIMARY_COLL_FACTOR,PCF_CODE_OF_VIOL,PCF_VIOL_CATEGORY,PCF_VIOLATION,PCF_VIOL_SUBSECTION,HIT_AND_RUN,TYPE_OF_COLLISION,MVIW,PED_ACTION,ROAD_SURFACE,ROAD_COND_1,ROAD_COND_2,LIGHTING,CONTROL_DEVICE,CHP_ROAD_TYPE,PEDESTRIAN_ACCIDENT,BICYCLE_ACCIDENT,MOTORCYCLE_ACCIDENT,TRUCK_ACCIDENT,NOT_PRIVATE_PROPERTY,ALCOHOL_INVOLVED,STWD_VEHTYPE_AT_FAULT,CHP_VEHTYPE_AT_FAULT,COUNT_SEVERE_INJ,COUNT_VISIBLE_INJ,COUNT_COMPLAINT_PAIN,COUNT_PED_KILLED,COUNT_PED_INJURED,COUNT_BICYCLIST_KILLED,COUNT_BICYCLIST_INJURED,COUNT_MC_KILLED,COUNT_MC_INJURED,PRIMARY_RAMP,SECONDARY_RAMP,LATITUDE,LONGITUDE,COUNTY,CITY,POINT_X,POINT_Y
6774497,2015,2015-02-20,0714,2015-01-02,1028,146,051,5,5,4,0714,0,0,0,,0,001,"JONES ST","PINE ST",0.00,,Y,A,-,N,,,,,,,,,,Y,4,0,1,1,A,-,03,22350,,N,E,I,A,A,H,-,A,D,0,,,Y,,Y,,C,02,0,0,1,0,0,0,0,0,1,"- ","- ",,,"CONTRA COSTA",MARTINEZ,-122.12996991999999,38.015179920000001
6774521,2014,2016-05-14,0701,2014-09-07,1810,3163,305,7,5,5,0701,0,0,0,,0,001,"AUTO CENTER DR","RT 4",45.00,S,N,A,-,Y,CC,4,4,-,-,26.188,R,4,E,Y,3,0,2,2,A,-,03,22350,,N,C,C,A,A,H,-,A,A,0,,,,,Y,,A,01,0,2,0,0,0,0,0,0,0,"- ","- ",,,"CONTRA COSTA",ANTIOCH,-121.83471747,38.003003399999997
6774697,2015,2016-09-26,9370,2015-01-02,1420,20420,,5,2,5,0710,0,1,1,,2,082,"RT 80","CARLSON BL",450.00,W,N,A,-,Y,CC,4,80,-,-,0.910,H,-,E,N,4,0,1,2,D,-,00,,,N,C,C,A,A,H,-,A,D,6,,,,Y,Y,,-,"- ",0,0,1,0,0,0,0,0,0,"- ","- ",37.910159999999998,-122.31684,"CONTRA COSTA",RICHMOND,-122.31656735,37.909534729999997
6774709,2014,2016-06-04,9370,2014-12-31,0500,020145,,3,3,5,0710,0,1,1,,2,083,"RT 80","EL PORTAL DR",1350.00,E,N,A,-,Y,CC,4,80,-,-,5.540,H,-,W,Y,4,0,1,2,A,-,08,22107,,N,C,C,A,A,H,-,C,D,6,,,,,Y,,D,22,0,0,1,0,0,0,0,0,0,"- ","- ",37.581159999999997,-122.19144,"CONTRA COSTA",RICHMOND,-122.32067471000001,37.969643730000001
6774729,2014,2016-05-21,9390,2014-12-11,2130,020188,,4,2,4,0791,0,1,1,,2,068,"RT 680","BOLLINGER CANYON RD",100.00,S,N,C,-,Y,CC,4,680,-,R,2.870,H,-,S,Y,4,0,1,1,A,-,08,22107,,N,E,I,A,B,H,-,D,D,1,,,,,Y,,A,01,0,0,1,0,0,0,0,0,0,"- ","- ",37.761360000000003,-121.96653000000001,"CONTRA COSTA","SAN RAMON",-121.96544941000001,37.759844940000001
6774732,2014,2016-05-18,9390,2014-12-18,0910,019968,,4,1,4,0790,0,1,1,,2,068,"RT 680","SYCAMORE VALLEY RD",1000.00,S,N,B,-,Y,CC,4,680,-,R,6.570,H,-,N,N,4,0,1,3,A,-,03,22350,,N,C,C,A,A,H,-,A,D,1,,,,,Y,,A,01,0,0,1,0,0,0,0,0,0,"- ","- ",37.4818,-121.5925,"CONTRA COSTA",DANVILLE,-121.99164122000001,37.8086944
6774737,2014,2016-05-21,9390,2014-12-17,1248,017392,,3,1,4,0791,0,1,1,,2,068,"RT 680","BOLLINGER CANYON RD",528.00,S,N,B,-,Y,CC,4,680,-,R,2.660,H,-,N,N,3,0,1,1,A,-,08,22107,,N,E,I,A,A,H,-,A,D,1,,,,,Y,,A,01,0,1,0,0,0,0,0,0,0,"- ","- ",37.757939999999998,-121.96373,"CONTRA COSTA","SAN RAMON",-121.96349868999999,37.757247139999997
6775027,2015,2015-02-19,0712,2015-01-06,0930,P459,,2,5,5,0712,0,0,0,,0,003,"YGNACIO VALLEY RD","MARCHBANKS DR",75.00,W,N,A,-,N,,,,,,,,,,Y,4,0,1,1,A,-,08,22107,,N,E,I,A,A,H,-,A,D,0,,,,,Y,,A,01,0,0,1,0,0,0,0,0,0,"- ","- ",,,"CONTRA COSTA","WALNUT CREEK",-122.04648645,37.911385019999997
6775152,2014,2015-02-02,0710,2014-10-22,0736,1641,NORTH,3,5,5,0710,0,0,0,,0,007,"AMADOR ST","GARVIN AV",12.00,N,N,A,-,N,,,,,,,,,,N,3,0,1,3,A,-,09,21804,A,F,A,C,A,A,H,-,A,D,0,,,,,Y,,-,,0,1,0,0,0,0,0,0,0,"- ","- ",,,"CONTRA COSTA",RICHMOND,-122.32404471,37.945310839999998
6775374,2014,2015-02-11,9320,2014-12-30,1930,019423,,2,2,4,0714,0,1,3,,2,402,"RT 4","RT 680",200.00,W,N,A,-,Y,,,,,,,,,,Y,3,0,1,1,A,-,08,22107,,N,F,I,A,A,H,-,D,D,0,,,,,Y,,A,01,0,1,0,0,0,0,0,0,0,"- ","- ",,,"CONTRA COSTA",MARTINEZ,-122.07067511,37.994388299999997
6776313,2015,2015-03-12,0740,2015-01-02,1652,501,SR72,5,5,4,0791,0,0,0,,0,005,"WINDEMERE PKWY","LONGLEAF CIR",453.00,W,N,A,-,N,,,,,,,,,,Y,3,0,1,1,A,-,01,23152,A,N,E,I,A,A,H,-,B,A,0,,,,,Y,Y,D,22,0,1,0,0,0,0,0,0,0,"- ","- ",37.759030000000003,-121.88623,"CONTRA COSTA","SAN RAMON",-121.88742831,37.756598259999997
6776855,2014,2016-03-08,0740,2014-12-31,1644,501,SR72,3,5,4,0791,0,0,0,,0,005,"BOLLINGER CANYON RD","DOUGHERTY RD",0.00,,Y,A,-,N,,,,,,,,,,Y,4,0,1,2,A,-,12,21453,A,N,D,C,A,A,H,-,A,A,0,,,,,Y,,A,07,0,0,1,0,0,0,0,0,0,"- ","- ",37.749499999999998,-121.91401999999999,"CONTRA COSTA","SAN RAMON",-121.92510987,37.773559880000001
6776860,2014,2015-02-13,0740,2014-12-28,1617,SR040,SR72,7,5,4,0791,0,0,0,,0,004,"CHERRY HILLS LN","OLYMPIA FIELDS DR",205.00,E,N,A,-,N,,,,,,,,,,N,3,0,1,2,A,-,08,22107,,N,C,E,A,A,H,-,A,D,0,,Y,,,Y,,L,04,0,1,0,0,0,0,1,0,0,"- ","- ",,,"CONTRA COSTA","SAN RAMON",-121.92845563,37.736725900000003
6777363,2015,2016-10-19,9320,2015-01-08,1050,18732,,4,1,9,0700,0,3,5,,2,040,"MUIR RD","PACHECO BL",400.00,W,N,A,-,Y,CC,4,4,-,-,12.530,R,4,E,Y,3,0,1,2,A,-,12,22450,A,N,D,C,A,A,H,-,A,D,1,,,,,Y,,D,22,0,1,0,0,0,0,0,0,0,"- ","- ",,,"CONTRA COSTA",UNINCORPORATED,-122.07212152,37.993698510000002
6777367,2015,2016-10-21,9320,2015-01-13,1348,19253,,2,1,5,0712,0,1,1,,2,682,"RT 680","NORTH MAIN",1000.00,S,N,A,-,Y,CC,4,680,-,-,15.400,H,-,N,Y,4,0,1,2,A,-,08,22107,,N,A,C,A,A,H,-,A,D,1,,,,,Y,,A,01,0,0,1,0,0,0,0,0,0,"- ","- ",,,"CONTRA COSTA","WALNUT CREEK",-122.06678298999999,37.913263290000003
6777401,2014,2015-07-17,0710,2014-12-31,1704,1586,,3,5,5,0710,0,0,0,,0,008,"HILLTOP DR","ROBERT MILLER DR",0.00,,Y,A,-,N,,,,,,,,,,Y,4,0,2,2,A,-,03,22350,,N,C,C,A,A,H,-,A,A,0,,,,,Y,,A,01,0,0,2,0,0,0,0,0,0,"- ","- ",,,"CONTRA COSTA",RICHMOND,-122.3331799,37.978379889999999
6777504,2015,2016-10-07,9320,2015-01-13,0800,17342,,2,1,5,0712,0,1,1,,2,682,"RT 680","TREAT BL",200.00,S,N,A,-,Y,CC,4,680,-,-,16.370,H,-,S,Y,3,0,1,2,A,-,03,22350,,N,C,C,A,A,H,-,A,D,1,,,Y,,Y,,C,02,0,1,0,0,0,0,0,0,1,"- ","- ",,,"CONTRA COSTA","WALNUT CREEK",-122.06086513,37.925966449999997
6777505,2015,2016-09-26,9320,2015-01-11,1645,019253,,7,2,3,0706,0,1,1,,2,180,"RT 80","RT 4",800.00,W,N,A,-,Y,CC,4,80,-,-,9.900,R,2,E,Y,3,0,1,1,A,-,03,22350,,N,H,A,A,A,H,-,A,D,1,,,Y,,Y,,C,02,0,1,0,0,0,0,0,0,1,"- ","- ",,,"CONTRA COSTA",HERCULES,-122.27099744,38.01314593
6777506,2015,2016-10-21,9320,2015-01-15,0730,018732,,4,1,9,0700,0,1,3,,2,402,"RT 4","PORT CHICAGO HWY",0.00,,Y,B,E,Y,CC,4,4,-,R,15.390,H,-,W,Y,4,0,1,2,A,-,03,22350,,N,C,C,A,A,H,-,A,D,1,,,,,Y,,A,01,0,0,1,0,0,0,0,0,0,"- ","- ",38.009450000000001,-122.0236,"CONTRA COSTA",UNINCORPORATED,-122.02373953999999,38.009777960000001
6777507,2015,2016-10-07,9320,2015-01-04,0400,020026,,7,3,5,0712,0,1,1,,2,681,"RT 680","S MAIN ST",1056.00,S,N,A,-,Y,CC,4,680,-,-,12.880,H,-,N,Y,3,0,1,1,A,-,01,23152,A,N,F,I,A,A,H,-,C,D,1,,,,,Y,Y,A,01,0,1,0,0,0,0,0,0,0,"- ","- ",,,"CONTRA COSTA","WALNUT CREEK",-122.05317417000001,37.883938540000003
6777508,2015,2016-09-08,9320,2015-01-12,1735,019195,,1,2,9,0700,0,1,1,,2,681,"RT 680","LIVORNA RD",2230.00,N,N,A,-,Y,CC,4,680,-,R,11.740,H,-,N,Y,4,0,4,4,A,-,03,22350,,N,C,C,A,A,H,-,D,D,6,,,,,Y,,A,07,0,0,4,0,0,0,0,0,0,"- ","- ",,,"CONTRA COSTA",UNINCORPORATED,-122.04032485,37.868874009999999
6777509,2015,2016-09-23,9320,2015-01-07,0140,018553,,3,3,6,0704,0,1,3,,2,242,"RT 242","GRANT ST",60.00,S,N,A,-,Y,CC,4,242,-,R,1.948,R,2,N,Y,3,0,1,1,A,-,01,23152,A,N,E,I,A,A,H,-,D,D,1,,,,,Y,Y,A,01,0,1,0,0,0,0,0,0,0,TO,"- ",,,"CONTRA COSTA",CONCORD,-122.04100714,37.985798410000001
6777510,2015,2016-10-07,9320,2015-01-06,0700,018042,,2,1,5,0712,0,1,1,,2,682,"RT 680","OAK PARK BL",200.00,N,N,A,-,Y,CC,4,680,-,-,16.920,H,-,S,Y,4,0,1,2,A,-,03,22350,,N,C,C,A,A,H,-,B,D,1,,,,,Y,,A,01,0,0,1,0,0,0,0,0,0,"- ","- ",,,"CONTRA COSTA","WALNUT CREEK",-122.060402,37.934337810000002
6777511,2015,2016-10-04,9320,2015-01-13,0810,16824,,2,1,3,0792,0,1,3,,2,240,"RT 24","WILDER RD",350.00,E,N,A,-,Y,CC,4,24,-,-,1.270,H,-,W,Y,4,0,3,3,A,-,03,22350,,N,C,C,A,A,H,-,A,D,1,,,,,Y,,A,01,0,0,3,0,0,0,0,0,0,"- ","- ",,,"CONTRA COSTA",ORINDA,-122.19699787,37.86770224
6777513,2015,2016-10-21,9320,2015-01-10,1946,019465,,6,2,4,0714,0,1,3,,2,402,"RT 4","ALHAMBRA WY",81.00,E,N,A,-,Y,CC,4,4,-,R,8.600,H,-,W,Y,3,0,2,1,A,-,01,23152,A,N,H,I,A,A,H,-,C,A,1,,,,,Y,Y,A,01,0,1,1,0,0,0,0,0,0,"- ","- ",,,"CONTRA COSTA",MARTINEZ,-122.12946449,37.990846429999998
6777718,2014,2015-03-02,0710,2014-12-29,1554,1679,CENTR,1,5,5,0710,0,0,0,,0,006,"WEST MACDONALD AV","RICHMOND PKWY",36.00,E,N,A,-,N,,,,,,,,,,N,4,0,1,2,A,-,03,22350,,F,C,C,A,A,H,-,B,A,0,,,,,Y,Y,-,,0,0,1,0,0,0,0,0,0,"- ","- ",,,"CONTRA COSTA",RICHMOND,-122.37285716,37.935853909999999
6777719,2014,2015-02-12,9320,2014-12-25,1205,17271,,4,1,9,0700,0,2,4,,2,034,"CUMMINGS SKYWAY","CROCKETT BL",15.00,N,N,A,-,N,,,,,,,,,,Y,4,0,1,2,A,-,12,21453,A,N,D,C,A,A,H,-,A,A,0,,,Y,,Y,,A,01,0,0,1,0,0,0,0,0,1,"- ","- ",38.0366,-122.21626000000001,"CONTRA COSTA",UNINCORPORATED,-122.21641584,38.036535780000001
6777720,2014,2016-06-04,9320,2014-12-18,2025,019238,,4,2,3,0707,0,1,1,,2,180,RT80,"APPIAN WAY",500.00,E,N,A,-,Y,CC,4,80,-,-,7.710,H,-,W,Y,4,0,1,1,A,-,08,22107,,N,E,I,A,A,H,-,D,D,1,,,,,Y,,A,07,0,0,1,0,0,0,0,0,0,"- ","- ",,,"CONTRA COSTA",PINOLE,-122.29983673,37.993755460000003
6777721,2014,2016-05-06,9320,2014-12-29,1255,018732,,1,1,9,0700,0,1,1,,2,180,RT80,"POMONA ST",800.00,W,N,A,-,Y,CC,4,80,-,-,13.370,H,-,E,Y,4,0,1,2,A,-,03,22350,,N,C,C,A,A,H,-,A,D,1,,,,,Y,,A,01,0,0,1,0,0,0,0,0,0,"- ","- ",,,"CONTRA COSTA",UNINCORPORATED,-122.22986476,38.050931630000001
6777761,2014,2015-02-12,9320,2014-12-27,0005,18847,,6,3,5,0708,0,1,3,,2,403,"RT 4","SAN MARCO RD",300.00,W,N,A,-,Y,,,,,,,,,,Y,3,0,2,1,A,-,08,22107,,N,F,A,A,A,H,-,D,D,0,,,,,Y,,A,07,0,1,1,0,0,0,0,0,0,TO,"- ",,,"CONTRA COSTA",PITTSBURG,-121.96689357,38.022990239999999
6777762,2014,2015-02-12,9320,2014-12-29,0610,16713,,1,1,9,0700,0,1,3,,2,402,"RT 4","GRAYSON CREEK BR",20.00,E,N,A,-,Y,,,,,,,,,,Y,4,0,1,1,A,-,08,22107,,N,E,I,A,A,H,-,D,D,0,,,,,Y,,A,07,0,0,1,0,0,0,0,0,0,"- ","- ",,,"CONTRA COSTA",UNINCORPORATED,,
6777763,2014,2016-05-14,9320,2014-12-21,0515,18847,,7,3,3,0702,0,1,3,,2,405,"RT 4","BALFOUR RD",0.00,,Y,A,-,Y,CC,4,4,-,R,35.598,I,5,W,Y,2,0,1,2,A,-,12,21453,A,N,A,C,A,A,H,-,C,A,0,,,,,Y,,A,01,1,0,0,0,0,0,0,0,0,"- ","- ",,,"CONTRA COSTA",BRENTWOOD,-121.73289140999999,37.925269559999997
6779317,2014,2015-02-13,0705,2014-12-10,1659,E183,PATRO,3,5,3,0705,0,0,0,,0,012,"ARLINGTON BL","THORS BAY RD",3.00,W,N,C,-,N,,,,,,,,,,N,3,0,1,2,A,-,09,21801,A,N,D,G,A,B,H,-,C,D,0,,Y,,,Y,,A,01,0,1,0,0,0,0,1,0,0,"- ","- ",,,"CONTRA COSTA","EL CERRITO",-122.29341579,37.924386849999998
6779554,2014,2015-02-11,0704,2014-12-29,2202,461,,1,5,6,0704,0,0,0,,0,006,"CLAYTON RD","BAILEY RD",286.00,W,N,A,-,N,,,,,,,,,,Y,4,0,1,1,A,-,05,21651,A,N,E,I,A,A,H,-,C,D,0,,,,,Y,,A,01,0,0,1,0,0,0,0,0,0,"- ","- ",,,"CONTRA COSTA",CONCORD,-121.98356258,37.961446389999999
6779555,2014,2015-02-11,0704,2014-12-17,2025,491,,3,5,6,0704,0,0,0,,0,001,"WILLOW PASS RD","FRY WY",0.00,,Y,A,-,N,,,,,,,,,,N,4,0,1,2,A,-,10,21950,A,N,G,B,B,B,H,-,C,A,0,Y,,,,Y,,A,01,0,0,1,0,1,0,0,0,0,"- ","- ",,,"CONTRA COSTA",CONCORD,-122.04138998000001,37.973129929999999
6779556,2014,2015-02-11,0704,2014-12-24,1722,0551,,3,5,6,0704,0,0,0,,0,001,"SALVIO ST","PORT CHICAGO HWY",0.00,,Y,A,-,N,,,,,,,,,,Y,4,0,2,2,A,-,12,21453,A,N,A,C,A,A,H,-,C,A,0,,,,,Y,,A,01,0,0,2,0,0,0,0,0,0,"- ","- ",,,"CONTRA COSTA",CONCORD,-122.03015986,37.979699959999998
6779557,2014,2015-02-11,0704,2014-12-23,1353,454,,2,5,6,0704,0,0,0,,0,001,"CONCORD AV","HARRISON ST",0.00,,Y,A,-,N,,,,,,,,,,N,4,0,1,2,A,-,10,21950,A,N,G,B,B,A,H,-,A,A,0,Y,,,,Y,,A,01,0,0,1,0,1,0,0,0,0,"- ","- ",,,"CONTRA COSTA",CONCORD,-122.03868986000001,37.977939970000001
6779558,2014,2015-02-11,0704,2014-12-22,2059,0551,,1,5,6,0704,0,0,0,,0,001,"TREAT BL","BEL AIR DR",0.00,,Y,A,-,N,,,,,,,,,,N,2,0,1,2,A,-,11,21955,,N,A,B,D,A,H,-,C,A,0,Y,,,,Y,Y,N,60,1,0,0,0,1,0,0,0,0,"- ","- ",,,"CONTRA COSTA",CONCORD,-121.99426995,37.962109939999998
6779559,2014,2015-02-11,0704,2014-12-22,1958,539,,1,5,6,0704,0,0,0,,0,004,"OAKLAND AV","ATLANTIC ST",46.00,N,N,A,-,N,,,,,,,,,,N,2,0,1,2,A,-,11,21954,A,N,G,B,D,A,H,-,C,D,0,Y,,,,Y,,N,60,1,0,0,0,1,0,0,0,0,"- ","- ",,,"CONTRA COSTA",CONCORD,-122.02824181,37.973430460000003
6779560,2014,2015-02-25,0704,2014-12-22,1723,550,,1,5,6,0704,0,0,0,,0,003,"OAK GROVE RD","PEACH PL",36.00,E,N,A,-,N,,,,,,,,,,Y,4,0,3,2,A,-,09,21801,A,N,D,C,A,A,H,-,C,D,0,,,,,Y,,A,01,0,0,3,0,0,0,0,0,0,"- ","- ",,,"CONTRA COSTA",CONCORD,-122.03809613999999,37.95473741
6779561,2014,2016-05-14,0704,2014-12-18,1818,454,,4,5,6,0704,0,0,0,,0,001,"CONCORD AV","RT 242",138.00,E,N,B,-,Y,CC,4,242,-,R,1.457,R,4,S,Y,3,0,1,2,A,-,03,22350,,N,C,C,A,A,H,-,C,A,0,,,,,Y,Y,A,01,0,1,0,0,0,0,0,0,0,"- ",SO,,,"CONTRA COSTA",CONCORD,-122.04342969,37.978818259999997
6779562,2014,2015-02-12,0704,2014-12-10,1837,280,,3,5,6,0704,0,0,0,,0,004,"CONCORD BL","2ND ST",132.00,W,N,B,-,N,,,,,,,,,,N,3,0,1,2,A,-,11,21950,B,N,G,B,C,A,H,-,C,D,0,Y,,,,Y,Y,N,60,0,1,0,0,1,0,0,0,0,"- ","- ",,,"CONTRA COSTA",CONCORD,-122.02756681,37.977373129999997
6779563,2014,2015-02-12,0704,2014-12-18,1118,0426,,4,5,6,0704,0,0,0,,0,003,"DAVID AV","GETOUN DR",0.00,,Y,A,-,N,,,,,,,,,,Y,4,0,1,2,A,-,03,22350,,N,C,C,A,A,H,-,A,D,0,,,,,Y,,A,01,0,0,1,0,0,0,0,0,0,"- ","- ",,,"CONTRA COSTA",CONCORD,-122.03423986,37.940699969999997
6779564,2014,2015-02-12,0704,2014-12-18,0735,0426,,4,5,6,0704,0,0,0,,0,003,"TREAT BL","SAN SIMEON DR",618.00,E,N,B,-,N,,,,,,,,,,N,4,0,1,2,A,-,03,22350,,N,C,-,A,B,H,-,A,D,0,,,,,Y,,A,07,0,0,1,0,0,0,0,0,0,"- ","- ",,,"CONTRA COSTA",CONCORD,-122.01671361,37.944306570000002
6779565,2014,2015-02-12,0704,2014-12-16,0801,0425,,2,5,6,0704,0,0,0,,0,003,"OAK GROVE RD","TREAT BL",0.00,,Y,B,-,N,,,,,,,,,,N,4,0,1,2,A,-,03,22350,,N,C,C,A,B,H,-,A,A,0,,,,,Y,,-,,0,0,1,0,0,0,0,0,0,"- ","- ",,,"CONTRA COSTA",CONCORD,-122.02504996,37.93872992
6779566,2014,2015-02-12,0704,2014-12-16,0655,549,,2,5,6,0704,0,0,0,,0,004,"CONCORD BL","COLFAX ST",2.00,W,N,A,-,N,,,,,,,,,,N,2,0,1,2,D,-,00,,,N,-,G,A,A,H,-,B,A,0,,Y,,,Y,,-,"- ",1,0,0,0,0,0,1,0,0,"- ","- ",,,"CONTRA COSTA",CONCORD,-122.03125597,37.976677199999997
6779567,2014,2015-02-12,0704,2014-12-15,1937,556,,1,5,6,0704,0,0,0,,0,001,"EAST ST","BACON ST",0.00,,Y,B,C,N,,,,,,,,,,N,4,0,1,2,A,-,10,21950,A,N,G,B,B,B,H,-,C,A,0,Y,,,,Y,,A,01,0,0,1,0,1,0,0,0,0,"- ","- ",,,"CONTRA COSTA",CONCORD,-122.03388995,37.982459890000001
6779568,2014,2015-02-12,0704,2014-12-15,0637,0347,,1,5,6,0704,0,0,0,,0,,"SUN VALLEY BL","CONTRA COSTA BL",300.00,E,N,C,-,N,,,,,,,,,,Y,4,0,1,2,A,-,12,21453,A,N,D,C,A,B,H,-,B,A,0,,,,,Y,,A,01,0,0,1,0,0,0,0,0,0,"- ","- ",,,"CONTRA COSTA",CONCORD,-122.06091875,37.962944790000002
6779569,2014,2015-02-12,0704,2014-12-13,1851,556,,6,5,6,0704,0,0,0,,0,001,"WILLOW PASS RD","GALINDO ST",0.00,,Y,B,-,N,,,,,,,,,,Y,4,0,1,2,A,-,03,22350,,N,D,C,A,A,H,-,C,A,0,,,,,Y,,A,01,0,0,1,0,0,0,0,0,0,"- ","- ",,,"CONTRA COSTA",CONCORD,-122.03518991,37.976039880000002
6780122,2014,2016-05-06,9370,2014-12-30,1040,19469,,2,1,5,0710,0,1,1,,2,082,"RT 80","CENTRAL AV",100.00,W,N,A,-,Y,CC,4,80,-,-,0.200,H,-,W,Y,4,0,1,2,D,-,00,,,N,B,C,A,A,H,-,A,D,6,,,,Y,Y,,-,"- ",0,0,1,0,0,0,0,0,0,"- ","- ",37.900570000000002,-122.31068999999999,"CONTRA COSTA",RICHMOND,-122.31063288999999,37.900491330000001
6780459,2014,2015-02-11,9320,2014-12-20,1710,19605,,6,2,5,0708,0,1,3,,2,404,"RT 4 E","LOVERIDGE RD",500.00,W,N,B,-,Y,,,,,,,,,,N,4,0,1,2,A,-,04,21703,,N,C,C,A,A,H,-,D,D,0,,,,,Y,,A,07,0,0,1,0,0,0,0,0,0,"- ","- ",,,"CONTRA COSTA",PITTSBURG,-121.86933471,38.012121290000003
6780463,2014,2016-05-14,9320,2014-12-14,1349,19253,,7,1,6,0704,0,1,3,,2,242,"RT 242 S","CONCORD AV",1000.00,S,N,A,-,Y,CC,4,242,-,R,1.280,H,-,S,Y,2,0,2,1,A,-,08,22107,,F,E,I,A,A,H,-,A,D,1,,,,,Y,,A,01,1,0,1,0,0,0,0,0,0,"- ","- ",,,"CONTRA COSTA",CONCORD,-122.04474152,37.976523579999999
6780471,2014,2016-06-13,9320,2014-12-30,1728,10179,,2,2,3,0792,0,1,3,,2,240,"RT 24 E","SAINT STEPHENS DR",19.00,E,N,A,-,Y,CC,4,24,-,R,3.470,H,-,E,Y,4,0,2,3,A,-,04,21703,,N,C,C,A,A,H,-,C,D,1,,,,,Y,,A,01,0,0,2,0,0,0,0,0,0,"- ","- ",,,"CONTRA COSTA",ORINDA,-122.17114091000001,37.891401420000001
6780673,2015,2015-02-25,0710,2015-01-09,1815,1662,0710,5,5,5,0710,0,0,0,,0,004,"21ST ST","MACDONALD AV",10.00,N,N,B,-,N,,,,,,,,,,N,4,0,1,2,A,-,05,21202,A,N,B,G,A,A,H,-,C,A,0,,Y,,,Y,,L,04,0,0,1,0,0,0,1,0,0,"- ","- ",,,"CONTRA COSTA",RICHMOND,-122.34955975,37.935767470000002
6780779,2014,2015-02-18,0710,2014-09-19,1125,1505,,5,5,5,0710,0,0,0,,0,007,"MACDONALD AV","24TH ST",50.00,E,N,A,-,N,,,,,,,,,,N,4,0,1,2,A,-,08,22107,,N,D,C,A,A,H,-,A,D,0,,,,,Y,Y,A,08,0,0,1,0,0,0,0,0,0,"- ","- ",,,"CONTRA COSTA",RICHMOND,-122.34616846,37.935549819999999
6780787,2014,2016-02-29,0710,2014-10-18,1716,1652,,6,5,5,0710,0,0,0,,0,003,"CUTTING BL","SOUTH 49TH",0.00,,Y,A,-,N,,,,,,,,,,N,4,0,1,2,A,-,12,21453,A,N,D,D,A,A,H,-,A,A,0,,,,,Y,,A,01,0,0,1,0,0,0,0,0,0,"- ","- ",,,"CONTRA COSTA",RICHMOND,-122.32357992,37.925549889999999
6780791,2014,2015-02-18,0710,2014-10-14,2358,1641,,2,5,5,0710,0,0,0,,0,005,"PENNSYLVANIA AV","8TH ST",24.00,W,N,A,-,N,,,,,,,,,,N,4,0,1,3,A,-,05,21650,,N,C,E,A,A,H,-,C,D,0,,,,,Y,,A,01,0,0,1,0,0,0,0,0,0,"- ","- ",,,"CONTRA COSTA",RICHMOND,-122.36179324,37.942589050000002
6780843,2014,2015-01-28,0701,2014-07-31,1126,3799,,4,5,5,0701,0,0,0,,0,001,"W 10TH ST","O ST",21.00,W,N,A,-,N,,,,,,,,,,N,4,0,1,2,A,-,09,21800,A,N,D,G,A,A,H,-,A,D,0,,Y,,,Y,,A,01,0,0,1,0,0,0,1,0,0,"- ","- ",,,"CONTRA COSTA",ANTIOCH,-121.82350291,38.01126
6780847,2014,2015-01-28,0701,2014-07-25,2221,5320,,5,5,5,0701,0,0,0,,0,004,"GENTRYTOWN DR","PUTNAM ST",245.00,S,N,A,-,N,,,,,,,,,,N,3,0,1,2,A,-,11,21954,A,N,G,B,D,A,H,-,C,D,0,Y,,,,Y,,N,60,0,1,0,0,1,0,0,0,0,"- ","- ",,,"CONTRA COSTA",ANTIOCH,-121.84018929,37.989637289999997
6780933,2014,2015-02-11,0701,2014-08-18,1708,4265,,1,5,5,0701,0,0,0,,0,004,"LONE TREE WY","DAVISON DR",69.00,S,N,A,-,N,,,,,,,,,,Y,4,0,1,1,C,-,18,,,N,E,I,A,A,H,-,A,A,0,,,,,Y,,-,"- ",0,0,1,0,0,0,0,0,0,"- ","- ",,,"CONTRA COSTA",ANTIOCH,-121.8059221,37.984881000000001
6780945,2014,2015-02-17,0701,2014-08-29,0530,5228,103,5,5,5,0701,0,0,0,,0,002,"A ST","E 7TH ST",0.00,,Y,A,-,N,,,,,,,,,,Y,2,0,1,2,A,-,09,21804,A,N,D,C,A,A,H,-,C,A,0,,,Y,,Y,,A,01,1,0,0,0,0,0,0,0,1,"- ","- ",,,"CONTRA COSTA",ANTIOCH,-121.80626995999999,38.013329939999998
6780958,2014,2015-02-11,0701,2014-08-16,2340,5236,207,6,5,5,0701,0,0,0,,0,002,"SUNSET DR","CAVALLO RD",0.00,,Y,A,-,N,,,,,,,,,,N,3,0,1,2,A,-,11,21954,A,N,G,B,E,A,H,-,C,D,0,Y,,,,Y,Y,N,60,0,1,0,0,1,0,0,0,0,"- ","- ",,,"CONTRA COSTA",ANTIOCH,-121.79788999,37.998719889999997
6781093,2014,2015-02-12,9370,2014-12-16,1910,017211,,2,2,9,0700,0,3,5,,2,010,"CHESLEY AV","5TH ST",0.00,,Y,B,-,N,,,,,,,,,,N,4,0,1,2,A,-,10,21950,A,F,G,B,B,B,H,-,C,D,0,Y,,,,Y,,A,01,0,0,1,0,1,0,0,0,0,"- ","- ",37.954909999999998,-122.36417,"CONTRA COSTA",UNINCORPORATED,-122.36419986,37.954739979999999