CASE_ID,ACCIDENT_YEAR,PROC_DATE,JURIS,COLLISION_DATE,COLLISION_TIME,OFFICER_ID,REPORTING_DISTRICT,DAY_OF_WEEK,CHP_SHIFT,POPULATION,CNTY_CITY_LOC,SPECIAL_COND,BEAT_TYPE,CHP_BEAT_TYPE,CITY_DIVISION_LAPD,CHP_BEAT_CLASS,BEAT_NUMBER,PRIMARY_RD,SECONDARY_RD,DISTANCE,DIRECTION,INTERSECTION,WEATHER_1,WEATHER_2,STATE_HWY_IND,CALTRANS_COUNTY,CALTRANS_DISTRICT,STATE_ROUTE,ROUTE_SUFFIX,POSTMILE_PREFIX,POSTMILE,LOCATION_TYPE,RAMP_INTERSECTION,SIDE_OF_HWY,TOW_AWAY,COLLISION_SEVERITY,NUMBER_KILLED,NUMBER_INJURED,PARTY_COUNT,PRIMARY_COLL_FACTOR,PCF_CODE_OF_VIOL,PCF_VIOL_CATEGORY,PCF_VIOLATION,PCF_VIOL_SUBSECTION,HIT_AND_RUN,TYPE_OF_COLLISION,MVIW,PED_ACTION,ROAD_SURFACE,ROAD_COND_1,ROAD_COND_2,LIGHTING,CONTROL_DEVICE,CHP_ROAD_TYPE,PEDESTRIAN_ACCIDENT,BICYCLE_ACCIDENT,MOTORCYCLE_ACCIDENT,TRUCK_ACCIDENT,NOT_PRIVATE_PROPERTY,ALCOHOL_INVOLVED,STWD_VEHTYPE_AT_FAULT,CHP_VEHTYPE_AT_FAULT,COUNT_SEVERE_INJ,COUNT_VISIBLE_INJ,COUNT_COMPLAINT_PAIN,COUNT_PED_KILLED,COUNT_PED_INJURED,COUNT_BICYCLIST_KILLED,COUNT_BICYCLIST_INJURED,COUNT_MC_KILLED,COUNT_MC_INJURED,PRIMARY_RAMP,SECONDARY_RAMP,LATITUDE,LONGITUDE,COUNTY,CITY,POINT_X,POINT_Y
7032431,2015,2015-09-02,0702,2015-07-06,1624,547E,08:30,1,5,3,0702,0,0,0,,0,0B3,"1ST ST","DELTA AV",32.00,N,N,A,-,N,,,,,,,,,,Y,4,0,1,2,A,-,08,22107,,N,C,E,A,A,H,-,A,D,0,,,,,Y,,A,01,0,0,1,0,0,0,0,0,0,"- ","- ",,,"CONTRA COSTA",BRENTWOOD,-121.69236404999999,37.929881780000002
7032442,2015,2015-08-27,0704,2015-07-04,2050,472,,6,5,6,0704,0,0,0,,0,005,"CONCORD BL","MENDOCINO DR",236.00,E,N,A,-,N,,,,,,,,,,N,4,0,2,2,A,-,03,22350,,N,C,C,A,-,-,-,-,A,0,,,,,Y,,A,07,0,0,2,0,0,0,0,0,0,"- ","- ",,,"CONTRA COSTA",CONCORD,-121.98673605,37.975936580000003
7033446,2015,2016-07-20,0740,2015-07-23,1611,SR040,SR72,4,5,4,0791,0,0,0,,0,001,"SAN RAMON VALLEY BL","NORRIS CANYON RD",450.00,N,N,A,-,N,,,,,,,,,,Y,4,0,1,2,A,-,09,21804,A,N,D,C,A,A,H,-,A,A,0,,,,,Y,,A,01,0,0,1,0,0,0,0,0,0,"- ","- ",,,"CONTRA COSTA","SAN RAMON",-121.97417571,37.772215879999997
7033447,2015,2015-08-21,0740,2015-07-13,1026,SR060,72,1,5,4,0791,0,0,0,,0,003,"ALCOSTA BL","OVERLOOK DR",245.00,N,N,A,-,N,,,,,,,,,,N,4,0,1,2,A,-,09,21801,A,N,C,C,A,A,H,-,A,A,0,,,,,Y,,A,07,0,0,1,0,0,0,0,0,0,"- ","- ",,,"CONTRA COSTA","SAN RAMON",-121.95433045999999,37.76789496
7033448,2015,2015-08-20,0740,2015-07-29,0605,15,72,3,5,4,0791,0,0,0,,0,005,"DOUGHERTY RD","BOLLINGER CANYON RD",55.00,N,N,A,-,N,,,,,,,,,,Y,3,0,1,1,A,-,01,23152,B,N,E,J,A,A,H,-,B,A,0,,,,,Y,Y,A,07,0,1,0,0,0,0,0,0,0,"- ","- ",,,"CONTRA COSTA","SAN RAMON",-121.92507602000001,37.773708650000003
7033449,2015,2015-08-21,0712,2015-07-21,1654,P484,WCPD,2,5,5,0712,0,0,0,,0,003,"CIVIC DR",PARKSIDE,0.00,N,N,A,-,N,,,,,,,,,,Y,3,0,1,2,A,-,21,22106,,N,D,C,A,A,H,-,A,D,0,,,Y,,Y,,A,01,0,1,0,0,0,0,0,0,1,"- ","- ",,,"CONTRA COSTA","WALNUT CREEK",-122.06008995000001,37.911729940000001
7033450,2015,2015-08-21,0712,2015-07-19,1130,P535,30,7,5,5,0712,0,0,0,,0,003,"YGNACIO VALLEY RD","OAK GROVE RD",1000.00,E,N,A,-,N,,,,,,,,,,Y,3,0,1,2,A,-,01,23152,A,F,B,G,A,A,H,-,A,D,0,,Y,,,Y,Y,A,01,0,1,0,0,0,0,1,0,0,"- ","- ",,,"CONTRA COSTA","WALNUT CREEK",-122.0114425,37.928432479999998
7033451,2015,2015-08-21,0712,2015-07-29,1413,323,,3,5,5,0712,0,0,0,,0,003,"TREAT BL","BANCROFT RD",300.00,E,N,A,-,N,,,,,,,,,,Y,4,0,1,2,A,-,07,21658,A,N,B,C,A,A,H,-,A,A,0,,,,,Y,,A,01,0,0,1,0,0,0,0,0,0,"- ","- ",,,"CONTRA COSTA","WALNUT CREEK",-122.04168649,37.929662800000003
7033458,2015,2017-01-28,9390,2015-07-14,1218,016178,,2,1,4,0790,0,1,1,,2,068,"RT 680","FOSTORIA WY",700.00,N,N,B,-,Y,CC,4,680,-,R,4.610,H,-,N,Y,3,0,1,3,A,-,07,21658,A,N,B,C,A,A,H,-,A,D,1,,,,,Y,,A,08,0,1,0,0,0,0,0,0,0,"- ","- ",37.781910000000003,-121.97735,"CONTRA COSTA",DANVILLE,-121.97814803,37.782906169999997
7033703,2015,2015-08-26,9320,2015-07-21,1109,019195,,2,1,9,0700,0,3,5,,2,010,"JANA VISTA RD","WESLEY WY",55.00,E,N,A,-,N,,,,,,,,,,Y,3,0,1,4,A,-,01,23152,A,N,D,E,A,A,H,-,A,D,0,,,,,Y,Y,D,22,0,1,0,0,0,0,0,0,0,"- ","- ",,,"CONTRA COSTA",UNINCORPORATED,-122.30619412,37.964018629999998
7034105,2015,2015-09-02,0701,2015-04-15,1638,2372,409,3,5,5,0701,0,0,0,,0,004,"LONE TREE WY","RIDGEROCK DR",45.00,S,N,A,-,N,,,,,,,,,,N,3,0,1,2,C,-,18,,,N,C,C,A,A,H,-,A,A,0,,,,,Y,,-,"- ",0,1,0,0,0,0,0,0,0,"- ","- ",,,"CONTRA COSTA",ANTIOCH,-121.80541329,37.98093987
7034254,2015,2015-09-11,0708,2015-08-03,2004,P336,,1,5,5,0708,0,0,0,,0,001,"W 10TH ST","CUTTER ST",0.00,,-,A,-,N,,,,,,,,,,N,3,0,2,2,A,-,09,21804,A,N,D,G,A,A,H,-,B,A,0,,Y,,,Y,,L,04,0,2,0,0,0,0,2,0,0,"- ","- ",,,"CONTRA COSTA",PITTSBURG,-121.88893993000001,38.028849909999998
7034263,2015,2015-09-11,0740,2015-08-06,0858,53,72,4,5,4,0791,0,0,0,,0,003,"BOLLINGER CANYON RD","CHEVRON DR",148.00,W,N,A,-,N,,,,,,,,,,Y,4,0,1,3,A,-,03,22350,,N,C,C,A,A,H,-,A,A,0,,,,,Y,,A,01,0,0,1,0,0,0,0,0,0,"- ","- ",,,"CONTRA COSTA","SAN RAMON",-121.96060941,37.761217090000002
7034264,2015,2015-09-11,0712,2015-08-07,1415,P378,,5,5,5,0712,0,0,0,,0,002,"N MAIN ST","3RD AV",500.00,S,N,A,-,N,,,,,,,,,,N,4,0,1,2,A,-,03,22350,,N,C,C,A,A,H,-,A,D,0,,,,,Y,,A,08,0,0,1,0,0,0,0,0,0,"- ","- ",,,"CONTRA COSTA","WALNUT CREEK",-122.06540305999999,37.918226449999999
7034266,2015,2015-09-11,0712,2015-08-05,1240,P518,,3,5,5,0712,0,0,0,,0,,"YGNACIO VALLEY RD","WALNUT BL",25.00,E,N,A,-,N,,,,,,,,,,Y,4,0,1,2,A,-,03,22350,,N,C,C,A,A,H,-,A,A,0,,,,,Y,,A,01,0,0,1,0,0,0,0,0,0,"- ","- ",,,"CONTRA COSTA","WALNUT CREEK",-122.05485233,37.908181259999999
7036724,2015,2015-09-08,0704,2015-08-06,2131,280,,4,5,6,0704,0,0,0,,0,004,"SALVIO ST","GRANT ST",193.00,W,N,A,-,N,,,,,,,,,,N,3,0,1,3,A,-,21,22106,,N,H,C,E,A,H,-,C,D,0,Y,,,Y,Y,,F,26,0,1,0,0,1,0,0,0,0,"- ","- ",,,"CONTRA COSTA",CONCORD,-122.03412661,37.977690289999998
7036759,2015,2015-08-28,0709,2015-07-20,0746,423,1190,1,5,4,0709,0,0,0,,0,002,"TAYLOR BL","RUTH DR",0.00,,Y,A,-,N,,,,,,,,,,Y,4,0,1,2,A,-,03,22350,,N,C,C,A,A,H,-,A,A,0,,,,,Y,,-,,0,0,1,0,0,0,0,0,0,"- ","- ",,,"CONTRA COSTA","PLEASANT HILL",-122.0656199,37.96164993
7036763,2015,2017-01-28,0709,2015-07-27,0931,401,,1,5,4,0709,0,0,0,,0,,"MONUMENT BL","RT 680",0.00,,Y,A,-,Y,CC,4,680,-,R,17.865,R,4,N,Y,3,0,1,2,A,-,12,21453,A,N,A,C,A,A,H,-,A,A,0,,,,,Y,,-,,0,1,0,0,0,0,0,0,0,"- ","- ",,,"CONTRA COSTA","PLEASANT HILL",-122.05690795,37.9479477
7036771,2015,2015-09-04,0709,2015-08-05,1143,401,3020,3,5,4,0709,0,0,0,,0,002,"CONTRA COSTA BL","CRESCENT DR",0.00,,Y,A,-,N,,,,,,,,,,Y,4,0,1,2,A,-,12,21453,A,N,D,C,A,A,H,-,A,A,0,,,,,Y,,-,,0,0,1,0,0,0,0,0,0,"- ","- ",,,"CONTRA COSTA","PLEASANT HILL",-122.06039986,37.946839910000001
7036775,2015,2015-09-26,0709,2015-08-03,1459,368,3030,1,5,4,0709,0,0,0,,0,002,"CONTRA COSTA BL","AUDREY LN",30.00,N,N,A,-,N,,,,,,,,,,Y,4,0,1,2,A,-,07,21658,A,N,B,C,A,A,H,-,A,A,0,,,,,Y,,-,,0,0,1,0,0,0,0,0,0,"- ","- ",,,"CONTRA COSTA","PLEASANT HILL",-122.06253513999999,37.965781530000001
7036787,2015,2016-07-19,0704,2015-08-13,0859,472,,4,5,6,0704,0,0,0,,0,005,"WILLOW PASS RD","LANDANA DR",84.00,S,N,A,-,N,,,,,,,,,,Y,4,0,1,3,A,-,09,21802,A,N,D,C,A,A,H,-,A,A,0,,,,,Y,,A,01,0,0,1,0,0,0,0,0,0,"- ","- ",,,"CONTRA COSTA",CONCORD,-122.00586856,37.989904009999997
7036791,2015,2015-09-04,0704,2015-08-15,1457,525,,6,5,6,0704,0,0,0,,0,006,"KIRKER PASS RD","MYRTLE DR",0.00,,Y,A,-,N,,,,,,,,,,N,4,0,1,2,A,-,03,22350,,N,C,C,A,A,H,-,A,A,0,,,,,Y,,D,22,0,0,1,0,0,0,0,0,0,"- ","- ",,,"CONTRA COSTA",CONCORD,-121.94618998,37.959799949999997
7037060,2015,2015-08-26,0704,2015-08-16,1800,523,,7,5,6,0704,0,0,0,,0,006,"BAILEY RD","MYRTLE DR",0.00,,Y,A,-,N,,,,,,,,,,Y,3,0,1,2,A,-,03,22350,,N,E,C,A,A,H,-,A,D,0,,,,,Y,,A,01,0,1,0,0,0,0,0,0,0,"- ","- ",,,"CONTRA COSTA",CONCORD,-121.96828993,37.973179960000003
7037217,2015,2017-01-24,9350,2015-07-27,1110,10586,,1,1,9,0700,0,1,1,,2,115,"RT 580","MARIN CO LINE",2640.00,E,N,A,-,Y,CC,4,580,-,-,7.290,H,-,W,Y,4,0,2,4,A,-,04,21703,,N,C,C,A,A,H,-,A,D,1,,,,,Y,,A,01,0,0,2,0,0,0,0,0,0,"- ","- ",,,"CONTRA COSTA",UNINCORPORATED,-122.42471528,37.933775560000001
7037226,2015,2015-09-02,0709,2015-07-27,0921,345,3100,1,5,4,0709,0,0,0,,0,001,"CONTRA COSTA BL","VIVIAN DR",0.00,,Y,A,-,N,,,,,,,,,,N,3,0,1,1,A,-,05,21650,,N,E,I,A,A,H,-,A,A,0,,,,,Y,,-,,0,1,0,0,0,0,0,0,0,"- ","- ",,,"CONTRA COSTA","PLEASANT HILL",-122.06022996999999,37.951709970000003
7037871,2015,2015-08-29,0708,2015-07-27,0115,P324,,1,5,5,0708,0,0,0,,0,002,"PITTSBURG ANTIOCH HWY","EAST 14TH ST",0.00,,N,A,-,N,,,,,,,,,,Y,2,0,2,1,A,-,01,23152,,N,E,I,A,A,H,-,C,A,0,,,,,Y,Y,A,01,1,0,1,0,0,0,0,0,0,"- ","- ",38.164900000000003,-121.52131,"CONTRA COSTA",PITTSBURG,-121.87276987,38.019389889999999
7037872,2015,2015-08-29,0708,2015-07-26,0537,P324,,7,5,5,0708,0,0,0,,0,002,"PITTSBURG ANTIOCH HWY","LOVERIDGE RD",0.00,,N,A,-,N,,,,,,,,,,Y,3,0,3,1,A,-,03,22350,,N,-,I,A,A,H,-,B,A,0,,,,,Y,,A,01,0,2,1,0,0,0,0,0,0,"- ","- ",38.119999999999997,-121.5217,"CONTRA COSTA",PITTSBURG,-121.85998986,38.015099900000003
7038243,2015,2015-09-03,0707,2015-08-18,2102,214,,2,5,3,0707,0,0,0,,0,003,"FITZGERALD DR","PINOLE VISTA",0.00,W,N,A,-,N,,,,,,,,,,N,4,0,1,2,A,-,03,22350,,N,C,C,A,A,H,-,C,A,0,,,,,Y,,A,01,0,0,1,0,0,0,0,0,0,"- ","- ",,,"CONTRA COSTA",PINOLE,,
7038735,2015,2015-09-04,0704,2015-08-07,2316,0483,,5,5,6,0704,0,0,0,,0,005,"WILLOW PASS RD","AVILA RD",2350.00,S,N,A,-,N,,,,,,,,,,Y,4,0,2,2,A,-,03,22350,,N,C,C,A,A,D,-,D,D,0,,,,,Y,,A,01,0,0,2,0,0,0,0,0,0,"- ","- ",,,"CONTRA COSTA",CONCORD,-121.9991514,38.004957130000001
7038739,2015,2015-09-04,0704,2015-08-11,1856,560,,2,5,6,0704,0,0,0,,0,002,"DIAMOND BL","CONCORD AV",265.00,S,N,A,-,N,,,,,,,,,,Y,3,0,1,2,A,-,03,22350,,N,C,C,A,A,H,-,A,D,0,,,,,Y,,A,01,0,1,0,0,0,0,0,0,0,"- ","- ",,,"CONTRA COSTA",CONCORD,-122.06086619,37.977482940000002
7038743,2015,2015-09-04,0704,2015-08-14,1656,386,,5,5,6,0704,0,0,0,,0,005,"WILLOW PASS RD","AVILA RD",1584.00,S,N,A,-,N,,,,,,,,,,Y,4,0,2,2,A,-,03,22350,,N,C,C,A,A,H,-,A,D,0,,,,,Y,,A,01,0,0,2,0,0,0,0,0,0,"- ","- ",,,"CONTRA COSTA",CONCORD,-121.99849459000001,38.006996020000003
7038747,2015,2015-09-04,0704,2015-08-17,0657,472,,1,5,6,0704,0,0,0,,0,006,"KIRKER PASS","MYRTLE DR",56.00,N,N,A,-,N,,,,,,,,,,Y,4,0,1,2,A,-,03,22350,,N,C,C,A,A,H,-,A,A,0,,,,,Y,,A,07,0,0,1,0,0,0,0,0,0,"- ","- ",,,"CONTRA COSTA",CONCORD,-121.94604764,37.959904680000001
7038755,2015,2015-09-04,0709,2015-08-06,1911,430,3030,4,5,4,0709,0,0,0,,0,002,"CONTRA COSTA BL","SUNVALLEY BL",50.00,N,N,A,-,N,,,,,,,,,,N,3,0,1,2,A,-,09,21804,A,N,D,C,A,A,H,-,A,A,0,,,,,Y,,-,,0,1,0,0,0,0,0,0,0,"- ","- ",,,"CONTRA COSTA","PLEASANT HILL",-122.06174611,37.962555780000002
7039108,2015,2015-08-29,0702,2015-06-28,1056,490M,418B,7,5,3,0702,0,0,0,,0,0B4,"BALFOUR RD","CLEARVIEW DR",24.00,E,N,A,-,N,,,,,,,,,,Y,3,0,1,1,A,-,08,22107,,N,E,I,A,A,H,-,A,D,0,,,,,Y,,A,01,0,1,0,0,0,0,0,0,0,"- ","- ",,,"CONTRA COSTA",BRENTWOOD,-121.71969679999999,37.925431340000003
7039607,2015,2015-12-08,0716,2015-07-21,1013,169,R1,2,5,3,0716,0,0,0,,0,001,"RHEEM BL","CENTER ST",412.00,W,N,A,-,N,,,,,,,,,,N,4,0,1,2,D,-,00,,,N,H,G,A,A,H,-,A,D,0,,Y,,,Y,,-,"- ",0,0,1,0,0,0,1,0,0,"- ","- ",,,"CONTRA COSTA",MORAGA,-122.12624793000001,37.860704820000002
7039722,2015,2015-09-01,0716,2015-07-07,1048,169,R8,2,5,3,0716,0,0,0,,0,002,"CAMINO PABLO","SANDERS RANCH RD",0.00,,Y,A,-,N,,,,,,,,,,N,3,0,1,2,A,-,12,22450,,N,G,B,B,A,H,-,A,A,0,Y,,,,Y,,-,,0,1,0,0,1,0,0,0,0,"- ","- ",,,"CONTRA COSTA",MORAGA,-122.11627987999999,37.814289969999997
7040117,2014,2015-08-31,0701,2014-12-06,1916,5431,501,6,5,5,0701,0,0,0,,0,003,"EAST TREGALLAS RD","LONE TREE WY",18.00,E,N,B,-,N,,,,,,,,,,N,4,0,1,2,A,-,03,22350,,M,C,C,A,B,H,-,C,A,0,,,,,Y,,A,01,0,0,1,0,0,0,0,0,0,"- ","- ",,,"CONTRA COSTA",ANTIOCH,-121.80641819,37.996172369999996
7040534,2015,2015-12-29,0705,2015-08-21,0844,E183,PATRO,5,5,3,0705,0,0,0,,0,011,"POTRERO AV","LEXINGTON AV",0.00,,Y,A,-,N,,,,,,,,,,Y,4,0,1,2,A,-,09,21801,A,N,D,C,A,A,H,-,A,D,0,,,,,Y,,A,01,0,0,1,0,0,0,0,0,0,"- ","- ",,,"CONTRA COSTA","EL CERRITO",-122.31337997999999,37.921179950000003
7040859,2015,2015-08-31,0711,2015-08-08,2249,1053,,6,5,4,0711,0,0,0,,0,001,"SAN PABLO AV","LAURIE LN",10.00,N,N,A,-,N,,,,,,,,,,Y,3,0,2,1,A,-,03,22350,,M,-,I,A,-,-,-,C,A,0,,,,,Y,Y,-,"- ",0,2,0,0,0,0,0,0,0,"- ","- ",,,"CONTRA COSTA","SAN PABLO",-122.34497983,37.965186260000003
7041126,2015,2015-09-21,0701,2015-01-19,1638,5320,301,1,5,5,0701,0,0,0,,0,003,"DELTA FAIR BL","BELLE DR",0.00,,Y,A,-,N,,,,,,,,,,N,3,0,1,2,A,-,05,21202,A,F,D,G,A,A,H,-,A,A,0,,Y,,,Y,,L,04,0,1,0,0,0,0,1,0,0,"- ","- ",,,"CONTRA COSTA",ANTIOCH,-121.8536599,38.004739950000001
7041150,2015,2015-09-21,0701,2015-01-16,1831,5321,505,5,5,5,0701,0,0,0,,0,003,"LONE TREE WY","JAMES DONLON BL",0.00,,Y,A,-,N,,,,,,,,,,N,4,0,1,2,A,-,17,21100,3,N,D,G,A,A,H,-,C,A,0,,Y,,,Y,,L,04,0,0,1,0,0,0,1,0,0,"- ","- ",,,"CONTRA COSTA",ANTIOCH,-121.80560991,37.981059969999997
7041154,2015,2015-09-21,0701,2015-01-19,0846,5319,513,1,5,5,0701,0,0,0,,0,003,"DEER VALLEY RD","EMPIRE MINE RD",60.00,N,N,A,-,N,,,,,,,,,,Y,4,0,1,1,A,-,03,22350,,N,F,A,A,B,H,-,A,D,0,,,,,Y,,A,01,0,0,1,0,0,0,0,0,0,"- ","- ",,,"CONTRA COSTA",ANTIOCH,-121.77802835999999,37.93327455
7041158,2015,2015-09-21,0701,2015-01-07,1122,5320,202,3,5,5,0701,0,0,0,,0,002,"F ST","W 13TH ST",25.00,E,N,A,-,N,,,,,,,,,,N,4,0,1,2,A,-,11,21954,A,N,G,B,D,A,H,-,A,A,0,Y,,,,Y,,N,60,0,0,1,0,1,0,0,0,0,"- ","- ",,,"CONTRA COSTA",ANTIOCH,-121.81251,38.008809999999997
7041167,2015,2015-09-02,0701,2015-02-13,1441,5428,207,5,5,5,0701,0,0,0,,0,002,"HILLCREST AV","SUNSET DR",0.00,,Y,A,-,N,,,,,,,,,,N,4,0,1,2,A,-,12,21453,A,M,D,A,A,A,H,-,A,A,0,,,Y,,Y,,A,01,0,0,1,0,0,0,0,0,1,"- ","- ",,,"CONTRA COSTA",ANTIOCH,-121.78611995,37.997679900000001
7041184,2015,2015-09-01,0701,2015-03-25,1704,5436,406,3,5,5,0701,0,0,0,,0,004,"SAN JOSE DR","BUCHANAN RD",15.00,N,N,A,-,N,,,,,,,,,,N,3,0,1,2,A,-,11,21954,A,N,G,B,E,A,H,-,A,A,0,Y,,,,Y,,N,60,0,1,0,0,1,0,0,0,0,"- ","- ",,,"CONTRA COSTA",ANTIOCH,-121.82970210000001,38.000490069999998
7041190,2015,2015-09-01,0702,2015-02-24,1417,553C,18418,2,5,3,0702,0,0,0,,0,0B4,"BALFOUR RD","MINNESOTA AV",0.00,,Y,A,-,N,,,,,,,,,,Y,3,0,2,2,A,-,01,23152,A,M,E,I,A,A,H,-,A,A,0,,,,,Y,Y,A,01,0,1,1,0,0,0,0,0,0,"- ","- ",,,"CONTRA COSTA",BRENTWOOD,-121.71450987,37.925469929999998
7041191,2015,2015-09-09,0701,2015-02-17,1603,4265,615,2,5,5,0701,0,0,0,,0,003,"SLATTEN RANCH RD","WICKLOW WY",250.00,S,N,A,-,N,,,,,,,,,,Y,4,0,1,1,C,-,18,,,N,E,I,A,A,H,-,A,D,0,,,,,Y,,-,"- ",0,0,1,0,0,0,0,0,0,"- ","- ",,,"CONTRA COSTA",ANTIOCH,-121.73543998,37.966780630000002
7041194,2015,2015-09-16,0701,2015-02-13,1901,5430,,5,5,5,0701,0,0,0,,0,,"DELTA FAIR BL","SAN JOSE DR",144.00,S,N,A,-,N,,,,,,,,,,N,2,0,1,2,C,-,18,,,N,G,B,D,A,H,-,D,D,0,Y,,,,Y,Y,-,"- ",1,0,0,0,1,0,0,0,0,"- ","- ",,,"CONTRA COSTA",ANTIOCH,-121.83793566999999,38.000903090000001
7041195,2015,2015-09-02,0701,2015-02-03,0648,5257,411,2,5,5,0701,0,0,0,,0,004,"JAMES DONLON BL","ROYAL LINKS CIR",0.00,,Y,A,-,N,,,,,,,,,,Y,4,0,1,1,A,-,08,22107,,N,E,I,A,A,H,-,B,D,0,,,,,Y,,A,01,0,0,1,0,0,0,0,0,0,"- ","- ",,,"CONTRA COSTA",ANTIOCH,-121.80984988,37.979899930000002
7041198,2015,2015-09-01,0700,2015-02-03,2343,73562,057,2,5,3,0734,0,0,0,,0,053,"EMPIRE AV","CARPENTER RD",0.00,,Y,A,-,N,,,,,,,,,,Y,4,0,1,2,A,-,03,22350,,N,C,C,A,A,H,-,C,D,0,,,,,Y,,A,01,0,0,1,0,0,0,0,0,0,"- ","- ",,,"CONTRA COSTA",OAKLEY,-121.73246985999999,37.975979940000002
7041199,2015,2015-09-02,0701,2015-02-22,1634,5324,103,7,5,5,0701,0,0,0,,0,001,"W 4TH ST","K ST",0.00,,Y,A,-,N,,,,,,,,,,Y,3,0,2,2,A,-,12,22450,A,N,D,C,A,A,H,-,A,A,0,,,,,Y,,A,01,0,1,1,0,0,0,0,0,0,"- ","- ",,,"CONTRA COSTA",ANTIOCH,-121.81842989,38.015459980000003
7041217,2015,2015-09-01,0701,2015-03-08,0952,4265,406,7,5,5,0701,0,0,0,,0,004,"MIRA VISTA CT","RIO GRANDE DR",0.00,,Y,A,-,N,,,,,,,,,,Y,4,0,1,1,B,-,22,,,N,H,A,A,A,H,-,A,D,0,,,Y,,Y,,-,"- ",0,0,1,0,0,0,0,0,1,"- ","- ",,,"CONTRA COSTA",ANTIOCH,-121.82689999999999,37.995229960000003
7041221,2015,2015-09-01,0701,2015-03-17,1627,5324,504,2,5,5,0701,0,0,0,,0,005,"RIDGEROCK DR","SHALE CIR",0.00,,Y,A,-,N,,,,,,,,,,Y,3,0,1,2,A,-,03,22350,,N,C,C,A,A,H,-,A,D,0,,,,,Y,,A,07,0,1,0,0,0,0,0,0,0,"- ","- ",,,"CONTRA COSTA",ANTIOCH,-121.80221994,37.981069949999998
7041225,2015,2015-09-01,0701,2015-03-03,1658,5317,507,2,5,5,0701,0,0,0,,0,005,"HILLCREST AV","EAST TREGALLAS RD",0.00,,Y,A,-,N,,,,,,,,,,N,4,0,1,2,A,-,05,21650,1,N,B,G,A,A,H,-,A,A,0,,Y,,,Y,,L,04,0,0,1,0,0,0,1,0,0,"- ","- ",,,"CONTRA COSTA",ANTIOCH,-121.78469988000001,37.994879910000002
7041229,2015,2015-09-01,0701,2015-03-12,0505,2372,401,4,5,5,0701,0,0,0,,0,004,"BUCHANAN RD","DELTA FAIR BL",30.00,W,N,A,-,N,,,,,,,,,,N,3,0,1,1,A,-,03,22350,,N,E,I,A,A,H,-,C,A,0,,,Y,,Y,,C,02,0,1,0,0,0,0,0,0,1,"- ","- ",,,"CONTRA COSTA",ANTIOCH,-121.83810412,37.998631469999999
7041309,2015,2016-06-16,0701,2015-04-28,1057,5319,505,2,5,5,0701,0,0,0,,0,005,"MOUNT HAMILTON DR","GOLF COURSE RD",200.00,E,N,A,-,N,,,,,,,,,,Y,2,0,1,1,A,-,05,21650,,N,A,I,A,A,H,-,A,D,0,,,,,Y,,A,01,1,0,0,0,0,0,0,0,0,"- ","- ",,,"CONTRA COSTA",ANTIOCH,-121.8047662,37.967579780000001
7041317,2015,2015-09-01,0701,2015-04-19,1826,5320,104,7,5,5,0701,0,0,0,,0,001,"W 10TH ST","J ST",60.00,E,N,A,-,N,,,,,,,,,,N,4,0,1,3,A,-,03,22350,,N,C,C,A,A,H,-,A,D,0,,,,,Y,,A,01,0,0,1,0,0,0,0,0,0,"- ","- ",,,"CONTRA COSTA",ANTIOCH,-121.81696169999999,38.011189999999999
7041345,2015,2015-09-01,0701,2015-04-18,2349,3343,503,6,5,5,0701,0,0,0,,0,005,"DAVISON DR","GARROW DR",60.00,W,N,A,-,N,,,,,,,,,,Y,4,0,2,1,A,-,03,22350,,N,E,I,A,A,H,-,C,D,0,,,,,Y,,A,01,0,0,2,0,0,0,0,0,0,"- ","- ",,,"CONTRA COSTA",ANTIOCH,-121.79901043,37.985865320000002
7041435,2015,2015-09-03,0702,2015-05-10,1235,549D,29229,7,5,3,0702,0,0,0,,0,0B2,"ADAMS LN","GRANT ST",0.00,,Y,A,-,N,,,,,,,,,,N,2,0,1,1,C,-,18,,,N,E,I,A,A,H,-,A,A,0,,Y,,,Y,,-,"- ",1,0,0,0,0,0,1,0,0,"- ","- ",,,"CONTRA COSTA",BRENTWOOD,-121.70580998,37.953909899999999
7041443,2015,2015-09-16,0712,2015-08-18,0807,P378,,2,5,5,0712,0,0,0,,0,003,"BANCROFT RD","READY RD",0.00,,Y,A,-,N,,,,,,,,,,N,4,0,1,2,A,-,05,21650,1,N,D,G,A,A,H,-,A,D,0,,Y,,,Y,,L,04,0,0,1,0,0,0,1,0,0,"- ","- ",,,"CONTRA COSTA","WALNUT CREEK",-122.03875992,37.925239990000001
7041823,2015,2015-09-08,0701,2015-07-14,1359,2372,204,2,5,5,0701,0,0,0,,0,002,"CAVALLO RD","EAST 13TH ST",3.00,N,N,A,-,N,,,,,,,,,,N,3,0,2,6,A,-,10,21950,A,N,G,B,B,A,H,-,A,A,0,Y,,,,Y,,-,"- ",0,2,0,0,2,0,0,0,0,"- ","- ",,,"CONTRA COSTA",ANTIOCH,-121.79670801,38.008998089999999
7042016,2015,2015-09-09,0712,2015-08-17,1142,P459,,1,5,5,0712,0,0,0,,0,003,"BANCROFT RD","GILL PORT LN",0.00,,Y,A,-,N,,,,,,,,,,Y,4,0,2,2,A,-,09,21801,A,N,D,D,A,A,H,-,A,D,0,,,,,Y,,A,07,0,0,2,0,0,0,0,0,0,"- ","- ",,,"CONTRA COSTA","WALNUT CREEK",-122.04320991,37.930129899999997
7042020,2015,2015-09-09,0712,2015-08-19,0823,P378,,3,5,5,0712,0,0,0,,0,003,"OAK GROVE RD","WALNUT AV",0.00,,Y,A,-,N,,,,,,,,,,N,4,0,1,2,A,-,09,21803,A,N,B,G,A,A,H,-,A,A,0,,Y,,,Y,,A,07,0,0,1,0,0,0,1,0,0,"- ","- ",,,"CONTRA COSTA","WALNUT CREEK",-122.00777650000001,37.914403569999998
7042044,2015,2015-09-09,0712,2015-08-21,1734,P535,30,5,5,5,0712,0,0,0,,0,003,"YGNACIO VALLEY RD","VIA MONTE",100.00,E,N,A,-,N,,,,,,,,,,N,4,0,1,3,A,-,03,22350,,N,C,C,A,A,H,-,A,D,0,,,,,Y,,A,01,0,0,1,0,0,0,0,0,0,"- ","- ",,,"CONTRA COSTA","WALNUT CREEK",-122.018045,37.925980719999998
7044287,2015,2016-07-19,0706,2015-08-27,0806,174,BAY,4,5,3,0706,0,0,0,,0,002,"PHEASANT DR","SPARROW DR",0.00,,Y,A,-,N,,,,,,,,,,Y,3,0,1,2,C,-,18,,,N,A,C,A,A,H,-,A,D,0,,,,,Y,,-,"- ",0,1,0,0,0,0,0,0,0,"- ","- ",,,"CONTRA COSTA",HERCULES,-122.26605988999999,37.998659969999999