CASE_ID,ACCIDENT_YEAR,PROC_DATE,JURIS,COLLISION_DATE,COLLISION_TIME,OFFICER_ID,REPORTING_DISTRICT,DAY_OF_WEEK,CHP_SHIFT,POPULATION,CNTY_CITY_LOC,SPECIAL_COND,BEAT_TYPE,CHP_BEAT_TYPE,CITY_DIVISION_LAPD,CHP_BEAT_CLASS,BEAT_NUMBER,PRIMARY_RD,SECONDARY_RD,DISTANCE,DIRECTION,INTERSECTION,WEATHER_1,WEATHER_2,STATE_HWY_IND,CALTRANS_COUNTY,CALTRANS_DISTRICT,STATE_ROUTE,ROUTE_SUFFIX,POSTMILE_PREFIX,POSTMILE,LOCATION_TYPE,RAMP_INTERSECTION,SIDE_OF_HWY,TOW_AWAY,COLLISION_SEVERITY,NUMBER_KILLED,NUMBER_INJURED,PARTY_COUNT,PRIMARY_COLL_FACTOR,PCF_CODE_OF_VIOL,PCF_VIOL_CATEGORY,PCF_VIOLATION,PCF_VIOL_SUBSECTION,HIT_AND_RUN,TYPE_OF_COLLISION,MVIW,PED_ACTION,ROAD_SURFACE,ROAD_COND_1,ROAD_COND_2,LIGHTING,CONTROL_DEVICE,CHP_ROAD_TYPE,PEDESTRIAN_ACCIDENT,BICYCLE_ACCIDENT,MOTORCYCLE_ACCIDENT,TRUCK_ACCIDENT,NOT_PRIVATE_PROPERTY,ALCOHOL_INVOLVED,STWD_VEHTYPE_AT_FAULT,CHP_VEHTYPE_AT_FAULT,COUNT_SEVERE_INJ,COUNT_VISIBLE_INJ,COUNT_COMPLAINT_PAIN,COUNT_PED_KILLED,COUNT_PED_INJURED,COUNT_BICYCLIST_KILLED,COUNT_BICYCLIST_INJURED,COUNT_MC_KILLED,COUNT_MC_INJURED,PRIMARY_RAMP,SECONDARY_RAMP,LATITUDE,LONGITUDE,COUNTY,CITY,POINT_X,POINT_Y
7044288,2015,2015-09-11,0706,2015-08-20,1626,150,BAY,4,5,3,0706,0,0,0,,0,002,"PHEASANT DR","CARDINAL WY",0.00,,Y,A,-,N,,,,,,,,,,N,4,0,1,2,A,-,08,22107,,N,D,C,A,A,H,-,A,D,0,,,,,Y,,A,01,0,0,1,0,0,0,0,0,0,"- ","- ",,,"CONTRA COSTA",HERCULES,-122.26888993999999,38.00071998
7044419,2015,2015-09-08,0708,2015-08-10,0745,195,46,1,5,5,0708,0,0,0,,0,005,"BUCHANAN RD","MEADOWS AV",1802.00,E,N,A,-,N,,,,,,,,,,Y,4,0,1,5,A,-,03,22350,,N,C,C,A,A,H,-,A,A,0,,,,,Y,,A,01,0,0,1,0,0,0,0,0,0,"- ","- ",,,"CONTRA COSTA",PITTSBURG,-121.85754537,37.998030010000001
7044420,2015,2017-01-14,0708,2015-08-09,1255,315,,7,5,5,0708,0,0,0,,0,001,"CALIFORNIA AV","RAILROAD AV",0.00,,Y,A,-,Y,CC,4,4,-,-,22.824,R,4,E,Y,4,0,4,2,A,-,12,21453,A,N,D,C,A,A,H,-,A,A,0,,,,,Y,,A,01,0,0,4,0,0,0,0,0,0,"- ","- ",,,"CONTRA COSTA",PITTSBURG,-121.89348643,38.017863490000003
7044591,2015,2015-09-09,0700,2015-07-28,1542,70914,DAN33,2,5,4,0790,0,0,0,,0,061,"DANVILLE BL","RAMON CT",0.00,,Y,A,-,N,,,,,,,,,,Y,4,0,1,2,A,-,03,22350,,N,C,C,A,A,H,-,A,D,0,,,,,Y,,A,01,0,0,1,0,0,0,0,0,0,"- ","- ",,,"CONTRA COSTA",DANVILLE,-122.00911997,37.829239970000003
7045303,2015,2015-09-29,0710,2015-08-03,1230,1505,CENTR,1,5,5,0710,0,0,0,,0,006,"MACDONALD AV","13TH ST",80.00,W,N,A,-,N,,,,,,,,,,N,4,0,1,2,A,-,03,22350,,M,C,C,A,A,H,-,A,D,0,,,,,Y,,A,01,0,0,1,0,0,0,0,0,0,"- ","- ",,,"CONTRA COSTA",RICHMOND,-122.35736747999999,37.935699999999997
7045621,2015,2015-09-10,0701,2015-05-14,1215,2372,303,4,5,5,0701,0,0,0,,0,003,"SOMERSVILLE RD","SOMERSVILLE TOWNE CENTER",0.00,,Y,B,-,N,,,,,,,,,,N,4,0,1,2,A,-,12,21453,A,N,D,C,A,A,H,-,A,A,0,,,,,Y,,A,07,0,0,1,0,0,0,0,0,0,"- ","- ",,,"CONTRA COSTA",ANTIOCH,-121.84109999,38.000609990000001
7045644,2015,2015-09-10,0701,2015-05-22,1330,2372,201,5,5,5,0701,0,0,0,,0,002,"A ST","W 6TH ST",4.00,S,N,A,-,N,,,,,,,,,,N,2,0,1,2,A,-,09,21802,A,N,D,G,A,A,H,-,A,A,0,,Y,,,Y,Y,L,04,1,0,0,0,0,0,1,0,0,"- ","- ",,,"CONTRA COSTA",ANTIOCH,-121.80616087999999,38.014029030000003
7045839,2015,2015-10-02,0710,2015-05-23,1950,1683,NORTH,6,5,5,0710,0,0,0,,0,007,"MACDONALD AV","37TH ST",4.00,W,N,A,-,N,,,,,,,,,,N,4,0,1,2,A,-,10,21950,A,F,B,B,B,A,H,-,A,A,0,Y,,,,Y,,A,01,0,0,1,0,1,0,0,0,0,"- ","- ",,,"CONTRA COSTA",RICHMOND,-122.33423363999999,37.933852010000003
7046380,2015,2016-02-17,0704,2015-08-16,0041,533,,7,5,6,0704,0,0,0,,0,002,"CLAYTON RD","ELLIS ST",0.00,,Y,A,-,N,,,,,,,,,,Y,4,0,1,2,A,-,01,23152,A,N,C,C,A,A,H,-,C,A,0,,,,,Y,Y,-,"- ",0,0,1,0,0,0,0,0,0,"- ","- ",,,"CONTRA COSTA",CONCORD,-122.03933992,37.972529989999998
7046388,2015,2015-12-30,0704,2015-08-18,1024,497,032,2,5,6,0704,0,0,0,,0,006,"YGNACIO VALLEY RD","CRYSTYL RANCH RD",0.00,,Y,A,-,N,,,,,,,,,,Y,4,0,1,2,A,-,03,22350,A,N,C,C,A,A,G,-,A,A,0,,,,,Y,,A,01,0,0,1,0,0,0,0,0,0,"- ","- ",,,"CONTRA COSTA",CONCORD,-121.98385994,37.948239899999997
7046646,2015,2015-11-03,0704,2015-06-29,1620,548,MTDIA,1,5,6,0704,0,0,0,,0,004,"WILLOW PASS RD","COLFAX ST",117.00,,N,A,-,N,,,,,,,,,,N,4,0,1,1,A,-,03,22350,A,N,H,J,A,A,H,-,A,D,0,,,Y,,Y,,C,02,0,0,1,0,0,0,0,0,1,"- ","- ",,,"CONTRA COSTA",CONCORD,-122.03178991,37.977649980000002
7047074,2015,2015-09-11,0701,2015-08-03,0759,3657,603,1,5,5,0701,0,0,0,,0,006,"DEER VALLEY RD","COUNTRY HILLS DR",0.00,,Y,A,-,N,,,,,,,,,,Y,2,0,1,2,A,-,12,21453,A,N,D,C,A,A,H,-,A,A,0,,,Y,,Y,,C,02,1,0,0,0,0,0,0,0,1,"- ","- ",,,"CONTRA COSTA",ANTIOCH,-121.78229999,37.971149959999998
7047297,2015,2015-09-15,0710,2015-06-25,1428,1586,,4,5,5,0710,0,0,0,,0,006,"BARRETT AV","18TH ST",0.00,,Y,-,-,N,,,,,,,,,,N,3,0,1,2,A,-,09,21802,A,N,D,G,A,-,H,-,A,A,0,,Y,,,Y,,-,99,0,1,0,0,0,0,0,0,0,"- ","- ",,,"CONTRA COSTA",RICHMOND,-122.35248987999999,37.93845992
7047301,2015,2015-10-02,0710,2015-06-19,1129,1607,SOUTH,5,5,5,0710,0,0,0,,0,003,"CARLSON BL","SACRAMENTO AV",0.00,,Y,A,-,N,,,,,,,,,,N,4,0,1,2,A,-,10,21950,A,N,G,B,B,A,H,-,A,D,0,Y,,,,Y,,-,,0,0,1,0,1,0,0,0,0,"- ","- ",,,"CONTRA COSTA",RICHMOND,-122.30771992,37.906529890000002
7047378,2015,2015-09-14,0701,2015-06-29,1459,4265,613,1,5,5,0701,0,0,0,,0,006,"LONE TREE WY","HEIDORN RANCH RD",45.00,E,N,A,-,N,,,,,,,,,,N,4,0,1,2,A,-,03,22350,I,N,C,C,A,A,H,-,A,D,0,,,,,Y,,A,01,0,0,1,0,0,0,0,0,0,"- ","- ",,,"CONTRA COSTA",ANTIOCH,-121.7506139,37.961638219999998
7047611,2015,2015-09-21,0700,2015-08-02,1519,72359,057,7,5,3,0734,0,0,0,,0,052,"LAUREL RD","ROSE AV",0.00,,Y,A,-,N,,,,,,,,,,Y,4,0,1,2,A,-,09,21802,A,N,D,C,A,A,H,-,A,D,0,,,,,Y,,D,22,0,0,1,0,0,0,0,0,0,"- ","- ",,,"CONTRA COSTA",OAKLEY,-121.70504,37.98332997
7047618,2015,2015-09-18,0700,2015-08-03,1515,70914,,1,5,4,0790,0,0,0,,0,,"GREENBROOK DR","IRON HORSE TRAIL",0.00,,Y,A,-,N,,,,,,,,,,N,4,0,1,2,A,-,09,21804,A,N,D,G,A,A,H,-,A,A,0,,Y,,,Y,,L,04,0,0,1,0,0,0,1,0,0,"- ","- ",,,"CONTRA COSTA",DANVILLE,-121.97960258000001,37.794003600000003
7047621,2015,2015-09-22,0710,2015-08-12,1600,1662,0710,3,5,5,0710,0,0,0,,0,001,"CANAL BL","NATIONAL CT",150.00,N,N,A,-,N,,,,,,,,,,Y,4,0,1,4,A,-,07,21658,A,N,B,C,A,A,H,-,A,D,0,,,,,Y,,D,22,0,0,1,0,0,0,0,0,0,"- ","- ",,,"CONTRA COSTA",RICHMOND,-122.37815718,37.92874028
7047622,2015,2015-09-18,0700,2015-08-12,1904,63757,DANVI,3,5,4,0790,0,0,0,,0,061,"HARTZ AV","LINDA MESA AV",0.00,,Y,A,-,N,,,,,,,,,,N,4,0,1,2,A,-,09,21802,A,N,D,C,A,A,H,-,A,D,0,,,,,Y,,A,01,0,0,1,0,0,0,0,0,0,"- ","- ",,,"CONTRA COSTA",DANVILLE,-122.00147987,37.823209910000003
7047625,2015,2015-09-22,0710,2015-08-10,1425,1505,CENTR,1,5,5,0710,0,0,0,,0,005,"DUBOCE AV","FRED JACKSON WY",130.00,W,N,A,-,N,,,,,,,,,,N,4,0,1,2,A,-,08,22107,,N,B,E,A,A,H,-,A,D,0,,,,Y,Y,,G,25,0,0,1,0,0,0,0,0,0,"- ","- ",,,"CONTRA COSTA",RICHMOND,-122.367361,37.952677690000002
7047650,2015,2015-09-18,0708,2015-08-29,1718,229,,6,5,5,0708,0,0,0,,0,005,"HARBOR ST","BLISS AV",343.00,S,N,A,-,N,,,,,,,,,,Y,3,0,1,1,A,-,08,22107,,N,E,I,A,A,H,-,A,D,0,,,,,Y,,-,,0,1,0,0,0,0,0,0,0,"- ","- ",,,"CONTRA COSTA",PITTSBURG,-121.88507753,38.01360871
7047655,2015,2016-01-04,0707,2015-08-18,0645,274,,2,5,3,0707,0,0,0,,0,002,"RAMONA ST","ESTATES AV",100.00,W,N,B,-,N,,,,,,,,,,Y,4,0,1,2,A,-,08,22107,,N,C,E,A,A,H,-,B,A,0,,,,,Y,,A,01,0,0,1,0,0,0,0,0,0,"- ","- ",,,"CONTRA COSTA",PINOLE,-122.28321531,37.990942080000004
7047658,2015,2015-09-18,0708,2015-08-31,0719,285,046,1,5,5,0708,0,0,0,,0,004,"CRESTVIEW DR","NINA PL",76.00,N,N,A,-,N,,,,,,,,,,Y,3,0,1,1,A,-,08,22107,,N,F,A,A,A,H,-,A,A,0,,,Y,,Y,,C,02,0,1,0,0,0,0,0,0,1,"- ","- ",,,"CONTRA COSTA",PITTSBURG,-121.90160895,37.997179840000001
7047666,2015,2015-09-18,0708,2015-08-28,1505,229,,5,5,5,0708,0,0,0,,0,005,"LOVERIDGE RD","STONEMAN AV",850.00,N,N,A,-,N,,,,,,,,,,N,4,0,1,2,A,-,03,22350,,M,C,C,A,A,H,-,A,A,0,,,,,Y,,-,,0,0,1,0,0,0,0,0,0,"- ","- ",,,"CONTRA COSTA",PITTSBURG,-121.87216955,38.00503329
7048429,2015,2015-09-11,0711,2015-08-24,0926,1010,0711,1,5,4,0711,0,0,0,,0,003,"MARKET AV","21ST ST",154.00,E,N,A,-,N,,,,,,,,,,N,4,0,2,2,A,-,08,22103,,N,D,C,A,A,H,-,A,D,0,,,,,Y,,A,01,0,0,2,0,0,0,0,0,0,"- ","- ",,,"CONTRA COSTA","SAN PABLO",-122.34881374,37.95716101
7048432,2015,2015-09-14,0708,2015-08-20,1518,P288,DELTA,4,5,5,0708,0,0,0,,0,004,"KIRKER PASS RD","BUCHANAN RD",15.00,S,N,A,-,N,,,,,,,,,,Y,3,0,2,3,A,-,01,23153,A,F,C,C,A,A,H,-,A,A,0,,,,,Y,Y,A,01,0,1,1,0,0,0,0,0,0,"- ","- ",,,"CONTRA COSTA",PITTSBURG,-121.89651804,37.99806135
7048436,2015,2015-09-14,0708,2015-08-25,0921,285,046,2,5,5,0708,0,0,0,,0,001,"RANGE RD","NORTH PARKSIDE DR",129.00,N,N,A,-,N,,,,,,,,,,Y,3,0,1,2,A,-,09,21802,A,N,D,G,A,A,H,-,A,A,0,,Y,,,Y,,L,04,0,1,0,0,0,0,1,0,0,"- ","- ",,,"CONTRA COSTA",PITTSBURG,-121.91805547,38.027023960000001
7049105,2015,2017-01-07,0704,2015-08-27,1351,557,,4,5,6,0704,0,0,0,,0,344,"PORT CHICAGO HWY","RT 4",0.00,,Y,A,-,Y,CC,4,4,-,R,15.644,R,4,W,Y,4,0,1,2,A,-,12,21453,A,N,D,C,A,A,H,-,A,A,0,,,,,Y,,-,"- ",0,0,1,0,0,0,0,0,0,"- ",WF,,,"CONTRA COSTA",CONCORD,-122.01916529,38.010458059999998
7049181,2015,2015-09-18,0704,2015-08-24,1232,0451,,1,5,6,0704,0,0,0,,0,003,"MONUMENT BL","CAREY DR",0.00,,Y,A,-,N,,,,,,,,,,N,2,0,1,2,A,-,05,21650,1,N,D,G,A,A,H,-,A,A,0,,Y,,,Y,Y,L,04,1,0,0,0,0,0,1,0,0,"- ","- ",,,"CONTRA COSTA",CONCORD,-122.04962989000001,37.948919910000001
7049185,2015,2015-09-18,0704,2015-08-29,0953,380,,6,5,6,0704,0,0,0,,0,006,"AYERS RD","TURTLE CREEK RD",0.00,,Y,B,-,N,,,,,,,,,,N,4,0,1,2,A,-,05,21650,1,N,D,G,A,A,H,-,A,A,0,,Y,,,Y,,L,04,0,0,1,0,0,0,1,0,0,"- ","- ",,,"CONTRA COSTA",CONCORD,-121.97651988,37.951509889999997
7049189,2015,2015-09-18,0704,2015-08-30,1214,547,,7,5,6,0704,0,0,0,,0,001,"SOLANO WY","BROADMOOR AV",0.00,,Y,A,-,N,,,,,,,,,,Y,4,0,1,2,A,-,09,21802,A,N,D,C,A,A,H,-,A,A,0,,,,,Y,,A,01,0,0,1,0,0,0,0,0,0,"- ","- ",,,"CONTRA COSTA",CONCORD,-122.04130991,37.989429899999998
7049785,2015,2015-09-21,0710,2015-07-24,1525,1151,,5,5,5,0710,0,0,0,,0,,"RICHMOND PKWY",HENSLEY,39.00,N,N,A,-,N,,,,,,,,,,,4,0,2,2,A,-,12,21453,A,N,D,-,A,A,H,-,A,A,0,,,,,Y,,-,"- ",0,0,2,0,0,0,0,0,0,"- ","- ",,,"CONTRA COSTA",RICHMOND,-122.36615518000001,37.946476140000001
7049786,2015,2015-09-15,0710,2015-07-01,0119,1559,SOUTH,3,5,5,0710,0,0,0,,0,003,"CUTTING BL","BERK AV",30.00,E,N,A,-,N,,,,,,,,,,Y,3,0,1,2,A,-,17,24409,,N,D,C,A,A,H,-,C,D,0,,,,,Y,,-,,0,1,0,0,0,0,0,0,0,"- ","- ",,,"CONTRA COSTA",RICHMOND,-122.3315861,37.925494239999999
7050734,2015,2015-09-24,0704,2015-09-06,1304,562,,7,5,6,0704,0,0,0,,0,003,"TREAT BL","OAK GROVE RD",247.00,W,N,A,-,N,,,,,,,,,,Y,3,0,3,2,A,-,09,21804,,N,D,C,A,A,H,-,A,-,0,,,,,Y,,A,01,0,2,1,0,0,0,0,0,0,"- ","- ",,,"CONTRA COSTA",CONCORD,-122.02577143000001,37.938364079999999
7050738,2015,2015-10-21,0704,2015-09-08,0830,518,SOUTH,2,5,6,0704,0,0,0,,0,003,"OAK GROVE RD","MINERT RD",53.00,S,N,A,-,N,,,,,,,,,,Y,4,0,2,4,A,-,03,22350,,N,C,C,A,A,H,-,A,A,0,,,,Y,Y,,F,27,0,0,2,0,0,0,0,0,0,"- ","- ",,,"CONTRA COSTA",CONCORD,-122.02884417999999,37.942840949999997
7050765,2015,2015-09-22,0712,2015-08-13,1452,P459,,4,5,5,0712,0,0,0,,0,002,"N MAIN ST","N MAIN ST IFO 2940",0.00,,N,A,-,N,,,,,,,,,,Y,4,0,1,3,A,-,09,21801,A,N,D,C,A,A,H,-,A,D,0,,,,,Y,,A,01,0,0,1,0,0,0,0,0,0,"- ","- ",,,"CONTRA COSTA","WALNUT CREEK",,
7050773,2015,2015-09-21,0712,2015-08-11,1605,518,,2,5,5,0712,0,0,0,,0,003,"TREAT BL","BANCROFT RD",40.00,W,N,A,-,N,,,,,,,,,,Y,4,0,2,3,A,-,01,23152,A,N,C,C,A,A,H,-,A,A,0,,,,,Y,Y,A,01,0,0,2,0,0,0,0,0,0,"- ","- ",,,"CONTRA COSTA","WALNUT CREEK",-122.04260309999999,37.929076379999998
7050798,2015,2017-01-21,0704,2015-09-03,0011,485,,4,5,6,0704,0,0,0,,0,001,"CONCORD AV","COMMERCE AV",36.00,E,N,A,-,Y,CC,4,242,-,R,1.713,R,4,S,Y,3,0,1,1,A,-,01,23152,A,N,E,I,A,A,H,-,C,A,0,,,,,Y,Y,D,22,0,1,0,0,0,0,0,0,0,"- ","- ",,,"CONTRA COSTA",CONCORD,-122.04182371,37.982308279999998
7052186,2015,2015-09-21,0712,2015-08-24,1323,323,,1,5,5,0712,0,0,0,,0,001,"WALKER AV","SAN MIGUEL",0.00,,Y,A,-,N,,,,,,,,,,Y,4,0,1,1,B,-,22,,,N,E,I,A,A,H,-,A,D,0,,,,,Y,,A,07,0,0,1,0,0,0,0,0,0,"- ","- ",,,"CONTRA COSTA","WALNUT CREEK",-122.05595989,37.898969899999997
7052190,2015,2015-09-21,0712,2015-08-26,1223,P459,,3,5,5,0712,0,0,0,,0,002,"NORTH CALIFORNIA BL","LACASSIE AV",0.00,,Y,A,-,N,,,,,,,,,,Y,4,0,1,2,A,-,09,21801,A,N,D,C,A,A,H,-,A,A,0,,,,,Y,,A,01,0,0,1,0,0,0,0,0,0,"- ","- ",,,"CONTRA COSTA","WALNUT CREEK",-122.06517993999999,37.903579989999997
7052198,2015,2015-09-21,0712,2015-08-03,1428,P459,,1,5,5,0712,0,0,0,,0,001,"CIVIC DR","N BROADWAY",180.00,E,N,A,-,N,,,,,,,,,,N,4,0,1,2,A,-,11,21955,,N,G,B,D,A,H,-,A,D,0,Y,,,,Y,,N,60,0,0,1,0,1,0,0,0,0,"- ","- ",,,"CONTRA COSTA","WALNUT CREEK",-122.06055238,37.902920100000003
7052202,2015,2015-09-21,0712,2015-08-22,2019,P524,WALNU,6,5,5,0712,0,0,0,,0,002,"MOUNT DIABLO BL","BONANZA ST",0.00,,Y,A,-,N,,,,,,,,,,Y,4,0,1,2,A,-,09,21801,A,N,D,C,A,A,H,-,C,A,0,,,,,Y,,A,01,0,0,1,0,0,0,0,0,0,"- ","- ",,,"CONTRA COSTA","WALNUT CREEK",-122.06596996,37.897359989999998
7052549,2015,2015-12-31,0712,2015-08-27,0745,P545,,4,5,5,0712,0,0,0,,0,033,"YGNACIO VALLEY RD","HOMESTEAD AV",0.00,,Y,A,-,N,,,,,,,,,,N,4,0,1,2,D,-,00,,,N,D,-,A,A,H,-,A,A,0,,,,,Y,,-,"- ",0,0,1,0,0,0,0,0,0,"- ","- ",,,"CONTRA COSTA","WALNUT CREEK",-122.05233,37.909079900000002
7052855,2015,2015-09-24,0708,2015-07-29,1221,195,46,3,5,5,0708,0,0,0,,0,001,"NORTH PARKSIDE DR","RAILROAD AV",11.00,W,N,A,-,N,,,,,,,,,,Y,3,0,2,1,A,-,01,23152,A,N,A,I,A,-,H,-,A,A,0,,,,,Y,Y,A,01,0,2,0,0,0,0,0,0,0,"- ","- ",,,"CONTRA COSTA",PITTSBURG,-121.88716676999999,38.023748169999998
7052971,2015,2015-09-16,0709,2015-08-16,0052,426,1080,7,5,4,0709,0,0,0,,0,002,"VIKING DR","RUTH DR",200.00,E,N,A,-,N,,,,,,,,,,N,3,0,1,3,A,-,01,23152,A,N,B,E,A,A,H,-,D,D,0,,,,,Y,Y,-,,0,1,0,0,0,0,0,0,0,"- ","- ",,,"CONTRA COSTA","PLEASANT HILL",-122.06535470999999,37.96677657
7052979,2015,2015-09-17,0709,2015-08-05,2113,425,1260,3,5,4,0709,0,0,0,,0,001,"GREGORY LN","CLEAVELAND RD",0.00,,Y,A,-,N,,,,,,,,,,Y,3,0,2,2,A,-,12,21453,A,N,D,C,A,A,H,-,C,A,0,,,,,Y,,-,,0,1,1,0,0,0,0,0,0,"- ","- ",,,"CONTRA COSTA","PLEASANT HILL",-122.06420998,37.947979969999999
7053040,2015,2015-09-16,0709,2015-08-04,1240,407,3001,2,5,4,0709,0,0,0,,0,002,"CONTRA COSTA BL","CHILPANCINGO PKWY",700.00,N,N,A,-,N,,,,,,,,,,N,4,0,2,3,A,-,04,21703,,N,C,C,A,A,H,-,A,A,0,,,,,Y,,-,,0,0,2,0,0,0,0,0,0,"- ","- ",,,"CONTRA COSTA","PLEASANT HILL",-122.06580280999999,37.977520310000003
7053065,2015,2015-09-19,0710,2015-08-11,1304,1494,SOUTH,2,5,5,0710,0,0,0,,0,003,"CUTTING BL","S 37TH ST",0.00,,Y,A,-,N,,,,,,,,,,Y,4,0,2,2,A,-,12,21453,A,N,D,C,A,A,H,-,A,A,0,,,,,Y,,A,01,0,0,2,0,0,0,0,0,0,"- ","- ",,,"CONTRA COSTA",RICHMOND,-122.33429991,37.925339940000001
7053069,2015,2015-09-19,0710,2015-08-18,1835,1548,SOUTH,2,5,5,0710,0,0,0,,0,002,"CUTTING BL","MARINA WAY SOUTH",0.00,,Y,A,-,N,,,,,,,,,,Y,2,0,3,2,A,-,09,21801,A,N,D,C,A,A,H,-,A,A,0,,,,,Y,,A,01,1,0,2,0,0,0,0,0,0,"- ","- ",,,"CONTRA COSTA",RICHMOND,-122.35586992,37.925199900000003
7053148,2015,2015-09-25,0701,2015-08-18,1505,2372,615,2,5,5,0701,0,0,0,,0,006,"LONE TREE WY","SLATTEN RANCH RD",0.00,,Y,A,-,N,,,,,,,,,,N,4,0,5,2,A,-,09,21800,A,N,D,C,A,A,H,-,A,A,0,,,,,Y,,A,07,0,0,5,0,0,0,0,0,0,"- ","- ",,,"CONTRA COSTA",ANTIOCH,-121.73703986,37.961739940000001
7053807,2015,2015-09-23,0708,2015-09-03,0756,229,,4,5,5,0708,0,0,0,,0,005,"BUCHANAN RD","LOVERIDGE RD",143.00,E,N,A,-,N,,,,,,,,,,N,3,0,1,2,A,-,06,21755,,N,D,C,A,A,H,-,A,A,0,,,,,Y,,A,01,0,1,0,0,0,0,0,0,0,"- ","- ",,,"CONTRA COSTA",PITTSBURG,-121.87346366,37.99797178
7053811,2015,2015-09-23,0708,2015-09-01,1648,229,,2,5,5,0708,0,0,0,,0,001,"RAILROAD AV","CIVIC AV",126.00,S,N,A,-,N,,,,,,,,,,N,3,0,1,2,A,-,05,21650,1,N,D,G,A,A,H,-,A,D,0,,Y,,,Y,,L,04,0,1,0,0,0,0,1,0,0,"- ","- ",,,"CONTRA COSTA",PITTSBURG,-121.88821703000001,38.020218810000003
7053900,2015,2015-09-19,0700,2015-07-29,2114,75046,0700,3,5,3,0715,0,0,0,,0,041,"PLEASANT HILL RD","SPRINGHILL RD",0.00,,Y,A,-,N,,,,,,,,,,Y,4,0,1,2,A,-,03,22350,,N,C,C,A,A,H,-,C,A,0,,,,,Y,,A,01,0,0,1,0,0,0,0,0,0,"- ","- ",,,"CONTRA COSTA",LAFAYETTE,-122.10058985000001,37.908179959999998
7053908,2015,2015-09-19,0709,2015-07-31,2149,405,1360,5,5,4,0709,0,0,0,,0,001,"GEARY RD","PLEASANT HILL RD",10.00,E,N,A,-,N,,,,,,,,,,Y,4,0,1,4,A,-,01,23152,A,N,B,C,A,A,D,-,D,A,0,,,,,Y,Y,-,,0,0,1,0,0,0,0,0,0,"- ","- ",,,"CONTRA COSTA","PLEASANT HILL",-122.08629856,37.926041580000003
7053960,2015,2017-01-06,0701,2015-06-02,2104,3343,303,2,5,5,0701,0,0,0,,0,003,"SOMERSVILLE RD","RT 4",0.00,,Y,A,-,Y,CC,4,4,-,-,26.189,R,3,E,N,4,0,1,2,A,-,11,21950,B,N,G,B,B,A,H,-,C,A,0,Y,,,,Y,,A,07,0,0,1,0,1,0,0,0,0,"- ","- ",,,"CONTRA COSTA",ANTIOCH,-121.83470011999999,38.002998490000003
7053984,2015,2015-09-21,0701,2015-06-23,1026,4265,411,2,5,5,0701,0,0,0,,0,004,"JAMES DONLON BL","RIO GRANDE DR",0.00,,Y,A,-,N,,,,,,,,,,Y,4,0,1,2,A,-,09,21802,A,N,D,C,A,A,H,-,A,A,0,,,,,Y,,A,01,0,0,1,0,0,0,0,0,0,"- ","- ",,,"CONTRA COSTA",ANTIOCH,-121.82879989,37.983149969999999
7054184,2015,2015-09-26,0701,2015-04-25,1531,3657,611,6,5,5,0701,0,0,0,,0,006,"HILLCREST AV","HIDDEN GLEN DR",2640.00,N,N,A,-,N,,,,,,,,,,Y,4,0,1,1,A,-,08,22107,,N,E,I,A,A,H,-,A,D,0,,,,,Y,,A,01,0,0,1,0,0,0,0,0,0,"- ","- ",,,"CONTRA COSTA",ANTIOCH,-121.76763637000001,37.982456829999997
7054606,2015,2015-09-26,0701,2015-05-18,1300,5323,409,1,5,5,0701,0,0,0,,0,004,"LONE TREE WY","DAVISON DR",0.00,,Y,A,-,N,,,,,,,,,,N,4,0,1,2,A,-,03,22350,,M,C,C,A,A,H,-,A,A,0,,,,,Y,Y,A,01,0,0,1,0,0,0,0,0,0,"- ","- ",,,"CONTRA COSTA",ANTIOCH,-121.80593987,37.985069930000002
7054607,2015,2015-09-26,0701,2015-05-19,1621,3343,202,2,5,5,0701,0,0,0,,0,002,"A ST","EAST 15TH ST",65.00,S,N,A,-,N,,,,,,,,,,N,3,0,1,2,A,-,11,21954,A,N,G,B,D,A,H,-,A,D,0,Y,,,,Y,,N,60,0,1,0,0,1,0,0,0,0,"- ","- ",,,"CONTRA COSTA",ANTIOCH,-121.80603782,38.007021469999998
7054608,2015,2015-09-26,0701,2015-05-08,1611,4111,409,5,5,5,0701,0,0,0,,0,004,"LONE TREE WY","ROBERT ST",150.00,N,N,A,-,N,,,,,,,,,,N,4,0,1,3,A,-,10,21952,,N,G,B,E,A,H,-,A,D,0,Y,,,,Y,,A,01,0,0,1,0,1,0,0,0,0,"- ","- ",,,"CONTRA COSTA",ANTIOCH,-121.80782872,37.992161750000001
7054640,2015,2015-09-26,0701,2015-07-22,1752,3992,505,3,5,5,0701,0,0,0,,0,005,"ROGERS CYN RD","SHELTER COVE CT",0.00,,Y,A,-,N,,,,,,,,,,Y,4,0,1,2,A,-,08,22107,,N,A,C,A,A,H,-,A,D,0,,,,,Y,,A,01,0,0,1,0,0,0,0,0,0,"- ","- ",,,"CONTRA COSTA",ANTIOCH,-121.80095998,37.966719910000002
7054808,2015,2015-10-03,0711,2015-08-20,1635,1045,BAY,4,5,4,0711,0,0,0,,0,001,"EL PORTAL DR","FORDHAM ST",200.00,E,N,A,-,N,,,,,,,,,,N,2,0,1,2,A,-,05,21202,A,F,H,B,A,A,H,-,A,D,0,,Y,Y,,Y,,L,04,1,0,0,0,0,0,1,0,0,"- ","- ",37.96302,-122.33152,"CONTRA COSTA","SAN PABLO",-122.33195988999999,37.963073319999999
7055082,2015,2015-10-05,0711,2015-09-13,2024,S1039,,7,5,4,0711,0,0,0,,0,003,"21ST ST","ALFREDA AV",0.00,,Y,A,-,N,,,,,,,,,,N,2,0,1,2,A,-,10,21950,A,F,G,B,B,A,H,-,C,D,0,Y,,,,Y,Y,A,01,1,0,0,0,1,0,0,0,0,"- ","- ",,,"CONTRA COSTA","SAN PABLO",-122.34932993,37.952589949999997
7055172,2015,2015-09-26,0701,2015-01-09,1323,5436,610,5,5,5,0701,0,0,0,,0,003,"PREWETT RANCH DR","MOCCASIN WY",20.00,W,N,A,-,N,,,,,,,,,,Y,3,0,1,1,A,-,03,22350,,N,E,I,A,A,H,-,A,A,0,,,,,Y,,A,01,0,1,0,0,0,0,0,0,0,"- ","- ",,,"CONTRA COSTA",ANTIOCH,-121.77387874999999,37.958722569999999
7055211,2015,2016-11-29,0710,2015-02-18,0857,1494,NORTH,3,5,5,0710,0,0,0,,0,009,"CASTRO RANCH RD","AMEND RD",0.00,N,N,A,-,N,,,,,,,,,,N,3,0,1,1,A,-,05,21650,,N,E,I,A,A,H,-,A,D,0,,,,,Y,,A,01,0,1,0,0,0,0,0,0,0,"- ","- ",,,"CONTRA COSTA",RICHMOND,-122.26839989,37.95748991