CASE_ID,ACCIDENT_YEAR,PROC_DATE,JURIS,COLLISION_DATE,COLLISION_TIME,OFFICER_ID,REPORTING_DISTRICT,DAY_OF_WEEK,CHP_SHIFT,POPULATION,CNTY_CITY_LOC,SPECIAL_COND,BEAT_TYPE,CHP_BEAT_TYPE,CITY_DIVISION_LAPD,CHP_BEAT_CLASS,BEAT_NUMBER,PRIMARY_RD,SECONDARY_RD,DISTANCE,DIRECTION,INTERSECTION,WEATHER_1,WEATHER_2,STATE_HWY_IND,CALTRANS_COUNTY,CALTRANS_DISTRICT,STATE_ROUTE,ROUTE_SUFFIX,POSTMILE_PREFIX,POSTMILE,LOCATION_TYPE,RAMP_INTERSECTION,SIDE_OF_HWY,TOW_AWAY,COLLISION_SEVERITY,NUMBER_KILLED,NUMBER_INJURED,PARTY_COUNT,PRIMARY_COLL_FACTOR,PCF_CODE_OF_VIOL,PCF_VIOL_CATEGORY,PCF_VIOLATION,PCF_VIOL_SUBSECTION,HIT_AND_RUN,TYPE_OF_COLLISION,MVIW,PED_ACTION,ROAD_SURFACE,ROAD_COND_1,ROAD_COND_2,LIGHTING,CONTROL_DEVICE,CHP_ROAD_TYPE,PEDESTRIAN_ACCIDENT,BICYCLE_ACCIDENT,MOTORCYCLE_ACCIDENT,TRUCK_ACCIDENT,NOT_PRIVATE_PROPERTY,ALCOHOL_INVOLVED,STWD_VEHTYPE_AT_FAULT,CHP_VEHTYPE_AT_FAULT,COUNT_SEVERE_INJ,COUNT_VISIBLE_INJ,COUNT_COMPLAINT_PAIN,COUNT_PED_KILLED,COUNT_PED_INJURED,COUNT_BICYCLIST_KILLED,COUNT_BICYCLIST_INJURED,COUNT_MC_KILLED,COUNT_MC_INJURED,PRIMARY_RAMP,SECONDARY_RAMP,LATITUDE,LONGITUDE,COUNTY,CITY,POINT_X,POINT_Y
7200002,2016,2017-04-13,0701,2016-11-11,2133,2372,615,5,5,5,0701,0,0,0,,0,006,"LONE TREE WY","SLATTEN RANCH RD",585.00,W,N,A,-,N,,,,,,,,,,Y,1,1,2,3,A,-,01,23152,A,N,B,C,A,A,H,-,C,A,0,,,,,Y,Y,D,22,1,1,0,0,0,0,0,0,0,"- ","- ",,,"CONTRA COSTA",ANTIOCH,-121.73906954,37.961739999999999
7200014,2017,2019-04-08,0704,2017-02-10,0351,501,,5,5,6,0704,0,0,0,,0,003,"MONUMENT BL","REGANTI DR",118.00,W,N,C,-,N,,,,,,,,,,Y,1,1,0,2,A,-,11,21950,B,N,G,B,D,B,H,-,C,D,0,Y,,,,Y,Y,N,60,0,0,0,1,0,0,0,0,0,"- ","- ",,,"CONTRA COSTA",CONCORD,-122.04454714000001,37.952465719999999
7200046,2016,2017-05-05,0710,2016-09-27,0830,1505,SOUTH,2,5,5,0710,0,0,0,,0,003,"CARLSON BLVD","SAN JOSE AV",0.00,,Y,B,-,N,,,,,,,,,,N,1,1,0,2,A,-,06,21951,,N,G,B,D,A,H,-,A,D,0,Y,,,,Y,,I,11,0,0,0,1,0,0,0,0,0,"- ","- ",,,"CONTRA COSTA",RICHMOND,-122.30602994,37.904089900000002
7200051,2017,2017-06-15,0708,2017-01-05,1739,285,,4,5,5,0708,0,0,0,,0,004,"CRESTVIEW DR","KINGSBERRY PL",0.00,,Y,A,-,N,,,,,,,,,,Y,1,1,0,2,A,-,03,22350,,N,G,B,D,A,H,-,C,A,0,Y,,,,Y,,A,01,0,0,0,1,0,0,0,0,0,"- ","- ",38.003549999999997,-121.90285,"CONTRA COSTA",PITTSBURG,-121.90280994,38.003469979999998
7200126,2017,2017-06-06,0708,2017-02-27,1907,285,,1,5,5,0708,0,0,0,,0,001,"WILLOW PASS RD","SEASONS DR",0.00,,Y,A,-,N,,,,,,,,,,Y,1,1,0,2,A,-,11,21954,A,N,G,B,D,A,H,-,C,A,0,Y,,,,Y,,N,60,0,0,0,1,0,0,0,0,0,"- ","- ",38.026899999999998,-121.9284,"CONTRA COSTA",PITTSBURG,-121.92835986999999,38.026799959999998
7201544,2016,2016-03-16,0708,2016-03-07,1032,285,046,1,5,5,0708,0,0,0,,0,005,"STONEMAN AV","PARK PLACE DR",35.00,E,N,B,C,N,,,,,,,,,,Y,4,0,2,2,A,-,03,22350,,N,A,C,A,B,H,-,A,A,0,,,,,Y,,A,07,0,0,2,0,0,0,0,0,0,"- ","- ",,,"CONTRA COSTA",PITTSBURG,-121.88132107,38.004250740000003
7201560,2016,2016-03-16,0708,2016-03-03,1945,P313,,4,5,5,0708,0,0,0,,0,002,"CALIFORNIA AV","LOVERIDGE RD",0.00,,Y,B,-,N,,,,,,,,,,Y,4,0,1,2,A,-,12,21453,A,M,D,C,A,B,H,-,C,A,0,,,,,Y,Y,A,01,0,0,1,0,0,0,0,0,0,"- ","- ",,,"CONTRA COSTA",PITTSBURG,-121.86608988,38.01228991
7201736,2016,2016-03-05,0705,2016-01-26,1804,E188,PATRO,2,5,3,0705,0,0,0,,0,010,"ASHBURY AV","CENTRAL AV",523.00,N,N,A,-,N,,,,,,,,,,N,4,0,1,2,A,-,11,21954,A,N,G,B,D,A,H,-,C,D,0,Y,,,,Y,,A,01,0,0,1,0,1,0,0,0,0,"- ","- ",,,"CONTRA COSTA","EL CERRITO",-122.29477267999999,37.906300829999999
7202243,2016,2016-08-24,0709,2016-02-09,1419,414,3001,2,5,4,0709,0,0,0,,0,002,"CONTRA COSTA BL","CHILPANCINGO PKWY",100.00,S,N,A,-,N,,,,,,,,,,N,4,0,2,2,A,-,03,22350,,N,C,C,A,A,H,-,A,A,0,,,,,Y,,-,,0,0,2,0,0,0,0,0,0,"- ","- ",,,"CONTRA COSTA","PLEASANT HILL",-122.06483697,37.975460310000003
7202247,2016,2016-03-10,0709,2016-02-28,1410,439,,7,5,4,0709,0,0,0,,0,,"WOODSWORTH LN","CONTRA COSTA BL",0.00,,Y,A,-,N,,,,,,,,,,Y,3,0,3,2,A,-,12,21453,A,N,D,C,A,A,H,-,A,A,0,,,,,Y,,-,,0,1,2,0,0,0,0,0,0,"- ","- ",,,"CONTRA COSTA","PLEASANT HILL",-122.06025995,37.950179919999997
7202649,2015,2016-03-21,0701,2015-12-14,0845,5323,513,1,5,5,0701,0,0,0,,0,005,"TOUR WY","DEER VALLEY RD",0.00,,Y,A,-,N,,,,,,,,,,Y,4,0,1,2,A,-,03,22350,,N,C,C,A,A,H,-,A,A,0,,,,,Y,,A,01,0,0,1,0,0,0,0,0,0,"- ","- ",,,"CONTRA COSTA",ANTIOCH,-121.77804998000001,37.927649950000003
7202653,2015,2016-08-08,0701,2015-12-14,1145,3163,305,1,5,5,0701,0,0,0,,0,003,"MAHOGANY WY","SPANOS ST",10.00,S,N,A,-,N,,,,,,,,,,Y,4,0,1,2,A,-,09,21804,A,N,D,C,A,A,H,-,A,A,0,,,,,Y,,A,01,0,0,1,0,0,0,0,0,0,"- ","- ",,,"CONTRA COSTA",ANTIOCH,-121.82867709999999,38.002691230000003
7202657,2015,2016-03-21,0701,2015-12-28,1123,5429,309,1,5,5,0701,0,0,0,,0,003,"L ST","RT 4",0.00,,Y,A,-,N,,,,,,,,,,N,4,0,1,2,A,-,03,22350,,N,C,C,A,A,H,-,A,A,0,,,,,Y,,A,01,0,0,1,0,0,0,0,0,0,"- ","- ",,,"CONTRA COSTA",ANTIOCH,-121.82152985,37.999599940000003
7203290,2016,2016-03-21,0708,2016-01-23,0533,285,046,6,5,5,0708,0,0,0,,0,002,"LOVERIDGE RD","CALIFORNIA AV",431.00,N,N,B,-,N,,,,,,,,,,Y,2,0,1,2,A,-,11,21954,A,N,G,B,D,B,G,-,C,A,0,Y,,,,Y,,N,60,1,0,0,0,1,0,0,0,0,"- ","- ",,,"CONTRA COSTA",PITTSBURG,-121.86467383999999,38.012671320000003
7203489,2016,2016-03-14,0708,2016-02-17,1704,229,,3,5,5,0708,0,0,0,,0,004,"RAILROAD AV","CENTER AV",0.00,,Y,A,B,N,,,,,,,,,,N,3,0,1,2,A,-,05,21650,1,N,D,G,A,A,H,-,A,A,0,,Y,,,Y,,L,04,0,1,0,0,0,0,1,0,0,"- ","- ",,,"CONTRA COSTA",PITTSBURG,-121.88885989000001,38.018549909999997
7204402,2016,2016-03-10,0704,2016-02-23,1430,565,,2,5,6,0704,0,0,0,,0,001,"EAST ST",ALMOND,11.00,S,N,A,-,N,,,,,,,,,,Y,4,0,1,2,A,-,03,22350,,N,C,C,A,A,H,-,A,A,0,,,,,Y,,A,01,0,0,1,0,0,0,0,0,0,"- ","- ",,,"CONTRA COSTA",CONCORD,-122.03325005000001,37.981614239999999
7204441,2016,2016-03-14,0704,2016-02-18,0643,568,,4,5,6,0704,0,0,0,,0,003,"CLAYTON RD","GATEWAY BL",0.00,,Y,C,-,N,,,,,,,,,,Y,4,0,1,3,A,-,12,21453,A,N,D,C,A,B,H,-,B,A,0,,,,,Y,,A,01,0,0,1,0,0,0,0,0,0,"- ","- ",,,"CONTRA COSTA",CONCORD,-122.04227997,37.971209940000001
7204445,2016,2016-03-10,0704,2016-02-18,1025,568,,4,5,6,0704,0,0,0,,0,001,"SALVIO ST","EAST ST",0.00,,Y,A,-,N,,,,,,,,,,N,3,0,1,2,A,-,09,21801,A,N,D,C,A,A,H,-,A,A,0,,,,,Y,,A,01,0,1,0,0,0,0,0,0,0,"- ","- ",,,"CONTRA COSTA",CONCORD,-122.03133991999999,37.979139930000002
7204449,2016,2016-03-10,0704,2016-02-27,1424,0524,,6,5,6,0704,0,0,0,,0,001,"CONCORD AV","COMMERCE AV",0.00,,Y,A,-,N,,,,,,,,,,N,3,0,1,2,A,-,00,22453,A,N,D,-,A,A,H,-,A,A,0,,,,,Y,,A,01,0,1,0,0,0,0,0,0,0,"- ","- ",,,"CONTRA COSTA",CONCORD,-122.04480992000001,37.979209959999999
7204453,2016,2016-03-10,0704,2016-02-27,0036,0436,03,6,5,6,0704,0,0,0,,0,,"TREAT BL","OAK GROVE RD",131.00,W,N,A,-,N,,,,,,,,,,Y,4,0,1,1,A,-,01,23152,A,N,E,-,A,A,H,-,C,A,0,,,,,Y,Y,A,01,0,0,1,0,0,0,0,0,0,"- ","- ",,,"CONTRA COSTA",CONCORD,-122.02543266000001,37.938535979999997
7204457,2016,2016-03-10,0704,2016-02-27,0813,449,,6,5,6,0704,0,0,0,,0,006,"ALBERTA WY","PARK HIGHLANDS BL",0.00,,Y,A,-,N,,,,,,,,,,Y,4,0,2,2,A,-,12,22450,A,N,D,C,A,A,H,-,A,A,0,,,,,Y,,A,01,0,0,2,0,0,0,0,0,0,"- ","- ",,,"CONTRA COSTA",CONCORD,-121.96595996000001,37.951979940000001
7204461,2016,2016-08-24,0704,2016-02-26,1147,414,,5,5,6,0704,0,0,0,,0,004,"PORT CHICAGO HWY","SALVIO ST",0.00,,Y,A,-,N,,,,,,,,,,Y,4,0,3,2,A,-,12,21453,A,N,D,C,A,A,H,-,A,A,0,,,,,Y,,-,"- ",0,0,3,0,0,0,0,0,0,"- ","- ",,,"CONTRA COSTA",CONCORD,-122.03015986,37.979699959999998
7204465,2016,2016-03-10,0704,2016-02-26,0758,543,MTDIA,5,5,6,0704,0,0,0,,0,006,"CLAYTON RD","AYERS RD",30.00,E,N,A,-,N,,,,,,,,,,Y,4,0,2,2,A,-,12,21453,A,N,D,C,A,A,H,-,A,A,0,,,,,Y,,A,01,0,0,2,0,0,0,0,0,0,"- ","- ",,,"CONTRA COSTA",CONCORD,-121.96891445999999,37.956157320000003
7204469,2016,2016-03-10,0704,2016-02-25,1447,559,,4,5,6,0704,0,0,0,,0,005,"TURTLE CREEK RD","AYERS RD",1584.00,W,N,A,-,N,,,,,,,,,,Y,3,0,1,1,A,-,08,22107,,N,E,I,A,A,H,-,A,A,0,,,Y,,Y,,C,02,0,1,0,0,0,0,0,0,1,"- ","- ",,,"CONTRA COSTA",CONCORD,-121.97991694,37.954843529999998
7204473,2016,2016-03-10,0704,2016-02-23,1619,562,,2,5,6,0704,0,0,0,,0,005,"CLAYTON RD","COVENTRY RD",180.00,W,N,A,-,N,,,,,,,,,,N,4,0,1,2,A,-,03,22350,,N,C,C,A,A,H,-,A,A,0,,,,,Y,,A,01,0,0,1,0,0,0,0,0,0,"- ","- ",,,"CONTRA COSTA",CONCORD,-122.0208164,37.97320028
7204477,2016,2016-03-10,0704,2016-02-22,0745,563,,1,5,6,0704,0,0,0,,0,003,"TULLY WY","WARD WY",0.00,,Y,A,-,N,,,,,,,,,,Y,4,0,1,2,A,-,05,21650,,N,A,C,A,A,H,-,A,A,0,,,,,Y,,A,01,0,0,1,0,0,0,0,0,0,"- ","- ",,,"CONTRA COSTA",CONCORD,-122.02404986000001,37.94139998
7205083,2015,2016-03-14,0701,2015-12-08,0602,2372,207,2,5,5,0701,0,0,0,,0,002,"HILLCREST AV","SUNSET DR",40.00,N,N,B,-,N,,,,,,,,,,Y,4,0,1,3,A,-,03,22350,,N,C,C,A,B,H,-,C,A,0,,,,,Y,,A,01,0,0,1,0,0,0,0,0,0,"- ","- ",,,"CONTRA COSTA",ANTIOCH,-121.78617051000001,37.997782340000001
7206024,2016,2016-08-24,0709,2016-02-08,2130,412,1260,1,5,4,0709,0,0,0,,0,001,"GREGORY LN","CLEAVELAND RD",0.00,,Y,A,-,N,,,,,,,,,,N,2,0,1,2,A,-,11,21456,B,N,G,B,D,A,H,-,C,A,0,Y,,,,Y,,N,60,1,0,0,0,1,0,0,0,0,"- ","- ",,,"CONTRA COSTA","PLEASANT HILL",-122.06420998,37.947979969999999
7207239,2016,2016-03-21,0702,2016-02-12,1606,521M,416B,5,5,3,0702,0,0,0,,0,0B4,"BALFOUR RD","SUMMERSET DR",452.00,W,N,A,-,N,,,,,,,,,,Y,4,0,1,2,A,-,03,22350,,N,C,C,A,A,H,-,A,A,0,,,,,Y,,A,01,0,0,1,0,0,0,0,0,0,"- ","- ",,,"CONTRA COSTA",BRENTWOOD,-121.72996728,37.92539
7207293,2016,2016-08-24,0702,2016-02-14,0045,567I,123B,7,5,3,0702,0,0,0,,0,0B1,"SUNGOLD CT","MUSCAT CT",222.00,E,N,A,-,N,,,,,,,,,,Y,4,0,3,1,A,-,03,22350,,N,E,I,A,A,H,-,C,A,0,,,,,Y,Y,A,01,0,0,3,0,0,0,0,0,0,"- ","- ",,,"CONTRA COSTA",BRENTWOOD,-121.70753000000001,37.942900000000002
7207461,2016,2016-03-16,0702,2016-02-23,1631,541F,310B,2,5,3,0702,0,0,0,,0,0B3,"WALNUT BL","MCCLARREN RD",248.00,N,N,A,-,N,,,,,,,,,,N,4,0,1,1,A,-,03,22350,,N,B,I,A,A,H,-,A,D,0,,,Y,,Y,,C,02,0,0,1,0,0,0,0,0,1,"- ","- ",,,"CONTRA COSTA",BRENTWOOD,-121.69607000000001,37.929871069999997
7207465,2016,2016-03-28,0702,2016-02-27,1533,551J,225B,6,5,3,0702,0,0,0,,0,0B2,"LONE TREE WY","ADAMS LN",0.00,,Y,A,-,N,,,,,,,,,,N,4,0,1,2,A,-,12,21453,A,N,D,C,A,A,H,-,A,A,0,,,,,Y,,A,01,0,0,1,0,0,0,0,0,0,"- ","- ",,,"CONTRA COSTA",BRENTWOOD,-121.70471993,37.961569930000003
7207469,2016,2016-03-16,0702,2016-02-03,2130,509R,204B,3,5,3,0702,0,0,0,,0,0B2,"SYCAMORE AV","GARIN PKY",162.00,W,N,B,-,N,,,,,,,,,,Y,3,0,1,1,A,-,08,22107,,N,E,I,A,B,H,-,C,D,0,,,,,Y,,-,,0,1,0,0,0,0,0,0,0,"- ","- ",,,"CONTRA COSTA",BRENTWOOD,-121.68772176,37.939938259999998
7207473,2016,2016-03-16,0702,2016-02-22,0727,526J,34431,1,5,3,0702,0,0,0,,0,0B4,"BALFOUR RD","W COUNTRY CLUB DR",122.00,N,N,A,-,N,,,,,,,,,,Y,3,0,1,2,A,-,03,22350,,N,C,C,A,A,H,-,A,A,0,,,,,Y,,A,01,0,1,0,0,0,0,0,0,0,"- ","- ",,,"CONTRA COSTA",BRENTWOOD,-121.75252999999999,37.925350000000002
7207477,2016,2016-03-16,0702,2016-02-10,1053,521M,307B,3,5,3,0702,0,0,0,,0,0B3,"2ND ST","CENTRAL BL",0.00,,Y,A,-,N,,,,,,,,,,Y,4,0,1,2,A,-,12,21453,A,N,D,C,A,A,H,-,A,A,0,,,,,Y,,A,01,0,0,1,0,0,0,0,0,0,"- ","- ",,,"CONTRA COSTA",BRENTWOOD,-121.69900987,37.938059930000001
7208337,2016,2016-08-24,0702,2016-02-13,2240,553C,229B,6,5,3,0702,0,0,0,,0,0B2,"OHARA AV","CARAWAY DR",0.00,,Y,A,-,N,,,,,,,,,,N,4,0,2,2,A,-,08,22107,,N,A,C,A,A,H,-,C,A,0,,,,,Y,,A,01,0,0,2,0,0,0,0,0,0,"- ","- ",,,"CONTRA COSTA",BRENTWOOD,-121.70765,37.949419890000001
7208464,2016,2017-02-11,0704,2016-03-12,1838,555,,6,5,6,0704,0,0,0,,0,002,"SUN VALLEY BL","RT 680",0.00,,Y,C,-,Y,CC,4,680,-,-,19.183,R,4,S,N,4,0,1,2,A,-,12,21453,A,N,D,C,A,B,H,-,C,A,0,,,,,Y,,A,07,0,0,1,0,0,0,0,0,0,"- ",SF,,,"CONTRA COSTA",CONCORD,-122.05761525,37.967756309999999
7208888,2016,2016-03-21,0740,2016-02-12,1005,SR040,SR72,5,5,4,0791,0,0,0,,0,006,"BOLLINGER CANYON RD","DOUGHERTY RD",35.00,N,N,A,-,N,,,,,,,,,,,4,0,2,2,A,-,03,22350,,N,C,C,A,A,H,-,A,A,0,,,,,Y,,A,01,0,0,2,0,0,0,0,0,0,"- ","- ",37.747999999999998,-121.91500000000001,"CONTRA COSTA","SAN RAMON",-121.92511,37.773560000000003
7208922,2016,2016-03-16,0740,2016-02-08,1159,53,72,1,5,4,0791,0,0,0,,0,003,"CROW CANYON RD","EL CAPITAN DR",0.00,,Y,A,-,N,,,,,,,,,,Y,4,0,1,2,A,-,09,21453,C,N,D,C,A,A,H,-,A,A,0,,,,,Y,,A,01,0,0,1,0,0,0,0,0,0,"- ","- ",,,"CONTRA COSTA","SAN RAMON",-121.96225990000001,37.782589899999998
7208923,2016,2016-03-16,0740,2016-02-10,1019,SR060,SR072,3,5,4,0791,0,0,0,,0,004,"ALCOSTA BL","MONTEVIDEO DR",14.00,S,N,A,-,N,,,,,,,,,,Y,4,0,2,2,A,-,03,22350,,N,C,C,A,A,H,-,A,A,0,,,,,Y,,A,01,0,0,2,0,0,0,0,0,0,"- ","- ",,,"CONTRA COSTA","SAN RAMON",-121.93853814000001,37.753561040000001
7208924,2016,2016-03-16,0740,2016-02-12,1521,SR040,SR72,5,5,4,0791,0,0,0,,0,003,"CROW CANYON RD","TAHITI DR",60.00,W,N,A,-,N,,,,,,,,,,N,3,0,1,2,A,-,21,22106,,N,C,C,A,A,H,-,A,A,0,,,,,Y,,A,08,0,1,0,0,0,0,0,0,0,"- ","- ",37.782350000000001,-121.96243,"CONTRA COSTA","SAN RAMON",-121.96234721,37.78238408
7208926,2016,2016-03-16,0740,2016-02-19,0823,SR017,72,5,5,4,0791,0,0,0,,0,002,"DAVONA DR","ST DENNIS DR",0.00,,Y,A,-,N,,,,,,,,,,Y,4,0,1,3,A,-,12,22450,A,N,A,C,A,A,H,-,A,A,0,,,,,Y,,A,01,0,0,1,0,0,0,0,0,0,"- ","- ",,,"CONTRA COSTA","SAN RAMON",-121.95432984999999,37.746739939999998
7208927,2016,2016-03-16,0740,2016-02-29,1423,53,,1,5,4,0791,0,0,0,,0,,"BRIAR OAKS DR","BROWER WY",188.00,N,N,A,-,N,,,,,,,,,,Y,4,0,2,1,A,-,05,21650,,N,E,I,A,A,H,-,A,D,0,,,,,Y,,A,01,0,0,2,0,0,0,0,0,0,"- ","- ",,,"CONTRA COSTA","SAN RAMON",-121.91304424,37.773848479999998
7209042,2016,2016-03-16,0740,2016-01-22,2129,501,SR72,5,5,4,0791,0,0,0,,0,001,"SAN RAMON VALLEY BL","FOSTORIA WY",280.00,S,N,B,-,N,,,,,,,,,,Y,4,0,1,1,A,-,01,23152,A,N,E,I,A,B,H,-,C,A,0,,,,,Y,Y,A,01,0,0,1,0,0,0,0,0,0,"- ","- ",37.77901,-121.97750000000001,"CONTRA COSTA","SAN RAMON",-121.97753557,37.77915402
7209064,2016,2016-03-16,0702,2016-01-22,1517,521M,21121,5,5,3,0702,0,0,0,,0,0B1,"FAIRVIEW AV","SAN JOSE AV",794.00,S,N,B,C,N,,,,,,,,,,Y,4,0,1,2,A,-,04,21703,,N,C,C,A,B,H,-,A,A,0,,,,,Y,,A,07,0,0,1,0,0,0,0,0,0,"- ","- ",,,"CONTRA COSTA",BRENTWOOD,-121.72369999999999,37.937709089999998
7209226,2016,2016-03-24,0704,2016-03-05,1431,335,SOUTH,6,5,6,0704,0,0,0,,0,002,"DIAMOND BL","WILLOW PASS RD",213.00,N,N,C,-,N,,,,,,,,,,Y,4,0,1,2,A,-,09,21801,A,N,D,C,A,B,H,-,A,A,0,,,,,Y,,D,22,0,0,1,0,0,0,0,0,0,"- ","- ",,,"CONTRA COSTA",CONCORD,-122.05297379,37.968920480000001
7209303,2016,2016-03-16,0704,2016-03-01,1845,0537,,2,5,6,0704,0,0,0,,0,003,"MONUMENT BL","VIRGINIA LN",0.00,,Y,A,-,N,,,,,,,,,,N,4,0,1,2,A,-,03,22350,A,N,C,C,A,A,H,-,C,D,0,,,,,Y,,A,01,0,0,1,0,0,0,0,0,0,"- ","- ",,,"CONTRA COSTA",CONCORD,-122.04142988,37.954659929999998
7209364,2016,2016-03-21,0704,2016-03-01,2118,280,,2,5,6,0704,0,0,0,,0,004,"WILLOW PASS RD","EAST ST",0.00,,Y,A,-,N,,,,,,,,,,Y,4,0,1,2,D,-,00,,,N,D,C,A,A,H,-,C,A,0,,,,,Y,,-,"- ",0,0,1,0,0,0,0,0,0,"- ","- ",,,"CONTRA COSTA",CONCORD,-122.03062996,37.978199889999999
7209368,2016,2016-03-21,0704,2016-03-03,1841,0537,,4,5,6,0704,0,0,0,,0,002,"CLAYTON RD","PINE ST",0.00,,Y,A,-,N,,,,,,,,,,N,3,0,1,2,A,-,11,21954,A,N,D,B,D,A,H,-,C,A,0,Y,,,,Y,,N,60,0,1,0,0,1,0,0,0,0,"- ","- ",,,"CONTRA COSTA",CONCORD,-122.04502993,37.969929919999998
7209372,2016,2016-03-21,0704,2016-03-04,1258,449,,5,5,6,0704,0,0,0,,0,006,"BAILEY RD","KINNEY BL",2640.00,N,N,C,-,N,,,,,,,,,,Y,3,0,2,1,A,-,08,22107,,N,F,I,A,B,H,-,A,D,0,,,,,Y,,A,07,0,2,0,0,0,0,0,0,0,"- ","- ",,,"CONTRA COSTA",CONCORD,-121.95396742,37.980892679999997
7209384,2016,2016-03-21,0704,2016-03-04,1747,386,,5,5,6,0704,0,0,0,,0,005,"WILLOW PASS RD","AVILA RD",3045.00,S,N,C,-,N,,,,,,,,,,Y,4,0,1,2,A,-,03,22350,,N,C,C,A,B,H,-,B,D,0,,,,,Y,,A,08,0,0,1,0,0,0,0,0,0,"- ","- ",,,"CONTRA COSTA",CONCORD,-121.99974,38.003149999999998
7209429,2016,2016-03-16,0701,2016-03-06,1355,5319,609,7,5,5,0701,0,0,0,,0,006,"COUNTRY HILLS DR","HILLCREST AV",0.00,,Y,A,-,N,,,,,,,,,,Y,3,0,2,2,A,-,12,21453,A,N,D,C,A,A,H,-,A,A,0,,,,,Y,,A,01,0,1,1,0,0,0,0,0,0,"- ","- ",,,"CONTRA COSTA",ANTIOCH,-121.7600899,37.966489920000001
7209467,2016,2016-03-16,0704,2016-02-29,0955,466,,1,5,6,0704,0,0,0,,0,005,"CONCORD BL","DENKINGER RD",0.00,,Y,A,-,N,,,,,,,,,,Y,4,0,2,2,A,-,12,21453,A,N,D,C,A,A,H,-,A,A,0,,,,,Y,,A,01,0,0,2,0,0,0,0,0,0,"- ","- ",,,"CONTRA COSTA",CONCORD,-121.98356999000001,37.974969969999997
7209479,2016,2016-03-16,0704,2016-02-29,1947,562,,1,5,6,0704,0,0,0,,0,005,"HUMPHREY DR","CONCORD BL",205.00,S,N,A,-,N,,,,,,,,,,Y,3,0,1,1,A,-,03,22350,,N,A,I,A,A,H,-,A,D,0,,,,,Y,,A,01,0,1,0,0,0,0,0,0,0,"- ","- ",,,"CONTRA COSTA",CONCORD,-122.01708515,37.976996900000003
7209503,2016,2017-02-13,0707,2016-02-03,1130,217,BAY,3,5,3,0707,0,0,0,,0,001,"PINOLE VALLEY RD","RT 80",16.00,N,N,A,-,Y,CC,4,80,-,-,8.397,R,4,W,Y,4,0,3,2,D,-,00,,,N,B,C,A,A,H,-,A,A,0,,,,,Y,,-,"- ",0,0,3,0,0,0,0,0,0,"- ",WO,,,"CONTRA COSTA",PINOLE,-122.28798424,37.996046079999999
7209521,2016,2016-03-16,0704,2016-02-24,1332,548,"MT DI",3,5,6,0704,0,0,0,,0,001,"MARKET ST","CONCORD AV",70.00,S,N,A,-,N,,,,,,,,,,N,4,0,1,2,A,-,03,22350,,N,-,C,A,A,H,-,A,A,0,,,,,Y,,A,01,0,0,1,0,0,0,0,0,0,"- ","- ",,,"CONTRA COSTA",CONCORD,-122.04197541000001,37.978477220000002
7209781,2016,2016-03-23,0709,2016-02-17,1043,400,3100,3,5,4,0709,0,0,0,,0,001,"CONTRA COSTA BL","WOODSWORTH LN",1635.00,N,N,A,-,N,,,,,,,,,,Y,3,0,1,3,A,-,03,22350,,N,C,C,A,A,H,-,A,D,0,,,,,Y,,-,,0,1,0,0,0,0,0,0,0,"- ","- ",,,"CONTRA COSTA","PLEASANT HILL",-122.06023999999999,37.954670999999998
7209785,2016,2016-03-23,0709,2016-02-22,1032,345,3200,1,5,4,0709,0,0,0,,0,001,"OAK PARK BL","PLEASANT VALLEY DR",80.00,E,N,A,-,N,,,,,,,,,,N,4,0,1,2,A,-,09,21802,A,N,D,C,A,A,H,-,A,A,0,,,,,Y,,-,,0,0,1,0,0,0,0,0,0,"- ","- ",,,"CONTRA COSTA","PLEASANT HILL",-122.06203275999999,37.933198660000002
7209789,2016,2016-03-23,0709,2016-02-18,0811,401,3200,4,5,4,0709,0,0,0,,0,001,"OAK PARK BL","BUSKIRK AV",60.00,E,N,A,-,N,,,,,,,,,,Y,4,0,1,3,A,-,05,21650,,N,A,C,A,-,H,-,A,-,0,,,,,Y,,-,,0,0,1,0,0,0,0,0,0,"- ","- ",,,"CONTRA COSTA","PLEASANT HILL",-122.05898000000001,37.933230000000002
7209839,2016,2016-03-21,0709,2016-02-19,0944,426,1190,5,5,4,0709,0,0,0,,0,002,"TAYLOR BL","CONTRA COSTA BL",0.00,,Y,A,-,N,,,,,,,,,,N,4,0,1,2,A,-,09,21453,C,N,D,C,A,A,H,-,A,A,0,,,,,Y,,-,,0,0,1,0,0,0,0,0,0,"- ","- ",,,"CONTRA COSTA","PLEASANT HILL",-122.06190986999999,37.962329969999999
7209847,2016,2016-03-21,0704,2016-03-10,1524,400,,4,5,6,0704,0,0,0,,0,,"SUNVALLEY BL","SUNVALLEY MALL ENTRANCE",111.00,W,N,C,-,N,,,,,,,,,,Y,4,0,2,4,A,-,03,22350,,F,C,C,A,B,H,-,A,A,0,,,,,Y,,-,,0,0,2,0,0,0,0,0,0,"- ","- ",,,"CONTRA COSTA",CONCORD,-122.05848992,37.964481739999997
7213393,2016,2017-02-09,0704,2016-03-05,1742,360,,6,5,6,0704,0,0,0,,0,001,"SOLANO WY","GRANT ST",0.00,,Y,C,-,Y,CC,4,242,-,-,2.280,R,4,S,Y,4,0,1,2,A,-,09,21801,A,N,D,C,A,B,H,-,B,A,0,,,,,Y,,A,01,0,0,1,0,0,0,0,0,0,"- ","- ",,,"CONTRA COSTA",CONCORD,-122.04014435000001,37.990555829999998
7213811,2016,2016-03-21,0712,2016-02-23,2129,P559,,2,5,5,0712,0,0,0,,0,002,"N MAIN ST","YGNACIO VALLEY RD",0.00,,Y,A,-,N,,,,,,,,,,Y,4,0,2,3,A,-,09,21453,C,N,A,C,A,A,H,-,C,A,0,,,,,Y,,A,01,0,0,2,0,0,0,0,0,0,"- ","- ",,,"CONTRA COSTA","WALNUT CREEK",-122.06431987000001,37.906189990000001
7213812,2016,2016-03-21,0712,2016-02-28,0210,P545,,7,5,5,0712,0,0,0,,0,003,"BANCROFT RD","READY RD",0.00,,Y,A,-,N,,,,,,,,,,Y,3,0,1,1,A,-,01,23152,A,N,E,I,A,A,H,-,C,D,0,,,,,Y,Y,A,07,0,1,0,0,0,0,0,0,0,"- ","- ",,,"CONTRA COSTA","WALNUT CREEK",-122.03875992,37.925239990000001