CASE_ID,ACCIDENT_YEAR,PROC_DATE,JURIS,COLLISION_DATE,COLLISION_TIME,OFFICER_ID,REPORTING_DISTRICT,DAY_OF_WEEK,CHP_SHIFT,POPULATION,CNTY_CITY_LOC,SPECIAL_COND,BEAT_TYPE,CHP_BEAT_TYPE,CITY_DIVISION_LAPD,CHP_BEAT_CLASS,BEAT_NUMBER,PRIMARY_RD,SECONDARY_RD,DISTANCE,DIRECTION,INTERSECTION,WEATHER_1,WEATHER_2,STATE_HWY_IND,CALTRANS_COUNTY,CALTRANS_DISTRICT,STATE_ROUTE,ROUTE_SUFFIX,POSTMILE_PREFIX,POSTMILE,LOCATION_TYPE,RAMP_INTERSECTION,SIDE_OF_HWY,TOW_AWAY,COLLISION_SEVERITY,NUMBER_KILLED,NUMBER_INJURED,PARTY_COUNT,PRIMARY_COLL_FACTOR,PCF_CODE_OF_VIOL,PCF_VIOL_CATEGORY,PCF_VIOLATION,PCF_VIOL_SUBSECTION,HIT_AND_RUN,TYPE_OF_COLLISION,MVIW,PED_ACTION,ROAD_SURFACE,ROAD_COND_1,ROAD_COND_2,LIGHTING,CONTROL_DEVICE,CHP_ROAD_TYPE,PEDESTRIAN_ACCIDENT,BICYCLE_ACCIDENT,MOTORCYCLE_ACCIDENT,TRUCK_ACCIDENT,NOT_PRIVATE_PROPERTY,ALCOHOL_INVOLVED,STWD_VEHTYPE_AT_FAULT,CHP_VEHTYPE_AT_FAULT,COUNT_SEVERE_INJ,COUNT_VISIBLE_INJ,COUNT_COMPLAINT_PAIN,COUNT_PED_KILLED,COUNT_PED_INJURED,COUNT_BICYCLIST_KILLED,COUNT_BICYCLIST_INJURED,COUNT_MC_KILLED,COUNT_MC_INJURED,PRIMARY_RAMP,SECONDARY_RAMP,LATITUDE,LONGITUDE,COUNTY,CITY,POINT_X,POINT_Y
8102250,2016,2016-08-11,0712,2016-07-10,1630,P484,WCPD,7,5,5,0712,0,0,0,,0,001,"MOUNT DIABLO BL","BOULEVARD WY",0.00,,Y,A,-,N,,,,,,,,,,Y,4,0,1,2,A,-,09,21453,C,N,D,C,A,A,H,-,A,A,0,,,,,Y,,A,07,0,0,1,0,0,0,0,0,0,"- ","- ",,,"CONTRA COSTA","WALNUT CREEK",-122.07158995,37.896409990000002
8102282,2016,2017-02-28,0705,2016-07-11,1315,117,PATRO,1,5,3,0705,0,0,0,,0,010,"RT 123","SACRAMENTO AV",16.00,S,N,A,-,Y,CC,4,123,-,-,0.680,I,5,S,N,2,0,1,2,A,-,06,21951,,N,G,B,C,A,H,-,A,D,0,Y,,,,Y,,A,01,1,0,0,0,1,0,0,0,0,"- ","- ",,,"CONTRA COSTA","EL CERRITO",-122.30588985999999,37.907323050000002
8102283,2016,2016-08-11,0712,2016-07-25,0925,323,,1,5,5,0712,0,0,0,,0,002,"IGNACIO VALLEY RD","BART ENT",30.00,E,N,A,-,N,,,,,,,,,,N,4,0,1,2,A,-,03,22350,,N,C,C,A,A,H,-,A,A,0,,,,,Y,,A,01,0,0,1,0,0,0,0,0,0,"- ","- ",,,"CONTRA COSTA","WALNUT CREEK",,
8102284,2016,2016-08-11,0712,2016-07-28,1510,378,,4,5,5,0712,0,0,0,,0,001,BROADWAY,"LINCOLN AV",100.00,S,N,A,-,N,,,,,,,,,,N,4,0,1,2,A,-,09,21804,A,N,C,C,A,A,H,-,A,D,0,,,,,Y,,A,01,0,0,1,0,0,0,0,0,0,"- ","- ",,,"CONTRA COSTA","WALNUT CREEK",-122.06017576000001,37.900400650000002
8102285,2016,2016-08-24,0712,2016-07-27,1717,323,COSTA,3,5,5,0712,0,0,0,,0,002,"N BROADWAY","ARROYO WY",0.00,,Y,A,-,N,,,,,,,,,,Y,4,0,1,3,A,-,09,21802,A,N,D,D,A,A,H,-,A,A,0,,,,,Y,,A,07,0,0,1,0,0,0,0,0,0,"- ","- ",,,"CONTRA COSTA","WALNUT CREEK",-122.06125996,37.905069959999999
8102286,2016,2016-08-11,0712,2016-07-22,2127,P484,,5,5,5,0712,0,0,0,,0,,"N MAIN ST","TREAT BL",200.00,N,N,A,-,N,,,,,,,,,,Y,4,0,1,2,A,-,08,22107,,N,D,C,A,A,H,-,C,D,0,,,,,Y,,A,01,0,0,1,0,0,0,0,0,0,"- ","- ",,,"CONTRA COSTA","WALNUT CREEK",-122.06229599,37.926898010000002
8102288,2016,2016-08-11,0712,2016-07-22,1615,P524,WALNU,5,5,5,0712,0,0,0,,0,003,"YGNACIO VALLEY RD",TAMPICO,200.00,W,N,A,-,N,,,,,,,,,,N,4,0,2,3,A,-,03,22350,,N,C,C,A,A,H,-,A,A,0,,,,,Y,,A,01,0,0,2,0,0,0,0,0,0,"- ","- ",,,"CONTRA COSTA","WALNUT CREEK",-122.04669966,37.911066239999997
8102484,2016,2016-08-18,0712,2016-08-08,0947,323,,1,5,5,0712,0,0,0,,0,001,"LOCUST ST","CYPRESS ST",50.00,S,N,A,-,N,,,,,,,,,,Y,4,0,1,2,A,-,09,21801,A,N,D,C,A,A,H,-,A,D,0,,,,,Y,,A,01,0,0,1,0,0,0,0,0,0,"- ","- ",,,"CONTRA COSTA","WALNUT CREEK",-122.06196380999999,37.898830070000002
8102488,2016,2016-08-18,0712,2016-08-08,1235,378,,1,5,5,0712,0,0,0,,0,003,"YGNACIO VALLEY RD","HOSPITAL LN",100.00,E,N,A,-,N,,,,,,,,,,Y,4,0,1,2,A,-,03,22350,,N,C,C,A,A,H,-,A,A,0,,,,,Y,,A,07,0,0,1,0,0,0,0,0,0,"- ","- ",,,"CONTRA COSTA","WALNUT CREEK",-122.04183519,37.91453053
8102516,2016,2016-08-18,0712,2016-08-09,1613,323,,2,5,5,0712,0,0,0,,0,003,"YGNACIO VALLEY RD","CIVIC DR",350.00,E,N,A,-,N,,,,,,,,,,Y,4,0,1,3,A,-,03,22350,,N,C,C,A,A,H,-,A,A,0,,,,,Y,,A,01,0,0,1,0,0,0,0,0,0,"- ","- ",,,"CONTRA COSTA","WALNUT CREEK",-122.05773332,37.907089999999997
8102520,2016,2016-08-18,0712,2016-08-09,1225,323,,2,5,5,0712,0,0,0,,0,002,"MOUNT DIABLO BL","BROADWAY PLAZA",20.00,W,N,A,-,N,,,,,,,,,,N,3,0,1,2,A,-,06,21951,,N,D,G,A,A,H,-,A,A,0,,Y,,,Y,,A,01,0,1,0,0,0,0,1,0,0,"- ","- ",,,"CONTRA COSTA","WALNUT CREEK",-122.05901595,37.897593039999997
8102524,2016,2016-08-18,0712,2016-08-08,1655,323,,1,5,5,0712,0,0,0,,0,003,"YGNACIO VALLEY","HOMESTEAD AV",100.00,E,N,A,-,N,,,,,,,,,,N,3,0,1,2,A,-,03,22350,,N,B,C,A,A,H,-,A,A,0,,,Y,,Y,,C,02,0,1,0,0,0,0,0,0,1,"- ","- ",,,"CONTRA COSTA","WALNUT CREEK",-122.05199588000001,37.909153340000003
8102528,2016,2016-08-18,0712,2016-08-08,0950,378,,1,5,5,0712,0,0,0,,0,003,"YGNACIO VALLEY RD","LA CASA VIA",300.00,E,N,A,-,N,,,,,,,,,,Y,4,0,1,4,A,-,02,22400,A,N,C,C,A,A,H,-,A,A,0,,,,,Y,,A,01,0,0,1,0,0,0,0,0,0,"- ","- ",,,"CONTRA COSTA","WALNUT CREEK",-122.04287265000001,37.913718510000002
8102608,2016,2017-03-01,0712,2016-07-25,1834,323,,1,5,5,0712,0,0,0,,0,001,"OLYMPIC BL",RT80,0.00,,Y,A,-,Y,CC,4,680,-,-,13.687,R,4,N,Y,3,0,1,2,A,-,12,21453,A,N,D,D,A,A,H,-,A,A,0,,,,,Y,,A,01,0,1,0,0,0,0,0,0,0,"- ",NF,,,"CONTRA COSTA","WALNUT CREEK",-122.0631918,37.892215610000001
8102952,2016,2016-08-19,0701,2016-07-29,1317,3639,402,5,5,5,0701,0,0,0,,0,004,"GENTRYTOWN DR","GENTRYTOWN DR 3508",0.00,,-,A,-,N,,,,,,,,,,Y,2,0,1,2,A,-,06,21755,,N,D,C,A,A,H,-,A,A,0,,,Y,,Y,,C,02,1,0,0,0,0,0,0,0,1,"- ","- ",,,"CONTRA COSTA",ANTIOCH,-121.83650136,37.985728620000003
8102962,2016,2016-08-19,0701,2016-08-03,1333,4265,104,3,5,5,0701,0,0,0,,0,001,"W 14TH ST","G ST",0.00,,Y,A,-,N,,,,,,,,,,Y,4,0,2,2,A,-,03,22350,I,N,D,C,A,A,H,-,A,A,0,,,,,Y,,A,01,0,0,2,0,0,0,0,0,0,"- ","- ",,,"CONTRA COSTA",ANTIOCH,-121.81376989,38.008099950000002
8103013,2016,2016-10-13,0701,2016-08-08,1041,4265,504,1,5,5,0701,0,0,0,,0,005,"LONE TREE WY","EAGLERIDGE DR",132.00,W,N,A,-,N,,,,,,,,,,N,4,0,2,2,A,-,03,22350,,F,C,C,A,A,H,-,A,A,0,,,,,Y,,A,01,0,0,2,0,0,0,0,0,0,"- ","- ",,,"CONTRA COSTA",ANTIOCH,-121.79692065,37.971660319999998
8103283,2016,2016-08-16,0701,2016-08-03,2043,5537,507,3,5,5,0701,0,0,0,,0,005,"HILLCREST AV","EAST TREGALLAS RD",0.00,,Y,A,-,N,,,,,,,,,,Y,4,0,1,2,A,-,08,22107,,N,D,C,A,A,H,-,C,A,0,,,,,Y,,A,01,0,0,1,0,0,0,0,0,0,"- ","- ",,,"CONTRA COSTA",ANTIOCH,-121.78469988000001,37.994879910000002
8103305,2016,2016-08-11,0710,2016-06-22,1314,1477,,3,5,5,0710,0,0,0,,0,NORTHE,"23RD ST","GARVIN AV",0.00,,Y,A,-,N,,,,,,,,,,N,4,0,1,2,A,-,08,22107,,N,-,C,A,A,H,-,A,A,0,,,Y,,Y,,I,11,0,0,1,0,0,0,0,0,1,"- ","- ",,,"CONTRA COSTA",RICHMOND,-122.34748999,37.943829940000001
8104058,2016,2016-08-23,0712,2016-08-02,0710,P459,,2,5,5,0712,0,0,0,,0,003,"YGNACIO VALLEY RD","OAK GROVE RD",400.00,E,N,A,-,N,,,,,,,,,,N,4,0,1,2,A,-,00,21760,,N,B,G,A,A,H,-,A,D,0,,Y,,,Y,,I,11,0,0,1,0,0,0,1,0,0,"- ","- ",,,"CONTRA COSTA","WALNUT CREEK",-122.01343356,37.927954110000002
8104071,2016,2017-02-18,0705,2016-08-02,0650,E204,PATRO,2,5,3,0705,0,0,0,,0,011,"RT 123","POTRERO AV",0.00,,Y,B,-,Y,CC,4,123,-,-,1.750,I,5,S,Y,4,0,1,2,A,-,09,21801,A,N,A,C,A,A,H,-,A,A,0,,,Y,,Y,,A,01,0,0,1,0,0,0,0,0,1,"- ","- ",,,"CONTRA COSTA","EL CERRITO",-122.31516789,37.920718890000003
8104075,2016,2016-08-26,0705,2016-08-05,2017,E207,PATRO,5,5,3,0705,0,0,0,,0,010,"ASHBURY AV","FAIRMONT AV",127.00,N,N,A,-,N,,,,,,,,,,Y,4,0,1,3,A,-,08,22107,,N,B,E,A,A,H,-,B,D,0,,,,,Y,,A,01,0,0,1,0,0,0,0,0,0,"- ","- ",,,"CONTRA COSTA","EL CERRITO",-122.29398514,37.903648779999997
8104114,2016,2016-08-22,0712,2016-08-03,1725,P518,,3,5,5,0712,0,0,0,,0,003,"YGNACIO VALLEY RD","LA CASA VIA",200.00,E,N,A,-,N,,,,,,,,,,N,3,0,1,3,A,-,03,22350,,N,C,C,A,A,H,-,A,D,0,,,Y,,Y,,A,01,0,1,0,0,0,0,0,0,1,"- ","- ",,,"CONTRA COSTA","WALNUT CREEK",-122.04313417,37.913538160000002
8104154,2016,2016-08-22,0712,2016-08-02,1356,P518,,2,5,5,0712,0,0,0,,0,003,"BANCROFT RD","TREAT BL",0.00,,Y,A,-,N,,,,,,,,,,N,4,0,2,2,A,-,21,22106,,N,C,C,A,A,H,-,A,D,0,,,,,Y,,A,08,0,0,2,0,0,0,0,0,0,"- ","- ",,,"CONTRA COSTA","WALNUT CREEK",-122.04248997000001,37.929139880000001
8104158,2016,2016-08-22,0712,2016-08-04,1219,378,,4,5,5,0712,0,0,0,,0,001,"SOUTH BROADWAY","MOUNT DIABLO BL",500.00,S,N,A,-,N,,,,,,,,,,N,4,0,1,2,A,-,03,22350,,N,C,C,A,A,H,-,A,A,0,,,,,Y,,A,07,0,0,1,0,0,0,0,0,0,"- ","- ",,,"CONTRA COSTA","WALNUT CREEK",-122.05704159,37.896950840000002
8104219,2016,2016-08-22,0712,2016-07-28,0914,P459,,4,5,5,0712,0,0,0,,0,003,"YGNACIO VALLEY RD","CIVIC DR",0.00,,Y,A,-,N,,,,,,,,,,N,3,0,1,2,A,-,05,21650,1,N,D,G,A,A,H,-,A,A,0,,Y,,,Y,,L,04,0,1,0,0,0,0,1,0,0,"- ","- ",,,"CONTRA COSTA","WALNUT CREEK",-122.05882997000001,37.906679949999997
8104256,2016,2016-08-26,0710,2016-02-05,0615,1314,,5,5,5,0710,0,0,0,,0,007,"23RD ST","BARRETT AV",0.00,,Y,A,-,N,,,,,,,,,,Y,4,0,1,2,A,-,12,21453,A,N,D,C,A,A,H,-,C,A,0,,,,,Y,,-,,0,0,1,0,0,0,0,0,0,"- ","- ",,,"CONTRA COSTA",RICHMOND,-122.34752996,37.938439889999998
8104262,2016,2016-08-26,0712,2016-07-20,0416,P559,,3,5,5,0712,0,0,0,,0,001,"YGNACIO VALLEY RD","YGNACIO VALLEY CT",0.00,,Y,A,-,N,,,,,,,,,,Y,3,0,1,1,A,-,08,22107,,N,B,I,A,A,H,-,C,D,0,,,,,Y,,A,01,0,1,0,0,0,0,0,0,0,"- ","- ",,,"CONTRA COSTA","WALNUT CREEK",-122.0697299,37.905669899999999
8104270,2016,2016-08-26,0712,2016-07-27,0818,378,,3,5,5,0712,0,0,0,,0,003,"BANCROFT RD","POMAR WY",20.00,N,N,A,-,N,,,,,,,,,,N,4,0,1,2,A,-,03,22350,,N,C,C,A,A,H,-,A,A,0,,,,,Y,,A,07,0,0,1,0,0,0,0,0,0,"- ","- ",,,"CONTRA COSTA","WALNUT CREEK",-122.04123045,37.927784629999998
8105907,2016,2016-08-31,0710,2016-08-03,1721,1494,,3,5,5,0710,0,0,0,,0,006,"RICHMOND PKWY","MACDONALD AVENUE",0.00,,Y,A,-,N,,,,,,,,,,Y,3,0,4,2,A,-,03,22350,,N,C,C,A,A,H,-,A,D,0,,,,,Y,,A,01,0,4,0,0,0,0,0,0,0,"- ","- ",,,"CONTRA COSTA",RICHMOND,-122.37295998,37.93590992
8105911,2016,2016-08-31,0710,2016-07-21,1600,1662,0710,4,5,5,0710,0,0,0,,0,007,"BARRETT AV","39TH ST",50.00,W,N,A,-,N,,,,,,,,,,N,3,0,1,2,A,-,00,21760,,F,B,G,A,A,H,-,A,D,0,,Y,,,Y,,D,22,0,1,0,0,0,0,1,0,0,"- ","- ",,,"CONTRA COSTA",RICHMOND,-122.33202034999999,37.936325750000002
8105984,2016,2016-09-01,0704,2016-08-15,0704,0426,,1,5,6,0704,0,0,0,,0,002,"DETROIT AV","WALTERS WY",307.00,N,N,A,-,N,,,,,,,,,,Y,4,0,1,2,A,-,08,22107,,N,E,I,F,A,H,-,A,D,0,Y,,,,Y,,D,22,0,0,1,0,1,0,0,0,0,"- ","- ",37.962490000000003,-122.03577,"CONTRA COSTA",CONCORD,-122.03637874,37.963201939999998
8105988,2016,2016-09-01,0704,2016-08-22,0750,347,,1,5,6,0704,0,0,0,,0,001,"CONCORD AV","COMMERCE AV",10.00,W,N,A,-,N,,,,,,,,,,N,4,0,1,3,A,-,03,22350,,N,C,C,A,A,H,-,A,A,0,,,,,Y,,A,01,0,0,1,0,0,0,0,0,0,"- ","- ",,,"CONTRA COSTA",CONCORD,-122.04484382,37.979216149999999
8106036,2016,2016-08-29,0704,2016-08-19,0817,561,,5,5,6,0704,0,0,0,,0,003,"TREAT BL","SAN MIGUEL RD",0.00,,Y,A,-,N,,,,,,,,,,Y,3,0,2,2,A,-,09,21802,A,N,D,C,A,A,H,-,-,A,0,,,,,Y,,A,01,0,1,1,0,0,0,0,0,0,"- ","- ",,,"CONTRA COSTA",CONCORD,-122.01468997000001,37.945669940000002
8106040,2016,2016-10-10,0704,2016-08-17,1212,567,,3,5,6,0704,0,0,0,,0,003,"TREAT BL","OAK GROVE RD",76.00,E,N,A,-,N,,,,,,,,,,Y,4,0,5,3,A,-,03,22350,,N,C,C,A,A,H,-,A,A,0,,,,,Y,,A,01,0,0,5,0,0,0,0,0,0,"- ","- ",,,"CONTRA COSTA",CONCORD,-122.02483029,37.938845350000001
8106044,2016,2016-08-29,0704,2016-08-12,1953,0365,,5,5,6,0704,0,0,0,,0,004,"WILLOW PASS RD","COLFAX ST",0.00,E,N,A,-,N,,,,,,,,,,N,4,0,1,2,D,-,00,,,N,C,C,A,A,H,-,A,A,0,,,,,Y,,-,"- ",0,0,1,0,0,0,0,0,0,"- ","- ",,,"CONTRA COSTA",CONCORD,-122.03178991,37.977649980000002
8106048,2016,2016-10-19,0704,2016-08-15,0929,482,"MT DI",1,5,6,0704,0,0,0,,0,005,"TREAT BL","KINGSWOOD DR",175.00,N,N,A,-,N,,,,,,,,,,Y,3,0,1,1,A,-,07,21658,A,N,E,I,A,A,H,-,A,D,0,,,,,Y,,A,01,0,1,0,0,0,0,0,0,0,"- ","- ",,,"CONTRA COSTA",CONCORD,-122.00560298000001,37.951070180000002
8106052,2016,2016-10-19,0704,2016-08-11,0826,4573,,4,5,6,0704,0,0,0,,0,004,"PORT CHICAGO HWY","SALVIO ST",0.00,,Y,A,-,N,,,,,,,,,,Y,4,0,1,2,A,-,12,21453,A,N,D,D,A,A,-,-,A,A,0,,,,,Y,,A,07,0,0,1,0,0,0,0,0,0,"- ","- ",,,"CONTRA COSTA",CONCORD,-122.03015986,37.979699959999998
8106056,2016,2016-08-29,0704,2016-08-08,1945,0571,,1,5,6,0704,0,0,0,,0,006,"TURTLE CREEK RD","SUSSEX WY",30.00,W,N,A,-,N,,,,,,,,,,Y,4,0,2,2,A,-,03,22350,,N,C,C,A,A,H,-,C,D,0,,,,,Y,,A,01,0,0,2,0,0,0,0,0,0,"- ","- ",,,"CONTRA COSTA",CONCORD,-121.99413695,37.95901997
8106058,2016,2016-08-29,0710,2016-08-05,1457,1586,,5,5,5,0710,0,0,0,,0,006,"MACDONALD AV","2ND ST",0.00,,Y,A,-,N,,,,,,,,,,N,3,0,1,2,A,-,10,21950,A,N,G,B,B,A,H,-,A,A,0,Y,,,,Y,,A,01,0,1,0,0,1,0,0,0,0,"- ","- ",,,"CONTRA COSTA",RICHMOND,-122.36766,37.935719990000003
8106064,2016,2016-08-29,0704,2016-08-23,1305,559,,2,5,6,0704,0,0,0,,0,001,"MARKET ST","WILLOW PASS RD",10.00,S,N,A,-,N,,,,,,,,,,N,3,0,1,2,A,-,11,21955,,N,G,B,D,A,H,-,A,A,0,Y,,,,Y,,N,60,0,1,0,0,1,0,0,0,0,"- ","- ",,,"CONTRA COSTA",CONCORD,-122.04596451,37.971045050000001
8106068,2016,2016-08-29,0704,2016-08-21,2014,511,,7,5,6,0704,0,0,0,,0,006,"CLAYTON RD","THORNWOOD DR",0.00,,Y,A,-,N,,,,,,,,,,Y,4,0,1,2,A,-,12,21453,A,N,-,C,A,A,H,-,C,A,0,,,,,Y,,A,01,0,0,1,0,0,0,0,0,0,"- ","- ",,,"CONTRA COSTA",CONCORD,-121.98685,37.96262995
8106072,2016,2016-08-29,0704,2016-08-20,1700,0565,,6,5,6,0704,0,0,0,,0,006,"AYERS RD","CLAYTON RD",80.00,N,N,A,-,N,,,,,,,,,,Y,4,0,1,2,A,-,09,21804,A,N,D,C,A,A,H,-,A,-,0,,,,,Y,,A,01,0,0,1,0,0,0,0,0,0,"- ","- ",,,"CONTRA COSTA",CONCORD,-121.96889480999999,37.956389919999999
8106076,2016,2016-08-29,0704,2016-08-19,0851,0426,,5,5,6,0704,0,0,0,,0,003,"TREAT BL","BLARNEY AV",167.00,N,N,A,-,N,,,,,,,,,,Y,4,0,1,4,A,-,03,22350,,N,C,C,A,A,H,-,A,D,0,,,,,Y,,A,07,0,0,1,0,0,0,0,0,0,"- ","- ",37.941049999999997,-122.02131,"CONTRA COSTA",CONCORD,-122.02092014,37.941468479999997
8106077,2016,2016-11-03,0704,2016-08-12,1619,569,,5,5,6,0704,0,0,0,,0,001,"BONIFACIO ST","GALINDO ST",124.20,W,N,A,-,N,,,,,,,,,,N,4,0,1,2,A,-,17,21100,3,N,D,G,A,A,H,-,A,D,0,,Y,,,Y,,L,04,0,0,1,0,0,0,1,0,0,"- ","- ",,,"CONTRA COSTA",CONCORD,-122.03754619,37.978573490000002
8106080,2016,2016-08-29,0704,2016-08-19,0834,0561,,5,5,6,0704,0,0,0,,0,003,"TREAT BL","OAK GROVE PLZ DR",0.00,,Y,A,-,N,,,,,,,,,,Y,4,0,2,3,A,-,12,21453,A,N,D,C,A,A,H,-,A,A,0,,,,,Y,,A,01,0,0,2,0,0,0,0,0,0,"- ","- ",,,"CONTRA COSTA",CONCORD,-122.02707997,37.937689910000003
8106155,2016,2016-10-19,0704,2016-08-06,1150,0448,0704,6,5,6,0704,0,0,0,,0,001,"CONCORD AV","COMMERCE AV",313.00,E,N,-,-,N,,,,,,,,,,Y,4,0,1,2,A,-,03,22350,,N,-,-,A,-,-,-,-,-,0,,,Y,,Y,,O,05,0,0,1,0,0,0,0,0,1,"- ","- ",,,"CONTRA COSTA",CONCORD,-122.04375039999999,37.979021729999999
8106275,2016,2016-08-29,0710,2016-07-22,1204,1586,,5,5,5,0710,0,0,0,,0,,"BARRETT AV","24TH ST",0.00,,Y,A,-,N,,,,,,,,,,N,4,0,1,2,A,-,08,22107,,N,B,C,A,-,H,-,A,A,0,,,,,Y,,A,01,0,0,1,0,0,0,0,0,0,"- ","- ",,,"CONTRA COSTA",RICHMOND,-122.34575,37.938239879999998
8106673,2016,2016-08-23,0704,2016-08-11,1747,537,,4,5,6,0704,0,0,0,,0,002,"DIAMOND BL","WILLOW WY",0.00,,Y,A,-,N,,,,,,,,,,Y,3,0,2,2,A,-,12,21453,A,N,D,C,A,A,H,-,A,A,0,,,,,Y,,A,07,0,1,1,0,0,0,0,0,0,"- ","- ",,,"CONTRA COSTA",CONCORD,-122.05586989,37.971439959999998
8106681,2016,2016-08-26,0704,2016-07-21,1015,478,,4,5,6,0704,0,0,0,,0,,"PARK HIGHLANDS BL","YGNACIO VALLEY RD",0.00,,Y,A,-,N,,,,,,,,,,Y,3,0,1,2,A,-,09,21801,A,N,A,C,A,A,H,-,A,A,0,,,,,Y,,D,22,0,1,0,0,0,0,0,0,0,"- ","- ",,,"CONTRA COSTA",CONCORD,-121.96084,37.94968995
8106689,2016,2016-08-23,0704,2016-08-01,1409,491,,1,5,6,0704,0,0,0,,0,005,"CLAYTON RD","BABEL LN",302.00,E,N,A,-,N,,,,,,,,,,Y,4,0,2,2,A,-,03,22350,,N,C,C,A,A,H,-,A,D,0,,,,,Y,,D,22,0,0,2,0,0,0,0,0,0,"- ","- ",,,"CONTRA COSTA",CONCORD,-122.00833333,37.969660599999997
8107441,2016,2016-10-19,0704,2016-08-02,2231,0570,,2,5,6,0704,0,0,0,,0,004,"PORT CHICAGO HWY","WILLOW PASS RD",0.00,,Y,A,-,N,,,,,,,,,,Y,3,0,2,2,A,-,01,23152,B,N,A,C,A,A,H,-,C,A,0,,,,,Y,Y,A,01,0,1,1,0,0,0,0,0,0,"- ","- ",,,"CONTRA COSTA",CONCORD,-122.02959993,37.978579930000002
8107445,2016,2016-08-31,0704,2016-08-07,1313,576,,7,5,6,0704,0,0,0,,0,001,"CONCORD AV","MARKET ST",0.00,,Y,A,-,N,,,,,,,,,,Y,4,0,3,2,A,-,12,21453,A,N,D,C,A,A,H,-,A,A,0,,,,,Y,,A,01,0,0,3,0,0,0,0,0,0,"- ","- ",,,"CONTRA COSTA",CONCORD,-122.04189995999999,37.97865994
8107461,2016,2017-02-28,0704,2016-08-08,0749,543,"MT DI",1,5,6,0704,0,0,0,,0,001,"GRANT ST","RT 242",0.00,,Y,A,-,Y,CC,4,242,-,-,1.948,R,1,N,N,4,0,1,2,A,-,05,21650,1,N,B,G,A,A,H,-,A,A,0,,Y,,,Y,,L,04,0,0,1,0,0,0,1,0,0,"- ",EF,,,"CONTRA COSTA",CONCORD,-122.04100714,37.985798410000001
8107465,2016,2016-08-22,0704,2016-08-03,1659,0392,,3,5,6,0704,0,0,0,,0,005,"WILLOW PASS RD","LYNWOOD DR",91.00,W,N,A,-,N,,,,,,,,,,N,4,0,1,2,A,-,03,22350,A,N,C,C,A,A,H,-,A,D,0,,,,,Y,,A,01,0,0,1,0,0,0,0,0,0,"- ","- ",37.991230000000002,-122.00429,"CONTRA COSTA",CONCORD,-122.00455187,37.991084610000001
8107473,2016,2016-08-22,0704,2016-08-09,1750,538,,2,5,6,0704,0,0,0,,0,004,"WILLOW PASS RD","GRANT ST",85.00,W,N,A,-,N,,,,,,,,,,N,4,0,5,4,A,-,07,21658,A,N,C,C,A,A,H,-,B,A,0,,,,,Y,,A,01,0,0,5,0,0,0,0,0,0,"- ","- ",,,"CONTRA COSTA",CONCORD,-122.03317130000001,37.976997740000002
8107477,2016,2016-08-22,0704,2016-08-12,1131,414,,5,5,6,0704,0,0,0,,0,004,"CONCORD BL","6TH ST",0.00,,Y,A,-,N,,,,,,,,,,Y,4,0,1,2,A,-,12,21453,A,N,-,C,A,A,D,-,A,A,0,,,,,Y,,A,01,0,0,1,0,0,0,0,0,0,"- ","- ",,,"CONTRA COSTA",CONCORD,-122.01869999,37.977519970000003
8107481,2016,2016-08-22,0704,2016-08-08,0941,548,,1,5,6,0704,0,0,0,,0,003,"MEADOW LN","SUNSHINE DR",0.00,,Y,A,-,N,,,,,,,,,,Y,4,0,1,2,A,-,12,21453,A,N,D,C,A,A,H,-,A,A,0,,,,,Y,,A,01,0,0,1,0,0,0,0,0,0,"- ","- ",,,"CONTRA COSTA",CONCORD,-122.04315991,37.961109980000003
8107489,2016,2016-08-22,0704,2016-08-12,2100,386,,5,5,6,0704,0,0,0,,0,005,"WILLOW PASS RD","AVILA RD",4616.00,S,N,A,-,N,,,,,,,,,,Y,4,0,1,1,A,-,03,22350,,N,D,I,A,A,H,-,C,D,0,,,,,Y,,A,01,0,0,1,0,0,0,0,0,0,"- ","- ",,,"CONTRA COSTA",CONCORD,-121.99974,38.003149999999998
8107522,2016,2016-08-23,0704,2016-07-31,1356,0488,,7,5,6,0704,0,0,0,,0,002,"DETROIT AV","WALTERS WY",144.00,N,N,A,-,N,,,,,,,,,,N,3,0,1,2,A,-,08,22107,,N,D,G,A,A,H,-,A,D,0,,Y,,,Y,,L,04,0,1,0,0,0,0,1,0,0,"- ","- ",,,"CONTRA COSTA",CONCORD,-122.03605462,37.962835089999999
8107530,2016,2016-08-23,0704,2016-07-18,0915,533,716,1,5,6,0704,0,0,0,,0,008,"CLAYTON RD","CLAYTON RD 5100",28.00,S,N,A,-,N,,,,,,,,,,N,3,0,1,1,A,-,08,22107,,N,A,I,A,A,H,-,A,A,0,,,,,Y,,A,01,0,1,0,0,0,0,0,0,0,"- ","- ",,,"CONTRA COSTA",CONCORD,,
8107534,2016,2016-10-19,0704,2016-07-30,1552,574,,6,5,6,0704,0,0,0,,0,004,"SALVIO ST","GALINDO ST",28.00,W,N,A,-,N,,,,,,,,,,N,4,0,1,2,A,-,03,22350,,N,C,C,A,A,H,-,A,A,0,,,,,Y,,A,01,0,0,1,0,0,0,0,0,0,"- ","- ",,,"CONTRA COSTA",CONCORD,-122.03608473,37.976842339999997
8109727,2016,2016-08-31,0712,2016-08-16,2334,P433,,2,5,5,0712,0,0,0,,0,,"YGNACIO VALLEY RD","MAIN ST",0.00,,Y,A,-,N,,,,,,,,,,Y,4,0,1,2,A,-,09,21453,C,N,D,C,A,A,H,-,C,A,0,,,,,Y,,A,01,0,0,1,0,0,0,0,0,0,"- ","- ",,,"CONTRA COSTA","WALNUT CREEK",-122.06431987000001,37.906189990000001
8109731,2016,2016-08-31,0712,2016-07-15,1000,P518,,5,5,5,0712,0,0,0,,0,003,"YGNACIO VALLEY RD","OAK GROVE RD",0.00,,Y,A,-,N,,,,,,,,,,N,4,0,1,2,A,-,03,22350,,M,C,C,A,A,H,-,A,D,0,,,,,Y,,I,11,0,0,1,0,0,0,0,0,0,"- ","- ",,,"CONTRA COSTA","WALNUT CREEK",-122.01470997,37.927529900000003
8109770,2016,2016-08-29,0712,2016-08-11,2500,P518,,4,5,5,0712,0,0,0,,0,003,"YGNACIO VALLEY RD","WIMBLEDON RD",0.00,,Y,A,-,N,,,,,,,,,,N,4,0,1,2,A,-,12,21453,A,N,D,C,A,A,H,-,A,A,0,,,,,Y,,A,01,0,0,1,0,0,0,0,0,0,"- ","- ",,,"CONTRA COSTA","WALNUT CREEK",-122.02917994000001,37.923059989999999