CASE_ID,ACCIDENT_YEAR,PROC_DATE,JURIS,COLLISION_DATE,COLLISION_TIME,OFFICER_ID,REPORTING_DISTRICT,DAY_OF_WEEK,CHP_SHIFT,POPULATION,CNTY_CITY_LOC,SPECIAL_COND,BEAT_TYPE,CHP_BEAT_TYPE,CITY_DIVISION_LAPD,CHP_BEAT_CLASS,BEAT_NUMBER,PRIMARY_RD,SECONDARY_RD,DISTANCE,DIRECTION,INTERSECTION,WEATHER_1,WEATHER_2,STATE_HWY_IND,CALTRANS_COUNTY,CALTRANS_DISTRICT,STATE_ROUTE,ROUTE_SUFFIX,POSTMILE_PREFIX,POSTMILE,LOCATION_TYPE,RAMP_INTERSECTION,SIDE_OF_HWY,TOW_AWAY,COLLISION_SEVERITY,NUMBER_KILLED,NUMBER_INJURED,PARTY_COUNT,PRIMARY_COLL_FACTOR,PCF_CODE_OF_VIOL,PCF_VIOL_CATEGORY,PCF_VIOLATION,PCF_VIOL_SUBSECTION,HIT_AND_RUN,TYPE_OF_COLLISION,MVIW,PED_ACTION,ROAD_SURFACE,ROAD_COND_1,ROAD_COND_2,LIGHTING,CONTROL_DEVICE,CHP_ROAD_TYPE,PEDESTRIAN_ACCIDENT,BICYCLE_ACCIDENT,MOTORCYCLE_ACCIDENT,TRUCK_ACCIDENT,NOT_PRIVATE_PROPERTY,ALCOHOL_INVOLVED,STWD_VEHTYPE_AT_FAULT,CHP_VEHTYPE_AT_FAULT,COUNT_SEVERE_INJ,COUNT_VISIBLE_INJ,COUNT_COMPLAINT_PAIN,COUNT_PED_KILLED,COUNT_PED_INJURED,COUNT_BICYCLIST_KILLED,COUNT_BICYCLIST_INJURED,COUNT_MC_KILLED,COUNT_MC_INJURED,PRIMARY_RAMP,SECONDARY_RAMP,LATITUDE,LONGITUDE,COUNTY,CITY,POINT_X,POINT_Y
8128584,2016,2017-02-28,0706,2016-09-16,2013,158,84,5,5,3,0706,0,0,0,,0,,"WILLOW AV","RT 80",20.00,E,N,A,-,Y,CC,4,4,-,R,0.607,R,4,W,Y,2,0,2,2,A,-,09,21801,A,N,A,C,A,A,H,-,C,D,0,,,,,Y,,A,01,1,0,1,0,0,0,0,0,0,"- ",WO,,,"CONTRA COSTA",HERCULES,-122.25848722000001,38.0135918
8128588,2016,2016-11-17,0706,2016-09-04,0641,191,BAY,7,5,3,0706,0,0,0,,0,001,"BAYFRONT BL",RAILROAD,47.00,W,N,A,-,N,,,,,,,,,,Y,3,0,1,1,A,-,08,22107,,N,A,I,A,A,H,-,B,D,0,,,,,Y,,A,01,0,1,0,0,0,0,0,0,0,"- ","- ",,,"CONTRA COSTA",HERCULES,-122.28745000000001,38.019680000000001
8129107,2016,2016-09-26,0701,2016-08-27,2333,5537,501,6,5,5,0701,0,0,0,,0,005,"GARROW DR","MAYBERRY RD",50.00,S,N,A,-,N,,,,,,,,,,Y,4,0,1,1,A,-,01,23152,A,N,E,I,A,A,H,-,C,D,0,,,,,Y,Y,A,07,0,0,1,0,0,0,0,0,0,"- ","- ",,,"CONTRA COSTA",ANTIOCH,-121.79867142000001,37.991672960000002
8129123,2016,2016-09-26,0704,2016-09-16,1750,485,,5,5,6,0704,0,0,0,,0,002,"CLAYTON RD","AMADOR AV",224.00,W,N,A,-,N,,,,,,,,,,N,4,0,1,2,A,-,03,22350,,N,C,C,A,A,H,-,A,D,0,,,,,Y,,A,01,0,0,1,0,0,0,0,0,0,"- ","- ",,,"CONTRA COSTA",CONCORD,-122.03550321,37.973848760000003
8129127,2016,2016-09-26,0704,2016-09-10,1942,402,,6,5,6,0704,0,0,0,,0,,"BONIFACIO ST","GRANT ST",62.00,W,N,A,-,N,,,,,,,,,,Y,4,0,1,2,A,-,08,22107,,N,B,E,A,A,H,-,C,A,0,,,,,Y,Y,A,08,0,0,1,0,0,0,0,0,0,"- ","- ",,,"CONTRA COSTA",CONCORD,-122.03511331,37.979700819999998
8129155,2016,2016-09-26,0704,2016-09-17,1356,0561,,6,5,6,0704,0,0,0,,0,001,"MARKET ST","WILLOW PASS RD",50.00,S,N,A,-,N,,,,,,,,,,Y,4,0,3,2,A,-,09,21804,A,N,D,C,A,A,H,-,A,A,0,,,,,Y,,A,01,0,0,3,0,0,0,0,0,0,"- ","- ",,,"CONTRA COSTA",CONCORD,-122.04602254,37.970945239999999
8129159,2016,2016-09-26,0704,2016-09-14,1755,559,,3,5,6,0704,0,0,0,,0,001,"OLIVERA RD","FLAMINGO DR",158.00,W,N,A,-,N,,,,,,,,,,N,3,0,1,2,A,-,09,21801,A,N,D,G,A,A,H,-,A,A,0,,Y,,,Y,,A,07,0,1,0,0,0,0,1,0,0,"- ","- ",,,"CONTRA COSTA",CONCORD,-122.03202106000001,37.995628379999999
8129180,2016,2016-09-26,0704,2016-09-17,1449,563,,6,5,6,0704,0,0,0,,0,001,"GILL DR","GRANT ST",7.00,S,N,A,-,N,,,,,,,,,,N,4,0,1,2,A,-,05,21650,1,N,D,G,A,A,H,-,A,A,0,,Y,,,Y,,L,04,0,0,1,0,0,0,1,0,0,"- ","- ",,,"CONTRA COSTA",CONCORD,-122.03939099999999,37.986950329999999
8129183,2016,2016-09-26,0704,2016-09-15,0746,337,SOUTH,4,5,6,0704,0,0,0,,0,003,"TREAT BL","NAVARRONE WY",0.00,,Y,A,-,N,,,,,,,,,,Y,4,0,1,2,A,-,03,22350,,N,C,C,A,A,H,-,A,A,0,,,,,Y,,M,94,0,0,1,0,0,0,0,0,0,"- ","- ",,,"CONTRA COSTA",CONCORD,-122.01258996,37.946799929999997
8129217,2016,2016-11-03,0704,2016-09-06,0805,0482,,2,5,6,0704,0,0,0,,0,006,"CLAYTON RD","TALISMAN WY",0.00,,Y,A,-,N,,,,,,,,,,Y,4,0,1,3,A,-,09,21801,A,N,D,C,A,A,H,-,A,D,0,,,,Y,Y,,A,01,0,0,1,0,0,0,0,0,0,"- ","- ",,,"CONTRA COSTA",CONCORD,-121.96587999,37.955069969999997
8129225,2016,2016-09-30,0704,2016-09-14,1411,538,NORTH,3,5,6,0704,0,0,0,,0,001,"EAST ST","BACON ST",175.00,N,N,A,-,N,,,,,,,,,,Y,4,0,3,2,A,-,09,21804,A,N,D,C,A,A,H,-,A,D,0,,,,,Y,,A,01,0,0,3,0,0,0,0,0,0,"- ","- ",,,"CONTRA COSTA",CONCORD,-122.03418615,37.982879570000001
8129292,2016,2016-09-28,0704,2016-09-12,1501,0347,,1,5,6,0704,0,0,0,,0,001,"PORT CHICAGO HWY","ARNOLD INDUSTRIAL WY",168.00,S,N,A,-,N,,,,,,,,,,N,4,0,1,2,A,-,07,21658,A,N,D,C,A,A,H,-,A,D,0,,,,,Y,,A,01,0,0,1,0,0,0,0,0,0,"- ","- ",,,"CONTRA COSTA",CONCORD,-122.02332513,38.011330260000001
8129300,2016,2016-09-28,0704,2016-09-14,0744,533,,3,5,6,0704,0,0,0,,0,006,"CLAYTON RD","ALBERTA WY",409.00,W,N,A,-,N,,,,,,,,,,Y,3,0,2,3,A,-,08,22101,D,N,D,C,A,A,H,-,A,A,0,,,,,Y,,D,23,0,1,1,0,0,0,0,0,0,"- ","- ",,,"CONTRA COSTA",CONCORD,-121.96581169,37.955044700000002
8130070,2016,2016-09-26,0711,2016-09-09,1657,1045,,5,5,4,0711,0,0,0,,0,003,"23RD ST","SAN PABLO AV",10.00,W,N,A,-,N,,,,,,,,,,N,4,0,1,2,A,-,03,22350,,F,C,C,A,-,-,-,-,D,0,,,,,Y,,A,01,0,0,1,0,0,0,0,0,0,"- ","- ",37.962560000000003,-122.3454,"CONTRA COSTA","SAN PABLO",-122.34536163999999,37.962694120000002
8130906,2016,2016-09-28,0714,2016-08-07,2203,152,19-4,7,5,4,0714,0,0,0,,0,004,"GLACIER DR","MUIR RD",0.00,,Y,A,-,N,,,,,,,,,,Y,4,0,1,2,A,-,12,22450,,M,A,C,A,A,H,-,C,D,0,,,,,Y,,-,,0,0,1,0,0,0,0,0,0,"- ","- ",37.983759999999997,-122.08837,"CONTRA COSTA",MARTINEZ,-122.08705995,37.990389909999998
8130918,2016,2016-09-28,0714,2016-08-17,1845,104,08-2,3,5,4,0714,0,0,0,,0,002,"ALHAMBRA AV","A ST",0.00,,Y,A,-,N,,,,,,,,,,Y,3,0,2,6,A,-,01,23153,A,N,B,E,A,A,H,-,A,D,0,,,,,Y,,A,01,0,2,0,0,0,0,0,0,0,"- ","- ",38.008670000000002,-122.13077,"CONTRA COSTA",MARTINEZ,-122.13057988,38.008159880000001
8130922,2016,2016-09-28,0714,2016-08-16,0840,148,10-2,2,5,4,0714,0,0,0,,0,002,"ALHAMBRA AV","J ST",0.00,,-,A,-,N,,,,,,,,,,N,4,0,1,2,A,-,03,22350,A,N,C,C,A,A,H,-,A,D,0,,,,,Y,,A,01,0,0,1,0,0,0,0,0,0,"- ","- ",37.993810000000003,-122.13104,"CONTRA COSTA",MARTINEZ,-122.13231985,37.997579969999997
8130926,2016,2016-09-28,0714,2016-08-22,1510,148,17-3,1,5,4,0714,0,0,0,,0,003,"CENTER AV","MUIR STATION RD",0.00,,Y,A,-,N,,,,,,,,,,Y,4,0,2,2,A,-,12,21453,A,N,B,C,A,A,H,-,A,A,0,,,,,Y,,A,01,0,0,2,0,0,0,0,0,0,"- ","- ",37.9938,-122.11932,"CONTRA COSTA",MARTINEZ,-122.11943993,37.993849930000003
8131257,2016,2016-09-28,0707,2016-09-14,1853,214,,3,5,3,0707,0,0,0,,0,002,"ESTATES AV","ALAMO ST",24.00,N,N,A,-,N,,,,,,,,,,Y,4,0,1,3,C,-,18,,,N,A,E,A,A,H,-,B,D,0,,,,,Y,Y,-,"- ",0,0,1,0,0,0,0,0,0,"- ","- ",,,"CONTRA COSTA",PINOLE,-122.28298429,37.991985839999998
8132942,2016,2016-10-27,0704,2016-10-05,1735,568,,3,5,6,0704,0,0,0,,0,005,"KASKI LN","KASKI CT",25.00,W,N,A,-,N,,,,,,,,,,Y,4,0,1,3,A,-,08,22107,,N,B,E,A,A,H,-,A,A,0,,,,,Y,,A,07,0,0,1,0,0,0,0,0,0,"- ","- ",,,"CONTRA COSTA",CONCORD,-122.00785245,37.954000120000003
8132946,2016,2016-11-28,0704,2016-09-27,1025,478,,2,5,6,0704,0,0,0,,0,,"AYERS RD","DIABLO VISTA CT",105.00,S,N,A,-,N,,,,,,,,,,Y,4,0,4,2,A,-,05,21650,,N,A,C,A,A,H,-,A,D,0,,,,,Y,,A,01,0,0,4,0,0,0,0,0,0,"- ","- ",,,"CONTRA COSTA",CONCORD,-121.96381441,37.964001260000003
8133207,2016,2016-12-01,0708,2016-11-11,1146,277,,5,5,5,0708,0,0,0,,0,001,"W 17TH ST","ROSE ANN AV",0.00,,Y,B,-,N,,,,,,,,,,N,4,0,1,2,A,-,12,22450,A,N,D,C,A,A,H,-,A,A,0,,,,,Y,,A,07,0,0,1,0,0,0,0,0,0,"- ","- ",,,"CONTRA COSTA",PITTSBURG,-121.89475989,38.022219980000003
8133537,2016,2016-10-03,0701,2016-08-24,1617,5568,206,3,5,5,0701,0,0,0,,0,002,"HILLCREST AV","S LAKE DR",0.00,,Y,A,-,N,,,,,,,,,,N,3,0,1,2,A,-,03,22350,,M,B,C,A,A,H,-,A,A,0,,,,,Y,,A,01,0,1,0,0,0,0,0,0,0,"- ","- ",,,"CONTRA COSTA",ANTIOCH,-121.78771994,38.005299880000003
8133541,2016,2016-10-03,0701,2016-08-09,0825,5561,601,2,5,5,0701,0,0,0,,0,006,"HILLCREST AV","HILLCREST CROSSROADS",20.00,S,N,A,-,N,,,,,,,,,,N,4,0,1,2,A,-,03,22350,,F,C,C,A,A,H,-,A,A,0,,,,,Y,,A,01,0,0,1,0,0,0,0,0,0,"- ","- ",,,"CONTRA COSTA",ANTIOCH,-121.78401298999999,37.992426039999998
8133545,2016,2016-10-03,0701,2016-08-04,2253,5335,409,4,5,5,0701,0,0,0,,0,004,"LONE TREE WY","DAVISON DR",21.00,S,N,A,-,N,,,,,,,,,,N,4,0,2,2,A,-,01,23152,A,N,C,C,A,A,H,-,C,A,0,,,,,Y,Y,A,01,0,0,2,0,0,0,0,0,0,"- ","- ",,,"CONTRA COSTA",ANTIOCH,-121.80593455,37.985012480000002
8133549,2016,2016-10-03,0701,2016-08-19,1610,5444,602,5,5,5,0701,0,0,0,,0,006,"HILLCREST AV","VIA DORA DR",414.00,S,N,A,-,N,,,,,,,,,,Y,2,0,4,2,A,-,03,22350,I,N,C,C,A,A,H,-,A,D,0,,,,,Y,,A,01,1,0,3,0,0,0,0,0,0,"- ","- ",,,"CONTRA COSTA",ANTIOCH,-121.77325,37.983269999999997
8133592,2016,2016-10-03,0705,2016-08-26,0340,E188,,5,5,3,0705,0,0,0,,0,010,"AVILA AV","YOSEMITE AV",3.00,W,N,A,-,N,,,,,,,,,,Y,4,0,1,2,A,-,01,23152,,N,D,E,A,A,H,-,D,D,0,,,,,Y,Y,M,47,0,0,1,0,0,0,0,0,0,"- ","- ",,,"CONTRA COSTA","EL CERRITO",-122.30610917999999,37.902476129999997
8133621,2016,2016-10-03,0704,2016-09-21,1826,568,,3,5,6,0704,0,0,0,,0,005,"WILLOW PASS RD","SAINT PHILLIP CT",70.00,E,N,A,-,N,,,,,,,,,,Y,3,0,1,2,A,-,03,22350,,N,C,C,A,A,H,-,A,A,0,,,,,Y,,A,01,0,1,0,0,0,0,0,0,0,"- ","- ",,,"CONTRA COSTA",CONCORD,-122.01389014,37.98413686
8133625,2016,2016-10-03,0704,2016-09-20,0745,0426,,2,5,6,0704,0,0,0,,0,001,"CONCORD AV","COMMERCE AV",428.00,W,N,A,-,N,,,,,,,,,,N,4,0,1,2,A,-,09,21801,A,N,D,C,A,A,H,-,A,D,0,,,,,Y,,A,07,0,0,1,0,0,0,0,0,0,"- ","- ",37.979190000000003,-122.04483,"CONTRA COSTA",CONCORD,-122.04625669000001,37.97947636
8133732,2016,2016-10-03,0710,2016-06-26,0840,1709,NORTH,7,5,5,0710,0,0,0,,0,00I,"23RD ST","DUNN AV",0.00,,Y,A,-,N,,,,,,,,,,Y,4,0,1,2,A,-,09,21802,A,M,B,D,A,A,H,-,A,D,0,,,,,Y,,-,,0,0,1,0,0,0,0,0,0,"- ","- ",,,"CONTRA COSTA",RICHMOND,-122.34743994999999,37.948819919999998
8133773,2016,2016-10-03,0701,2016-06-19,1142,4578,305,7,5,5,0701,0,0,0,,0,003,"MAHOGANY WY","SPANOS ST",100.00,W,N,A,-,N,,,,,,,,,,Y,3,0,1,3,A,-,00,21752,I,N,B,C,A,A,H,-,A,D,0,,,Y,,Y,,C,02,0,1,0,0,0,0,0,0,1,"- ","- ",,,"CONTRA COSTA",ANTIOCH,-121.82905153,38.00274916
8134065,2016,2016-10-04,0712,2016-09-21,1534,378,,3,5,5,0712,0,0,0,,0,003,"YGNACIO VALLEY RD","HOSPITAL LN",200.00,E,N,A,-,N,,,,,,,,,,Y,3,0,1,4,A,-,03,22350,,N,C,C,A,A,H,-,A,D,0,,,,,Y,,A,08,0,1,0,0,0,0,0,0,0,"- ","- ",,,"CONTRA COSTA","WALNUT CREEK",-122.04175739999999,37.914845120000003
8134069,2016,2016-10-04,0712,2016-09-27,0800,P518,,2,5,5,0712,0,0,0,,0,003,"VIA MANTILLA","VENADO CAMINO",0.00,,Y,A,-,N,,,,,,,,,,N,3,0,1,2,A,-,09,21800,B,N,D,G,A,A,H,-,A,D,0,,Y,,,Y,,L,04,0,1,0,0,0,0,1,0,0,"- ","- ",,,"CONTRA COSTA","WALNUT CREEK",-122.01956997000001,37.924649950000003
8134900,2016,2016-10-05,0740,2016-09-16,1922,SR501,SR72,5,5,4,0791,0,0,0,,0,002,"MONTGOMERY ST","MARKET PL",0.00,,Y,A,-,N,,,,,,,,,,N,3,0,1,2,A,-,05,21202,A,N,D,G,A,A,H,-,B,A,0,,Y,,,Y,,L,04,0,1,0,0,0,0,1,0,0,"- ","- ",37.7637,-121.95309,"CONTRA COSTA","SAN RAMON",-121.95310000000001,37.763689900000003
8134904,2016,2016-10-05,0740,2016-01-02,0809,SR068,72,6,5,4,0791,0,0,0,,0,002,"MONTEVIDEO DR","IRON HORSE TRL",280.00,W,N,A,-,N,,,,,,,,,,N,4,0,1,2,A,-,09,21804,B,N,D,G,A,A,H,-,A,A,0,,Y,,,Y,,A,01,0,0,1,0,0,0,1,0,0,"- ","- ",37.748100000000001,-121.94538,"CONTRA COSTA","SAN RAMON",-121.94846213,37.753208290000003
8134947,2016,2016-10-05,0740,2016-09-25,0155,SR086,SR72,7,5,4,0791,0,0,0,,0,005,"BOLLINGER CANYON RD","CANYON LAKES DR",84.00,W,N,A,-,N,,,,,,,,,,Y,3,0,1,1,A,-,01,23152,A,N,E,I,A,A,H,-,C,D,0,,,,,Y,Y,A,01,0,1,0,0,0,0,0,0,0,"- ","- ",37.771270000000001,-121.94605,"CONTRA COSTA","SAN RAMON",-121.94648998,37.771186780000001
8136517,2016,2016-10-12,0701,2016-09-05,0922,5323,402,1,5,5,0701,0,0,0,,0,004,"JAMES DONLON BL","G ST",500.00,E,N,A,-,N,,,,,,,,,,Y,3,0,1,2,A,-,03,22350,,N,C,C,A,A,H,-,A,A,0,,,,,Y,,A,01,0,1,0,0,0,0,0,0,0,"- ","- ",,,"CONTRA COSTA",ANTIOCH,-121.81251981,37.97974
8136584,2016,2016-12-12,0710,2016-09-26,2156,1701,SOUTH,1,5,5,0710,0,0,0,,0,002,"HARBOR WY S","OHIO AV",0.00,,Y,A,-,N,,,,,,,,,,N,3,0,2,2,A,-,01,23153,A,N,B,C,A,A,H,-,C,A,0,,,,,Y,Y,A,01,0,1,1,0,0,0,0,0,0,"- ","- ",,,"CONTRA COSTA",RICHMOND,-122.36004989,37.930819960000001
8136588,2016,2016-10-07,0710,2016-09-15,1745,1662,0710,4,5,5,0710,0,0,0,,0,003,"CENTRAL AV","SAN LUIS ST",0.00,,Y,A,-,N,,,,,,,,,,Y,4,0,1,2,A,-,09,21801,A,N,D,D,A,A,H,-,A,A,0,,,,,Y,,A,01,0,0,1,0,0,0,0,0,0,"- ","- ",,,"CONTRA COSTA",RICHMOND,-122.30983988,37.901079969999998
8136596,2016,2016-10-10,0710,2016-09-16,0009,1662,0710,5,5,5,0710,0,0,0,,0,004,"MACDONALD AV","22ND ST",60.00,W,N,B,-,N,,,,,,,,,,Y,3,0,1,1,A,-,01,23152,A,N,E,I,A,A,H,-,C,D,0,,,,,Y,,A,01,0,1,0,0,0,0,0,0,0,"- ","- ",,,"CONTRA COSTA",RICHMOND,-122.34878811,37.935740000000003
8136608,2016,2016-10-07,0710,2016-09-05,1830,1512,CENTR,1,5,5,0710,0,0,0,,0,005,"4TH ST","RIPLEY AV",0.00,,Y,A,-,N,,,,,,,,,,Y,4,0,1,4,A,-,01,23153,A,N,D,C,A,A,H,-,A,A,0,,,,,Y,Y,A,01,0,0,1,0,0,0,0,0,0,"- ","- ",,,"CONTRA COSTA",RICHMOND,-122.36575997,37.940329970000001
8137281,2016,2016-10-11,0711,2016-09-23,1132,1010,0711,5,5,4,0711,0,0,0,,0,002,"SAN PABLO AV","RHEEM AV",31.00,S,N,A,-,N,,,,,,,,,,Y,4,0,1,3,A,-,01,23152,A,N,C,C,A,A,H,-,A,A,0,,,,,Y,Y,A,01,0,0,1,0,0,0,0,0,0,"- ","- ",,,"CONTRA COSTA","SAN PABLO",-122.33195145000001,37.9497505
8137289,2016,2017-02-22,0711,2016-09-30,1623,1045,BAY,5,5,4,0711,0,0,0,,0,001,"EL PORTAL DR","RT 80",0.00,,Y,A,-,Y,CC,4,80,-,-,4.747,R,4,W,Y,4,0,2,2,A,-,09,21801,A,N,D,C,A,A,H,-,A,D,0,,,,,Y,,A,07,0,0,2,0,0,0,0,0,0,"- ",WO,37.962989999999998,-122.32916,"CONTRA COSTA","SAN PABLO",-122.32964822,37.961800969999999
8137293,2016,2016-10-11,0711,2016-09-21,2009,1085,BAY,3,5,4,0711,0,0,0,,0,001,"EL PORTAL DR","MISSION BELL DR",15.00,W,N,A,-,N,,,,,,,,,,N,4,0,1,2,A,-,10,21950,A,N,G,B,B,A,-,-,C,D,0,Y,,,,Y,,A,01,0,0,1,0,1,0,0,0,0,"- ","- ",37.966900000000003,-122.34359000000001,"CONTRA COSTA","SAN PABLO",-122.34357728000001,37.966888760000003
8137297,2016,2016-12-05,0711,2016-09-27,1211,1010,0711,2,5,4,0711,0,0,0,,0,001,"STANTON AV","JOHN AV",82.00,W,N,A,-,N,,,,,,,,,,N,3,0,2,2,A,-,13,22515,B,N,D,C,A,-,-,-,-,D,0,,,,,Y,,A,01,0,1,1,0,0,0,0,0,0,"- ","- ",,,"CONTRA COSTA","SAN PABLO",-122.34807424,37.97805907
8137301,2016,2016-10-11,0711,2016-09-26,1532,1068,,1,5,4,0711,0,0,0,,0,001,"RUMRILL BL","MUIR ST",0.00,,Y,A,-,N,,,,,,,,,,Y,4,0,1,2,A,-,03,22350,,N,C,C,A,-,-,-,A,D,0,,,,,Y,,A,01,0,0,1,0,0,0,0,0,0,"- ","- ",,,"CONTRA COSTA","SAN PABLO",-122.34646997999999,37.968229960000002
8137541,2016,2016-12-21,0702,2016-08-25,2107,5444,127B,4,5,3,0702,0,0,0,,0,0B1,"EMPIRE AV","LONE TREE WY",600.00,N,N,A,-,N,,,,,,,,,,Y,3,0,1,1,A,-,01,23152,A,N,F,A,A,A,H,-,C,D,0,,,,,Y,Y,A,01,0,1,0,0,0,0,0,0,0,"- ","- ",,,"CONTRA COSTA",BRENTWOOD,-121.73234998,37.960219879999997
8137545,2016,2016-10-11,0701,2016-08-17,0757,5570,202,3,5,5,0701,0,0,0,,0,002,"C ST","W 18TH ST",0.00,,Y,A,-,N,,,,,,,,,,Y,4,0,2,3,A,-,09,21802,A,N,C,C,A,A,H,-,A,A,0,,,,,Y,,A,01,0,0,2,0,0,0,0,0,0,"- ","- ",,,"CONTRA COSTA",ANTIOCH,-121.80880992,38.004889990000002
8137553,2016,2016-10-11,0701,2016-08-19,1736,3992,503,5,5,5,0701,0,0,0,,0,005,"DAVISON DR","BARMOUTH DR",0.00,,Y,A,-,N,,,,,,,,,,N,3,0,1,2,A,-,09,21802,A,N,H,J,A,A,H,-,A,B,0,,,Y,,Y,,A,01,0,1,0,0,0,0,0,0,1,"- ","- ",,,"CONTRA COSTA",ANTIOCH,-121.78866988,37.990319960000001
8137734,2016,2016-10-12,0704,2016-09-26,1705,485,,1,5,6,0704,0,0,0,,0,002,"SUNVALLEY BL","SANTA MONICA DR",0.00,,Y,A,-,N,,,,,,,,,,N,4,0,1,2,A,-,03,22350,,N,C,C,A,A,H,-,A,D,0,,,,,Y,,D,22,0,0,1,0,0,0,0,0,0,"- ","- ",,,"CONTRA COSTA",CONCORD,-122.06064996000001,37.963129989999999
8137750,2016,2016-10-12,0704,2016-09-30,0751,575,,5,5,6,0704,0,0,0,,0,004,"WILLOW PASS RD","MOUNT DIABLO ST",46.00,E,N,A,-,N,,,,,,,,,,N,4,0,1,2,A,-,03,22350,,N,C,C,A,A,H,-,A,A,0,,,,,Y,,D,22,0,0,1,0,0,0,0,0,0,"- ","- ",,,"CONTRA COSTA",CONCORD,-122.033884,37.976646160000001
8137754,2016,2016-10-13,0704,2016-10-02,1322,0571,,7,5,6,0704,0,0,0,,0,003,"MONUMENT BL","CAVEN WY",245.00,S,N,C,-,N,,,,,,,,,,Y,3,0,1,2,A,-,03,22350,,N,C,C,A,B,H,-,A,D,0,,,,Y,Y,Y,A,07,0,1,0,0,0,0,0,0,0,"- ","- ",,,"CONTRA COSTA",CONCORD,-122.03514584,37.959043370000003
8137781,2016,2016-10-12,0704,2016-09-19,2116,574,,1,5,6,0704,0,0,0,,0,005,"LANDANA DR","JUNIPER DR",169.00,E,N,A,-,N,,,,,,,,,,Y,4,0,1,2,A,-,05,21460,A,N,A,C,A,A,H,-,D,D,0,,,,,Y,,A,07,0,0,1,0,0,0,0,0,0,"- ","- ",,,"CONTRA COSTA",CONCORD,-121.99845145,37.982033190000003
8137785,2016,2016-10-12,0704,2016-09-24,1311,576,6,6,5,6,0704,0,0,0,,0,006,"CLAYTON RD","BASSETT DR",60.00,W,N,A,-,N,,,,,,,,,,Y,4,0,1,1,A,-,05,21651,A,N,A,I,A,A,H,-,A,D,0,,,,,Y,,A,01,0,0,1,0,0,0,0,0,0,"- ","- ",,,"CONTRA COSTA",CONCORD,-121.97744013000001,37.959237100000003
8137793,2016,2016-10-12,0704,2016-09-27,0855,0337,NORTH,2,5,6,0704,0,0,0,,0,004,"WILLOW PASS RD","MOUNT DIABLO ST",0.00,,Y,A,-,N,,,,,,,,,,Y,4,0,1,2,A,-,12,21453,A,N,D,C,A,A,H,-,A,A,0,,,,,Y,,A,08,0,0,1,0,0,0,0,0,0,"- ","- ",37.976500000000001,-122.03406,"CONTRA COSTA",CONCORD,-122.03401995,37.976579919999999
8137797,2016,2016-10-12,0704,2016-09-27,2112,537,,2,5,6,0704,0,0,0,,0,006,"CONCORD BL","LAS RAMBLAS DR",0.00,,Y,A,-,N,,,,,,,,,,Y,3,0,1,2,A,-,09,21801,A,N,D,C,A,A,H,-,C,D,0,,,,,Y,,A,01,0,1,0,0,0,0,0,0,0,"- ","- ",,,"CONTRA COSTA",CONCORD,-121.95083999000001,37.95487
8137801,2016,2016-10-12,0704,2016-09-27,0720,563,,2,5,6,0704,0,0,0,,0,003,"SAN MIGUEL RD","TIOGA RD",0.00,,Y,A,-,N,,,,,,,,,,Y,4,0,2,2,A,-,09,21801,A,N,A,C,A,A,H,-,A,A,0,,,,,Y,,A,01,0,0,2,0,0,0,0,0,0,"- ","- ",,,"CONTRA COSTA",CONCORD,-122.02853986,37.960009980000002
8137809,2016,2016-12-06,0704,2016-09-29,0744,0337,VALLE,4,5,6,0704,0,0,0,,0,005,"COWELL RD","RIDGE PARK RD",50.00,W,N,A,-,N,,,,,,,,,,Y,4,0,1,3,A,-,03,22350,,N,C,-,A,A,H,-,A,D,0,,,,,Y,,A,01,0,0,1,0,0,0,0,0,0,"- ","- ",,,"CONTRA COSTA",CONCORD,-122.01998331,37.965146339999997
8138021,2016,2016-12-17,0712,2016-10-02,1902,P433,WALNU,7,5,5,0712,0,0,0,,0,002,"N MAIN ST","ROXANNE CT",0.00,,Y,B,-,N,,,,,,,,,,N,4,0,2,2,A,-,08,22107,,N,B,C,A,A,H,-,C,D,0,,,,,Y,,A,01,0,0,2,0,0,0,0,0,0,"- ","- ",,,"CONTRA COSTA","WALNUT CREEK",-122.06115,37.929869959999998
8138124,2016,2016-10-17,0704,2016-08-03,2115,521,,3,5,6,0704,0,0,0,,0,003,"MONUMENT BL","MEADOW LN",0.00,,Y,A,-,N,,,,,,,,,,Y,4,0,2,2,A,-,12,21453,A,N,D,C,A,A,H,-,C,A,0,,,,,Y,,A,01,0,0,2,0,0,0,0,0,0,"- ","- ",,,"CONTRA COSTA",CONCORD,-122.03897987000001,37.956409950000001
8138521,2016,2016-10-13,0701,2016-07-29,1856,5444,609,5,5,5,0701,0,0,0,,0,006,"STERLING HILL DR","HILLCREST AV",330.00,N,N,A,-,N,,,,,,,,,,Y,4,0,1,2,A,-,03,22350,,N,A,C,A,A,H,-,A,D,0,,,,,Y,,A,01,0,0,1,0,0,0,0,0,0,"- ","- ",,,"CONTRA COSTA",ANTIOCH,-121.76066,37.970559999999999
8138525,2016,2016-11-28,0701,2016-07-06,1720,5335,205,3,5,5,0701,0,0,0,,0,002,"BRYAN AV","SUNSET DR",128.00,S,N,A,-,N,,,,,,,,,,Y,4,0,2,2,A,-,03,22350,,N,A,C,A,A,H,-,A,D,0,,,,,Y,,A,01,0,0,2,0,0,0,0,0,0,"- ","- ",,,"CONTRA COSTA",ANTIOCH,-121.80486999999999,37.999479999999998
8138813,2016,2017-01-28,0701,2016-09-14,1019,5323,408,3,5,5,0701,0,0,0,,0,004,"LONE TREE WY","RT 4",0.00,,Y,A,-,Y,CC,4,4,-,R,27.938,R,4,E,N,4,0,1,2,A,-,12,21453,A,N,D,C,A,A,H,-,A,A,0,,,,,Y,,A,01,0,0,1,0,0,0,0,0,0,"- ","- ",,,"CONTRA COSTA",ANTIOCH,-121.80359715,37.998048609999998
8138944,2016,2016-12-01,0708,2016-10-05,1600,315,,3,5,5,0708,0,0,0,,0,003,"WEST LELAND RD","MONTEVIDEO DR",18.00,W,N,A,-,N,,,,,,,,,,Y,4,0,1,2,A,-,12,21453,A,N,D,C,A,A,H,-,A,A,0,,,,,Y,,D,22,0,0,1,0,0,0,0,0,0,"- ","- ",,,"CONTRA COSTA",PITTSBURG,-121.92083009,38.014233570000002