CASE_ID,ACCIDENT_YEAR,PROC_DATE,JURIS,COLLISION_DATE,COLLISION_TIME,OFFICER_ID,REPORTING_DISTRICT,DAY_OF_WEEK,CHP_SHIFT,POPULATION,CNTY_CITY_LOC,SPECIAL_COND,BEAT_TYPE,CHP_BEAT_TYPE,CITY_DIVISION_LAPD,CHP_BEAT_CLASS,BEAT_NUMBER,PRIMARY_RD,SECONDARY_RD,DISTANCE,DIRECTION,INTERSECTION,WEATHER_1,WEATHER_2,STATE_HWY_IND,CALTRANS_COUNTY,CALTRANS_DISTRICT,STATE_ROUTE,ROUTE_SUFFIX,POSTMILE_PREFIX,POSTMILE,LOCATION_TYPE,RAMP_INTERSECTION,SIDE_OF_HWY,TOW_AWAY,COLLISION_SEVERITY,NUMBER_KILLED,NUMBER_INJURED,PARTY_COUNT,PRIMARY_COLL_FACTOR,PCF_CODE_OF_VIOL,PCF_VIOL_CATEGORY,PCF_VIOLATION,PCF_VIOL_SUBSECTION,HIT_AND_RUN,TYPE_OF_COLLISION,MVIW,PED_ACTION,ROAD_SURFACE,ROAD_COND_1,ROAD_COND_2,LIGHTING,CONTROL_DEVICE,CHP_ROAD_TYPE,PEDESTRIAN_ACCIDENT,BICYCLE_ACCIDENT,MOTORCYCLE_ACCIDENT,TRUCK_ACCIDENT,NOT_PRIVATE_PROPERTY,ALCOHOL_INVOLVED,STWD_VEHTYPE_AT_FAULT,CHP_VEHTYPE_AT_FAULT,COUNT_SEVERE_INJ,COUNT_VISIBLE_INJ,COUNT_COMPLAINT_PAIN,COUNT_PED_KILLED,COUNT_PED_INJURED,COUNT_BICYCLIST_KILLED,COUNT_BICYCLIST_INJURED,COUNT_MC_KILLED,COUNT_MC_INJURED,PRIMARY_RAMP,SECONDARY_RAMP,LATITUDE,LONGITUDE,COUNTY,CITY,POINT_X,POINT_Y
81716143,2022,2022-03-07,0710,2022-02-10,2210,1605,CENTR,4,5,5,0710,0,0,0,,0,006,"BISSELL AV","15TH ST",0.00,,Y,A,-,N,,,,,,,,,,Y,4,0,1,2,A,-,09,21802,A,N,D,C,A,A,H,-,C,A,0,,,,,Y,,A,01,0,0,1,0,0,0,0,0,0,"- ","- ",37.934009552001953,-122.35514068603516,"CONTRA COSTA",RICHMOND,-122.35520935058594,37.934074401855469
81717302,2022,2022-03-08,0704,2022-03-07,2216,0613,,1,5,6,0704,0,0,0,,0,004,"PORT CHICAGO HWY","SR 4 W TO SR 242 S RAMP",0.00,,Y,-,-,Y,CC,,4,,R,15.432,H,,L,Y,4,0,1,2,A,-,01,23152,A,N,D,C,A,A,H,-,C,A,0,,,,,Y,Y,A,01,0,0,1,0,0,0,0,0,0,"- ","- ",38.009941101074219,-122.02301788330078,"CONTRA COSTA",CONCORD,-122.02301025390625,38.009880065917969
81717303,2022,2022-03-08,0704,2022-03-07,1652,0571,,1,5,6,0704,0,0,0,,0,006,"CONCORD BLVD","KIRKER PASS RD",47.00,W,N,A,-,N,,,,,,,,,,Y,4,0,2,3,A,-,03,22350,,N,C,C,A,A,H,-,A,A,0,,,,Y,Y,,F,26,0,0,2,0,0,0,0,0,0,"- ","- ",37.956668853759766,-121.95130920410156,"CONTRA COSTA",CONCORD,-121.9515380859375,37.956851959228516
81718283,2021,2022-03-09,0701,2021-11-30,1852,5436,,2,5,5,0701,0,0,0,,0,,"HILLCREST AVE","LARKSPUR DR",0.00,,Y,A,-,N,,,,,,,,,,N,4,0,2,2,A,-,09,21453,C,N,D,C,A,A,H,-,C,A,0,,,,,Y,,A,01,0,0,2,0,0,0,0,0,0,"- ","- ",,,"CONTRA COSTA",ANTIOCH,-121.78463745117188,37.994884490966797
81718284,2021,2022-03-09,0701,2021-12-22,1827,6119,,3,5,5,0701,0,0,0,,0,006,"DAVISON DR","GARROW DR",0.00,,Y,B,-,N,,,,,,,,,,N,3,0,1,2,A,-,10,21950,A,F,G,B,B,A,H,-,C,D,0,Y,,,,Y,,A,01,0,1,0,0,1,0,0,0,0,"- ","- ",,,"CONTRA COSTA",ANTIOCH,-121.79884338378906,37.985958099365234
81718337,2021,2022-03-09,0704,2021-11-01,0144,0533,,1,5,6,0704,0,0,0,,0,001,"PORT CHICAGO HWY","HIGH SCHOOL ST",286.00,N,N,A,-,N,,,,,,,,,,Y,1,2,0,1,A,-,01,23152,A,N,E,I,A,A,H,-,C,A,0,,,,,Y,,A,01,0,0,0,0,0,0,0,0,0,"- ","- ",37.985698699951172,-122.03267669677734,"CONTRA COSTA",CONCORD,-122.03314971923828,37.986434936523438
81719247,2022,2022-03-10,0710,2022-02-11,1143,1716,NORTH,5,5,5,0710,0,0,0,,0,007,"DOWNER AV","30TH ST",78.00,W,N,A,-,N,,,,,,,,,,N,3,0,1,1,A,-,08,22107,,N,E,I,A,A,H,-,A,D,0,,,,,Y,,A,01,0,1,0,0,0,0,0,0,0,"- ","- ",37.943080902099609,-122.338623046875,"CONTRA COSTA",RICHMOND,-122.33869171142578,37.942989349365234
81719344,2022,2022-03-10,0704,2022-03-08,1906,0589,,2,5,6,0704,0,0,0,,0,004,"2051 SALVIO ST (NEW MUNI GARAGE)","PACHECO ST",131.00,S,N,A,-,N,,,,,,,,,,Y,3,0,4,3,A,-,21,22106,,N,A,C,A,A,H,-,C,A,0,,,,,Y,,A,07,0,2,2,0,0,0,0,0,0,"- ","- ",,,"CONTRA COSTA",CONCORD,,
81719345,2022,2022-03-10,0704,2022-03-08,1952,538,,2,5,6,0704,0,0,0,,0,006,"CLAYTON RD","BALHAN DR",25.00,N,N,A,-,N,,,,,,,,,,N,4,0,2,2,A,-,09,21801,A,N,D,C,A,A,H,-,C,D,0,,,,,Y,,A,01,0,0,2,0,0,0,0,0,0,"- ","- ",37.953899383544922,-121.96233367919922,"CONTRA COSTA",CONCORD,-121.96243286132812,37.953865051269531
81720298,2022,2022-03-11,0710,2022-01-27,1017,1482,SOUTH,4,5,5,0710,0,0,0,,0,002,"S 23RD ST","OHIO AVENUE",130.00,S,N,A,-,N,,,,,,,,,,Y,3,0,1,3,A,-,07,21658,A,M,A,E,A,A,H,-,A,D,0,,,,,Y,,A,01,0,1,0,0,0,0,0,0,0,"- ","- ",,,"CONTRA COSTA",RICHMOND,-122.34765625,37.930381774902344
81720433,2022,2022-03-11,0708,2022-02-05,2141,386,,6,5,5,0708,0,0,0,,0,004,"RAILROAD AVENUE","SR-4 E/B OFF RAMP",0.00,,Y,-,-,N,,,,,,,,,,Y,4,0,1,2,A,-,12,21453,A,N,D,C,A,A,H,-,C,A,0,,,,,Y,,A,07,0,0,1,0,0,0,0,0,0,"- ","- ",,,"CONTRA COSTA",PITTSBURG,-121.88964080810547,38.016811370849609
81721231,2021,2022-03-14,0701,2021-12-11,2351,6171,,6,5,5,0701,0,0,0,,0,007,"LONE TREE WAY","CANADA VALLEY RD",0.00,,Y,A,-,N,,,,,,,,,,Y,3,0,3,3,A,-,03,22350,,N,C,C,A,A,H,-,C,D,0,,,,,Y,,A,01,0,1,2,0,0,0,0,0,0,"- ","- ",,,"CONTRA COSTA",ANTIOCH,-121.74745941162109,37.961746215820312
81721232,2021,2022-03-14,0701,2021-12-13,1125,5896,,1,5,5,0701,0,0,0,,0,007,"10TH ST","WILDFLOWER DR",12.00,W,N,C,-,N,,,,,,,,,,Y,4,0,2,2,A,-,12,21453,A,N,D,C,A,B,H,-,A,A,0,,,,,Y,,A,01,0,0,2,0,0,0,0,0,0,"- ","- ",,,"CONTRA COSTA",ANTIOCH,,
81721233,2021,2022-03-14,0701,2021-12-17,1430,5455,,5,5,5,0701,0,0,0,,0,003,"SAN JOSE DR","VERMONT LN",0.00,,Y,B,-,N,,,,,,,,,,Y,3,0,2,2,A,-,09,21801,A,N,D,C,A,A,H,-,A,D,0,,,,,Y,,A,01,0,1,1,0,0,0,0,0,0,"- ","- ",,,"CONTRA COSTA",ANTIOCH,-121.83020782470703,38.001186370849609
81721318,2022,2022-03-14,0704,2022-02-17,0551,0595,,4,5,6,0704,0,0,0,,0,,"GALINDO ST","CLAYTON RD",18.00,N,N,A,-,N,,,,,,,,,,Y,3,0,1,1,A,-,03,22350,,N,E,I,A,A,H,-,B,A,0,,,,,Y,,D,22,0,1,0,0,0,0,0,0,0,"- ","- ",37.974178314208984,-122.03397369384766,"CONTRA COSTA",CONCORD,-122.0338134765625,37.97430419921875
81721319,2022,2022-03-14,0704,2022-02-19,1320,0609,2,6,5,6,0704,0,0,0,,0,002,"1150 CONCORD AVENUE","BURNETT AVENUE",225.00,N,N,A,-,N,,,,,,,,,,N,3,0,1,1,A,-,03,22350,,N,E,I,A,A,H,-,A,D,0,,,,,Y,,A,01,0,1,0,0,0,0,0,0,0,"- ","- ",,,"CONTRA COSTA",CONCORD,,
81721323,2022,2022-03-14,0704,2022-03-05,1014,0609,2,6,5,6,0704,0,0,0,,0,002,"MONUMENT BLVD","OAKMEAD DR",206.00,S,N,A,-,N,,,,,,,,,,N,4,0,2,3,A,-,03,22350,,N,C,C,A,A,H,-,A,A,0,,,,,Y,,A,01,0,0,2,0,0,0,0,0,0,"- ","- ",37.968818664550781,-122.03208160400391,"CONTRA COSTA",CONCORD,-122.03221893310547,37.968162536621094
81721326,2022,2022-03-14,0704,2022-03-06,1837,0403,1,7,5,6,0704,0,0,0,,0,001,"SOLANO WAY","HWY 242 SOUTHBOUND ON RAMP",0.00,,Y,A,-,N,,,,,,,,,,Y,4,0,2,2,A,-,09,21453,C,N,D,C,A,A,H,-,C,A,0,,,,,Y,,A,01,0,0,2,0,0,0,0,0,0,"- ","- ",,,"CONTRA COSTA",CONCORD,-122.04048156738281,37.988731384277344
81721333,2022,2022-03-14,0708,2022-01-18,1557,355,,2,5,5,0708,0,0,0,,0,005,"BUCHANAN ROAD","PG&E POLE #110154991",203.00,W,N,A,-,N,,,,,,,,,,Y,2,0,1,2,A,-,11,21954,A,N,G,B,E,A,H,-,A,D,0,Y,,,,Y,,N,60,1,0,0,0,1,0,0,0,0,"- ","- ",,,"CONTRA COSTA",PITTSBURG,,
81721461,2022,2022-03-14,0708,2022-02-14,1536,355,8205,1,5,5,0708,0,0,0,,0,002,"E 12TH STREET","MAPLE STREET",0.00,,Y,A,-,N,,,,,,,,,,Y,2,0,2,4,A,-,12,22450,A,N,D,C,A,A,H,-,A,A,0,,,,,Y,,A,01,1,0,1,0,0,0,0,0,0,"- ","- ",,,"CONTRA COSTA",PITTSBURG,-121.87444305419922,38.022930145263672
81721603,2022,2022-03-14,0704,2022-03-13,0752,0632,,7,5,6,0704,0,0,0,,0,005,"CLAYTON RD","DENKINGER RD",13.00,W,N,B,-,N,,,,,,,,,,N,3,0,1,2,A,-,10,21950,A,N,G,B,B,A,H,-,A,A,0,Y,,,,Y,,A,01,0,1,0,0,1,0,0,0,0,"- ","- ",37.965438842773438,-121.99436950683594,"CONTRA COSTA",CONCORD,-121.99264526367188,37.964893341064453
81721609,2022,2022-03-14,0708,2022-01-25,1614,341,8204,2,5,5,0708,0,0,0,,0,002,"HARBOR STREET","SCHOOL STREET",18.00,S,N,A,-,N,,,,,,,,,,N,3,0,1,2,A,-,10,21950,A,F,G,B,B,A,H,-,A,A,0,Y,,,,Y,,A,01,0,1,0,0,1,0,0,0,0,"- ","- ",38.019931793212891,-121.88107299804688,"CONTRA COSTA",PITTSBURG,-121.88114929199219,38.019832611083984
81721610,2022,2022-03-14,0708,2022-02-02,1725,342,8415,3,5,5,0708,0,0,0,,0,005,"EAST LELAND ROAD","COMMERCE PLACE",758.00,E,N,A,-,N,,,,,,,,,,Y,3,0,2,2,A,-,03,22350,,N,C,G,A,A,H,-,B,A,0,,Y,Y,,Y,,C,02,0,2,0,0,0,0,1,0,1,"- ","- ",,,"CONTRA COSTA",PITTSBURG,-121.86163330078125,38.007892608642578
81722710,2022,2022-03-15,0704,2022-02-14,1429,0470,,1,5,6,0704,0,0,0,,0,004,"CONCORD BLVD","SECOND ST",70.00,E,N,A,-,N,,,,,,,,,,Y,4,0,1,2,A,-,08,22107,,N,B,C,A,A,H,-,A,D,0,,,,,Y,,A,07,0,0,1,0,0,0,0,0,0,"- ","- ",37.977390289306641,-122.02706909179688,"CONTRA COSTA",CONCORD,-122.02687072753906,37.977401733398438
81722712,2022,2022-03-15,0704,2022-02-28,1419,0550,,1,5,6,0704,0,0,0,,0,004,"GALINDO ST","CONCORD BLVD",0.00,,Y,A,-,Y,,,,,,,,,,Y,4,0,1,2,A,-,12,21453,A,N,D,C,A,A,H,-,A,A,0,,,,Y,Y,,F,26,0,0,1,0,0,0,0,0,0,"- ","- ",37.975070953369141,-122.03460693359375,"CONTRA COSTA",CONCORD,-122.03447723388672,37.975139617919922
81722714,2022,2022-03-15,0704,2022-03-13,2308,0606,,7,5,6,0704,0,0,0,,0,002,"MEADOW LN","MAYETTE AVE",111.00,N,N,A,-,N,,,,,,,,,,Y,4,0,1,3,A,-,01,23152,A,N,C,E,A,A,H,-,C,D,0,,,,,Y,Y,A,01,0,0,1,0,0,0,0,0,0,"- ","- ",37.963310241699219,-122.04509735107422,"CONTRA COSTA",CONCORD,-122.04531860351562,37.963531494140625
81722728,2022,2022-03-15,0708,2022-02-18,0452,372,8206,5,5,5,0708,0,0,0,,0,002,"CALIFORNIA AVENUE","HARBOR STREET",151.00,E,N,A,-,N,,,,,,,,,,N,4,0,1,1,A,-,01,23152,A,N,E,I,A,A,H,-,C,A,0,,,,,Y,Y,A,01,0,0,1,0,0,0,0,0,0,"- ","- ",,,"CONTRA COSTA",PITTSBURG,-121.88214874267578,38.015773773193359
81723712,2022,2022-03-16,0704,2022-02-02,1907,0509,,3,5,6,0704,0,0,0,,0,002,"MEADOW LN","RILEY CT",50.00,S,N,A,-,N,,,,,,,,,,N,3,0,1,2,A,-,11,21954,A,N,G,B,D,A,H,-,C,D,0,Y,,,,Y,Y,N,60,0,1,0,0,1,0,0,0,0,"- ","- ",37.960060119628906,-122.04218292236328,"CONTRA COSTA",CONCORD,-122.04207611083984,37.959907531738281
81723719,2022,2022-03-16,0704,2022-02-19,1711,0623,3,6,5,6,0704,0,0,0,,0,003,"MONUMENT BLVD","LACEY LN",0.00,,Y,A,-,N,,,,,,,,,,N,4,0,1,3,A,-,09,21804,A,N,B,C,A,A,H,-,A,D,0,,,,,Y,,-,"- ",0,0,1,0,0,0,0,0,0,"- ","- ",37.953330993652344,-122.04324340820312,"CONTRA COSTA",CONCORD,-122.04324340820312,37.953388214111328
81723720,2022,2022-03-16,0704,2022-02-21,1034,0628,,1,5,6,0704,0,0,0,,0,,"PORT CHICAGO HWY AND N 6TH ST","E CURB LINE PROLONGATION OF PORT CHICAGO HIGHWAY",20.00,E,N,A,-,N,,,,,,,,,,Y,4,0,2,2,A,-,03,22350,,N,C,C,A,A,H,-,A,A,0,,,,,Y,,A,01,0,0,2,0,0,0,0,0,0,"- ","- ",,,"CONTRA COSTA",CONCORD,-122.25802612304688,38.032707214355469
81723721,2022,2022-03-16,0704,2022-02-21,1416,0628,,1,5,6,0704,0,0,0,,0,005,"COBBLESTONE DR & TREAT BLVD","N CURB PROLONGATION OF COBBLESTONE DR",50.00,N,N,A,-,N,,,,,,,,,,Y,4,0,1,1,A,-,08,22107,,N,E,I,A,A,H,-,A,D,0,,,,,Y,,A,07,0,0,1,0,0,0,0,0,0,"- ","- ",,,"CONTRA COSTA",CONCORD,-121.99536895751953,37.960845947265625
81723723,2022,2022-03-16,0704,2022-02-28,1128,624,,1,5,6,0704,0,0,0,,0,,"MARKET ST","FRY WAY",237.00,S,N,A,-,N,,,,,,,,,,Y,4,0,1,2,A,-,09,21804,A,N,D,C,A,A,H,-,A,D,0,,,,,Y,,A,01,0,0,1,0,0,0,0,0,0,"- ","- ",37.974948883056641,-122.04386138916016,"CONTRA COSTA",CONCORD,-122.04396820068359,37.974723815917969
8172457,2016,2016-11-23,0707,2016-10-14,1025,217,BAY,5,5,3,0707,0,0,0,,0,001,"APPIAN WY","MARLESTA RD",21.00,S,N,C,-,N,,,,,,,,,,Y,4,0,1,2,A,-,09,21802,A,N,D,C,A,B,H,-,A,D,0,,,,,Y,,A,01,0,0,1,0,0,0,0,0,0,"- ","- ",,,"CONTRA COSTA",PINOLE,-122.2993031,38.001693250000002
81724945,2022,2022-03-17,0704,2022-02-25,0650,0532,,5,5,6,0704,0,0,0,,0,,"CLAYTON RD","FARM BUREAU RD",63.00,W,N,A,-,N,,,,,,,,,,Y,4,0,2,3,A,-,08,22107,,N,C,C,A,A,H,-,A,D,0,,,,,Y,,A,08,0,0,2,0,0,0,0,0,0,"- ","- ",37.968891143798828,-122.00556945800781,"CONTRA COSTA",CONCORD,-122.00582885742188,37.968967437744141
81724955,2022,2022-03-17,0704,2022-03-16,0723,0537,,3,5,6,0704,0,0,0,,0,001,"GRANT ST","HIGH SCHOOL ST",10.00,N,N,A,-,N,,,,,,,,,,N,4,0,1,2,A,-,10,21950,A,N,G,B,B,A,H,-,A,A,0,Y,,,,Y,,A,07,0,0,1,0,1,0,0,0,0,"- ","- ",37.984058380126953,-122.03563690185547,"CONTRA COSTA",CONCORD,-122.03565216064453,37.984096527099609
81724957,2022,2022-03-17,0704,2022-03-16,2104,0589,,3,5,6,0704,0,0,0,,0,004,"OLIVERA RD","HILLSBOROUGH DR",0.00,,Y,A,-,N,,,,,,,,,,Y,4,0,1,2,A,-,12,21453,A,N,D,C,A,A,H,-,C,A,0,,,,,Y,,A,01,0,0,1,0,0,0,0,0,0,"- ","- ",37.996528625488281,-122.03627014160156,"CONTRA COSTA",CONCORD,-122.03694152832031,37.996810913085938
8172629,2016,2016-11-29,0707,2016-09-28,1757,211,,3,5,3,0707,0,0,0,,0,003,"FITZGERALD DR","APPIAN WY",687.00,W,N,A,-,N,,,,,,,,,,N,3,0,1,2,A,-,10,21950,A,N,G,B,C,A,H,-,A,A,0,Y,,,,Y,,A,01,0,1,0,0,1,0,0,0,0,"- ","- ",,,"CONTRA COSTA",PINOLE,-122.30270624000001,37.991685279999999
81726342,2022,2022-03-18,0704,2022-01-23,1315,853,,7,5,6,0704,0,0,0,,0,004,"GALINDO ST","CONCORD BLVD",0.00,,Y,A,-,N,,,,,,,,,,Y,3,0,5,2,A,-,12,21453,A,N,D,C,A,A,H,-,A,A,0,,,,,Y,,A,01,0,1,4,0,0,0,0,0,0,"- ","- ",37.975070953369141,-122.03460693359375,"CONTRA COSTA",CONCORD,-122.03447723388672,37.975139617919922
81727131,2022,2022-03-21,0710,2022-02-07,2050,1730,NORTH,1,5,5,0710,0,0,0,,0,008,"SAN PABLO AV","HILLTOP DR",0.00,,Y,A,-,N,,,,,,,,,,Y,2,0,2,2,A,-,03,22350,,N,A,C,A,A,H,-,C,A,0,,,,,Y,,A,01,2,0,0,0,0,0,0,0,0,"- ","- ",37.985988616943359,-122.33545684814453,"CONTRA COSTA",RICHMOND,-122.33541107177734,37.985939025878906
81727134,2022,2022-03-21,0710,2022-02-17,1019,1324,NORTH,4,5,5,0710,0,0,0,,0,007,"BARRETT AV","22ND ST",33.00,W,Y,A,-,N,,,,,,,,,,Y,3,0,2,2,A,-,12,21453,A,N,D,C,A,A,H,-,A,A,0,,,,,Y,,D,22,0,2,0,0,0,0,0,0,0,"- ","- ",37.938430786132812,-122.34886169433594,"CONTRA COSTA",RICHMOND,-122.34867095947266,37.938461303710938
81727136,2022,2022-03-21,0710,2022-03-03,0754,1662,CENTR,4,5,5,0710,0,0,0,,0,006,"13TH ST","ESMOND AV",100.00,S,N,B,-,N,,,,,,,,,,N,3,0,1,2,A,-,10,21950,A,F,G,B,C,A,H,-,A,D,0,Y,,,,Y,,-,99,0,1,0,0,1,0,0,0,0,"- ","- ",37.945369720458984,-122.35762023925781,"CONTRA COSTA",RICHMOND,-122.35740661621094,37.945011138916016
81727137,2022,2022-03-21,0710,2022-02-16,0803,1324,NORTH,3,5,5,0710,0,0,0,,0,008,"RICHMOND PKWY","HILLTOP DR",2608.00,S,N,A,-,N,,,,,,,,,,Y,3,0,1,1,A,-,01,23152,B,N,E,I,A,A,H,-,A,D,0,,,,,Y,,A,01,0,1,0,0,0,0,0,0,0,"- ","- ",37.987209320068359,-122.33975219726562,"CONTRA COSTA",RICHMOND,-122.34548187255859,37.982105255126953
81727141,2022,2022-03-21,0710,2022-02-23,1041,1692,NORTH,3,5,5,0710,0,0,0,,0,007,"BARRETT AV","37TH ST",0.00,,Y,A,-,N,,,,,,,,,,Y,4,0,1,2,A,-,09,21801,A,N,D,C,A,A,H,-,A,A,0,,,,,Y,,A,01,0,0,1,0,0,0,0,0,0,"- ","- ",37.936538696289062,-122.33334350585938,"CONTRA COSTA",RICHMOND,-122.3336181640625,37.936546325683594
81727142,2022,2022-03-21,0710,2022-02-28,1030,1687,CENTR,1,5,5,0710,0,0,0,,0,004,"22ND ST","NEVIN AV",0.00,,Y,A,-,N,,,,,,,,,,Y,3,0,2,3,A,-,08,22107,,N,E,I,A,A,H,-,A,A,0,,,,,Y,,A,01,0,1,1,0,0,0,0,0,0,"- ","- ",37.936691284179688,-122.34841156005859,"CONTRA COSTA",RICHMOND,-122.34857940673828,37.936836242675781
81727143,2022,2022-03-21,0710,2022-03-07,0802,1662,NORTH,1,5,5,0710,0,0,0,,0,008,"PARKER RD","BARNARD ST",0.00,,Y,A,-,N,,,,,,,,,,N,3,0,1,2,A,-,11,21950,B,N,G,B,D,A,H,-,A,D,0,Y,,,,Y,,N,60,0,1,0,0,1,0,0,0,0,"- ","- ",37.969070434570312,-122.32523345947266,"CONTRA COSTA",RICHMOND,-122.32537078857422,37.969173431396484
8172859,2016,2017-03-02,0701,2016-11-09,2106,3305,205,3,5,5,0701,0,0,0,,0,002,"A ST","RT 4",0.00,,Y,A,-,Y,CC,4,4,-,R,27.662,R,4,W,Y,4,0,2,2,A,-,01,23152,A,N,A,C,A,A,H,-,C,A,0,,,,,Y,Y,A,01,0,0,2,0,0,0,0,0,0,"- ","- ",,,"CONTRA COSTA",ANTIOCH,-121.80864179,37.998258589999999
81729497,2021,2022-03-23,0701,2021-12-31,1457,6012,,5,5,5,0701,0,0,0,,0,001,"10TH ST","L ST",15.00,E,N,A,-,N,,,,,,,,,,N,2,0,1,2,A,-,12,21453,A,F,D,C,A,A,H,-,A,A,0,,,Y,,Y,,-,"- ",1,0,0,0,0,0,0,0,0,"- ","- ",,,"CONTRA COSTA",ANTIOCH,-121.81962585449219,38.011188507080078
81729498,2022,2022-03-23,0701,2022-02-07,1208,5566,,1,5,5,0701,0,0,0,,0,002,"WILBUR AVE","CAVALLO RD",225.00,E,N,A,-,N,,,,,,,,,,N,4,0,1,2,A,-,08,22107,,N,E,I,A,A,H,-,A,B,0,,,,,Y,,D,82,0,0,1,0,0,0,0,0,0,"- ","- ",,,"CONTRA COSTA",ANTIOCH,-121.79616546630859,38.012275695800781
81730371,2022,2022-03-24,0710,2022-02-14,1833,1708,CENTR,1,5,5,0710,0,0,0,,0,004,"MACDONALD AV","23RD ST",0.00,,Y,A,-,N,,,,,,,,,,Y,4,0,2,2,A,-,12,21453,A,N,D,C,A,A,H,-,C,A,0,,,,,Y,,A,01,0,0,2,0,0,0,0,0,0,"- ","- ",37.935531616210938,-122.34742736816406,"CONTRA COSTA",RICHMOND,-122.34754943847656,37.93572998046875
81730519,2022,2022-03-24,0704,2022-02-22,0914,0537,,2,5,6,0704,0,0,0,,0,,"PORT CHICAGO HWY","SUNSET AVE",0.00,,Y,A,-,N,,,,,,,,,,Y,2,0,1,2,A,-,12,21453,A,F,D,C,A,A,H,-,A,A,0,,,,,Y,,-,99,1,0,0,0,0,0,0,0,0,"- ","- ",37.976528167724609,-122.02883911132812,"CONTRA COSTA",CONCORD,-122.02880859375,37.976581573486328
81730523,2022,2022-03-24,0704,2022-03-14,0956,0391,,1,5,6,0704,0,0,0,,0,002,"OAKMEAD DR","TOYON DR (E)",165.00,E,N,A,-,N,,,,,,,,,,N,4,0,1,2,A,-,06,21750,,N,B,C,A,A,H,-,A,D,0,,,,,Y,,A,01,0,0,1,0,0,0,0,0,0,"- ","- ",37.968460083007812,-122.03372955322266,"CONTRA COSTA",CONCORD,-122.03766632080078,37.966529846191406
8173270,2016,2016-11-18,0708,2016-09-16,2023,320,,5,5,5,0708,0,0,0,,0,002,"PITTSBURG ANTIOCH HWY","LOVERIDGE RD",300.00,W,N,A,-,N,,,,,,,,,,Y,4,0,1,1,A,-,03,22350,,N,F,A,A,A,D,-,C,A,0,,,Y,,Y,,C,02,0,0,1,0,0,0,0,0,1,"- ","- ",,,"CONTRA COSTA",PITTSBURG,-121.86095106,38.015417679999999
8173274,2016,2016-11-18,0708,2016-09-27,0018,330,,2,5,5,0708,0,0,0,,0,002,"CALIFORNIA AV","LOVERIDGE RD",827.00,W,N,A,-,N,,,,,,,,,,Y,4,0,1,2,A,-,12,21453,A,N,D,C,A,A,H,-,C,A,0,,,,,Y,,A,01,0,0,1,0,0,0,0,0,0,"- ","- ",,,"CONTRA COSTA",PITTSBURG,-121.86873233999999,38.012950590000003
81733386,2022,2022-03-25,0701,2022-03-12,1135,5853,,6,5,5,0701,0,0,0,,0,006,"DEER VALLEY RD","ASILOMAR DR",0.00,,Y,A,-,N,,,,,,,,,,Y,3,0,2,2,A,-,12,21453,A,N,D,D,A,A,H,-,A,A,0,,,,,Y,,A,01,0,1,1,0,0,0,0,0,0,"- ","- ",,,"CONTRA COSTA",ANTIOCH,-121.78411865234375,37.973178863525391
8173389,2016,2016-11-21,0702,2016-10-23,1556,550D,25225,7,5,3,0702,0,0,0,,0,0B2,"OHARA AV","LONE TREE WY",0.00,,Y,A,-,N,,,,,,,,,,N,4,0,1,2,A,-,03,22350,,N,C,C,A,A,H,-,A,A,0,,,,,Y,,A,01,0,0,1,0,0,0,0,0,0,"- ","- ",,,"CONTRA COSTA",BRENTWOOD,-121.71406999,37.961579980000003
8173393,2016,2016-12-19,0702,2016-10-17,1645,574D,21121,1,5,3,0702,0,0,0,,0,0B1,"SAND CREEK RD","BYPASS HWY",327.00,W,N,A,-,N,,,,,,,,,,N,4,0,1,2,A,-,08,22107,,N,B,C,A,A,H,-,A,D,0,,,,,Y,,A,01,0,0,1,0,0,0,0,0,0,"- ","- ",,,"CONTRA COSTA",BRENTWOOD,-121.74407244,37.947982230000001
8173397,2016,2016-11-18,0702,2016-10-28,0835,573J,26426,5,5,3,0702,0,0,0,,0,0B4,"WEST COUNTRY CLUB DR","BALFOUR RD",130.00,N,N,C,-,N,,,,,,,,,,N,4,0,1,2,A,-,03,22350,,N,C,C,A,B,H,-,A,A,0,,,,,Y,,A,01,0,0,1,0,0,0,0,0,0,"- ","- ",,,"CONTRA COSTA",BRENTWOOD,-121.75252104,37.92570697
8173401,2016,2016-11-18,0702,2016-10-07,1444,573J,25225,5,5,3,0702,0,0,0,,0,0B2,"BRENTWOOD BL","SIMS RD",7.00,S,N,A,-,N,,,,,,,,,,Y,4,0,1,2,A,-,04,21703,,N,C,C,A,A,H,-,A,D,0,,,,,Y,,A,01,0,0,1,0,0,0,0,0,0,"- ","- ",,,"CONTRA COSTA",BRENTWOOD,-121.69609023,37.963860769999997
8173405,2016,2016-11-18,0702,2016-10-12,1516,526J,127B,3,5,3,0702,0,0,0,,0,0B1,"EMPIRE AV","AMBER LN",0.00,,Y,A,-,N,,,,,,,,,,Y,4,0,1,2,A,-,09,21802,A,N,D,C,A,A,H,-,A,A,0,,,,,Y,,A,01,0,0,1,0,0,0,0,0,0,"- ","- ",,,"CONTRA COSTA",BRENTWOOD,-121.73246994,37.956129949999998
8173409,2016,2016-11-18,0702,2016-10-05,1918,549D,418B,3,5,3,0702,0,0,0,,0,0B4,"BALFOUR RD","MCVIKING WY",0.00,,Y,A,-,N,,,,,,,,,,Y,4,0,1,2,A,-,09,21453,C,N,B,D,A,A,H,-,C,A,0,,,,,Y,,A,01,0,0,1,0,0,0,0,0,0,"- ","- ",,,"CONTRA COSTA",BRENTWOOD,-121.72166993,37.925419949999998
81734161,2021,2022-03-28,0701,2021-12-19,0245,4270,,7,5,5,0701,0,0,0,,0,005,"SUNSET LN","WORRELL RD",45.00,N,N,A,-,N,,,,,,,,,,Y,3,0,1,2,A,-,01,23152,A,N,C,E,A,A,H,-,C,D,0,,,,,Y,Y,D,22,0,1,0,0,0,0,0,0,0,"- ","- ",,,"CONTRA COSTA",ANTIOCH,-121.80371856689453,37.994125366210938