CASE_ID,ACCIDENT_YEAR,PROC_DATE,JURIS,COLLISION_DATE,COLLISION_TIME,OFFICER_ID,REPORTING_DISTRICT,DAY_OF_WEEK,CHP_SHIFT,POPULATION,CNTY_CITY_LOC,SPECIAL_COND,BEAT_TYPE,CHP_BEAT_TYPE,CITY_DIVISION_LAPD,CHP_BEAT_CLASS,BEAT_NUMBER,PRIMARY_RD,SECONDARY_RD,DISTANCE,DIRECTION,INTERSECTION,WEATHER_1,WEATHER_2,STATE_HWY_IND,CALTRANS_COUNTY,CALTRANS_DISTRICT,STATE_ROUTE,ROUTE_SUFFIX,POSTMILE_PREFIX,POSTMILE,LOCATION_TYPE,RAMP_INTERSECTION,SIDE_OF_HWY,TOW_AWAY,COLLISION_SEVERITY,NUMBER_KILLED,NUMBER_INJURED,PARTY_COUNT,PRIMARY_COLL_FACTOR,PCF_CODE_OF_VIOL,PCF_VIOL_CATEGORY,PCF_VIOLATION,PCF_VIOL_SUBSECTION,HIT_AND_RUN,TYPE_OF_COLLISION,MVIW,PED_ACTION,ROAD_SURFACE,ROAD_COND_1,ROAD_COND_2,LIGHTING,CONTROL_DEVICE,CHP_ROAD_TYPE,PEDESTRIAN_ACCIDENT,BICYCLE_ACCIDENT,MOTORCYCLE_ACCIDENT,TRUCK_ACCIDENT,NOT_PRIVATE_PROPERTY,ALCOHOL_INVOLVED,STWD_VEHTYPE_AT_FAULT,CHP_VEHTYPE_AT_FAULT,COUNT_SEVERE_INJ,COUNT_VISIBLE_INJ,COUNT_COMPLAINT_PAIN,COUNT_PED_KILLED,COUNT_PED_INJURED,COUNT_BICYCLIST_KILLED,COUNT_BICYCLIST_INJURED,COUNT_MC_KILLED,COUNT_MC_INJURED,PRIMARY_RAMP,SECONDARY_RAMP,LATITUDE,LONGITUDE,COUNTY,CITY,POINT_X,POINT_Y
81753161,2022,2022-04-21,0704,2022-04-07,1810,0631,,4,5,6,0704,0,0,0,,0,006,"YGNACIO VALLEY RD","PINE HOLLOW RD",50.00,W,N,A,-,N,,,,,,,,,,Y,4,0,2,4,A,-,03,22350,,N,C,C,A,A,H,-,A,A,0,,,,,Y,,D,22,0,0,2,0,0,0,0,0,0,"- ","- ",37.946048736572266,-121.96951293945312,"CONTRA COSTA",CONCORD,,
81753162,2022,2022-04-21,0704,2022-04-09,1153,0583,,6,5,6,0704,0,0,0,,0,006,"CLAYTON RD","BEL AIR DR",0.00,,Y,A,-,N,,,,,,,,,,N,4,0,1,2,A,-,08,22107,,N,D,G,A,A,H,-,A,D,0,,Y,,,Y,,A,01,0,0,1,0,0,0,1,0,0,"- ","- ",37.963779449462891,-121.99005889892578,"CONTRA COSTA",CONCORD,-121.99009704589844,37.963798522949219
81753163,2022,2022-04-21,0704,2022-04-10,1151,0630,,7,5,6,0704,0,0,0,,0,004,"EAST ST","CONCORD BLVD",0.00,,Y,A,-,N,,,,,,,,,,Y,4,0,3,2,A,-,12,21453,A,N,D,C,A,A,H,-,A,A,0,,,,,Y,,A,01,0,0,3,0,0,0,0,0,0,"- ","- ",37.977310180664062,-122.02999877929688,"CONTRA COSTA",CONCORD,-122.02999877929688,37.977291107177734
81753164,2022,2022-04-21,0704,2022-04-14,2005,0628,,4,5,6,0704,0,0,0,,0,001,"WILLOW PASS RD","MARKET ST",325.00,W,N,C,-,N,,,,,,,,,,N,4,0,1,1,A,-,03,22350,,N,E,I,A,B,G,-,C,B,0,,,,,Y,,A,01,0,0,1,0,0,0,0,0,0,"- ","- ",37.970829010009766,-122.04591369628906,"CONTRA COSTA",CONCORD,-122.04707336425781,37.971126556396484
81754172,2022,2022-04-22,0704,2022-01-14,1817,0537,,5,5,6,0704,0,0,0,,0,001,"CONCORD AVE","FREMONT ST",43.00,E,N,A,-,Y,,,,,,,,,,Y,2,0,1,2,A,-,11,21955,,N,G,B,D,A,H,-,C,D,0,Y,,,,Y,,N,60,1,0,0,0,1,0,0,0,0,"- ","- ",37.978401184082031,-122.04081726074219,"CONTRA COSTA",CONCORD,-122.04063415527344,37.978427886962891
81754173,2022,2022-04-22,0704,2022-03-18,1339,0533,,5,5,6,0704,0,0,0,,0,003,"SIERRA RD","FOX MEADOW WAY",0.00,,Y,A,-,N,,,,,,,,,,Y,4,0,2,2,A,-,08,22107,,N,A,C,A,A,H,-,A,A,0,,,,,Y,,-,"- ",0,0,2,0,0,0,0,0,0,"- ","- ",37.953170776367188,-122.03343963623047,"CONTRA COSTA",CONCORD,-122.03343963623047,37.953151702880859
81754179,2022,2022-04-22,0704,2022-04-10,1036,0537,,7,5,6,0704,0,0,0,,0,005,"TREAT BLVD","PEMBROKE DR",314.00,N,N,A,-,N,,,,,,,,,,N,2,0,1,2,A,-,03,22350,,N,C,G,A,A,H,-,A,D,0,,Y,,,Y,,D,22,1,0,0,0,0,0,1,0,0,"- ","- ",37.957809448242188,-121.99857330322266,"CONTRA COSTA",CONCORD,-121.99768829345703,37.958408355712891
81754180,2022,2022-04-22,0704,2022-04-19,1533,0533,4,2,5,6,0704,0,0,0,,0,004,"CLAYTON RD","THE ALAMEDA (W)",155.00,E,N,A,-,N,,,,,,,,,,Y,3,0,1,4,A,-,01,23152,F,N,B,E,A,A,H,-,A,A,0,,,,,Y,,A,01,0,1,0,0,0,0,0,0,0,"- ","- ",37.974521636962891,-122.02542877197266,"CONTRA COSTA",CONCORD,-122.02498626708984,37.974388122558594
81754882,2022,2022-04-25,0710,2022-03-10,2304,1546,SOUTH,4,5,5,0710,0,0,0,,0,002,"S.20TH ST.","VIRGINIA AV",0.00,,Y,A,-,N,,,,,,,,,,Y,4,0,2,3,A,-,03,22350,,F,C,C,A,A,H,-,C,B,0,,,,,Y,,A,01,0,0,2,0,0,0,0,0,0,"- ","- ",37.926471710205078,-122.35047912597656,"CONTRA COSTA",RICHMOND,-122.35037231445312,37.926448822021484
81755213,2022,2022-04-25,0704,2022-04-16,0824,0612,,6,5,6,0704,0,0,0,,0,004,"OLIVERA RD","ESPERANZA DR",185.00,E,N,C,-,N,,,,,,,,,,Y,3,0,1,2,A,-,03,22350,,N,B,C,A,B,H,-,A,D,0,,,,,Y,Y,A,01,0,1,0,0,0,0,0,0,0,"- ","- ",37.993881225585938,-122.02455139160156,"CONTRA COSTA",CONCORD,-122.02396392822266,37.993717193603516
81755215,2022,2022-04-25,0704,2022-04-22,1006,0630,,5,5,6,0704,0,0,0,,0,,"EAST ST","ALMOND AVE",94.00,N,N,A,-,N,,,,,,,,,,N,4,0,1,1,A,-,08,22107,,N,E,I,A,A,H,-,A,D,0,,,,,Y,,A,01,0,0,1,0,0,0,0,0,0,"- ","- ",37.981639862060547,-122.03324127197266,"CONTRA COSTA",CONCORD,-122.03343963623047,37.981861114501953
81755216,2022,2022-04-25,0704,2022-04-23,1317,0630,,6,5,6,0704,0,0,0,,0,001,"WILLOW PASS RD","MARKET ST",383.00,W,N,A,-,N,,,,,,,,,,Y,4,0,2,3,A,-,03,22350,,N,C,C,A,A,H,-,A,A,0,,,,,Y,Y,A,01,0,0,2,0,0,0,0,0,0,"- ","- ",37.970970153808594,-122.04592132568359,"CONTRA COSTA",CONCORD,-122.04727172851562,37.971145629882812
81756195,2022,2022-04-26,0710,2022-02-27,1509,1770,SOUTH,7,5,5,0710,0,0,0,,0,003,"CARLSON BLVD","HUNTINGTON AV",0.00,,Y,A,-,N,,,,,,,,,,Y,4,0,2,2,A,-,09,21801,A,N,D,D,A,A,H,-,A,A,0,,,,,Y,,A,01,0,0,2,0,0,0,0,0,0,"- ","- ",37.907821655273438,-122.30841827392578,"CONTRA COSTA",RICHMOND,-122.30856323242188,37.907756805419922
81756196,2022,2022-04-26,0710,2022-03-30,1734,1640,CENTR,3,5,5,0710,0,0,0,,0,006,"MACDONALD AV","3RD ST",0.00,,Y,A,-,N,,,,,,,,,,Y,3,0,1,1,B,-,22,,,N,H,J,A,A,H,-,A,A,0,,,,,Y,,M,59,0,1,0,0,0,0,0,0,0,"- ","- ",37.935821533203125,-122.36653900146484,"CONTRA COSTA",RICHMOND,-122.36665344238281,37.935718536376953
81756345,2022,2022-04-26,0704,2022-03-12,1935,0596,2390,6,5,6,0704,0,0,0,,0,006,"BAILEY RD","GREENBUSH DR",193.00,W,N,A,-,N,,,,,,,,,,Y,3,0,1,1,A,-,07,21658,A,N,E,I,A,A,H,-,C,A,0,,,,,Y,,A,01,0,1,0,0,0,0,0,0,0,"- ","- ",37.966648101806641,-121.97606658935547,"CONTRA COSTA",CONCORD,-121.97657012939453,37.966243743896484
81756347,2022,2022-04-26,0704,2022-04-10,1809,0633,1170,7,5,6,0704,0,0,0,,0,001,"GRANT ST","ALMOND AVE",16.00,S,N,A,-,N,,,,,,,,,,N,4,0,3,2,A,-,03,22350,,N,C,C,A,A,H,-,B,A,0,,,,,Y,,A,01,0,0,3,0,0,0,0,0,0,"- ","- ",37.980258941650391,-122.03520965576172,"CONTRA COSTA",CONCORD,-122.03546142578125,37.980541229248047
81756349,2022,2022-04-26,0704,2022-04-21,0752,6011,,4,5,6,0704,0,0,0,,0,005,"CLAYTON RD","LAVETTA WAY",0.00,W,Y,B,-,N,,,,,,,,,,Y,4,0,3,2,A,-,03,22350,,N,C,C,A,B,H,-,A,A,0,,,,,Y,,A,01,0,0,3,0,0,0,0,0,0,"- ","- ",37.96807861328125,-122.00251007080078,"CONTRA COSTA",CONCORD,-122.00238800048828,37.968128204345703
81757295,2022,2022-04-27,0701,2022-03-14,1612,5851,,1,5,5,0701,0,0,0,,0,002,"10TH ST","D ST",70.00,W,N,A,-,N,,,,,,,,,,N,4,0,1,3,A,-,03,22350,,N,C,C,A,A,H,-,A,D,0,,,,,Y,,A,01,0,0,1,0,0,0,0,0,0,"- ","- ",,,"CONTRA COSTA",ANTIOCH,-121.81027984619141,38.011199951171875
81757297,2022,2022-04-27,0701,2022-03-20,1903,6151,,7,5,5,0701,0,0,0,,0,002,"A ST","13TH ST",169.00,S,N,A,-,N,,,,,,,,,,N,4,0,1,2,A,-,09,21804,A,N,D,C,A,A,H,-,B,D,0,,,,,Y,,A,01,0,0,1,0,0,0,0,0,0,"- ","- ",,,"CONTRA COSTA",ANTIOCH,-121.80603790283203,38.008415222167969
81757300,2022,2022-04-27,0701,2022-04-07,0114,6131,6,4,5,5,0701,0,0,0,,0,006,"2900 WINDSOR DR","SHADDICK DR",98.00,S,N,A,-,N,,,,,,,,,,Y,2,0,2,1,A,-,01,23152,A,N,E,I,A,A,H,-,C,D,0,,,,,Y,Y,A,01,2,0,0,0,0,0,0,0,0,"- ","- ",,,"CONTRA COSTA",ANTIOCH,-121.79346466064453,37.994731903076172
81758316,2021,2022-04-28,0701,2021-08-25,0534,5319,,3,5,5,0701,0,0,0,,0,002,"WILBUR AVE","WILBUR LN",274.00,W,N,A,-,N,,,,,,,,,,Y,1,1,0,2,D,-,00,,,N,C,J,A,A,H,-,D,D,0,,,Y,,Y,Y,-,"- ",0,0,0,0,0,0,0,1,0,"- ","- ",,,"CONTRA COSTA",ANTIOCH,-121.7747802734375,38.0123291015625
81758319,2021,2022-04-28,0701,2021-12-27,0547,5853,,1,5,5,0701,0,0,0,,0,006,"DEER VALLEY RD","LONE TREE WAY",0.00,,Y,B,C,N,,,,,,,,,,Y,4,0,2,2,A,-,12,21453,A,N,D,C,A,B,H,-,C,A,0,,,,,Y,,A,01,0,0,2,0,0,0,0,0,0,"- ","- ",,,"CONTRA COSTA",ANTIOCH,-121.78045654296875,37.965888977050781
81758328,2022,2022-04-28,0701,2022-02-06,1830,5963,,7,5,5,0701,0,0,0,,0,005,"LONE TREE WAY","HILLCREST AVE",0.00,,Y,A,-,N,,,,,,,,,,N,2,0,2,3,A,-,12,21453,A,N,D,C,A,A,H,-,C,A,0,,,,,Y,,A,01,1,0,1,0,0,0,0,0,0,"- ","- ",,,"CONTRA COSTA",ANTIOCH,-121.76004791259766,37.961757659912109
81758453,2022,2022-04-28,0704,2022-04-27,1727,0628,,3,5,6,0704,0,0,0,,0,002,"MEADOW LN","RILEY CT",33.00,E,N,A,-,N,,,,,,,,,,Y,3,0,2,3,A,-,03,22350,,N,C,C,A,A,H,-,A,D,0,,,,,Y,,A,07,0,1,1,0,0,0,0,0,0,"- ","- ",37.960060119628906,-122.04218292236328,"CONTRA COSTA",CONCORD,-122.0421142578125,37.959945678710938
81760672,2022,2022-04-29,0704,2022-04-25,1016,0426,,1,5,6,0704,0,0,0,,0,004,"CONCORD BLVD","EAST ST",0.00,,Y,A,-,N,,,,,,,,,,Y,4,0,1,2,A,-,12,21453,A,N,D,D,A,A,H,-,A,A,0,,,,,Y,,-,"- ",0,0,1,0,0,0,0,0,0,"- ","- ",37.976879119873047,-122.02973937988281,"CONTRA COSTA",CONCORD,-122.02999877929688,37.977291107177734
8176081,2016,2016-11-29,0710,2016-10-14,2351,1662,0710,5,5,5,0710,0,0,0,,0,004,"18TH ST","BARRETT AV",25.00,N,N,B,-,N,,,,,,,,,,Y,3,0,1,2,A,-,01,23152,A,N,E,E,A,B,H,-,C,D,0,,,,,Y,Y,A,01,0,1,0,0,0,0,0,0,0,"- ","- ",,,"CONTRA COSTA",RICHMOND,-122.35248908,37.938528669999997
8176085,2016,2016-11-28,0710,2016-10-04,2000,1380,NORTH,2,5,5,0710,0,0,0,,0,007,"MACDONALD AV","27TH ST",88.00,E,N,A,-,N,,,,,,,,,,Y,3,0,2,5,A,-,01,23153,A,F,C,C,A,A,H,-,C,A,0,,,,,Y,Y,A,07,0,1,1,0,0,0,0,0,0,"- ","- ",,,"CONTRA COSTA",RICHMOND,-122.3426405,37.935053410000002
8176106,2016,2016-11-29,0701,2016-10-29,0324,4190,408,6,5,5,0701,0,0,0,,0,004,"PUTNAM ST","ELIZABETH LN",63.00,E,N,B,-,N,,,,,,,,,,Y,3,0,1,2,A,-,01,23152,A,N,C,E,A,B,H,-,C,D,0,,,,,Y,Y,A,01,0,1,0,0,0,0,0,0,0,"- ","- ",,,"CONTRA COSTA",ANTIOCH,-121.80934134,37.993659999999998
8176137,2016,2016-12-19,0710,2016-10-31,0825,1380,SOUTH,1,5,5,0710,0,0,0,,0,008,"S 37TH ST","CUTTING BL",0.00,,Y,B,-,N,,,,,,,,,,Y,3,0,1,2,A,-,10,21950,A,N,G,B,B,A,H,-,A,A,0,Y,,,,Y,,A,01,0,1,0,0,1,0,0,0,0,"- ","- ",,,"CONTRA COSTA",RICHMOND,-122.33429991,37.925339940000001
81761623,2022,2022-05-02,0710,2022-04-08,0009,1739,NORTH,5,5,5,0710,0,0,0,,0,007,"WILSON AV","GARVIN AV",25.00,S,N,A,-,N,,,,,,,,,,N,4,0,1,2,A,-,08,22107,,N,D,E,A,A,H,-,C,A,0,,,,,Y,,A,01,0,0,1,0,0,0,0,0,0,"- ","- ",37.943599700927734,-122.33011627197266,"CONTRA COSTA",RICHMOND,-122.32994842529297,37.943584442138672
81761775,2022,2022-05-02,0710,2022-01-27,1447,1687,NORTH,4,5,5,0710,0,0,0,,0,007,"SAN PABLO AV","SOLANO AV",0.00,,Y,A,-,N,,,,,,,,,,Y,2,0,1,2,A,-,09,21801,A,F,D,C,A,A,H,-,A,A,0,,,,,Y,,A,01,1,0,0,0,0,0,0,0,0,"- ","- ",37.942008972167969,-122.32848358154297,"CONTRA COSTA",RICHMOND,-122.32827758789062,37.942047119140625
81761777,2022,2022-05-02,0710,2022-02-24,1957,1605,NORTH,4,5,5,0710,0,0,0,,0,008,"HILLTOP DR","HILLVIEW DR",0.00,,Y,A,-,N,,,,,,,,,,Y,4,0,1,1,A,-,08,22107,,N,E,I,A,A,H,-,C,A,0,,,,,Y,,A,01,0,0,1,0,0,0,0,0,0,"- ","- ",37.982639312744141,-122.3338623046875,"CONTRA COSTA",RICHMOND,-122.33367919921875,37.982627868652344
81761778,2022,2022-05-02,0710,2022-04-20,0930,1662,NORTH,3,5,5,0710,0,0,0,,0,006,"BARRETT AV","19TH ST",0.00,,Y,B,-,N,,,,,,,,,,Y,4,0,2,2,A,-,09,21801,A,N,A,C,A,A,H,-,A,A,0,,,,,Y,,A,01,0,0,2,0,0,0,0,0,0,"- ","- ",37.938480377197266,-122.35182189941406,"CONTRA COSTA",RICHMOND,-122.35150909423828,37.938457489013672
81761781,2022,2022-05-02,0710,2022-04-01,0830,1707,SOUTH,5,5,5,0710,0,0,0,,0,001,"CUTTING BLVD","S. 2ND ST",60.00,E,N,A,-,N,,,,,,,,,,Y,4,0,1,1,A,-,03,22350,,N,E,I,A,A,H,-,A,D,0,,,,,Y,,A,01,0,0,1,0,0,0,0,0,0,"- ","- ",,,"CONTRA COSTA",RICHMOND,-122.36774444580078,37.925273895263672
81761839,2022,2022-05-02,0704,2022-04-24,0147,0594,1,7,5,6,0704,0,0,0,,0,001,"MARKET ST","FRY WAY",0.00,,Y,A,-,Y,,,,,,,,,,Y,4,0,1,2,A,-,01,23152,A,N,D,C,A,A,H,-,C,A,0,,,,,Y,Y,A,01,0,0,1,0,0,0,0,0,0,"- ","- ",37.974948883056641,-122.04386138916016,"CONTRA COSTA",CONCORD,-122.04364013671875,37.975318908691406
81761840,2022,2022-05-02,0704,2022-04-30,0731,0539,,6,5,6,0704,0,0,0,,0,001,"PORT CHICAGO HWY","OLIVERA RD",332.00,S,N,A,-,N,,,,,,,,,,N,3,0,2,2,A,-,09,21801,A,N,D,C,A,A,H,-,A,D,0,,,,,Y,,A,01,0,1,1,0,0,0,0,0,0,"- ","- ",37.995330810546875,-122.03080749511719,"CONTRA COSTA",CONCORD,-122.03136444091797,37.99456787109375
81762743,2022,2022-05-03,0710,2022-04-10,2045,1777,,7,5,5,0710,0,0,0,,0,,"23RD ST","GARVIN AV (N)",57.00,S,N,A,-,N,,,,,,,,,,Y,3,0,1,1,A,-,07,21658,A,N,E,J,A,A,H,-,C,D,0,,,,,Y,Y,A,07,0,1,0,0,0,0,0,0,0,"- ","- ",37.943778991699219,-122.34767150878906,"CONTRA COSTA",RICHMOND,-122.34748840332031,37.943492889404297
81763904,2022,2022-05-04,0704,2022-04-28,2027,538,,4,5,6,0704,0,0,0,,0,006,"CLAYTON RD","DENKINGER RD.",70.00,E,N,A,-,N,,,,,,,,,,Y,4,0,1,2,A,-,01,23152,A,N,C,C,A,A,H,-,C,A,0,,,,,Y,Y,D,82,0,0,1,0,0,0,0,0,0,"- ","- ",,,"CONTRA COSTA",CONCORD,-121.99237823486328,37.964797973632812
81763905,2022,2022-05-04,0704,2022-05-01,1342,0630,,7,5,6,0704,0,0,0,,0,,"ARNOLD INDUSTRIAL PL","PERALTA RD",251.00,W,N,A,-,N,,,,,,,,,,Y,4,0,1,3,A,-,08,22107,,N,C,E,A,A,H,-,A,D,0,,,,,Y,,A,01,0,0,1,0,0,0,0,0,0,"- ","- ",38.001888275146484,-122.04739379882812,"CONTRA COSTA",CONCORD,-122.04827117919922,38.001602172851562
8176431,2016,2016-12-01,0709,2016-11-02,0831,318,3090,3,5,4,0709,0,0,0,,0,002,"CONTRA COSTA BL","BETH DR",0.00,,Y,A,-,N,,,,,,,,,,N,4,0,1,2,A,-,03,22350,,N,G,B,B,A,H,-,A,A,0,Y,,,,Y,,-,,0,0,1,0,1,0,0,0,0,"- ","- ",,,"CONTRA COSTA","PLEASANT HILL",-122.06008987,37.954819970000003
8176479,2016,2016-12-01,0705,2016-11-08,0750,134,TRAFF,2,5,3,0705,0,0,0,,0,010,"CLAYTON AV","ASHBURY AV",0.00,,Y,A,-,N,,,,,,,,,,N,3,0,1,2,A,-,12,22450,A,N,D,G,A,A,H,-,A,A,0,,Y,,,Y,,L,04,0,1,0,0,0,0,1,0,0,"- ","- ",,,"CONTRA COSTA","EL CERRITO",-122.29757997999999,37.909409940000003
81764875,2022,2022-05-05,0710,2022-03-20,0625,1679,NORTH,7,5,5,0710,0,0,0,,0,009,"4975 SANTA RITA RD","SYLVIA CT",90.00,E,N,A,-,N,,,,,,,,,,N,4,0,1,2,A,-,03,22350,,N,C,E,A,A,H,-,C,D,0,,,,,Y,,-,"- ",0,0,1,0,0,0,0,0,0,"- ","- ",,,"CONTRA COSTA",RICHMOND,-122.29136657714844,37.965354919433594
81764876,2022,2022-05-05,0710,2022-03-27,1627,1716,NORTH,7,5,5,0710,0,0,0,,0,007,"NEVIN AV","24TH ST",93.00,W,N,A,-,N,,,,,,,,,,N,3,0,1,2,A,-,08,22107,,N,C,G,A,A,H,-,A,D,0,,Y,,,Y,,L,04,0,1,0,0,0,0,1,0,0,"- ","- ",37.93621826171875,-122.34539794921875,"CONTRA COSTA",RICHMOND,-122.34646606445312,37.936737060546875
81764964,2022,2022-05-05,0704,2022-04-18,0919,6011,3,1,5,6,0704,0,0,0,,0,003,"GALINDO ST","OAKMEAD DR",55.00,N,N,A,-,N,,,,,,,,,,Y,4,0,2,3,A,-,03,22350,,N,C,C,A,A,H,-,A,A,0,,,,,Y,,A,07,0,0,2,0,0,0,0,0,0,"- ","- ",37.968818664550781,-122.03208160400391,"CONTRA COSTA",CONCORD,-122.031982421875,37.968856811523438
81764967,2022,2022-05-05,0704,2022-05-02,2213,0633,1110,1,5,6,0704,0,0,0,,0,004,"CONCORD BLVD","GALINDO ST",0.00,,Y,A,-,N,,,,,,,,,,Y,4,0,1,2,A,-,12,21453,A,N,B,C,A,A,H,-,C,A,0,,,,,Y,,A,01,0,0,1,0,0,0,0,0,0,"- ","- ",37.975070953369141,-122.03460693359375,"CONTRA COSTA",CONCORD,-122.03447723388672,37.975139617919922
8176553,2016,2016-12-01,0709,2016-11-07,1237,435,2170,1,5,4,0709,0,0,0,,0,001,"CLEAVELAND RD","TRELANY RD",0.00,,Y,A,-,N,,,,,,,,,,Y,4,0,4,5,A,-,08,22107,,N,D,C,B,A,H,-,A,D,0,Y,,,,Y,,-,,0,0,4,0,3,0,0,0,0,"- ","- ",,,"CONTRA COSTA","PLEASANT HILL",-122.06423995,37.946909939999998
8176557,2016,2016-12-01,0709,2016-11-15,1343,439,3090,2,5,4,0709,0,0,0,,0,001,"CONTRA COSTA BL","E VIVIAN DR",65.00,N,N,B,-,N,,,,,,,,,,N,4,0,3,4,A,-,04,21703,,N,C,C,A,A,H,-,A,A,0,,,,,Y,,-,,0,0,3,0,0,0,0,0,0,"- ","- ",,,"CONTRA COSTA","PLEASANT HILL",-122.06009,37.951948549999997
81766060,2022,2022-05-06,0704,2022-04-25,1554,0500,5,1,5,6,0704,0,0,0,,0,005,"COWELL RD","KASKI LN",0.00,,Y,A,-,N,,,,,,,,,,N,4,0,1,2,A,-,09,21801,A,N,D,G,A,A,H,-,A,A,0,,Y,,,Y,,A,01,0,0,1,0,0,0,1,0,0,"- ","- ",37.9581298828125,-122.00408935546875,"CONTRA COSTA",CONCORD,-122.00408172607422,37.958095550537109
81766063,2022,2022-05-06,0704,2022-05-05,1851,0589,,4,5,6,0704,0,0,0,,0,004,"EAST ST","CONCORD BLVD",0.00,,Y,A,-,N,,,,,,,,,,Y,4,0,1,2,A,-,12,21453,A,N,D,C,A,A,H,-,A,A,0,,,,,Y,,A,01,0,0,1,0,0,0,0,0,0,"- ","- ",37.977310180664062,-122.02999877929688,"CONTRA COSTA",CONCORD,-122.02999877929688,37.977291107177734
8176623,2016,2017-03-01,0705,2016-11-14,0800,117,PATRO,1,5,3,0705,0,0,0,,0,010,"RT 123","SAN DIEGO ST",19.00,S,N,E,-,Y,CC,4,123,-,-,0.240,H,-,S,Y,4,0,1,2,A,-,04,21703,,N,C,C,A,A,H,-,A,D,0,,,,,Y,,A,01,0,0,1,0,0,0,0,0,0,"- ","- ",,,"CONTRA COSTA","EL CERRITO",-122.30296738,37.901415839999999
8176643,2016,2016-11-29,0709,2016-10-15,1934,440,3070,6,5,4,0709,0,0,0,,0,002,"PLEASANT HILL RD","TAYLOR BL",500.00,N,N,C,-,N,,,,,,,,,,Y,4,0,1,3,A,-,03,22350,,N,B,E,A,B,G,-,C,D,0,,,,,Y,,-,"- ",0,0,1,0,0,0,0,0,0,"- ","- ",,,"CONTRA COSTA","PLEASANT HILL",-122.08940225000001,37.954988059999998
8176647,2016,2016-11-29,0709,2016-10-21,1155,445,3130,5,5,4,0709,0,0,0,,0,002,"PLEASANT HILL RD","GREGORY LN",0.00,,Y,A,-,N,,,,,,,,,,Y,2,0,3,3,A,-,12,21453,A,N,B,C,A,A,H,-,A,A,0,,,,,Y,,-,,1,0,2,0,0,0,0,0,0,"- ","- ",,,"CONTRA COSTA","PLEASANT HILL",-122.08239994,37.947919910000003
8176651,2016,2016-11-29,0709,2016-10-05,1612,439,1360,3,5,4,0709,0,0,0,,0,001,"PLEASANT HILL RD","GEARY RD",0.00,,Y,A,-,N,,,,,,,,,,N,4,0,1,2,A,-,04,21703,,N,C,C,A,A,H,-,A,A,0,,,,,Y,,-,,0,0,1,0,0,0,0,0,0,"- ","- ",,,"CONTRA COSTA","PLEASANT HILL",-122.08633,37.926029960000001
81766784,2022,2022-05-09,0704,2022-04-26,1501,0533,,2,5,6,0704,0,0,0,,0,004,"CONCORD BLVD","SECOND ST",18.00,E,N,A,-,N,,,,,,,,,,N,4,0,1,2,A,-,08,22107,,N,D,C,A,A,H,-,A,A,0,,,,,Y,,A,07,0,0,1,0,0,0,0,0,0,"- ","- ",37.977390289306641,-122.02706909179688,"CONTRA COSTA",CONCORD,-122.02704620361328,37.977401733398438
81768203,2022,2022-05-10,0710,2022-04-16,1650,1745,CENTR,6,5,5,0710,0,0,0,,0,004,"23RD ST","BARRETT AV",0.00,,N,B,-,N,,,,,,,,,,N,4,0,1,2,A,-,08,22107,,N,C,C,A,B,H,-,A,-,0,,,,,Y,,A,01,0,0,1,0,0,0,0,0,0,"- ","- ",37.938411712646484,-122.34783172607422,"CONTRA COSTA",RICHMOND,-122.34752655029297,37.938438415527344
81768204,2022,2022-05-10,0710,2022-04-17,0704,1716,NORTH,7,5,5,0710,0,0,0,,0,008,"HILLTOP DR","SHANE DR",85.00,E,N,A,-,N,,,,,,,,,,N,4,0,1,2,A,-,03,22350,,N,C,C,A,A,H,-,A,A,0,,,,,Y,,A,01,0,0,1,0,0,0,0,0,0,"- ","- ",37.976470947265625,-122.32798004150391,"CONTRA COSTA",RICHMOND,-122.32802581787109,37.976436614990234
81768235,2022,2022-05-10,0701,2022-01-09,0255,6131,,7,5,5,0701,0,0,0,,0,006,"LONE TREE WAY","WORRELL RD",100.00,S,N,A,-,Y,,,,,,,,,,Y,4,0,1,2,A,-,08,22107,,M,A,E,A,A,H,-,C,A,0,,,,,Y,Y,A,07,0,0,1,0,0,0,0,0,0,"- ","- ",,,"CONTRA COSTA",ANTIOCH,-121.8077392578125,37.993404388427734
81768236,2022,2022-05-10,0701,2022-01-17,0117,3651,,1,5,5,0701,0,0,0,,0,007,"LONE TREE WAY","CANADA VALLEY RD",100.00,W,N,A,-,N,,,,,,,,,,N,2,0,1,2,A,-,17,21228,A,N,E,J,A,A,H,-,D,D,0,,,,,Y,,M,94,1,0,0,0,0,0,0,0,0,"- ","- ",,,"CONTRA COSTA",ANTIOCH,-121.74781036376953,37.961753845214844
81768238,2022,2022-05-10,0701,2022-01-29,1000,5846,,6,5,5,0701,0,0,0,,0,001,"A ST","STATE ROUTE 4 W/B ON RAMP",0.00,,Y,A,-,Y,,,,,,,,,,N,3,0,1,2,A,-,11,21954,A,N,G,B,E,A,H,-,A,A,0,Y,,,,Y,,-,"- ",0,1,0,0,1,0,0,0,0,"- ","- ",,,"CONTRA COSTA",ANTIOCH,-121.80601,37.998730999999999
81768239,2022,2022-05-10,0701,2022-02-07,1209,5853,,1,5,5,0701,0,0,0,,0,004,"PUTNAM ST","CONTRA LOMA BLVD",0.00,,Y,A,-,N,,,,,,,,,,Y,4,0,1,2,D,-,00,,,N,D,C,A,A,H,-,A,A,0,,,,,Y,,-,"- ",0,0,1,0,0,0,0,0,0,"- ","- ",,,"CONTRA COSTA",ANTIOCH,-121.82239532470703,37.992725372314453