CASE_ID,ACCIDENT_YEAR,PROC_DATE,JURIS,COLLISION_DATE,COLLISION_TIME,OFFICER_ID,REPORTING_DISTRICT,DAY_OF_WEEK,CHP_SHIFT,POPULATION,CNTY_CITY_LOC,SPECIAL_COND,BEAT_TYPE,CHP_BEAT_TYPE,CITY_DIVISION_LAPD,CHP_BEAT_CLASS,BEAT_NUMBER,PRIMARY_RD,SECONDARY_RD,DISTANCE,DIRECTION,INTERSECTION,WEATHER_1,WEATHER_2,STATE_HWY_IND,CALTRANS_COUNTY,CALTRANS_DISTRICT,STATE_ROUTE,ROUTE_SUFFIX,POSTMILE_PREFIX,POSTMILE,LOCATION_TYPE,RAMP_INTERSECTION,SIDE_OF_HWY,TOW_AWAY,COLLISION_SEVERITY,NUMBER_KILLED,NUMBER_INJURED,PARTY_COUNT,PRIMARY_COLL_FACTOR,PCF_CODE_OF_VIOL,PCF_VIOL_CATEGORY,PCF_VIOLATION,PCF_VIOL_SUBSECTION,HIT_AND_RUN,TYPE_OF_COLLISION,MVIW,PED_ACTION,ROAD_SURFACE,ROAD_COND_1,ROAD_COND_2,LIGHTING,CONTROL_DEVICE,CHP_ROAD_TYPE,PEDESTRIAN_ACCIDENT,BICYCLE_ACCIDENT,MOTORCYCLE_ACCIDENT,TRUCK_ACCIDENT,NOT_PRIVATE_PROPERTY,ALCOHOL_INVOLVED,STWD_VEHTYPE_AT_FAULT,CHP_VEHTYPE_AT_FAULT,COUNT_SEVERE_INJ,COUNT_VISIBLE_INJ,COUNT_COMPLAINT_PAIN,COUNT_PED_KILLED,COUNT_PED_INJURED,COUNT_BICYCLIST_KILLED,COUNT_BICYCLIST_INJURED,COUNT_MC_KILLED,COUNT_MC_INJURED,PRIMARY_RAMP,SECONDARY_RAMP,LATITUDE,LONGITUDE,COUNTY,CITY,POINT_X,POINT_Y
81879548,2022,2022-10-03,0708,2022-08-25,1636,392,8302,4,5,5,0708,0,0,0,,0,004,"EAST LELAND RD","RAILROAD AV",213.00,E,N,A,-,N,,,,,,,,,,Y,4,0,1,2,A,-,04,21703,,N,C,C,A,A,H,-,A,A,0,,,,,Y,,A,01,0,0,1,0,0,0,0,0,0,"- ","- ",,,"CONTRA COSTA",PITTSBURG,-121.89048004150391,38.012081146240234
81879551,2022,2022-10-03,0708,2022-09-14,1557,384,8301,3,5,5,0708,0,0,0,,0,004,"RAILROAD AVE","ALVARADO AVE",0.00,,Y,A,-,N,,,,,,,,,,N,4,0,1,2,A,-,05,21650,1,N,H,G,A,A,H,-,A,A,0,,Y,,,Y,,L,04,0,0,1,0,0,0,1,0,0,"- ","- ",38.005180358886719,-121.89202117919922,"CONTRA COSTA",PITTSBURG,-121.89199829101562,38.0098876953125
81879838,2022,2022-10-03,0708,2022-09-19,1925,388,,1,5,5,0708,0,0,0,,0,,"RAILROAD AVE","WEST LELAND RD",0.00,,Y,B,C,N,,,,,,,,,,N,4,0,2,3,A,-,09,21453,C,N,A,C,A,B,H,-,C,A,0,,,,,Y,,A,01,0,0,2,0,0,0,0,0,0,"- ","- ",,,"CONTRA COSTA",PITTSBURG,-121.89119720458984,38.012203216552734
81880047,2022,2022-10-03,0706,2022-08-22,1409,199,,1,5,3,0706,0,0,0,,0,,"PHEASANT DR","RAVEN CT",0.00,,Y,A,-,N,,,,,,,,,,Y,3,0,5,2,A,-,04,21703,,N,B,C,A,A,H,-,A,D,0,,,,,Y,Y,A,07,0,1,4,0,0,0,0,0,0,"- ","- ",37.999469757080078,-122.26792144775391,"CONTRA COSTA",HERCULES,-122.26798248291016,37.99981689453125
81880084,2022,2022-10-03,0704,2022-09-30,0917,624,,5,5,6,0704,0,0,0,,0,,"SUNVALLEY BLVD","DIAMOND BLVD",1700.00,W,N,A,-,N,,,,,,,,,,Y,4,0,1,2,A,-,12,21453,A,N,D,C,A,A,H,-,A,D,0,,,,,Y,,A,01,0,0,1,0,0,0,0,0,0,"- ","- ",,,"CONTRA COSTA",CONCORD,,
81880085,2022,2022-10-03,0704,2022-09-30,1311,0609,4,5,5,6,0704,0,0,0,,0,004,"PORT CHICAGO HWY","ARNOLD INDUSTRIAL WAY",499.00,S,N,A,-,N,,,,,,,,,,Y,4,0,1,3,A,-,12,21453,A,N,D,C,A,A,H,-,A,A,0,,,,,Y,,A,01,0,0,1,0,0,0,0,0,0,"- ","- ",38.011238098144531,-122.02253723144531,"CONTRA COSTA",CONCORD,-122.02283477783203,38.010486602783203
81881082,2022,2022-10-04,0710,2022-09-12,0830,1662,NORTH,1,5,5,0710,0,0,0,,0,007,"ESMOND AV","28TH ST",0.00,,Y,B,-,N,,,,,,,,,,N,4,0,1,2,A,-,09,21801,A,N,D,C,A,A,H,-,A,A,0,,,,,Y,,A,07,0,0,1,0,0,0,0,0,0,"- ","- ",37.945278167724609,-122.34107971191406,"CONTRA COSTA",RICHMOND,-122.34092712402344,37.945144653320312
81881084,2022,2022-10-04,0710,2022-09-21,1400,1662,NORTH,3,5,5,0710,0,0,0,,0,008,"HILLTOP DR","ROBERT H MILLER DR",15.00,E,N,A,-,N,,,,,,,,,,Y,4,0,3,2,A,-,03,22350,,N,C,C,A,A,H,-,A,A,0,,,,,Y,,A,07,0,0,3,0,0,0,0,0,0,"- ","- ",37.977619171142578,-122.33126068115234,"CONTRA COSTA",RICHMOND,-122.33314514160156,37.978347778320312
81881121,2022,2022-10-04,0701,2022-07-15,1450,6014,,5,5,5,0701,0,0,0,,0,007,"LONE TREE WAY","JEFFERY WAY",100.00,W,N,A,-,N,,,,,,,,,,N,4,0,1,2,A,-,03,22350,,N,C,C,A,A,H,-,A,A,0,,,,,Y,,A,01,0,0,1,0,0,0,0,0,0,"- ","- ",,,"CONTRA COSTA",ANTIOCH,-121.74199676513672,37.961563110351562
81881124,2022,2022-10-04,0701,2022-07-24,1948,5961,,7,5,5,0701,0,0,0,,0,001,"A ST","13TH ST",126.00,N,N,A,-,Y,,,,,,,,,,Y,3,0,1,2,A,-,05,21460,A,N,A,C,A,A,H,-,A,D,0,,,,,Y,,A,01,0,1,0,0,0,0,0,0,0,"- ","- ",,,"CONTRA COSTA",ANTIOCH,-121.80603790283203,38.009227752685547
81881126,2022,2022-10-04,0701,2022-08-20,2000,6119,0701,6,5,5,0701,0,0,0,,0,006,"LONE TREE WAY","TREGALLAS RD (W)",0.00,,Y,A,-,N,,,,,,,,,,N,4,0,1,2,A,-,03,22350,,N,C,C,A,A,H,-,A,A,0,,,Y,,Y,,A,01,0,0,1,0,0,0,0,0,1,"- ","- ",,,"CONTRA COSTA",ANTIOCH,-121.80724334716797,37.995586395263672
81881128,2022,2022-10-04,0701,2022-09-21,1533,5537,,3,5,5,0701,0,0,0,,0,006,"HILLCREST AVE","COUNTRY HILLS DR",240.00,N,N,B,-,N,,,,,,,,,,N,3,0,1,2,A,-,08,22107,,N,D,C,A,A,H,-,A,A,0,,,,,Y,,M,94,0,1,0,0,0,0,0,0,0,"- ","- ",,,"CONTRA COSTA",ANTIOCH,-121.76010894775391,37.967147827148438
81881131,2022,2022-10-04,0701,2022-10-02,1228,3639,,7,5,5,0701,0,0,0,,0,,"FILBERT ST","PHILLIPS LN",65.00,W,N,A,-,N,,,,,,,,,,N,4,0,1,3,A,-,03,22350,,N,B,E,A,A,H,-,A,D,0,,,Y,,Y,,C,02,0,0,1,0,0,0,0,0,1,"- ","- ",37.999900817871094,-121.76203155517578,"CONTRA COSTA",ANTIOCH,-121.76019287109375,37.999916076660156
8188246,2016,2017-02-22,0705,2016-11-19,1352,E182,PATRO,6,5,3,0705,0,0,0,,0,010,"RT 123","FAIRMOUNT AV",204.00,S,N,C,-,Y,CC,4,123,-,-,0.140,H,-,S,Y,3,0,2,2,A,-,04,21703,,N,C,C,A,B,H,-,A,D,0,,,,,Y,,A,,0,1,1,0,0,0,0,0,0,"- ","- ",,,"CONTRA COSTA","EL CERRITO",-122.30235681000001,37.900116769999997
8188250,2016,2016-12-13,0705,2016-11-18,0740,E134,TRAFF,5,5,3,0705,0,0,0,,0,011,"RICHMOND ST","GLADYS AV",8.00,S,N,A,-,N,,,,,,,,,,N,4,0,1,2,A,-,10,21950,A,N,G,B,B,A,H,-,A,A,0,Y,,,,Y,,A,01,0,0,1,0,1,0,0,0,0,"- ","- ",,,"CONTRA COSTA","EL CERRITO",-122.30981651,37.920640800000001
81882527,2022,2022-10-05,0704,2022-09-26,1601,0537,,1,5,6,0704,0,0,0,,0,003,"DAVID AVE","MOHR LN",0.00,,Y,A,-,N,,,,,,,,,,Y,4,0,1,2,A,-,05,21460,A,N,D,C,A,A,H,-,A,D,0,,,,,Y,,A,01,0,0,1,0,0,0,0,0,0,"- ","- ",37.936260223388672,-122.04296112060547,"CONTRA COSTA",CONCORD,-122.04287719726562,37.936225891113281
81882528,2022,2022-10-05,0704,2022-09-28,0805,0539,,3,5,6,0704,0,0,0,,0,,"MOUNT DIABLO ST","SALVIO ST",30.00,N,N,A,-,N,,,,,,,,,,N,4,0,1,2,A,-,10,21950,A,F,G,B,B,A,H,-,A,A,0,Y,,,,Y,,A,01,0,0,1,0,1,0,0,0,0,"- ","- ",37.977138519287109,-122.03447723388672,"CONTRA COSTA",CONCORD,-122.03474426269531,37.977500915527344
81882574,2022,2022-10-05,0708,2022-09-08,2136,368,8205,4,5,5,0708,0,0,0,,0,002,"CENTRAL AVE","BIRCH ST",87.00,E,N,A,-,N,,,,,,,,,,Y,4,0,1,6,A,-,07,21658,A,N,B,E,A,A,H,-,C,D,0,,,,,Y,,A,01,0,0,1,0,0,0,0,0,0,"- ","- ",,,"CONTRA COSTA",PITTSBURG,-121.87541961669922,38.022388458251953
8188293,2016,2017-01-12,0708,2016-11-26,0130,340,,6,5,5,0708,0,0,0,,0,004,"MOUNT WHITNEY DR","MT WHITNEY DR  2222",23.00,E,N,B,-,N,,,,,,,,,,N,3,0,1,1,A,-,01,23152,A,N,E,I,A,A,H,-,D,D,0,,,,,Y,Y,A,01,0,1,0,0,0,0,0,0,0,"- ","- ",,,"CONTRA COSTA",PITTSBURG,-121.9305861,38.013181789999997
8188297,2016,2016-12-13,0708,2016-11-12,1957,340,,6,5,5,0708,0,0,0,,0,002,"HARBOR ST","CALIFORNIA AV",0.00,,Y,A,-,N,,,,,,,,,,N,4,0,2,2,D,-,00,,,N,B,C,A,A,H,-,C,A,0,,,,,Y,,-,"- ",0,0,2,0,0,0,0,0,0,"- ","- ",,,"CONTRA COSTA",PITTSBURG,-121.88263992,38.015909899999997
8188301,2016,2016-12-13,0708,2016-11-08,0748,229,046,2,5,5,0708,0,0,0,,0,004,"BUCHANAN RD","MEADOWS AV",2012.00,E,N,A,-,N,,,,,,,,,,Y,2,0,2,2,A,-,05,21651,A,N,A,C,A,A,H,-,A,A,0,,,,,Y,,A,01,1,0,1,0,0,0,0,0,0,"- ","- ",,,"CONTRA COSTA",PITTSBURG,-121.85681644,37.998030010000001
81883528,2022,2022-10-06,0701,2022-08-28,1643,6169,,7,5,5,0701,0,0,0,,0,004,"AUTO CENTER DR","STATE ROUTE 4",0.00,,Y,A,-,Y,,,,,,,,,,Y,4,0,1,2,A,-,11,21453,D,N,D,C,A,A,H,-,A,A,0,,,,,Y,,A,01,0,0,1,0,0,0,0,0,0,"- ","- ",,,"CONTRA COSTA",ANTIOCH,-121.8372802734375,38.003948211669922
81883635,2022,2022-10-06,0704,2022-10-05,1708,0377,,3,5,6,0704,0,0,0,,0,,"WILLOW PASS RD","I 680 N TO WILLOW PASS RD RAMP",0.00,,Y,A,-,N,,,,,,,,,,Y,4,0,1,2,A,-,12,21453,A,N,D,C,A,A,H,-,A,A,0,,,,,Y,,A,01,0,0,1,0,0,0,0,0,0,"- ","- ",37.966320037841797,-122.05570220947266,"CONTRA COSTA",CONCORD,-122.05712127685547,37.9654541015625
8188404,2016,2016-12-29,0708,2016-10-07,0709,336,0708,5,5,5,0708,0,0,0,,0,003,"WEST LELAND RD","DELTA VISTA LN",50.00,W,N,A,-,N,,,,,,,,,,N,4,0,1,3,A,-,04,21703,,N,C,C,A,A,H,-,A,A,0,,,,,Y,,J,48,0,0,1,0,0,0,0,0,0,"- ","- ",,,"CONTRA COSTA",PITTSBURG,-121.93885357000001,38.015387250000003
8188448,2016,2016-12-14,0708,2016-10-21,1830,340,,5,5,5,0708,0,0,0,,0,004,"BUCHANAN RD","QUERCAS LN",168.00,E,N,A,-,N,,,,,,,,,,N,4,0,1,3,A,-,04,21703,,N,C,C,A,A,H,-,C,D,0,,,,,Y,,A,01,0,0,1,0,0,0,0,0,0,"- ","- ",,,"CONTRA COSTA",PITTSBURG,-121.89077727,37.998062490000002
81884552,2022,2022-10-07,0710,2022-09-24,1323,1716,NORTH,6,5,5,0710,0,0,0,,0,007,"SAN PABLO AV","NEVIN AV",0.00,,Y,A,-,N,,,,,,,,,,N,4,0,2,2,A,-,09,21804,A,N,D,C,A,A,H,-,A,A,0,,,,,Y,,A,01,0,0,2,0,0,0,0,0,0,"- ","- ",37.933479309082031,-122.32399749755859,"CONTRA COSTA",RICHMOND,-122.32422637939453,37.933597564697266
81885733,2022,2022-10-10,0710,2022-08-27,1530,1741,NORTH,6,5,5,0710,0,0,0,,0,007,"29TH ST","MORAN AV",0.00,,Y,A,-,N,,,,,,,,,,N,2,0,1,2,A,-,12,22450,A,F,D,C,A,A,H,-,A,D,0,,,,,Y,Y,A,01,1,0,0,0,0,0,0,0,0,"- ","- ",37.952129364013672,-122.33879089355469,"CONTRA COSTA",RICHMOND,-122.33880615234375,37.952011108398438
81885970,2022,2022-10-10,0704,2022-10-02,2132,0580,,7,5,6,0704,0,0,0,,0,,"FARM BUREAU RD","BONARI CT",130.00,N,N,A,-,N,,,,,,,,,,N,2,0,2,2,A,-,01,23152,A,N,A,C,A,A,H,-,C,A,0,,,,,Y,Y,D,22,1,0,1,0,0,0,0,0,0,"- ","- ",37.975799560546875,-122.00888061523438,"CONTRA COSTA",CONCORD,-122.00897979736328,37.976119995117188
81886831,2022,2022-10-11,0710,2022-09-14,0559,1739,,3,5,5,0710,0,0,0,,0,,"23RD ST","RHEEM AV",0.00,,Y,A,-,N,,,,,,,,,,Y,4,0,1,2,A,-,09,21801,A,N,A,C,A,A,H,-,A,A,0,,,,,Y,,A,01,0,0,1,0,0,0,0,0,0,"- ","- ",37.949741363525391,-122.34745788574219,"CONTRA COSTA",RICHMOND,-122.34745025634766,37.949760437011719
81886832,2022,2022-10-11,0710,2022-09-22,0136,1739,,4,5,5,0710,0,0,0,,0,,"24TH ST","MCBRYDE AV",0.00,,Y,A,-,N,,,,,,,,,,N,4,0,1,2,A,-,12,22450,A,F,D,G,A,A,H,-,C,A,0,,Y,,,Y,Y,A,01,0,0,1,0,0,0,1,0,0,"- ","- ",37.946971893310547,-122.34544372558594,"CONTRA COSTA",RICHMOND,-122.34532165527344,37.947032928466797
81886833,2022,2022-10-11,0710,2022-09-24,1930,1282,SOUTH,6,5,5,0710,0,0,0,,0,002,"S. 23RD ST","OHIO AVE",141.00,S,N,B,-,Y,,,,,,,,,,Y,4,0,1,2,A,-,01,23153,,N,A,C,A,A,H,-,C,D,0,,,,,Y,Y,A,01,0,0,1,0,0,0,0,0,0,"- ","- ",,,"CONTRA COSTA",RICHMOND,-122.34765625,37.930351257324219
81886875,2022,2022-10-11,0706,2022-09-07,1410,228,BAY,3,5,3,0706,0,0,0,,0,002,"PEPPERWOOD ST","CATALPA CT",68.00,N,N,A,-,Y,,,,,,,,,,Y,4,0,1,2,A,-,03,22350,,F,A,C,A,A,H,-,A,D,0,,,,,Y,,A,01,0,0,1,0,0,0,0,0,0,"- ","- ",38.004970550537109,-122.25470733642578,"CONTRA COSTA",HERCULES,-122.25472259521484,38.005256652832031
81886881,2022,2022-10-11,0701,2022-08-11,1555,5937,,4,5,5,0701,0,0,0,,0,007,"LONE TREE WAY","SHADY WILLOW LN",25.00,W,N,A,-,N,,,,,,,,,,N,4,0,1,2,A,-,07,21658,A,F,D,G,A,A,H,-,A,A,0,,Y,,,Y,,-,99,0,0,1,0,0,0,1,0,0,"- ","- ",,,"CONTRA COSTA",ANTIOCH,-121.73712921142578,37.961551666259766
81886883,2022,2022-10-11,0701,2022-09-01,1523,5707,,4,5,5,0701,0,0,0,,0,001,"9TH ST","K ST",0.00,,Y,A,-,N,,,,,,,,,,N,4,0,1,2,A,-,09,21802,A,N,D,C,A,A,H,-,A,A,0,,,,,Y,,A,01,0,0,1,0,0,0,0,0,0,"- ","- ",,,"CONTRA COSTA",ANTIOCH,-121.81841278076172,38.011894226074219
81886886,2022,2022-10-11,0701,2022-10-01,0300,6139,,6,5,5,0701,0,0,0,,0,,"HILLCREST AVE","WILD HORSE RD",150.00,S,N,A,-,N,,,,,,,,,,Y,2,0,1,1,A,-,03,22350,,N,E,I,A,A,H,-,C,A,0,,,,,Y,,A,01,1,0,0,0,0,0,0,0,0,"- ","- ",,,"CONTRA COSTA",ANTIOCH,-121.76617431640625,37.981662750244141
81887916,2022,2022-10-12,0710,2022-08-20,2027,1752,,6,5,5,0710,0,0,0,,0,,"RICHMOND PKWY","LAKESIDE DR",1800.00,E,N,A,-,N,,,,,,,,,,Y,3,0,1,1,C,-,18,,,N,E,J,A,A,H,-,D,D,0,,,,,Y,,-,"- ",0,1,0,0,0,0,0,0,0,"- ","- ",37.989921569824219,-122.32865905761719,"CONTRA COSTA",RICHMOND,-122.32290649414062,37.989589691162109
81888033,2022,2022-10-12,0704,2022-09-16,1311,0609,2,5,5,6,0704,0,0,0,,0,002,"CLAYTON RD","PINE ST",173.00,E,N,A,-,N,,,,,,,,,,N,4,0,2,2,A,-,04,21703,,N,C,C,A,A,D,-,A,A,0,,,,,Y,,A,01,0,0,2,0,0,0,0,0,0,"- ","- ",37.969818115234375,-122.044921875,"CONTRA COSTA",CONCORD,-122.04450988769531,37.970169067382812
81888034,2022,2022-10-12,0704,2022-09-17,0112,0607,,6,5,6,0704,0,0,0,,0,006,"ROLLING WOODS WAY","OAKPOINT CT",218.00,S,N,A,-,N,,,,,,,,,,Y,3,0,1,2,A,-,01,23152,F,F,D,E,A,A,H,-,C,A,0,,,,,Y,,A,01,0,1,0,0,0,0,0,0,0,"- ","- ",37.933681488037109,-121.97003936767578,"CONTRA COSTA",CONCORD,-121.9696044921875,37.934299468994141
81888069,2022,2022-10-12,0708,2022-09-19,1619,384,8115,1,5,5,0708,0,0,0,,0,001,"N. PARKSIDE DRIVE","ANDREW AVE",0.00,,Y,C,-,N,,,,,,,,,,Y,4,0,1,2,A,-,08,22103,,N,D,C,A,B,H,-,A,D,0,,,,,Y,,D,22,0,0,1,0,0,0,0,0,0,"- ","- ",38.020191192626953,-121.89734649658203,"CONTRA COSTA",PITTSBURG,-121.89746856689453,38.025108337402344
81889089,2022,2022-10-13,0704,2022-10-10,1700,0599,,1,5,6,0704,0,0,0,,0,002,"WILLOW PASS RD","I 680  S",246.00,W,N,A,-,N,,,,,,,,,,N,4,0,1,2,A,-,12,21453,A,N,D,C,A,A,H,-,A,A,0,,,,,Y,,A,07,0,0,1,0,0,0,0,0,0,"- ","- ",37.966030120849609,-122.05615234375,"CONTRA COSTA",CONCORD,-122.05619812011719,37.965999603271484
81890149,2022,2022-10-14,0704,2022-10-03,0842,0391,,1,5,6,0704,0,0,0,,0,002,"MEADOW LN","SUNSHINE DR",0.00,,Y,A,-,N,,,,,,,,,,N,4,0,1,2,A,-,21,22106,,N,C,C,A,A,H,-,A,A,0,,,,,Y,,A,01,0,0,1,0,0,0,0,0,0,"- ","- ",37.961029052734375,-122.04302215576172,"CONTRA COSTA",CONCORD,-122.04315948486328,37.961109161376953
81890937,2022,2022-10-17,0704,2022-09-25,1923,0604,,7,5,6,0704,0,0,0,,0,004,"BONIFACIO ST","PORT CHICAGO HWY",12.00,S,N,A,-,N,,,,,,,,,,Y,4,0,2,2,A,-,12,21453,A,N,D,C,A,A,H,-,C,A,0,,,,,Y,,A,07,0,0,2,0,0,0,0,0,0,"- ","- ",37.98162841796875,-122.03090667724609,"CONTRA COSTA",CONCORD,-122.0311279296875,37.981582641601562
81891094,2022,2022-10-17,0710,2022-08-26,1048,1324,NORTH,5,5,5,0710,0,0,0,,0,008,"HILLTOP DR","RT 80 WB ONRAMP (1)",8.00,E,N,A,-,N,,,,,,,,,,Y,4,0,1,2,A,-,03,22350,,N,C,D,A,A,H,-,A,A,0,,,,,Y,,A,01,0,0,1,0,0,0,0,0,0,"- ","- ",37.976081848144531,-122.31826782226562,"CONTRA COSTA",RICHMOND,-122.31847381591797,37.976150512695312
81891095,2022,2022-10-17,0710,2022-09-09,0847,1324,NORTH,5,5,5,0710,0,0,0,,0,008,"ROCK ROSE WY","MONARCH WY",10.00,W,Y,A,-,N,,,,,,,,,,N,3,0,1,2,A,-,10,21950,A,N,G,B,B,A,H,-,A,D,0,Y,,,,Y,,A,01,0,1,0,0,1,0,0,0,0,"- ","- ",37.992641448974609,-122.33785247802734,"CONTRA COSTA",RICHMOND,-122.33794403076172,37.992580413818359
81891096,2022,2022-10-17,0710,2022-09-23,0850,1324,SOUTH,5,5,5,0710,0,0,0,,0,003,"CUTTING BLVD","I 80 OFFRAMP WEST",12.00,E,Y,A,-,N,,,,,,,,,,N,4,0,1,2,A,-,10,21950,A,N,G,B,B,B,H,-,A,A,0,Y,,,,Y,,-,35,0,0,1,0,1,0,0,0,0,"- ","- ",,,"CONTRA COSTA",RICHMOND,,
81891097,2022,2022-10-17,0710,2022-09-27,1124,1692,NORTH,2,5,5,0710,0,0,0,,0,008,"HILLTOP DR","ROBERT H MILLER DR",0.00,,Y,A,-,N,,,,,,,,,,Y,4,0,1,2,A,-,09,21801,A,N,A,C,A,A,H,-,A,A,0,,,,,Y,,A,07,0,0,1,0,0,0,0,0,0,"- ","- ",37.977619171142578,-122.33126068115234,"CONTRA COSTA",RICHMOND,-122.33318328857422,37.978378295898438
81891098,2022,2022-10-17,0710,2022-09-30,0326,1739,NORTH,5,5,5,0710,0,0,0,,0,007,"RHEEM AV","34TH ST",0.00,,Y,A,-,N,,,,,,,,,,Y,4,0,1,2,A,-,12,22450,A,N,D,C,A,A,H,-,C,A,0,,,,,Y,,A,01,0,0,1,0,0,0,0,0,0,"- ","- ",37.949901580810547,-122.33458709716797,"CONTRA COSTA",RICHMOND,-122.33456420898438,37.949867248535156
81891293,2022,2022-10-17,0704,2022-09-19,1658,544,5,1,5,6,0704,0,0,0,,0,005,"COWELL RD","COVENTRY RD",10.00,W,N,C,-,N,,,,,,,,,,N,4,0,1,2,A,-,03,22350,,N,C,C,A,B,H,-,A,A,0,,,,,Y,,A,01,0,0,1,0,0,0,0,0,0,"- ","- ",37.966091156005859,-122.02333831787109,"CONTRA COSTA",CONCORD,-122.02336120605469,37.966091156005859
81891294,2022,2022-10-17,0704,2022-10-12,1620,0609,4,3,5,6,0704,0,0,0,,0,004,"BATES AVE","PORT CHICAGO HWY",160.00,W,N,A,-,N,,,,,,,,,,N,4,0,1,2,A,-,04,21703,,F,C,C,A,A,H,-,A,A,0,,,,,Y,,A,01,0,0,1,0,0,0,0,0,0,"- ","- ",38.015110015869141,-122.02506256103516,"CONTRA COSTA",CONCORD,-122.02555084228516,38.015048980712891
81891295,2022,2022-10-17,0704,2022-10-15,0935,0628,,6,5,6,0704,0,0,0,,0,005,"COWELL RD","COURT LN",22.00,N,N,B,-,N,,,,,,,,,,N,2,0,1,2,A,-,08,22107,,N,D,C,A,A,H,-,A,D,0,,,Y,,Y,,A,01,1,0,0,0,0,0,0,0,1,"- ","- ",37.962318420410156,-122.01004791259766,"CONTRA COSTA",CONCORD,-122.01015472412109,37.962360382080078
8189170,2016,2017-01-10,0707,2016-11-20,0217,375,,7,5,3,0707,0,0,0,,0,001,"SAN PABLO AV","OAK RIDGE LN",282.00,E,N,A,-,N,,,,,,,,,,Y,4,0,1,1,A,-,01,23152,,N,E,I,A,A,H,-,C,A,0,,,,,Y,Y,A,01,0,0,1,0,0,0,0,0,0,"- ","- ",,,"CONTRA COSTA",PINOLE,-122.29196869,38.004780240000002
81893699,2022,2022-10-19,0704,2022-10-11,1156,0539,,2,5,6,0704,0,0,0,,0,001,"CONCORD AVE","MARKET ST (N)",0.00,,Y,A,-,Y,,,,,,,,,,Y,4,0,1,3,A,-,12,21453,A,N,D,C,A,A,H,-,A,A,0,,,,,Y,,A,01,0,0,1,0,0,0,0,0,0,"- ","- ",37.978561401367188,-122.04155731201172,"CONTRA COSTA",CONCORD,-122.04190063476562,37.978660583496094
8189374,2016,2016-12-15,0708,2016-08-04,2214,327,,4,5,5,0708,0,0,0,,0,001,"RAILROAD AV","5TH ST",55.00,S,N,A,-,N,,,,,,,,,,Y,4,0,1,1,A,-,01,23152,A,N,E,I,A,A,H,-,C,A,0,,,,,Y,Y,A,07,0,0,1,0,0,0,0,0,0,"- ","- ",38.032119999999999,-121.88384000000001,"CONTRA COSTA",PITTSBURG,-121.88369812000001,38.031960589999997
8189399,2016,2016-12-15,0712,2016-12-05,1557,P518,,1,5,5,0712,0,0,0,,0,001,"N BROADWAY","ARROYO WY",0.00,,Y,A,-,N,,,,,,,,,,Y,3,0,2,2,A,-,09,21802,A,N,D,C,A,A,H,-,A,A,0,,,,,Y,,A,01,0,1,1,0,0,0,0,0,0,"- ","- ",,,"CONTRA COSTA","WALNUT CREEK",-122.06125996,37.905069959999999
8189419,2016,2016-12-15,0740,2016-12-02,1829,SR501,SR72,5,5,4,0791,0,0,0,,0,005,"BOLLINGER CANYON RD","S GALE RIDGE RD",343.00,W,N,A,-,N,,,,,,,,,,Y,4,0,3,3,A,-,01,23152,A,N,C,C,A,A,H,-,C,A,0,,,,,Y,Y,A,01,0,0,3,0,0,0,0,0,0,"- ","- ",37.772269999999999,-121.93155,"CONTRA COSTA","SAN RAMON",-121.93266336000001,37.772004699999997
8189431,2016,2016-12-15,0712,2016-12-07,1415,378,,3,5,5,0712,0,0,0,,0,003,"QUIET PLACE DR","CHEYENNE DR",0.00,,Y,B,-,N,,,,,,,,,,Y,4,0,1,2,A,-,09,21802,A,N,D,C,A,A,H,-,A,A,0,,,,,Y,,A,07,0,0,1,0,0,0,0,0,0,"- ","- ",,,"CONTRA COSTA","WALNUT CREEK",-122.01794996,37.911949999999997
8189439,2016,2016-12-15,0712,2016-12-05,1156,378,,1,5,5,0712,0,0,0,,0,001,"DUNCAN ST","N BROADWAY",0.00,,Y,B,-,N,,,,,,,,,,N,4,0,1,2,A,-,21,22106,,F,G,B,B,A,H,-,A,D,0,Y,,,,Y,,A,07,0,0,1,0,1,0,0,0,0,"- ","- ",,,"CONTRA COSTA","WALNUT CREEK",-122.05923992,37.898499979999997
81894480,2022,2022-10-19,0711,2022-10-13,2049,S1097,23,4,5,4,0711,0,0,0,,0,0S2,"CHURCH LN","VILLA DR",0.00,,Y,A,-,N,,,,,,,,,,Y,4,0,1,2,A,-,01,23152,A,N,B,C,A,A,H,-,C,D,0,,,,,Y,Y,-,"- ",0,0,1,0,0,0,0,0,0,"- ","- ",37.957611083984375,-122.34182739257812,"CONTRA COSTA","SAN PABLO",-122.34243011474609,37.956409454345703
81894528,2022,2022-10-19,0711,2022-09-24,1607,S1093,23,6,5,4,0711,0,0,0,,0,0S2,"CHURCH LN","DOVER AVE",0.00,,Y,A,-,N,,,,,,,,,,N,2,0,1,2,A,-,08,22107,,N,B,C,A,A,H,-,A,D,0,,,Y,,Y,,A,01,1,0,0,0,0,0,0,0,1,"- ","- ",37.957241058349609,-122.34162902832031,"CONTRA COSTA","SAN PABLO",-122.3416748046875,37.957248687744141
81894537,2022,2022-10-19,0711,2022-10-06,2015,S1085,22,4,5,4,0711,0,0,0,,0,0S3,"13880 SAN PABLO AVE","SAN PABLO AVE",0.00,,Y,A,-,N,,,,,,,,,,Y,3,0,1,1,A,-,01,23152,A,N,E,I,A,A,H,-,C,D,0,,,,,Y,Y,A,01,0,1,0,0,0,0,0,0,0,"- ","- ",37.959770202636719,-122.34145355224609,"CONTRA COSTA","SAN PABLO",-122.34158100000001,37.959724999999999