CASE_ID,ACCIDENT_YEAR,PROC_DATE,JURIS,COLLISION_DATE,COLLISION_TIME,OFFICER_ID,REPORTING_DISTRICT,DAY_OF_WEEK,CHP_SHIFT,POPULATION,CNTY_CITY_LOC,SPECIAL_COND,BEAT_TYPE,CHP_BEAT_TYPE,CITY_DIVISION_LAPD,CHP_BEAT_CLASS,BEAT_NUMBER,PRIMARY_RD,SECONDARY_RD,DISTANCE,DIRECTION,INTERSECTION,WEATHER_1,WEATHER_2,STATE_HWY_IND,CALTRANS_COUNTY,CALTRANS_DISTRICT,STATE_ROUTE,ROUTE_SUFFIX,POSTMILE_PREFIX,POSTMILE,LOCATION_TYPE,RAMP_INTERSECTION,SIDE_OF_HWY,TOW_AWAY,COLLISION_SEVERITY,NUMBER_KILLED,NUMBER_INJURED,PARTY_COUNT,PRIMARY_COLL_FACTOR,PCF_CODE_OF_VIOL,PCF_VIOL_CATEGORY,PCF_VIOLATION,PCF_VIOL_SUBSECTION,HIT_AND_RUN,TYPE_OF_COLLISION,MVIW,PED_ACTION,ROAD_SURFACE,ROAD_COND_1,ROAD_COND_2,LIGHTING,CONTROL_DEVICE,CHP_ROAD_TYPE,PEDESTRIAN_ACCIDENT,BICYCLE_ACCIDENT,MOTORCYCLE_ACCIDENT,TRUCK_ACCIDENT,NOT_PRIVATE_PROPERTY,ALCOHOL_INVOLVED,STWD_VEHTYPE_AT_FAULT,CHP_VEHTYPE_AT_FAULT,COUNT_SEVERE_INJ,COUNT_VISIBLE_INJ,COUNT_COMPLAINT_PAIN,COUNT_PED_KILLED,COUNT_PED_INJURED,COUNT_BICYCLIST_KILLED,COUNT_BICYCLIST_INJURED,COUNT_MC_KILLED,COUNT_MC_INJURED,PRIMARY_RAMP,SECONDARY_RAMP,LATITUDE,LONGITUDE,COUNTY,CITY,POINT_X,POINT_Y
82028460,2023,2023-03-27,0708,2023-03-11,1218,386,8301,6,5,5,0708,0,0,0,,0,004,"LELAND RD","BETTY LN",53.00,E,N,C,-,N,,,,,,,,,,Y,4,0,1,4,A,-,03,22350,,N,C,C,A,B,H,-,A,D,0,,,,,Y,,A,01,0,0,1,0,0,0,0,0,0,"- ","- ",38.008331298828125,-121.89539337158203,"CONTRA COSTA",PITTSBURG,-121.89528656005859,38.013187408447266
82028899,2023,2023-03-27,0710,2023-03-14,1522,1496,SOUTH,2,5,5,0710,0,0,0,,0,003,"CENTRAL AV","RT 80",0.00,,Y,A,B,N,,,,,,,,,,Y,4,0,1,2,A,-,01,23152,B,N,D,C,A,A,H,-,A,A,0,,,,,Y,Y,A,01,0,0,1,0,0,0,0,0,0,"- ","- ",,,"CONTRA COSTA",RICHMOND,-122.31090545654297,37.900909423828125
82028958,2023,2023-03-28,0704,2023-03-25,1505,0539,,6,5,6,0704,0,0,0,,0,004,"GALINDO ST","CLAYTON RD",0.00,,Y,A,-,N,,,,,,,,,,Y,3,0,2,2,A,-,12,21453,A,N,D,C,A,A,H,-,A,A,0,,,,,Y,,A,07,0,1,1,0,0,0,0,0,0,"- ","- ",37.974178314208984,-122.03397369384766,"CONTRA COSTA",CONCORD,-122.03378295898438,37.974258422851562
82030501,2023,2023-03-28,0711,2023-03-15,1005,S1180,23,3,5,4,0711,0,0,0,,0,0S2,"10' EAST OF SAN PABLO AVE ECP","8' SOUTH OF MONTOYA AVE NCL",0.00,,Y,A,-,N,,,,,,,,,,N,3,0,1,2,A,-,12,22450,A,N,D,G,A,A,H,-,A,A,0,,Y,,,Y,,A,01,0,1,0,0,0,0,1,0,0,"- ","- ",37.950279235839844,-122.33228302001953,"CONTRA COSTA","SAN PABLO",-122.18746948242188,39.740104675292969
82030510,2023,2023-03-28,0711,2023-03-22,1457,S1118,21,3,5,4,0711,0,0,0,,0,0S1,"SAN PABLO AVE","RIVERS AVE",100.00,N,-,A,-,N,,,,,,,,,,Y,3,0,1,1,A,-,08,22107,,N,E,J,A,A,H,-,A,D,0,,,,,Y,,A,01,0,1,0,0,0,0,0,0,0,"- ","- ",37.972751617431641,-122.34233093261719,"CONTRA COSTA","SAN PABLO",-122.34311676025391,37.972332000732422
82030628,2023,2023-04-10,0711,2023-03-18,"13  ",S1171,21,6,5,4,0711,0,0,0,,0,0S1,"22ND STREET","LOVEGROVE AVENUE",0.00,,-,A,-,N,,,,,,,,,,Y,3,0,1,1,A,-,01,23152,,M,C,E,A,A,H,-,C,D,0,,,,,Y,,A,01,0,1,0,0,0,0,0,0,0,"- ","- ",37.964519500732422,-122.34648132324219,"CONTRA COSTA","SAN PABLO",-122.34616088867188,37.964599609375
8203104,2016,2017-01-09,0701,2016-12-09,1605,5691,504,5,5,5,0701,0,0,0,,0,005,"BLUEROCK DR","GALLILEO DR",135.00,W,N,B,-,N,,,,,,,,,,N,4,0,1,2,A,-,08,22107,,N,C,C,A,A,H,-,A,D,0,,,,,Y,,A,01,0,0,1,0,0,0,0,0,0,"- ","- ",,,"CONTRA COSTA",ANTIOCH,-121.80141216,37.977644009999999
82031137,2023,2023-03-30,0710,2023-02-11,2203,1770,CENTR,6,5,5,0710,0,0,0,,0,006,"16TH ST","BISSELL AV",50.00,S,N,A,-,N,,,,,,,,,,Y,4,0,1,3,A,-,03,22350,,N,C,E,A,A,H,-,C,A,0,,,,,Y,,A,01,0,0,1,0,0,0,0,0,0,"- ","- ",37.933990478515625,-122.35418701171875,"CONTRA COSTA",RICHMOND,-122.354248046875,37.933921813964844
82031274,2023,2023-03-29,0704,2023-03-24,1942,0615,3,5,5,6,0704,0,0,0,,0,003,"OAK GROVE RD","CARTHAGE DR",0.00,,Y,A,-,N,,,,,,,,,,N,4,0,1,2,A,-,08,22107,,N,D,C,A,A,H,-,C,D,0,,,,,Y,,-,"- ",0,0,1,0,0,0,0,0,0,"- ","- ",37.942268371582031,-122.02835845947266,"CONTRA COSTA",CONCORD,-122.02835083007812,37.942291259765625
82031276,2023,2023-03-29,0704,2023-03-26,1207,644,,7,5,6,0704,0,0,0,,0,004,"WILLOW PASS RD","PARKSIDE DR",34.00,E,N,A,-,N,,,,,,,,,,Y,3,0,1,2,A,-,03,22350,,N,C,C,A,A,H,-,A,A,0,,,,,Y,,A,07,0,1,0,0,0,0,0,0,0,"- ","- ",37.979911804199219,-122.02442932128906,"CONTRA COSTA",CONCORD,-122.02434539794922,37.97998046875
82031278,2023,2023-03-29,0704,2023-03-27,1153,0537,,1,5,6,0704,0,0,0,,0,004,"GALINDO ST","CLAYTON RD",0.00,,Y,A,-,N,,,,,,,,,,Y,4,0,1,2,A,-,12,21453,A,N,D,C,A,A,H,-,A,A,0,,,Y,,Y,,C,02,0,0,1,0,0,0,0,0,1,"- ","- ",37.974178314208984,-122.03397369384766,"CONTRA COSTA",CONCORD,-122.03378295898438,37.974258422851562
8203154,2016,2017-01-09,0710,2016-10-20,1155,1662,0710,4,5,5,0710,0,0,0,,0,003,"OHIO AV","26TH ST",50.00,E,N,A,-,N,,,,,,,,,,N,3,0,1,2,A,-,11,21954,A,N,G,B,D,A,H,-,A,D,0,Y,,,,Y,,N,60,0,1,0,0,1,0,0,0,0,"- ","- ",,,"CONTRA COSTA",RICHMOND,,
82032157,2023,2023-03-30,0710,2023-03-18,2040,1662,CENTR,6,5,5,0710,0,0,0,,0,005,"HARBOUR WY","ROOSEVELT AV",0.00,,Y,A,-,N,,,,,,,,,,Y,3,0,2,2,A,-,12,21453,A,F,D,C,A,A,H,-,C,A,0,,,,,Y,,A,07,0,1,1,0,0,0,0,0,0,"- ","- ",37.939701080322266,-122.35916137695312,"CONTRA COSTA",RICHMOND,-122.35999298095703,37.939949035644531
8203218,2016,2017-01-30,0707,2016-12-23,1847,204332,,5,5,3,0707,0,0,0,,0,003,"FITZGERALD DR","SOUTH LN",500.00,E,N,A,-,N,,,,,,,,,,Y,4,0,1,2,A,-,01,23153,,F,B,C,A,A,H,-,C,D,0,,,,,Y,Y,D,22,0,0,1,0,0,0,0,0,0,"- ","- ",,,"CONTRA COSTA",PINOLE,,
82032247,2023,2023-04-03,0704,2023-03-27,2111,0638,,1,5,6,0704,0,0,0,,0,004,"GALINDO ST","CLAYTON RD",0.00,,Y,A,-,N,,,,,,,,,,N,4,0,1,2,A,-,12,22450,A,N,D,C,A,A,H,-,C,A,0,,,,,Y,,A,07,0,0,1,0,0,0,0,0,0,"- ","- ",37.973869323730469,-122.03372192382812,"CONTRA COSTA",CONCORD,-122.03378295898438,37.974258422851562
82032249,2023,2023-03-30,0704,2023-03-28,2118,0638,,2,5,6,0704,0,0,0,,0,004,"GALINDO ST","CLAYTON RD",0.00,,Y,B,C,N,,,,,,,,,,N,4,0,1,2,A,-,12,22450,A,F,B,C,A,B,H,-,C,A,0,,,,,Y,,A,01,0,0,1,0,0,0,0,0,0,"- ","- ",37.973869323730469,-122.03372192382812,"CONTRA COSTA",CONCORD,-122.03378295898438,37.974258422851562
82034313,2023,2023-03-31,0704,2023-03-30,"903 ",0426,,4,5,6,0704,0,0,0,,0,006,"BAILEY RD","CONCORD BLVD",62.00,S,N,A,-,N,,,,,,,,,,Y,4,0,1,3,A,-,03,22350,,N,C,C,A,A,H,-,A,D,0,,,,,Y,,A,01,0,0,1,0,0,0,0,0,0,"- ","- ",37.969150543212891,-121.9730224609375,"CONTRA COSTA",CONCORD,-121.97323608398438,37.969020843505859
82034314,2023,2023-03-31,0704,2023-03-30,1000,0616,,4,5,6,0704,0,0,0,,0,,"RANCHITO DR","PORT CHICAGO HWY",0.00,,Y,A,-,N,,,,,,,,,,N,4,0,1,2,A,-,12,22450,A,N,G,B,B,A,H,-,A,D,0,Y,,,,Y,,A,01,0,0,1,0,1,0,0,0,0,"- ","- ",38.00115966796875,-122.02667999267578,"CONTRA COSTA",CONCORD,-122.02661895751953,38.001140594482422
82034337,2023,2023-03-31,0708,2023-03-10,1947,374,8104,5,5,5,0708,0,0,0,,0,001,"10TH ST","WEST ST",4.00,E,N,B,-,N,,,,,,,,,,N,3,0,1,2,A,-,10,21950,A,F,G,B,B,B,H,-,C,D,0,Y,,,,Y,,A,01,0,1,0,0,1,0,0,0,0,"- ","- ",38.024101257324219,-121.89013671875,"CONTRA COSTA",PITTSBURG,-121.89016723632812,38.029148101806641
8203468,2016,2017-01-09,0712,2016-12-08,1510,P573,,4,5,5,0712,0,0,0,,0,002,"YGNACIO VALLEY RD","WALNUT BL",0.00,,Y,C,-,N,,,,,,,,,,N,4,0,1,2,A,-,10,21950,A,F,G,B,B,B,H,-,A,A,0,Y,,,,Y,,A,07,0,0,1,0,1,0,0,0,0,"- ","- ",,,"CONTRA COSTA","WALNUT CREEK",-122.05490992,37.908129930000001
8203472,2016,2017-02-15,0712,2016-12-20,1620,P413,,2,5,5,0712,0,0,0,,0,,"MITCHELL DR","WIGET LN",150.00,E,N,A,-,N,,,,,,,,,,Y,4,0,2,2,A,-,09,21804,A,N,D,C,A,A,H,-,A,D,0,,,,,Y,,A,01,0,0,2,0,0,0,0,0,0,"- ","- ",,,"CONTRA COSTA","WALNUT CREEK",-122.02610491,37.928645850000002
82035229,2023,2023-04-03,0704,2023-04-01,1455,0609,2,6,5,6,0704,0,0,0,,0,002,"MEADOW LN","LODGE DR",252.00,S,N,A,-,N,,,,,,,,,,N,4,0,1,2,A,-,09,21801,A,N,D,C,A,A,H,-,A,D,0,,,Y,,Y,,A,01,0,0,1,0,0,0,0,0,1,"- ","- ",37.958599090576172,-122.04093933105469,"CONTRA COSTA",CONCORD,-122.04042816162109,37.958042144775391
82035231,2023,2023-04-03,0708,2023-03-01,1128,363,8418,3,5,5,0708,0,0,0,,0,005,"KIRKER PASS RD","PHEASANT DR (N)",10.00,S,N,A,-,N,,,,,,,,,,Y,4,0,1,2,A,-,03,22350,,N,B,C,A,A,H,-,A,A,0,,,,,Y,,A,01,0,0,1,0,0,0,0,0,0,"- ","- ",,,"CONTRA COSTA",PITTSBURG,-121.89653778076172,37.993003845214844
82036074,2023,2023-04-04,0710,2023-02-21,1825,1811,NORTH,2,5,5,0710,0,0,0,,0,007,"SAN PABLO AV","GARVIN AV",320.00,N,N,F,-,N,,,,,,,,,,N,3,0,1,2,A,-,10,21950,A,F,G,B,D,A,H,-,D,D,0,Y,,,,Y,,-,99,0,1,0,0,1,0,0,0,0,"- ","- ",37.942939758300781,-122.32816314697266,"CONTRA COSTA",RICHMOND,-122.32944488525391,37.944503784179688
82036075,2023,2023-04-04,0710,2023-03-19,2031,1818,NORTH,7,5,5,0710,0,0,0,,0,009,"RICHMOND PKWY","LAKESIDE DR",555.00,E,N,B,-,N,,,,,,,,,,Y,4,0,1,2,A,-,03,22350,,N,E,I,A,B,H,-,C,D,0,,,,,Y,,A,01,0,0,1,0,0,0,0,0,0,"- ","- ",37.989921569824219,-122.32865905761719,"CONTRA COSTA",RICHMOND,-122.32687377929688,37.990425109863281
82036166,2023,2023-04-04,0704,2023-03-30,1802,0614,5,4,5,6,0704,0,0,0,,0,005,"CONCORD BLVD","WOODSIDE CT",30.00,W,N,A,-,N,,,,,,,,,,N,4,0,1,3,A,-,03,22350,,N,C,D,A,A,H,-,A,D,0,,,,,Y,,A,01,0,0,1,0,0,0,0,0,0,"- ","- ",37.977809906005859,-122.00422668457031,"CONTRA COSTA",CONCORD,-122.00438690185547,37.977798461914062
82036170,2023,2023-04-04,0704,2023-04-01,2103,0591,,6,5,6,0704,0,0,0,,0,,"OAK GROVE RD","FOX WAY",71.00,N,N,A,-,N,,,,,,,,,,N,4,0,2,2,A,-,03,22350,,F,C,C,A,A,A,-,C,D,0,,,,,Y,,A,01,0,0,2,0,0,0,0,0,0,"- ","- ",37.950000762939453,-122.03549957275391,"CONTRA COSTA",CONCORD,-122.03564453125,37.950187683105469
82037233,2023,2023-04-05,0704,2023-03-27,"817 ",0491,,1,5,6,0704,0,0,0,,0,004,"PORT CHICAGO HWY","SALVIO ST",0.00,,Y,A,-,N,,,,,,,,,,Y,4,0,2,2,A,-,12,21453,A,N,D,C,A,A,H,-,A,A,0,,,,,Y,,A,01,0,0,2,0,0,0,0,0,0,"- ","- ",37.979778289794922,-122.03006744384766,"CONTRA COSTA",CONCORD,-122.03015899658203,37.979701995849609
82038004,2023,2023-04-06,0710,2023-03-05,"815 ",1811,NORTH,7,5,5,0710,0,0,0,,0,007,"BARRETT AV","24TH ST",0.00,,Y,B,-,N,,,,,,,,,,N,3,0,1,2,A,-,12,22450,A,N,D,C,A,B,H,-,A,A,0,,,,,Y,,A,08,0,1,0,0,0,0,0,0,0,"- ","- ",37.93817138671875,-122.34609222412109,"CONTRA COSTA",RICHMOND,-122.34574890136719,37.938240051269531
82039096,2023,2023-04-07,0710,2023-02-03,2105,1818,NORTH,5,5,5,0710,0,0,0,,0,007,"MACDONALD AV","SAN PABLO AV",50.00,E,N,A,-,N,,,,,,,,,,N,4,0,1,2,A,-,11,21955,,N,G,B,D,A,H,-,C,D,0,Y,,,,Y,Y,N,60,0,0,1,0,1,0,0,0,0,"- ","- ",37.932151794433594,-122.32318878173828,"CONTRA COSTA",RICHMOND,-122.32321166992188,37.932254791259766
82039176,2023,2023-04-07,0704,2023-03-20,1232,0635,,1,5,6,0704,0,0,0,,0,005,"WILLOW PASS RD","FARM BUREAU RD",86.00,E,N,A,-,N,,,,,,,,,,Y,4,0,1,2,A,-,08,22107,,N,D,C,A,A,H,-,A,A,0,,,,,Y,,D,22,0,0,1,0,0,0,0,0,0,"- ","- ",37.983390808105469,-122.01560211181641,"CONTRA COSTA",CONCORD,-122.01526641845703,37.983467102050781
82039178,2023,2023-04-07,0704,2023-03-22,1756,0635,,3,5,6,0704,0,0,0,,0,006,"CLAYTON RD","MARCLAIR DR",0.00,,Y,B,-,N,,,,,,,,,,Y,4,0,1,2,A,-,08,22107,,N,D,C,A,A,H,-,A,D,0,,,,,Y,,A,01,0,0,1,0,0,0,0,0,0,"- ","- ",37.963111877441406,-121.98811340332031,"CONTRA COSTA",CONCORD,-121.98822021484375,37.963134765625
82039180,2023,2023-04-07,0704,2023-03-23,1702,0635,,4,5,6,0704,0,0,0,,0,005,"CLAYTON RD","SIXTH ST",0.00,,Y,A,-,N,,,,,,,,,,N,4,0,1,2,A,-,12,21453,A,F,B,C,A,A,H,-,A,A,0,,,,,Y,,A,08,0,0,1,0,0,0,0,0,0,"- ","- ",37.973018646240234,-122.02020263671875,"CONTRA COSTA",CONCORD,-122.02021026611328,37.973140716552734
82039184,2023,2023-04-07,0704,2023-04-05,"800 ",0641,2,3,5,6,0704,0,0,0,,0,002,"MONUMENT BLVD","MI CASA COURT",294.00,W,N,A,-,N,,,,,,,,,,N,3,0,1,2,A,-,07,21658,A,F,D,G,A,A,H,-,A,D,0,,Y,,,Y,,L,04,0,1,0,0,0,0,1,0,0,"- ","- ",37.954460144042969,-122.04174041748047,"CONTRA COSTA",CONCORD,-122.04219055175781,37.954124450683594
82039990,2023,2023-04-10,0710,2023-01-17,"330 ",1712,NORTH,2,5,5,0710,0,0,0,,0,008,"ATLAS RD","OAKMONT DR",0.00,,Y,A,-,N,,,,,,,,,,N,4,0,1,2,A,-,03,22350,,N,G,B,B,A,H,-,D,D,0,Y,,,,Y,,-,"- ",0,0,1,0,1,0,0,0,0,"- ","- ",37.994781494140625,-122.34105682373047,"CONTRA COSTA",RICHMOND,-122.3411865234375,37.994560241699219
82040076,2023,2023-04-10,0708,2023-03-14,"848 ",355,8206,2,5,5,0708,0,0,0,,0,001,"PARKSIDE DR","DAVI AVE",700.00,E,N,C,-,N,,,,,,,,,,Y,4,0,1,1,A,-,07,21658,A,N,E,I,A,B,H,-,A,D,0,,,,,Y,,A,07,0,0,1,0,0,0,0,0,0,"- ","- ",,,"CONTRA COSTA",PITTSBURG,-121.88865661621094,38.024131774902344
82040217,2023,2023-04-10,0710,2023-03-03,"123 ",1300,SOUTH,5,5,5,0710,0,0,0,,0,001,"PENINSULA DR","WATERVIEW DR",96.00,S,N,A,-,N,,,,,,,,,,Y,4,0,1,1,-,-,"- ",,,N,E,J,A,A,H,-,C,D,0,,,,,Y,,-,"- ",0,0,1,0,0,0,0,0,0,"- ","- ",37.909511566162109,-122.34718322753906,"CONTRA COSTA",RICHMOND,-122.34712219238281,37.909271240234375
82040451,2023,2023-04-10,0704,2023-04-07,1432,0539,,5,5,6,0704,0,0,0,,0,004,"NELSON AVE","LAURA ALICE WAY",930.00,E,N,B,-,N,,,,,,,,,,Y,3,0,1,1,A,-,07,21658,A,N,E,I,A,A,H,-,A,D,0,,,,,Y,,A,01,0,1,0,0,0,0,0,0,0,"- ","- ",38.006240844726562,-122.04789733886719,"CONTRA COSTA",CONCORD,-122.0450439453125,38.007381439208984
82041414,2023,2023-04-10,0711,2023-03-24,1851,S1118,21,5,5,4,0711,0,0,0,,0,0S1,"EL PORTAL DRIVE","CASTRO RD",255.00,W,-,A,-,N,,,,,,,,,,Y,3,0,1,2,A,-,03,22350,,N,F,I,A,A,H,-,A,D,0,,,,,Y,Y,A,01,0,1,0,0,0,0,0,0,0,"- ","- ",37.965679168701172,-122.33901214599609,"CONTRA COSTA","SAN PABLO",-122.33992767333984,37.965690612792969
82041616,2023,2023-04-11,0704,2023-04-08,"353 ",644,,6,5,6,0704,0,0,0,,0,002,"MAYETTE AVE","WILLIAM WAY",48.00,N,N,A,-,N,,,,,,,,,,Y,4,0,1,1,A,-,01,23152,A,N,E,I,A,A,H,-,C,D,0,,,,,Y,Y,A,01,0,0,1,0,0,0,0,0,0,"- ","- ",37.962688446044922,-122.04583740234375,"CONTRA COSTA",CONCORD,-122.04574584960938,37.962844848632812
8204168,2016,2017-01-10,0704,2016-12-28,0523,0569,,3,5,6,0704,0,0,0,,0,001,"CONCORD BL","CLAYTON RD",426.00,E,N,A,-,N,,,,,,,,,,N,4,0,1,2,A,-,21,22106,,N,C,C,A,A,H,-,B,D,0,,,,,Y,Y,-,"- ",0,0,1,0,0,0,0,0,0,"- ","- ",,,"CONTRA COSTA",CONCORD,-122.03667591999999,37.97392825
8204176,2016,2017-02-01,0704,2016-12-22,1623,556,,4,5,6,0704,0,0,0,,0,001,"SOLANO WY","EASTGATE AV",0.00,,Y,A,-,N,,,,,,,,,,Y,4,0,1,2,A,-,06,21750,A,N,D,C,A,A,H,-,B,D,0,,,,Y,Y,,A,07,0,0,1,0,0,0,0,0,0,"- ","- ",,,"CONTRA COSTA",CONCORD,-122.04294989,37.989999920000002
8204221,2016,2017-01-10,0701,2016-09-23,2233,5321,202,5,5,5,0701,0,0,0,,0,002,"G ST","W 18TH ST",28.00,S,N,A,-,N,,,,,,,,,,Y,3,0,1,1,A,-,03,22350,,M,A,I,A,A,H,-,C,D,0,,,,,Y,Y,A,01,0,1,0,0,0,0,0,0,0,"- ","- ",,,"CONTRA COSTA",ANTIOCH,-121.81483788,38.004929169999997
82042765,2023,2023-06-16,0704,2023-04-06,"945 ",0637,,4,5,6,0704,0,0,0,,0,004,"GALINDO ST","CONCORD BLVD",0.00,,Y,A,-,N,,,,,,,,,,Y,4,0,3,2,A,-,12,21453,A,N,D,C,A,A,H,-,A,A,0,,,,,Y,,A,08,0,0,3,0,0,0,0,0,0,"- ","- ",37.975070953369141,-122.03460693359375,"CONTRA COSTA",CONCORD,-122.03447723388672,37.975139617919922
8204339,2016,2017-01-17,0701,2016-10-15,2047,5566,602,6,5,5,0701,0,0,0,,0,006,"BLUEROCK DR","DEER VALLEY RD",0.00,,Y,C,-,N,,,,,,,,,,N,4,0,1,2,A,-,03,22350,,N,C,C,A,B,H,-,C,A,0,,,,,Y,,A,08,0,0,1,0,0,0,0,0,0,"- ","- ",,,"CONTRA COSTA",ANTIOCH,-121.78430996,37.980839979999999
8204343,2016,2017-01-17,0701,2016-10-28,1505,4055,410,5,5,5,0701,0,0,0,,0,004,"LONGVIEW RD","CONTRA LOMA BL",0.00,,Y,A,-,N,,,,,,,,,,N,4,0,1,2,A,-,03,22350,,N,C,C,A,A,H,-,A,A,0,,,,,Y,,A,01,0,0,1,0,0,0,0,0,0,"- ","- ",,,"CONTRA COSTA",ANTIOCH,-121.82282995,37.989669980000002
82043811,2023,2023-04-13,0710,2023-03-24,1905,1818,NORTH,5,5,5,0710,0,0,0,,0,007,"CLINTON AV","WILSON AV",0.00,,Y,A,-,N,,,,,,,,,,N,3,0,1,2,A,-,12,22450,A,N,D,G,A,A,H,-,A,D,0,,Y,,,Y,,L,04,0,1,0,0,0,0,1,0,0,"- ","- ",37.940448760986328,-122.32869720458984,"CONTRA COSTA",RICHMOND,-122.32841491699219,37.940479278564453
82043812,2023,2023-04-13,0710,2023-03-25,1857,1739,,6,5,5,0710,0,0,0,,0,,"CUTTING BLVD","41ST ST",0.00,,Y,A,-,N,,,,,,,,,,Y,3,0,1,2,A,-,12,21453,A,N,D,C,A,A,H,-,A,A,0,,,,,Y,,A,07,0,1,0,0,0,0,0,0,0,"- ","- ",37.925449371337891,-122.33062744140625,"CONTRA COSTA",RICHMOND,-122.33064270019531,37.925533294677734
82043948,2023,2023-04-13,0704,2023-03-29,1200,0638,,3,5,6,0704,0,0,0,,0,001,"WILLOW PASS RD TO I 680 N RAMP","I 680 N TO WILLOW PASS RD RAMP",0.00,,Y,B,C,N,,,,,,,,,,N,4,0,2,2,A,-,03,22350,,N,C,C,A,B,H,-,A,D,0,,,,,Y,,A,07,0,0,2,0,0,0,0,0,0,"- ","- ",37.9664306640625,-122.05579376220703,"CONTRA COSTA",CONCORD,,
82043951,2023,2023-04-14,0704,2023-04-06,1920,624,,4,5,6,0704,0,0,0,,0,,"OAK GROVE RD","MINERT RD",0.00,,Y,A,-,N,,,,,,,,,,N,4,0,2,2,A,-,12,21453,A,N,D,C,A,A,H,-,C,A,0,,,,,Y,,A,01,0,0,2,0,0,0,0,0,0,"- ","- ",37.942550659179688,-122.02947235107422,"CONTRA COSTA",CONCORD,-122.02894592285156,37.942955017089844
82044767,2023,2023-04-14,0704,2023-03-14,1953,0606,,2,5,6,0704,0,0,0,,0,001,"WILLOW PASS RD","FRY WAY",62.00,N,N,G,-,N,,,,,,,,,,Y,4,0,1,2,A,-,09,21800,,N,D,D,A,A,G,-,E,B,0,,,,,Y,,A,01,0,0,1,0,0,0,0,0,0,"- ","- ",37.972801208496094,-122.04126739501953,"CONTRA COSTA",CONCORD,-122.04123687744141,37.973251342773438
82045714,2023,2023-04-17,0704,2023-04-13,"12  ",0599,,4,5,6,0704,0,0,0,,0,,"TREAT BLVD","COWELL RD",0.00,,Y,A,-,N,,,,,,,,,,N,4,0,2,2,A,-,01,23152,A,N,D,C,A,A,H,-,C,A,0,,,,,Y,Y,A,01,0,0,2,0,0,0,0,0,0,"- ","- ",37.955558776855469,-122.0015869140625,"CONTRA COSTA",CONCORD,-122.00167083740234,37.955493927001953
82045982,2023,2023-04-17,0708,2023-02-19,1549,327,8114,7,5,5,0708,0,0,0,,0,001,"WILLOW PASS RD","WINTER WAY",13.00,W,N,A,-,N,,,,,,,,,,Y,3,0,1,2,A,-,05,21650,,N,A,G,A,A,H,-,A,D,0,,Y,,,Y,Y,L,04,0,1,0,0,0,0,1,0,0,"- ","- ",,,"CONTRA COSTA",PITTSBURG,-121.93109893798828,38.026798248291016
82045984,2023,2023-04-17,0708,2023-03-15,1748,388,8310,3,5,5,0708,0,0,0,,0,005,"LELAND RD","HARBOR ST",0.00,,Y,A,-,N,,,,,,,,,,Y,4,0,2,3,A,-,01,23152,G,F,C,C,A,A,H,-,A,D,0,,,,,Y,Y,A,01,0,0,2,0,0,0,0,0,0,"- ","- ",,,"CONTRA COSTA",PITTSBURG,-121.88611602783203,38.01092529296875
82045986,2023,2023-04-17,0708,2023-03-20,1201,363,8315,1,5,5,0708,0,0,0,,0,003,"RIO VERDE CIR","ROSA BLANCA DR (S)",62.00,W,N,A,-,N,,,,,,,,,,Y,4,0,1,1,A,-,03,22350,,N,E,I,A,A,H,-,A,D,0,,,,,Y,,A,07,0,0,1,0,0,0,0,0,0,"- ","- ",,,"CONTRA COSTA",PITTSBURG,-121.96504211425781,38.011386871337891
82045987,2023,2023-04-17,0708,2023-03-28,1126,357,8215,2,5,5,0708,0,0,0,,0,002,"AUTO CENTER DR","SYCAMORE DR",0.00,,Y,A,-,N,,,,,,,,,,Y,4,0,1,2,A,-,12,21453,A,N,D,C,A,A,H,-,A,A,0,,,,,Y,,A,08,0,0,1,0,0,0,0,0,0,"- ","- ",,,"CONTRA COSTA",PITTSBURG,-121.83432006835938,38.006542205810547
82046132,2023,2023-04-17,0710,2023-03-27,"859 ",1687,NORTH,1,5,5,0710,0,0,0,,0,008,"RICHMOND PKWY","BLUME DR",0.00,,Y,B,-,N,,,,,,,,,,Y,4,0,2,2,D,-,00,,,N,D,C,A,A,H,-,A,A,0,,,,,Y,,-,"- ",0,0,2,0,0,0,0,0,0,"- ","- ",37.987049102783203,-122.31694030761719,"CONTRA COSTA",RICHMOND,-122.31696319580078,37.986911773681641
82046135,2023,2023-04-17,0710,2023-03-29,1715,1496,SOUTH,3,5,5,0710,0,0,0,,0,002,"CUTTING BLVD","HARBOUR WY S",162.00,E,N,C,-,N,,,,,,,,,,N,4,0,1,2,A,-,08,22107,,F,G,B,D,B,H,-,A,D,0,Y,,,,Y,,A,01,0,0,1,0,1,0,0,0,0,"- ","- ",37.925220489501953,-122.36019897460938,"CONTRA COSTA",RICHMOND,-122.35948944091797,37.925220489501953
82046176,2023,2023-04-17,0704,2023-04-15,"134 ",0591,,6,5,6,0704,0,0,0,,0,003,"PEACH PL","OAK GROVE RD",453.00,W,N,A,-,N,,,,,,,,,,Y,3,0,2,4,A,-,01,23152,A,N,C,E,A,A,H,-,D,D,0,,,,,Y,Y,A,01,0,2,0,0,0,0,0,0,0,"- ","- ",37.954849243164062,-122.03800964355469,"CONTRA COSTA",CONCORD,-122.03924560546875,37.953948974609375