CASE_ID,ACCIDENT_YEAR,PROC_DATE,JURIS,COLLISION_DATE,COLLISION_TIME,OFFICER_ID,REPORTING_DISTRICT,DAY_OF_WEEK,CHP_SHIFT,POPULATION,CNTY_CITY_LOC,SPECIAL_COND,BEAT_TYPE,CHP_BEAT_TYPE,CITY_DIVISION_LAPD,CHP_BEAT_CLASS,BEAT_NUMBER,PRIMARY_RD,SECONDARY_RD,DISTANCE,DIRECTION,INTERSECTION,WEATHER_1,WEATHER_2,STATE_HWY_IND,CALTRANS_COUNTY,CALTRANS_DISTRICT,STATE_ROUTE,ROUTE_SUFFIX,POSTMILE_PREFIX,POSTMILE,LOCATION_TYPE,RAMP_INTERSECTION,SIDE_OF_HWY,TOW_AWAY,COLLISION_SEVERITY,NUMBER_KILLED,NUMBER_INJURED,PARTY_COUNT,PRIMARY_COLL_FACTOR,PCF_CODE_OF_VIOL,PCF_VIOL_CATEGORY,PCF_VIOLATION,PCF_VIOL_SUBSECTION,HIT_AND_RUN,TYPE_OF_COLLISION,MVIW,PED_ACTION,ROAD_SURFACE,ROAD_COND_1,ROAD_COND_2,LIGHTING,CONTROL_DEVICE,CHP_ROAD_TYPE,PEDESTRIAN_ACCIDENT,BICYCLE_ACCIDENT,MOTORCYCLE_ACCIDENT,TRUCK_ACCIDENT,NOT_PRIVATE_PROPERTY,ALCOHOL_INVOLVED,STWD_VEHTYPE_AT_FAULT,CHP_VEHTYPE_AT_FAULT,COUNT_SEVERE_INJ,COUNT_VISIBLE_INJ,COUNT_COMPLAINT_PAIN,COUNT_PED_KILLED,COUNT_PED_INJURED,COUNT_BICYCLIST_KILLED,COUNT_BICYCLIST_INJURED,COUNT_MC_KILLED,COUNT_MC_INJURED,PRIMARY_RAMP,SECONDARY_RAMP,LATITUDE,LONGITUDE,COUNTY,CITY,POINT_X,POINT_Y
82066743,2023,2023-05-11,0711,2023-04-16,"54  ",S1154,,7,5,4,0711,0,0,0,,0,0S1,"14350 LAURIE LN","SAN PABLO AVE",232.00,E,-,A,-,N,,,,,,,,,,N,3,0,1,1,A,-,03,22350,,F,G,B,F,A,H,-,C,D,0,Y,,,,Y,Y,N,60,0,1,0,0,1,0,0,0,0,"- ","- ",37.964958190917969,-122.34290313720703,"CONTRA COSTA","SAN PABLO",-122.34421539306641,37.964988708496094
82066809,2023,2023-09-13,0711,2023-04-11,1723,S1181,22,2,5,4,0711,0,0,0,,0,0S3,"23RD STREET","CALIFORNIA AVE",115.00,N,-,A,-,N,,,,,,,,,,Y,3,0,1,2,A,-,05,21650,,F,A,C,A,A,H,-,A,A,0,,,,,Y,,A,01,0,1,0,0,0,0,0,0,0,"- ","- ",37.953411102294922,-122.34736633300781,"CONTRA COSTA","SAN PABLO",-122.34738159179688,37.953716278076172
82066853,2023,2023-05-11,0711,2023-03-17,"825 ",S1180,,5,5,4,0711,0,0,0,,0,0S2,"VALE ROAD","SAN PABLO AVE",0.00,,Y,A,-,N,,,,,,,,,,Y,3,0,2,3,A,-,09,21804,A,N,D,C,A,A,H,-,A,D,0,,,,,Y,,A,01,0,1,1,0,0,0,0,0,0,"- ","- ",37.955528259277344,-122.33580017089844,"CONTRA COSTA","SAN PABLO",-122.33574676513672,37.955547332763672
82067255,2023,2023-05-12,0710,2023-02-13,1800,1707,NORTH,1,5,5,0710,0,0,0,,0,008,"GIANT RD","RICHMOND PKWY",500.00,S,N,A,-,N,,,,,,,,,,Y,4,0,1,1,A,-,07,21658,A,N,E,I,A,A,H,-,E,D,0,,,,,Y,,A,01,0,0,1,0,0,0,0,0,0,"- ","- ",37.980121612548828,-122.35253143310547,"CONTRA COSTA",RICHMOND,-122.35316467285156,37.978759765625
82067258,2023,2023-05-12,0710,2023-04-12,2015,1712,NORTH,3,5,5,0710,0,0,0,,0,007,"31ST ST","MACDONALD AV",0.00,,Y,A,-,N,,,,,,,,,,N,3,0,1,3,A,-,00,23136,A,F,A,E,A,A,H,-,C,D,0,,,,,Y,Y,-,"- ",0,1,0,0,0,0,0,0,0,"- ","- ",37.934711456298828,-122.33927917480469,"CONTRA COSTA",RICHMOND,-122.33952331542969,37.934612274169922
82067260,2023,2023-05-12,0710,2023-04-24,1751,1692,SOUTH,1,5,5,0710,0,0,0,,0,001,"HARBOUR WY S","CUTTING BLVD",210.00,N,N,A,-,N,,,,,,,,,,N,4,0,1,2,A,-,07,21658,A,M,B,C,A,A,H,-,A,D,0,,,,,Y,Y,A,07,0,0,1,0,0,0,0,0,0,"- ","- ",37.924938201904297,-122.35962677001953,"CONTRA COSTA",RICHMOND,-122.36003875732422,37.925796508789062
82067262,2023,2023-05-12,0710,2023-05-01,1540,1496,NORTH,1,5,5,0710,0,0,0,,0,007,"MACDONALD AV","CIVIC CENTER ST",0.00,,Y,B,-,N,,,,,,,,,,Y,4,0,2,2,A,-,03,22350,,N,C,C,A,A,H,-,A,D,0,,,,,Y,,A,01,0,0,2,0,0,0,0,0,0,"- ","- ",37.935081481933594,-122.344482421875,"CONTRA COSTA",RICHMOND,-122.34456634521484,37.935325622558594
82067263,2023,2023-05-15,0710,2023-05-01,1945,1496,SOUTH,1,5,5,0710,0,0,0,,0,002,"CUTTING BLVD","24TH ST",0.00,,Y,A,-,N,,,,,,,,,,Y,4,0,2,2,A,-,12,22450,A,N,D,C,A,A,H,-,B,D,0,,,,,Y,,D,22,0,0,2,0,0,0,0,0,0,"- ","- ",37.925418853759766,-122.3466796875,"CONTRA COSTA",RICHMOND,-122.34664916992188,37.9251708984375
82067283,2023,2023-05-12,0706,2023-04-10,1230,231,,1,5,3,0706,0,0,0,,0,,"BAYFRONT BLVD","SANDERLING DR",0.00,,Y,A,-,N,,,,,,,,,,N,3,0,1,2,A,-,09,21801,A,N,A,G,A,A,H,-,A,D,0,,Y,,,Y,,A,01,0,1,0,0,0,0,1,0,0,"- ","- ",38.020290374755859,-122.28434753417969,"CONTRA COSTA",HERCULES,-122.284857,38.020412999999998
82067361,2023,2023-05-12,0704,2023-05-09,"950 ",0436,4,2,5,6,0704,0,0,0,,0,004,"CONCORD BLVD","COLFAX ST",8.00,E,N,A,-,N,,,,,,,,,,N,4,0,1,2,A,-,08,22107,,N,B,C,A,A,H,-,A,A,0,,,,,Y,,A,07,0,0,1,0,0,0,0,0,0,"- ","- ",37.976661682128906,-122.03111267089844,"CONTRA COSTA",CONCORD,-122.03122711181641,37.976692199707031
82068324,2023,2023-05-15,0710,2023-04-19,1800,1819,CENTR,3,5,5,0710,0,0,0,,0,004,"RHEEM AV","20TH ST",8.00,E,N,A,-,N,,,,,,,,,,N,3,0,1,2,A,-,12,22450,A,N,D,G,A,A,H,-,A,A,0,,Y,,,Y,,L,04,0,1,0,0,0,0,1,0,0,"- ","- ",37.949569702148438,-122.35018920898438,"CONTRA COSTA",RICHMOND,-122.35011291503906,37.949581146240234
82068485,2023,2023-05-15,0710,2023-04-05,"840 ",1754,NORTH,3,5,5,0710,0,0,0,,0,007,"MCBRYDE AV","28TH ST",0.00,,Y,A,-,N,,,,,,,,,,Y,4,0,1,2,A,-,09,21800,A,N,D,C,A,A,H,-,A,A,0,,,,,Y,,A,01,0,0,1,0,0,0,0,0,0,"- ","- ",37.947200775146484,-122.34107971191406,"CONTRA COSTA",RICHMOND,-122.34098052978516,37.947052001953125
82069555,2023,2023-05-16,0704,2023-05-11,1529,0491,,4,5,6,0704,0,0,0,,0,001,"BISSO LN","CONCORD AVE",525.00,N,N,A,-,N,,,,,,,,,,N,4,0,1,2,A,-,06,21750,,N,B,C,A,A,H,-,A,D,0,,,,,Y,,A,01,0,0,1,0,0,0,0,0,0,"- ","- ",37.979560852050781,-122.04730224609375,"CONTRA COSTA",CONCORD,-122.04679107666016,37.980789184570312
82069558,2023,2023-05-16,0704,2023-05-13,"4   ",0594,1,6,5,6,0704,0,0,0,,0,001,"CONCORD AVE","MARKET ST (N)",111.00,E,N,A,-,Y,,,,,,,,,,N,4,0,1,2,A,-,08,22107,,N,D,C,A,A,H,-,D,A,0,,,,,Y,,A,01,0,0,1,0,0,0,0,0,0,"- ","- ",37.978740692138672,-122.04181671142578,"CONTRA COSTA",CONCORD,-122.04152679443359,37.978595733642578
82069559,2023,2023-05-17,0704,2023-05-14,1941,0616,,7,5,6,0704,0,0,0,,0,,"OAK GROVE RD","MONUMENT BLVD",0.00,,Y,A,-,N,,,,,,,,,,N,2,0,2,2,A,-,01,23152,F,N,D,C,A,A,H,-,A,A,0,,,,,Y,Y,A,01,2,0,0,0,0,0,0,0,0,"- ","- ",37.956459045410156,-122.03900909423828,"CONTRA COSTA",CONCORD,-122.03897857666016,37.956409454345703
82069573,2023,2023-05-16,0708,2023-04-04,1546,357,8409,2,5,5,0708,0,0,0,,0,005,"FREED CIR","GARCIA AVE",46.00,S,N,A,-,N,,,,,,,,,,Y,2,0,1,1,A,-,03,22350,,F,E,I,A,A,H,-,A,A,0,,,,,Y,,A,01,1,0,0,0,0,0,0,0,0,"- ","- ",,,"CONTRA COSTA",PITTSBURG,-121.8809814453125,38.011676788330078
82069575,2023,2023-05-16,0708,2023-04-19,"734 ",406,8403,3,5,5,0708,0,0,0,,0,004,"HARBOR ST","LOMITOS PL",29.00,N,N,A,-,N,,,,,,,,,,Y,4,0,2,2,A,-,09,21801,A,N,D,C,A,A,H,-,A,A,0,,,Y,,Y,,A,01,0,0,2,0,0,0,0,0,1,"- ","- ",,,"CONTRA COSTA",PITTSBURG,-121.88612365722656,38.001712799072266
82070549,2023,2023-05-17,0704,2023-04-09,1643,0482,,7,5,6,0704,0,0,0,,0,006,"CLAYTON RD","BAILEY RD (W)",0.00,,Y,A,-,N,,,,,,,,,,N,4,0,1,2,A,-,09,21453,B,F,D,G,A,A,H,-,A,A,0,,Y,,,Y,,A,07,0,0,1,0,0,0,1,0,0,"- ","- ",37.960170745849609,-121.98293304443359,"CONTRA COSTA",CONCORD,-121.98265838623047,37.961116790771484
82070550,2023,2023-05-17,0704,2023-04-20,1550,0625,,4,5,6,0704,0,0,0,,0,,"ADELAIDE ST","CLAYTON RD",0.00,,Y,A,-,N,,,,,,,,,,N,4,0,1,2,A,-,10,21950,A,N,A,G,A,A,H,-,A,D,0,,Y,,,Y,Y,A,01,0,0,1,0,0,0,1,0,0,"- ","- ",37.971530914306641,-122.04110717773438,"CONTRA COSTA",CONCORD,-122.04125213623047,37.971691131591797
82070552,2023,2023-05-17,0704,2023-04-28,1344,0613,,5,5,6,0704,0,0,0,,0,,"TREAT BLVD","WILMORE AVE",0.00,,Y,A,-,N,,,,,,,,,,N,3,0,1,1,C,-,18,,,N,E,I,A,A,H,-,A,D,0,,,,,Y,,-,"- ",0,1,0,0,0,0,0,0,0,"- ","- ",37.942279815673828,-122.01966094970703,"CONTRA COSTA",CONCORD,-122.01973724365234,37.942272186279297
82072599,2023,2023-05-19,0704,2023-04-26,1500,0628,4,3,5,6,0704,0,0,0,,0,001,"PORT CHICAGO HWY","PORT CHICAGO HWY TRL (S)",26.00,W,N,A,-,N,,,,,,,,,,Y,4,0,2,2,A,-,08,22107,,N,D,C,A,A,H,-,A,A,0,,,,,Y,,A,01,0,0,2,0,0,0,0,0,0,"- ","- ",38.009479522705078,-122.02262115478516,"CONTRA COSTA",CONCORD,,
8207324,2016,2017-01-10,0704,2016-12-29,1159,0337,DOWNT,4,5,6,0704,0,0,0,,0,004,"MIRA VISTA TER","SALVIO ST",40.00,S,N,A,-,N,,,,,,,,,,N,4,0,1,2,A,-,08,22102,,N,D,C,A,A,H,-,A,D,0,,,,,Y,,A,01,0,0,1,0,0,0,0,0,0,"- ","- ",37.975850000000001,-122.03798,"CONTRA COSTA",CONCORD,-122.03784272,37.975853890000003
8207328,2016,2017-01-10,0704,2016-12-26,1314,556,,1,5,6,0704,0,0,0,,0,001,"MARKET ST","FRY WY",0.00,,Y,A,-,N,,,,,,,,,,N,3,0,1,2,A,-,05,21650,1,N,B,G,A,A,H,-,A,A,0,,Y,,,Y,,L,04,0,1,0,0,0,0,1,0,0,"- ","- ",,,"CONTRA COSTA",CONCORD,-122.04363995999999,37.975319890000002
8207332,2016,2017-01-10,0704,2016-11-20,0112,0577,,7,5,6,0704,0,0,0,,0,006,"1071 WHITE OAK DR","WHITE OAK",18.00,E,N,B,C,N,,,,,,,,,,Y,4,0,1,1,A,-,01,23152,A,N,E,I,A,B,H,-,C,D,0,,,,,Y,,A,01,0,0,1,0,0,0,0,0,0,"- ","- ",,,"CONTRA COSTA",CONCORD,-121.971034,37.947224949999999
8207356,2016,2017-01-23,0704,2016-12-21,1649,0510,,3,5,6,0704,0,0,0,,0,004,"CLAYTON RD","COLFAX ST",102.00,W,N,A,-,N,,,,,,,,,,Y,4,0,1,2,A,-,03,22350,,N,C,C,A,A,H,-,A,D,0,,,,,Y,,A,01,0,0,1,0,0,0,0,0,0,"- ","- ",,,"CONTRA COSTA",CONCORD,-122.03086995,37.975665020000001
8207360,2016,2017-01-10,0704,2016-12-24,1737,514,,6,5,6,0704,0,0,0,,0,001,"WILLOW PASS RD","EXECUTIVE LN",384.00,E,N,A,-,N,,,,,,,,,,Y,4,0,4,2,A,-,01,23152,,N,B,C,A,A,H,-,C,D,0,,,,,Y,Y,A,01,0,0,4,0,0,0,0,0,0,"- ","- ",,,"CONTRA COSTA",CONCORD,-122.0484513,37.971055839999998
82073835,2023,2023-05-22,0704,2023-05-19,1711,0637,,5,5,6,0704,0,0,0,,0,006,"KIRKER PASS RD","KIRKWOOD DR",0.00,,Y,A,-,N,,,,,,,,,,Y,2,0,2,2,A,-,21,22106,,N,D,C,A,A,H,-,A,D,0,,,,,Y,,A,01,1,0,1,0,0,0,0,0,0,"- ","- ",37.958789825439453,-121.94799041748047,"CONTRA COSTA",CONCORD,-121.94798278808594,37.958786010742188
82074897,2023,2023-05-23,0704,2023-04-20,"818 ",0635,,4,5,6,0704,0,0,0,,0,,"WILLOW PASS RD","KINNE BLVD",0.00,,Y,A,-,N,,,,,,,,,,Y,4,0,1,3,A,-,03,22350,,N,C,C,A,A,H,-,A,D,0,,,,,Y,,A,01,0,0,1,0,0,0,0,0,0,"- ","- ",38.002338409423828,-121.99899291992188,"CONTRA COSTA",CONCORD,-121.999773,38.003087000000001
82074900,2023,2023-05-23,0704,2023-05-07,1715,0640,,7,5,6,0704,0,0,0,,0,001,"GALINDO ST","SALVIO ST",0.00,W,Y,A,-,N,,,,,,,,,,Y,4,0,1,2,A,-,08,22107,,F,A,C,A,A,H,-,A,A,0,,,,,Y,,A,01,0,0,1,0,0,0,0,0,0,"- ","- ",37.976848602294922,-122.03607940673828,"CONTRA COSTA",CONCORD,-122.03600311279297,37.976875305175781
82074907,2023,2023-05-23,0704,2023-05-22,"43  ",0648,,1,5,6,0704,0,0,0,,0,004,"EAST ST","SALVIO ST",28.00,N,N,A,-,N,,,,,,,,,,Y,4,0,1,2,A,-,03,22350,,N,C,C,A,A,H,-,C,A,0,,,,,Y,,A,01,0,0,1,0,0,0,0,0,0,"- ","- ",37.978721618652344,-122.03108215332031,"CONTRA COSTA",CONCORD,-122.03138732910156,37.979206085205078
8207533,2016,2017-01-12,0716,2016-12-07,2025,191,R8,3,5,3,0716,0,0,0,,0,002,"LARCH AV","LARCH LN",50.00,W,N,C,-,N,,,,,,,,,,N,4,0,1,2,A,-,08,22107,,N,B,E,A,B,H,-,D,D,0,,,,,Y,,A,01,0,0,1,0,0,0,0,0,0,"- ","- ",,,"CONTRA COSTA",MORAGA,-122.12834328,37.82865769
8207569,2016,2017-02-22,0707,2016-12-23,1858,2171388,BAY,5,5,3,0707,0,0,0,,0,002,"FITZGERALD DR","FITZGERALD DR 1515",0.00,,N,B,-,N,,,,,,,,,,Y,3,0,3,2,A,-,03,22350,,F,D,C,A,B,H,-,C,D,0,,,,,Y,,D,22,0,1,2,0,0,0,0,0,0,"- ","- ",,,"CONTRA COSTA",PINOLE,-122.30404794,37.99160818
82075993,2023,2023-05-24,0704,2023-05-08,1220,0612,4,1,5,6,0704,0,0,0,,0,004,"ARNOLD INDUSTRIAL WAY","LAURA ALICE WAY",407.00,W,N,A,-,N,,,,,,,,,,N,3,0,1,3,A,-,03,22350,,N,B,E,A,A,H,-,A,D,0,,,,,Y,,A,01,0,1,0,0,0,0,0,0,0,"- ","- ",38.003040313720703,-122.04769897460938,"CONTRA COSTA",CONCORD,-122.04908752441406,38.003200531005859
82076974,2023,2023-05-25,0704,2023-05-17,"831 ",0436,,3,5,6,0704,0,0,0,,0,,"CLAYTON RD","THE ALAMEDA (W)",37.00,W,N,A,-,N,,,,,,,,,,Y,4,0,2,2,A,-,03,22350,,N,C,C,A,A,H,-,A,A,0,,,,,Y,,A,07,0,0,2,0,0,0,0,0,0,"- ","- ",37.974521636962891,-122.02542877197266,"CONTRA COSTA",CONCORD,-122.02561187744141,37.974563598632812
82076976,2023,2023-05-25,0704,2023-05-18,1927,0649,,4,5,6,0704,0,0,0,,0,005,"YGNACIO VALLEY RD","PINE HOLLOW RD",0.00,,Y,A,-,N,,,,,,,,,,Y,4,0,2,2,A,-,12,21453,A,N,D,C,A,A,H,-,A,A,0,,,,,Y,,A,01,0,0,2,0,0,0,0,0,0,"- ","- ",37.946048736572266,-121.96951293945312,"CONTRA COSTA",CONCORD,-121.96940600000001,37.946024999999999
8207744,2016,2017-01-13,0707,2016-12-05,1843,389,,1,5,3,0707,0,0,0,,0,001,"SAN PABLO AV","VALLEY AV",0.00,,Y,A,-,N,,,,,,,,,,Y,4,0,1,2,A,-,09,21453,,N,D,C,A,A,H,-,C,A,0,,,,,Y,,A,01,0,0,1,0,0,0,0,0,0,"- ","- ",,,"CONTRA COSTA",PINOLE,-122.28910993,38.006559979999999
8207933,2017,2017-01-18,0704,2017-01-01,1753,574,,7,5,6,0704,0,0,0,,0,006,"CLAYTON RD","THORNWOOD DR",725.00,W,N,A,-,N,,,,,,,,,,N,4,0,1,2,A,-,11,21955,,N,G,B,D,A,H,-,A,D,0,Y,,,,Y,Y,N,60,0,0,1,0,1,0,0,0,0,"- ","- ",,,"CONTRA COSTA",CONCORD,-121.98914176,37.963450799999997
82081986,2023,2023-06-05,0704,2023-05-27,1622,0580,,6,5,6,0704,0,0,0,,0,005,"WILLOW PASS RD","GRANADA DR",170.00,S,N,A,B,N,,,,,,,,,,Y,3,0,1,2,A,-,07,21658,A,N,B,C,A,A,H,-,A,A,0,,,Y,,Y,,C,02,0,1,0,0,0,0,0,0,1,"- ","- ",37.985618591308594,-122.01017761230469,"CONTRA COSTA",CONCORD,-122.01103210449219,37.985954284667969
82084194,2023,2023-06-02,0708,2023-02-04,"300 ",395,8204,6,5,5,0708,0,0,0,,0,002,"HARBOR ST","SCHOOL ST",384.00,N,N,A,-,N,,,,,,,,,,N,4,0,1,1,A,-,03,22350,,N,F,A,A,A,H,-,C,D,0,,,Y,,Y,,C,02,0,0,1,0,0,0,0,0,1,"- ","- ",,,"CONTRA COSTA",PITTSBURG,-121.88072967529297,38.020885467529297
82084195,2023,2023-06-02,0708,2023-02-15,1315,400,8302,3,5,5,0708,0,0,0,,0,004,"RAILROAD AVE","LINSCHEID DR",140.00,S,N,A,-,N,,,,,,,,,,N,3,0,1,2,A,-,11,21955,,N,G,B,D,A,H,-,A,A,0,Y,,,,Y,,N,60,0,1,0,0,1,0,0,0,0,"- ","- ",,,"CONTRA COSTA",PITTSBURG,-121.89453125,38.003223419189453
82084196,2023,2023-06-02,0708,2023-04-10,2127,392,8111,1,5,5,0708,0,0,0,,0,001,"POWER AVE","JORGENSEN DR",727.00,E,N,A,-,N,,,,,,,,,,Y,3,0,1,1,A,-,01,23152,A,N,E,I,A,A,H,-,C,A,0,,,,,Y,Y,A,01,0,1,0,0,0,0,0,0,0,"- ","- ",,,"CONTRA COSTA",PITTSBURG,-121.90180969238281,38.020305633544922
82084198,2023,2023-06-02,0708,2023-04-28,1414,275,8206,5,5,5,0708,0,0,0,,0,002,"EAST 17TH STREET","NORTON STREET",154.00,W,N,A,-,N,,,,,,,,,,Y,2,0,1,2,A,-,11,21954,A,N,G,B,D,A,H,-,A,A,0,Y,,,,Y,,N,60,1,0,0,0,1,0,0,0,0,"- ","- ",,,"CONTRA COSTA",PITTSBURG,-121.88578033447266,38.021663665771484
82086590,2022,2023-06-06,0704,2022-08-19,1900,0594,1,5,5,6,0704,0,0,0,,0,001,"GATEWAY BLVD","CLAYTON RD",8.00,W,N,A,-,Y,,,,,,,,,,N,4,0,2,2,A,-,12,21453,A,N,C,C,A,A,H,-,C,A,0,,,,,Y,,A,07,0,0,2,0,0,0,0,0,0,"- ","- ",37.971359252929688,-122.04148101806641,"CONTRA COSTA",CONCORD,-122.04230499267578,37.971214294433594
82086592,2022,2023-06-06,0704,2022-08-24,1125,0635,,3,5,6,0704,0,0,0,,0,005,"CONCORD BLVD","SATTLER DR",0.00,,Y,A,-,N,,,,,,,,,,Y,4,0,3,2,A,-,09,21801,A,N,D,C,A,A,H,-,A,D,0,,,,,Y,,A,01,0,0,3,0,0,0,0,0,0,"- ","- ",37.977958679199219,-121.99559020996094,"CONTRA COSTA",CONCORD,-121.99552917480469,37.977958679199219
82086593,2022,2023-06-06,0704,2022-10-06,1658,0596,4480,4,5,6,0704,0,0,0,,0,005,"TREAT BLVD","BEL AIR DR",399.00,E,N,A,-,N,,,,,,,,,,N,4,0,1,2,A,-,05,21650,,N,D,G,A,A,H,-,A,D,0,,Y,,,Y,,L,04,0,0,1,0,0,0,1,0,0,"- ","- ",37.962150573730469,-121.99429321289062,"CONTRA COSTA",CONCORD,-121.99369812011719,37.963108062744141
82086594,2023,2023-06-08,0704,2023-05-19,2140,647,,5,5,6,0704,0,0,0,,0,003,"MONUMENT BLVD","OAKMEAD DR",485.00,N,N,A,-,N,,,,,,,,,,Y,4,0,1,5,A,-,03,22350,,M,C,E,A,A,H,-,C,D,0,,,,,Y,Y,D,22,0,0,1,0,0,0,0,0,0,"- ","- ",37.968818664550781,-122.03208160400391,"CONTRA COSTA",CONCORD,-122.03202819824219,37.968711853027344
82086596,2023,2023-06-06,0704,2023-05-23,1456,0593,4,2,5,6,0704,0,0,0,,0,003,"MONUMENT BLVD","OAKMEAD DR",223.00,S,N,A,-,N,,,,,,,,,,N,4,0,1,2,A,-,03,22350,,N,C,C,A,A,H,-,A,A,0,,,,,Y,,J,48,0,0,1,0,0,0,0,0,0,"- ","- ",37.968429565429688,-122.03205871582031,"CONTRA COSTA",CONCORD,-122.03223419189453,37.968120574951172
82086598,2023,2023-06-06,0704,2023-05-25,2135,645,4,4,5,6,0704,0,0,0,,0,004,"GALINDO ST","LAGUNA ST (N)",30.00,W,N,A,-,N,,,,,,,,,,N,4,0,2,3,A,-,03,22350,,N,C,C,A,A,H,-,C,A,0,,,,,Y,,A,01,0,0,2,0,0,0,0,0,0,"- ","- ",37.971778869628906,-122.03282928466797,"CONTRA COSTA",CONCORD,-122.03265380859375,37.971981048583984
82086600,2023,2023-06-06,0704,2023-05-29,1430,0493,4,1,5,6,0704,0,0,0,,0,001,"ARNOLD INDUSTRIAL PL","ARNOLD INDUSTRIAL PL TO SR 4 E RAMP",98.00,E,N,A,-,Y,,,,,,,,,,Y,2,0,1,1,A,-,03,22350,,N,E,I,A,A,B,-,A,D,0,,,Y,,Y,,C,02,1,0,0,0,0,0,0,0,1,"- ","- ",38.000198364257812,-122.04984283447266,"CONTRA COSTA",CONCORD,-122.05242919921875,37.999298095703125
82086603,2023,2023-06-08,0704,2023-06-02,1544,647,,5,5,6,0704,0,0,0,,0,002,"WILLOW PASS RD","FRY WAY",0.00,,Y,A,-,N,,,,,,,,,,Y,2,0,1,3,A,-,12,21453,A,N,G,B,F,A,H,-,A,A,0,Y,,,,Y,,A,01,1,0,0,0,1,0,0,0,0,"- ","- ",37.972949981689453,-122.04128265380859,"CONTRA COSTA",CONCORD,-122.04138946533203,37.973133087158203
82090648,2023,2023-06-12,0704,2023-06-08,1917,0583,,4,5,6,0704,0,0,0,,0,,"CLAYTON RD","FARM BUREAU RD",0.00,,Y,A,-,N,,,,,,,,,,N,4,0,1,2,A,-,12,21453,A,F,D,C,A,A,H,-,A,A,0,,,,,Y,,I,11,0,0,1,0,0,0,0,0,0,"- ","- ",37.968891143798828,-122.00556945800781,"CONTRA COSTA",CONCORD,-122.00562286376953,37.968910217285156
82093190,2023,2023-06-14,0704,2023-06-01,2041,0491,,4,5,6,0704,0,0,0,,0,002,"CLAYTON RD","ELLIS ST",149.00,W,N,A,-,N,,,,,,,,,,Y,4,0,3,2,A,-,03,22350,,N,C,C,A,A,H,-,C,A,0,,,,,Y,,A,01,0,0,3,0,0,0,0,0,0,"- ","- ",37.972480773925781,-122.03926849365234,"CONTRA COSTA",CONCORD,-122.03980255126953,37.972343444824219
82095356,2023,2023-07-20,0704,2023-06-13,1955,544,5,2,5,6,0704,0,0,0,,0,005,"WILLOW PASS RD","LYNWOOD DR",1692.00,N,N,A,-,N,,,,,,,,,,N,2,0,2,3,A,-,05,21651,B,F,B,C,A,A,H,-,A,D,0,,,,,Y,,A,01,1,1,0,0,0,0,0,0,0,"- ","- ",37.991230010986328,-122.00428771972656,"CONTRA COSTA",CONCORD,-122.00182342529297,37.995399475097656
82096096,2023,2023-06-19,0706,2023-05-01,1134,231,7,1,5,3,0706,0,0,0,,0,0H1,"SAN PABLO AVE","JOHN MUIR PKWY",83.00,N,N,A,-,N,,,,,,,,,,N,4,0,1,2,A,-,03,22350,,N,C,C,A,A,H,-,A,A,0,,,,,Y,,A,01,0,0,1,0,0,0,0,0,0,"- ","- ",38.015708923339844,-122.27194976806641,"CONTRA COSTA",HERCULES,-122.27249908447266,38.016204833984375
82096228,2023,2023-06-19,0708,2023-03-31,1209,357,8303,5,5,5,0708,0,0,0,,0,004,"RAILROAD AVE","MARKS BLVD",0.00,,Y,A,-,N,,,,,,,,,,Y,1,1,0,2,A,-,01,23152,F,N,F,A,A,A,H,-,A,A,0,,,Y,,Y,,C,02,0,0,0,0,0,0,0,1,0,"- ","- ",,,"CONTRA COSTA",PITTSBURG,-121.89555358886719,38.00067138671875
82096229,2023,2023-06-19,0708,2023-04-25,1216,357,8303,2,5,5,0708,0,0,0,,0,005,"RAILROAD AVE","BUCHANAN RD",151.00,N,N,A,-,N,,,,,,,,,,Y,2,0,1,1,A,-,03,22350,,N,E,I,A,A,H,-,A,D,0,,,,,Y,,A,08,1,0,0,0,0,0,0,0,0,"- ","- ",,,"CONTRA COSTA",PITTSBURG,-121.89634704589844,37.998497009277344
82096230,2023,2023-06-19,0708,2023-05-07,2200,399,8409,7,5,5,0708,0,0,0,,0,005,"E. LEALAND RD.","LOVERIDGE RD",0.00,,Y,A,-,N,,,,,,,,,,Y,4,0,2,2,A,-,12,21453,A,N,D,C,A,A,H,-,C,A,0,,,,,Y,,A,01,0,0,2,0,0,0,0,0,0,"- ","- ",,,"CONTRA COSTA",PITTSBURG,-121.87096405029297,38.008159637451172
82097516,2022,2023-06-22,0704,2022-12-29,1803,0537,,4,5,6,0704,0,0,0,,0,002,"CLAYTON RD","ELLIS ST",60.00,E,N,A,C,N,,,,,,,,,,N,1,1,0,2,A,-,11,21453,D,N,G,B,D,B,H,-,C,A,0,Y,,,,Y,,N,60,0,0,0,1,0,0,0,0,0,"- ","- ",37.972480773925781,-122.03926849365234,"CONTRA COSTA",CONCORD,-122.03915405273438,37.972602844238281