CASE_ID,ACCIDENT_YEAR,PROC_DATE,JURIS,COLLISION_DATE,COLLISION_TIME,OFFICER_ID,REPORTING_DISTRICT,DAY_OF_WEEK,CHP_SHIFT,POPULATION,CNTY_CITY_LOC,SPECIAL_COND,BEAT_TYPE,CHP_BEAT_TYPE,CITY_DIVISION_LAPD,CHP_BEAT_CLASS,BEAT_NUMBER,PRIMARY_RD,SECONDARY_RD,DISTANCE,DIRECTION,INTERSECTION,WEATHER_1,WEATHER_2,STATE_HWY_IND,CALTRANS_COUNTY,CALTRANS_DISTRICT,STATE_ROUTE,ROUTE_SUFFIX,POSTMILE_PREFIX,POSTMILE,LOCATION_TYPE,RAMP_INTERSECTION,SIDE_OF_HWY,TOW_AWAY,COLLISION_SEVERITY,NUMBER_KILLED,NUMBER_INJURED,PARTY_COUNT,PRIMARY_COLL_FACTOR,PCF_CODE_OF_VIOL,PCF_VIOL_CATEGORY,PCF_VIOLATION,PCF_VIOL_SUBSECTION,HIT_AND_RUN,TYPE_OF_COLLISION,MVIW,PED_ACTION,ROAD_SURFACE,ROAD_COND_1,ROAD_COND_2,LIGHTING,CONTROL_DEVICE,CHP_ROAD_TYPE,PEDESTRIAN_ACCIDENT,BICYCLE_ACCIDENT,MOTORCYCLE_ACCIDENT,TRUCK_ACCIDENT,NOT_PRIVATE_PROPERTY,ALCOHOL_INVOLVED,STWD_VEHTYPE_AT_FAULT,CHP_VEHTYPE_AT_FAULT,COUNT_SEVERE_INJ,COUNT_VISIBLE_INJ,COUNT_COMPLAINT_PAIN,COUNT_PED_KILLED,COUNT_PED_INJURED,COUNT_BICYCLIST_KILLED,COUNT_BICYCLIST_INJURED,COUNT_MC_KILLED,COUNT_MC_INJURED,PRIMARY_RAMP,SECONDARY_RAMP,LATITUDE,LONGITUDE,COUNTY,CITY,POINT_X,POINT_Y
82328548,2024,2024-03-04,0708,2024-02-05,2057,404,8301,1,5,5,0708,0,0,0,,0,004,"WEST LELAND RD","MARSH AVE",0.00,,Y,A,-,N,,,,,,,,,,Y,3,0,1,2,A,-,09,21801,A,N,D,C,A,A,H,-,C,A,0,,,,,Y,,A,01,0,1,0,0,0,0,0,0,0,"- ","- ",,,"CONTRA COSTA",PITTSBURG,-121.89738464355469,38.014369964599609
82328707,2024,2024-03-04,0714,2024-03-02,2017,185,08-2,6,5,4,0714,0,0,0,,0,002,"ALHAMBRA AV","ALLEN ST",50.00,S,-,A,-,N,,,,,,,,,,Y,3,0,1,3,A,-,01,23152,,N,C,E,A,B,H,-,C,A,0,,,,,Y,Y,A,01,0,1,0,0,0,0,0,0,0,"- ","- ",38.009231567382812,-122.13130187988281,"CONTRA COSTA",MARTINEZ,-122.13117980957031,38.009082794189453
82329565,2023,2024-03-05,0701,2023-12-31,2142,6392,,7,5,5,0701,0,0,0,,0,004,"LONE TREE WAY","WEST TREGALLAS ROAD",0.00,,Y,A,-,N,,,,,,,,,,Y,4,0,1,2,A,-,17,21461,A,N,D,C,A,A,H,-,C,A,0,,,,,Y,,A,07,0,0,1,0,0,0,0,0,0,"- ","- ",37.995601654052734,-121.80713653564453,"CONTRA COSTA",ANTIOCH,-121.80724334716797,37.995586395263672
82329566,2024,2024-03-06,0701,2024-02-01,2215,6151,409,4,5,5,0701,0,0,0,,0,004,"LONE TREE WAY","DAVISON DR",338.00,N,N,C,-,N,,,,,,,,,,N,3,0,1,2,A,-,11,21955,,N,G,B,D,B,H,-,C,A,0,Y,,,,Y,Y,N,60,0,1,0,0,1,0,0,0,0,"- ","- ",,,"CONTRA COSTA",ANTIOCH,-121.80604553222656,37.985996246337891
82329568,2024,2024-03-05,0701,2024-02-11,2213,3639,,7,5,5,0701,0,0,0,,0,,"HILLCREST AVE","RENWICK LN",0.00,,Y,C,-,N,,,,,,,,,,Y,3,0,4,2,A,-,09,21800,A,N,D,C,A,B,H,-,C,A,0,,,,,Y,,A,01,0,2,2,0,0,0,0,0,0,"- ","- ",,,"CONTRA COSTA",ANTIOCH,-121.78749847412109,38.000087738037109
82329569,2024,2024-03-05,0701,2024-02-16,1059,3639,,5,5,5,0701,0,0,0,,0,,"JAMES DONLON BLVD","LONE TREE WAY",0.00,,Y,A,-,N,,,,,,,,,,N,3,0,1,2,A,-,10,21950,A,N,G,B,B,A,H,-,A,A,0,Y,,,,Y,,A,01,0,1,0,0,1,0,0,0,0,"- ","- ",,,"CONTRA COSTA",ANTIOCH,-121.80561065673828,37.981063842773438
82329571,2024,2024-03-05,0701,2024-02-24,"120 ",6392,,6,5,5,0701,0,0,0,,0,,"JAMES DONLON BLVD","NIGHTINGALE DR",369.00,N,N,A,-,N,,,,,,,,,,N,4,0,1,1,A,-,01,23152,A,N,E,I,A,A,H,-,C,D,0,,,,,Y,Y,A,01,0,0,1,0,0,0,0,0,0,"- ","- ",37.980171203613281,-121.81819152832031,"CONTRA COSTA",ANTIOCH,-121.81697082519531,37.980270385742188
82329720,2024,2024-03-05,0708,2024-02-22,2105,355,8203,4,5,5,0708,0,0,0,,0,002,"10TH ST","SOLARI ST",14.00,E,N,A,-,N,,,,,,,,,,Y,4,0,1,2,A,-,01,23152,B,N,A,E,A,A,H,-,C,A,0,,,,,Y,Y,A,07,0,0,1,0,0,0,0,0,0,"- ","- ",,,"CONTRA COSTA",PITTSBURG,-121.8809814453125,38.026908874511719
82330963,2024,2024-03-06,0714,2024-03-05,"141 ",170,,2,5,4,0714,0,0,0,,0,004,"MORELLO AVENUE","PINE MEADOW DR",332.00,N,-,A,-,N,,,,,,,,,,N,3,0,1,2,A,-,08,22107,,N,B,E,A,A,H,-,C,D,0,,,,,Y,,A,01,0,1,0,0,0,0,0,0,0,"- ","- ",37.987888336181641,-122.10236358642578,"CONTRA COSTA",MARTINEZ,,
82330997,2024,2024-07-16,0711,2024-02-06,"307 ",S1169,,2,5,4,0711,0,0,0,,0,0S1,"14501 SAN PABLO AVE","EL PORTAL DR",0.00,,Y,A,-,N,,,,,,,,,,Y,1,1,0,2,A,-,00,21955,A,N,G,B,E,A,H,-,C,D,0,Y,,,,Y,,N,60,0,0,0,1,0,0,0,0,0,"- ","- ",37.967781066894531,-122.34417724609375,"CONTRA COSTA","SAN PABLO",-122.34416961669922,37.967418670654297
82331768,2023,2024-03-07,0701,2023-09-02,1348,6396,,6,5,5,0701,0,0,0,,0,,"LAUREL RD","CANADA HILLS DR",0.00,,Y,A,-,N,,,,,,,,,,Y,2,0,1,2,A,-,09,21800,A,N,D,C,A,A,H,-,A,D,0,,,,Y,Y,,-,"- ",1,0,0,0,0,0,0,0,0,"- ","- ",,,"CONTRA COSTA",ANTIOCH,-121.75865173339844,37.972152709960938
82333102,2024,2024-03-08,0704,2024-02-20,1734,0653,5,2,5,6,0704,0,0,0,,0,005,"COWELL RD","LARWIN AVE",447.00,N,N,A,-,N,,,,,,,,,,Y,4,0,1,2,A,-,04,21703,,N,C,C,A,A,H,-,B,A,0,,,,,Y,,A,01,0,0,1,0,0,0,0,0,0,"- ","- ",37.950469970703125,-121.99693298339844,"CONTRA COSTA",CONCORD,-121.99624633789062,37.949790954589844
82333900,2023,2024-03-11,0701,2023-08-07,1200,6014,,1,5,5,0701,0,0,0,,0,,"LONE TREE WAY","SAGEBRUSH DR",0.00,,Y,A,-,N,,,,,,,,,,Y,4,0,1,2,A,-,12,21453,A,N,A,C,A,A,H,-,A,A,0,,,,,Y,,A,01,0,0,1,0,0,0,0,0,0,"- ","- ",,,"CONTRA COSTA",ANTIOCH,-121.77259063720703,37.963817596435547
82333901,2023,2024-03-11,0701,2023-10-27,1333,6396,,5,5,5,0701,0,0,0,,0,005,"DEER VALLEY RD","WELLNESS WAY",0.00,N,Y,A,-,N,,,,,,,,,,Y,3,0,2,2,A,-,12,21453,A,N,D,C,A,A,H,-,A,A,0,,,,,Y,,-,"- ",0,1,1,0,0,0,0,0,0,"- ","- ",,,"CONTRA COSTA",ANTIOCH,-121.77817535400391,37.952621459960938
82333957,2024,2024-03-11,0704,2024-02-07,"854 ",0659,,3,5,6,0704,0,0,0,,0,001,"MARKET ST","CONCORD AVE (S)",0.00,,Y,A,-,N,,,,,,,,,,N,4,0,1,2,A,-,12,21453,A,F,D,G,A,A,H,-,A,A,0,,Y,,,Y,,L,04,0,0,1,0,0,0,1,0,0,"- ","- ",37.978431701660156,-122.04163360595703,"CONTRA COSTA",CONCORD,-122.04190063476562,37.978660583496094
82333960,2024,2024-03-11,0704,2024-03-04,2307,654,,1,5,6,0704,0,0,0,,0,004,"WILLOW PASS RD","6TH STREET",150.00,W,N,A,-,N,,,,,,,,,,Y,4,0,1,1,A,-,01,23152,A,N,E,I,A,A,H,-,C,A,0,,,,,Y,Y,A,01,0,0,1,0,0,0,0,0,0,"- ","- ",,,"CONTRA COSTA",CONCORD,-122.01922607421875,37.98162841796875
82334444,2024,2024-03-12,0704,2024-03-03,"819 ",538,,7,5,6,0704,0,0,0,,0,003,"MONUMENT BLVD","MI CASA CT.",162.00,E,N,A,-,N,,,,,,,,,,Y,4,0,1,2,A,-,08,22107,,N,D,C,A,B,H,-,A,D,0,,,,,Y,,A,01,0,0,1,0,0,0,0,0,0,"- ","- ",,,"CONTRA COSTA",CONCORD,-122.04100799560547,37.9549560546875
82334448,2024,2024-03-11,0704,2024-03-10,1006,538,,7,5,6,0704,0,0,0,,0,006,"CONCORD BLVD","AYERS RD",0.00,,Y,A,-,N,,,,,,,,,,Y,4,0,4,2,A,-,12,21453,A,N,D,C,A,A,H,-,A,A,0,,,,,Y,,D,22,0,0,4,0,0,0,0,0,0,"- ","- ",37.962959289550781,-121.96456146240234,"CONTRA COSTA",CONCORD,-121.96459197998047,37.962970733642578
82334553,2024,2024-03-11,0714,2024-02-14,"540 ",174,12-2,3,5,4,0714,0,0,0,,0,002,"HOWE RD","38.006147, -122.110837",0.00,,Y,A,-,N,,,,,,,,,,Y,3,0,1,2,A,-,08,22107,,N,C,E,A,A,H,-,C,A,0,,,,,Y,,A,01,0,1,0,0,0,0,0,0,0,"- ","- ",38.004459381103516,-122.11165618896484,"CONTRA COSTA",MARTINEZ,-122.110781,38.004399999999997
82335536,2023,2024-03-13,0701,2023-11-19,1412,5228,,7,5,5,0701,0,0,0,,0,004,"LONE TREE WAY","TERRANOVA DR",50.00,S,N,A,-,N,,,,,,,,,,N,4,0,1,2,A,-,03,22350,,F,C,C,A,A,H,-,A,D,0,,,,,Y,Y,A,01,0,0,1,0,0,0,0,0,0,"- ","- ",,,"CONTRA COSTA",ANTIOCH,-121.80732727050781,37.988124847412109
82335547,2024,2024-03-12,0701,2024-01-27,1039,6119,0701,6,5,5,0701,0,0,0,,0,006,"LONE TREE WAY","RT 4",0.00,,Y,A,-,N,,,,,,,,,,Y,3,0,2,3,A,-,12,21453,A,N,D,C,A,A,H,-,A,A,0,,,,,Y,,A,01,0,1,1,0,0,0,0,0,0,"- ","- ",,,"CONTRA COSTA",ANTIOCH,-121.74336242675781,37.961566925048828
82335553,2024,2024-03-13,0701,2024-02-10,1433,6370,,6,5,5,0701,0,0,0,,0,,"AUTO CENTER DR","WB HIGHWAY 4 OFFRAMP",50.00,S,N,A,-,N,,,,,,,,,,N,4,0,1,2,A,-,03,22350,,N,C,C,A,A,H,-,A,A,0,,,,,Y,,A,01,0,0,1,0,0,0,0,0,0,"- ","- ",,,"CONTRA COSTA",ANTIOCH,-121.83743286132812,38.003810882568359
82335555,2024,2024-03-12,0701,2024-02-13,1607,6070,ANTIO,2,5,5,0701,0,0,0,,0,002,"18TH ST","ALPHA WAY",0.00,,Y,A,-,N,,,,,,,,,,Y,4,0,1,2,A,-,09,21804,A,N,D,C,A,A,H,-,A,A,0,,,Y,,Y,,A,01,0,0,1,0,0,0,0,0,1,"- ","- ",,,"CONTRA COSTA",ANTIOCH,-121.80064392089844,38.004913330078125
82335558,2024,2024-03-13,0701,2024-02-22,2106,5228,,4,5,5,0701,0,0,0,,0,007,"LONE TREE WAY","CANADA VALLEY RD",0.00,,Y,A,-,N,,,,,,,,,,Y,4,0,2,2,A,-,09,21453,C,N,D,C,A,A,H,-,C,A,0,,,,,Y,,A,01,0,0,2,0,0,0,0,0,0,"- ","- ",,,"CONTRA COSTA",ANTIOCH,-121.74745941162109,37.961746215820312
82336817,2024,2024-03-13,0704,2024-01-29,1348,0592,,1,5,6,0704,0,0,0,,0,,"WILLOW PASS RD","SUTTER ST",130.00,W,N,A,-,N,,,,,,,,,,N,4,0,1,2,D,-,00,,,M,H,G,A,A,H,-,A,A,0,,Y,,,Y,,-,"- ",0,0,1,0,0,0,1,0,0,"- ","- ",37.974411010742188,-122.03867340087891,"CONTRA COSTA",CONCORD,-122.03898620605469,37.974235534667969
82337800,2024,2024-03-14,0704,2024-02-26,1710,0657,,1,5,6,0704,0,0,0,,0,004,"COMMERCIAL CIR","BATES AVE (W)",342.00,N,N,A,-,N,,,,,,,,,,N,3,0,1,1,A,-,03,22350,,N,F,A,A,A,H,-,B,D,0,,,Y,,Y,,C,02,0,1,0,0,0,0,0,0,1,"- ","- ",38.014331817626953,-122.03077697753906,"CONTRA COSTA",CONCORD,-122.03098297119141,38.015228271484375
82337801,2024,2024-03-14,0704,2024-02-29,1350,0657,,4,5,6,0704,0,0,0,,0,004,"INDUSTRIAL WAY","PIKE CT",0.00,,Y,C,-,N,,,,,,,,,,Y,4,0,1,2,A,-,12,22450,A,N,D,C,A,B,H,-,A,A,0,,,,,Y,,A,01,0,0,1,0,0,0,0,0,0,"- ","- ",38.010959625244141,-122.03369903564453,"CONTRA COSTA",CONCORD,-122.03379058837891,38.010951995849609
82337802,2024,2024-03-15,0704,2024-02-29,1534,0657,,4,5,6,0704,0,0,0,,0,001,"OLIVERA RD","NORTHWOOD DR",0.00,,Y,A,C,N,,,,,,,,,,Y,3,0,3,2,A,-,17,21461,A,N,A,C,A,B,H,-,A,A,0,,,Y,,Y,,C,02,0,2,1,0,0,0,0,0,1,"- ","- ",37.990001678466797,-122.04000091552734,"CONTRA COSTA",CONCORD,-122.04042053222656,37.998023986816406
82337803,2024,2024-03-14,0704,2024-03-05,1502,0657,,2,5,6,0704,0,0,0,,0,004,"PARKSIDE DR","EUCLID AVE",0.00,,Y,B,-,N,,,,,,,,,,Y,4,0,1,2,A,-,08,22107,,N,D,C,A,A,H,-,A,A,0,,,,,Y,,A,01,0,0,1,0,0,0,0,0,0,"- ","- ",37.970001220703125,-122.01999664306641,"CONTRA COSTA",CONCORD,-122.02426147460938,37.978504180908203
82337804,2024,2024-03-14,0704,2024-03-07,1107,0376,,4,5,6,0704,0,0,0,,0,001,"ARNOLD INDUSTRIAL WAY","INDUSTRIAL WAY",1000.00,W,N,A,-,N,,,,,,,,,,N,4,0,1,2,A,-,03,22350,,M,G,B,E,A,H,-,A,D,0,Y,,,,Y,,A,01,0,0,1,0,1,0,0,0,0,"- ","- ",38.008350372314453,-122.03176879882812,"CONTRA COSTA",CONCORD,-122.03394317626953,38.011276245117188
82337805,2024,2024-03-15,0704,2024-03-13,"642 ",0589,,3,5,6,0704,0,0,0,,0,004,"PORT CHICAGO HWY","ARNOLD INDUSTRIAL WAY",0.00,,Y,B,-,N,,,,,,,,,,Y,4,0,2,2,A,-,12,21453,A,N,A,C,A,A,H,-,C,A,0,,,,,Y,,D,22,0,0,2,0,0,0,0,0,0,"- ","- ",38.01171875,-122.02358245849609,"CONTRA COSTA",CONCORD,-122.02339935302734,38.011768341064453
82338901,2024,2024-03-15,0701,2024-02-24,2046,4032,,6,5,5,0701,0,0,0,,0,004,"LONGVIEW RD","G ST",246.00,W,N,A,-,N,,,,,,,,,,Y,4,0,1,2,A,-,01,23152,A,N,C,E,A,A,H,-,C,D,0,,,,,Y,Y,A,07,0,0,1,0,0,0,0,0,0,"- ","- ",,,"CONTRA COSTA",ANTIOCH,-121.81851959228516,37.989471435546875
82339034,2024,2024-03-15,0708,2024-02-27,1715,355,,2,5,5,0708,0,0,0,,0,004,"RAILROAD AVE","LELAND RD",55.00,S,N,A,-,N,,,,,,,,,,N,4,0,1,2,A,-,03,22350,,N,C,C,A,A,H,-,A,A,0,,,,,Y,,A,07,0,0,1,0,0,0,0,0,0,"- ","- ",,,"CONTRA COSTA",PITTSBURG,-121.89125823974609,38.012054443359375
82340096,2024,2024-03-18,0708,2024-01-18,2049,395,8414,4,5,5,0708,0,0,0,,0,005,"BUCHANAN RD","LOVERIDGE RD",75.00,E,N,A,-,N,,,,,,,,,,Y,4,0,1,2,A,-,01,23152,A,N,C,C,A,B,H,-,C,A,0,,,,,Y,Y,A,01,0,0,1,0,0,0,0,0,0,"- ","- ",,,"CONTRA COSTA",PITTSBURG,-121.87370300292969,37.997970581054688
82340098,2024,2024-03-18,0708,2024-02-23,1906,409,8213,5,5,5,0708,0,0,0,,0,002,"PITTSBURG ANTIOCH HWY","ARCY LN",1854.00,W,N,A,-,N,,,,,,,,,,Y,3,0,1,2,A,-,08,22105,,N,D,C,A,A,H,-,C,D,0,,,,,Y,,A,08,0,1,0,0,0,0,0,0,0,"- ","- ",38.007160186767578,-121.84287261962891,"CONTRA COSTA",PITTSBURG,-121.84938812255859,38.012493133544922
82340289,2024,2024-03-18,0704,2024-03-14,"830 ",0609,5,4,5,6,0704,0,0,0,,0,005,"LANDANA DR","CONCORD BLVD",3.00,N,N,A,-,N,,,,,,,,,,N,4,0,1,2,A,-,10,21950,A,F,G,B,C,A,H,-,A,A,0,Y,,,,Y,,A,01,0,0,1,0,1,0,0,0,0,"- ","- ",37.97711181640625,-121.99407958984375,"CONTRA COSTA",CONCORD,-121.99423980712891,37.977989196777344
82340290,2024,2024-03-18,0704,2024-03-15,"747 ",611,3,5,5,6,0704,0,0,0,,0,003,"MOHR LN","DEL RIO CT",200.00,W,N,A,-,N,,,,,,,,,,Y,3,0,3,2,A,-,07,21658,A,N,F,E,A,A,H,-,A,A,0,,,,,Y,,A,01,0,2,1,0,0,0,0,0,0,"- ","- ",37.943729400634766,-122.04538726806641,"CONTRA COSTA",CONCORD,-122.04524993896484,37.943431854248047
82340318,2024,2024-03-18,0708,2024-02-03,2050,406,8301,6,5,5,0708,0,0,0,,0,004,"ALVARADO AVE","RAILROAD AVE",0.00,,Y,A,-,N,,,,,,,,,,N,2,0,1,2,A,-,09,21453,C,N,D,C,A,A,H,-,C,A,0,,,,,Y,,A,01,1,0,0,0,0,0,0,0,0,"- ","- ",38.005180358886719,-121.89202117919922,"CONTRA COSTA",PITTSBURG,-121.89199829101562,38.0098876953125
82340459,2024,2024-03-18,0714,2024-03-14,1555,121,,4,5,4,0714,0,0,0,,0,003,"MUIR RD","FOUNTSINHEAD DR",183.00,W,-,A,-,N,,,,,,,,,,N,3,0,1,1,A,-,05,21651,B,N,E,I,A,A,H,-,A,A,0,,Y,,,Y,,L,04,0,1,0,0,0,0,1,0,0,"- ","- ",37.989730834960938,-122.08596038818359,"CONTRA COSTA",MARTINEZ,-122.08573913574219,37.990436553955078
82341308,2024,2024-03-19,0701,2024-01-16,1515,6166,,2,5,5,0701,0,0,0,,0,,"DELTA FAIR BLVD","SCHOOL ST",119.00,W,N,C,-,N,,,,,,,,,,N,4,0,1,3,A,-,21,22106,,N,D,E,A,B,H,-,A,D,0,,,,,Y,,D,72,0,0,1,0,0,0,0,0,0,"- ","- ",,,"CONTRA COSTA",ANTIOCH,-121.85054779052734,38.003795623779297
82341309,2024,2024-04-09,0701,2024-01-23,1931,6795,,2,5,5,0701,0,0,0,,0,007,"LONE TREE WAY","CANADA VALLEY RD",0.00,,Y,A,-,N,,,,,,,,,,N,4,0,1,3,A,-,08,22107,,N,D,D,A,A,H,-,C,A,0,,,,,Y,,A,01,0,0,1,0,0,0,0,0,0,"- ","- ",,,"CONTRA COSTA",ANTIOCH,-121.74745941162109,37.961746215820312
82341311,2024,2024-03-19,0701,2024-02-09,1747,5897,,5,5,5,0701,0,0,0,,0,002,"18TH ST","HELMUTH LN",63.00,E,N,A,-,N,,,,,,,,,,N,4,0,1,2,A,-,05,21650,,N,H,G,A,A,H,-,C,B,0,,Y,,,Y,,L,04,0,0,1,0,0,0,1,0,0,"- ","- ",,,"CONTRA COSTA",ANTIOCH,-121.80119323730469,38.004909515380859
82341314,2024,2024-03-19,0701,2024-03-09,2030,4032,,6,5,5,0701,0,0,0,,0,,"10TH ST","D ST",0.00,,Y,A,-,N,,,,,,,,,,N,4,0,2,2,A,-,21,22106,,N,D,C,A,A,H,-,C,A,0,,,,,Y,,A,01,0,0,2,0,0,0,0,0,0,"- ","- ",,,"CONTRA COSTA",ANTIOCH,-121.81004333496094,38.011203765869141
82341316,2024,2024-03-19,0701,2024-03-10,1341,6119,,7,5,5,0701,0,0,0,,0,,"EAGLERIDGE DR","ASILOMAR DR",0.00,,Y,A,-,N,,,,,,,,,,Y,4,0,1,2,A,-,08,22107,,F,D,C,A,A,H,-,A,D,0,,,,,Y,,A,01,0,0,1,0,0,0,0,0,0,"- ","- ",,,"CONTRA COSTA",ANTIOCH,-121.79236602783203,37.974220275878906
82341320,2024,2024-03-19,0701,2024-03-13,1202,5707,,3,5,5,0701,0,0,0,,0,007,"LONE TREE WAY","JEFFERY WAY",0.00,,Y,A,-,N,,,,,,,,,,N,3,0,1,2,A,-,08,22101,D,N,D,C,A,A,H,-,A,A,0,,,,,Y,,D,83,0,1,0,0,0,0,0,0,0,"- ","- ",,,"CONTRA COSTA",ANTIOCH,-121.74165344238281,37.961559295654297
82341445,2024,2024-03-19,0708,2024-01-19,"335 ",395,,5,5,5,0708,0,0,0,,0,002,"CENTURY BLVD","CENTURY WAY",0.00,,N,-,-,N,,,,,,,,,,Y,4,0,1,1,A,-,03,22350,,N,E,I,A,A,H,-,C,A,0,,,,,Y,,A,01,0,0,1,0,0,0,0,0,0,"- ","- ",,,"CONTRA COSTA",PITTSBURG,-121.84941101074219,38.0098876953125
82342483,2024,2024-03-20,0704,2024-03-12,2135,0571,,2,5,6,0704,0,0,0,,0,006,"BAILEY RD","CLAYTON RD (E)",0.00,,Y,A,-,N,,,,,,,,,,N,2,0,1,2,A,-,12,21453,A,N,D,C,A,A,H,-,C,A,0,,,Y,Y,Y,,C,03,1,0,0,0,0,0,0,0,1,"- ","- ",37.961048126220703,-121.98265075683594,"CONTRA COSTA",CONCORD,-121.98265838623047,37.961116790771484
82344494,2023,2024-03-28,0708,2023-12-04,1840,406,,1,5,5,0708,0,0,0,,0,004,"RAILROAD AVE","EB SR HWY 4",0.00,,Y,A,-,N,,,,,,,,,,Y,3,0,1,2,A,-,12,21453,A,N,B,C,A,A,H,-,B,A,0,,,,,Y,,A,01,0,1,0,0,0,0,0,0,0,"- ","- ",,,"CONTRA COSTA",PITTSBURG,-121.8895263671875,38.017116546630859
82345247,2023,2024-03-25,0708,2023-11-30,1252,413,8402,4,5,5,0708,0,0,0,,0,004,"ATLANTIC AVE","RAILROAD AVE",620.00,E,N,A,-,N,,,,,,,,,,Y,3,0,1,2,A,-,09,21800,A,N,D,C,A,A,H,-,A,A,0,,,,,Y,,A,01,0,1,0,0,0,0,0,0,0,"- ","- ",,,"CONTRA COSTA",PITTSBURG,-121.89055633544922,38.007732391357422
82345249,2024,2024-03-25,0708,2024-01-20,1207,407,8302,6,5,5,0708,0,0,0,,0,001,"W 10TH ST","RAILROAD AVE",91.00,W,N,B,-,N,,,,,,,,,,Y,3,0,1,1,A,-,01,23152,F,N,E,I,A,B,H,-,A,A,0,,,,,Y,Y,I,11,0,1,0,0,0,0,0,0,0,"- ","- ",,,"CONTRA COSTA",PITTSBURG,-121.88542938232422,38.027976989746094
82345784,2024,2024-03-25,0704,2024-03-18,"211 ",644,,1,5,6,0704,0,0,0,,0,,"SAN MIGUEL RD","MARILYN WAY (S)",103.00,S,N,A,-,N,,,,,,,,,,N,3,0,1,3,A,-,01,23153,A,N,B,E,A,A,H,-,C,D,0,,,,,Y,Y,A,01,0,1,0,0,0,0,0,0,0,"- ","- ",37.965408325195312,-122.03085327148438,"CONTRA COSTA",CONCORD,-122.03104400634766,37.966583251953125
82345788,2024,2024-03-26,0704,2024-03-22,1829,0579,,5,5,6,0704,0,0,0,,0,001,"WILLOW PASS RD","MARKET ST",0.00,,Y,A,-,N,,,,,,,,,,Y,4,0,2,2,A,-,12,21453,A,N,D,C,A,A,H,-,A,A,0,,,,,Y,,A,01,0,0,2,0,0,0,0,0,0,"- ","- ",37.970970153808594,-122.04592132568359,"CONTRA COSTA",CONCORD,-122.04595184326172,37.971073150634766
82345791,2024,2024-03-25,0704,2024-03-23,"105 ",0542,,6,5,6,0704,0,0,0,,0,,"WILLOW PASS RD","LYNWOOD DR",1990.00,N,N,C,-,N,,,,,,,,,,Y,2,0,1,1,A,-,03,22350,,N,E,I,A,B,H,-,D,D,0,,,,,Y,Y,A,01,1,0,0,0,0,0,0,0,0,"- ","- ",37.990550994873047,-122.00379180908203,"CONTRA COSTA",CONCORD,-122.00175476074219,37.9962158203125
82345884,2024,2024-03-25,0714,2024-03-21,"648 ",129,,4,5,4,0714,0,0,0,,0,001,"BERRELLESA ST","HAVEN ST",0.00,,Y,A,-,N,,,,,,,,,,N,3,0,2,2,A,-,08,22107,,N,B,C,A,A,H,-,C,D,0,,,,,Y,,D,22,0,1,1,0,0,0,0,0,0,"- ","- ",38.011558532714844,-122.1346435546875,"CONTRA COSTA",MARTINEZ,-122.13459777832031,38.011554718017578
82346544,2024,2024-03-25,0714,2024-03-17,1234,168,,7,5,4,0714,0,0,0,,0,003,"1350 ARNOLD DR","EASTGATRE LN",0.00,,Y,A,-,N,,,,,,,,,,N,3,0,1,2,A,-,04,21703,,N,C,C,A,A,H,-,A,A,0,,,Y,,Y,,C,02,0,1,0,0,0,0,0,0,1,"- ","- ",37.992069244384766,-122.09848022460938,"CONTRA COSTA",MARTINEZ,-122.09767150878906,37.991584777832031
82346762,2024,2024-03-26,0701,2024-02-11,"628 ",6119,,7,5,5,0701,0,0,0,,0,003,"CONTRA LOMA BLVD","RT 4",0.00,,Y,A,-,N,,,,,,,,,,Y,4,0,1,2,A,-,01,23152,A,F,G,B,B,A,H,-,A,A,0,Y,,,,Y,Y,A,01,0,0,1,0,1,0,0,0,0,"- ","- ",,,"CONTRA COSTA",ANTIOCH,-121.821533203125,37.999603271484375
82346764,2024,2024-03-26,0701,2024-02-24,1545,6119,,6,5,5,0701,0,0,0,,0,002,"10TH ST","A ST",0.00,,Y,A,-,N,,,,,,,,,,Y,2,0,1,2,A,-,08,22107,,N,D,C,A,A,H,-,A,D,0,,,Y,Y,Y,,F,75,1,0,0,0,0,0,0,0,1,"- ","- ",,,"CONTRA COSTA",ANTIOCH,-121.80603790283203,38.011177062988281
82346768,2024,2024-03-26,0701,2024-03-05,1204,6119,,2,5,5,0701,0,0,0,,0,006,"LONE TREE WAY","CLAYBURN RD",0.00,,Y,A,-,N,,,,,,,,,,N,4,0,1,2,A,-,08,22107,,N,G,B,B,A,H,-,A,A,0,Y,,,,Y,,A,01,0,0,1,0,1,0,0,0,0,"- ","- ",,,"CONTRA COSTA",ANTIOCH,-121.80577850341797,37.983383178710938
82346769,2024,2024-03-26,0701,2024-03-09,2316,6139,,6,5,5,0701,0,0,0,,0,004,"RIO GRANDE DR","SAINT FRANCES DR",300.00,S,N,A,-,N,,,,,,,,,,Y,2,0,1,2,A,-,01,23153,A,N,A,E,A,A,H,-,C,D,0,,,,,Y,Y,A,01,1,0,0,0,0,0,0,0,0,"- ","- ",,,"CONTRA COSTA",ANTIOCH,-121.82558441162109,37.996662139892578
82346772,2024,2024-03-26,0701,2024-03-17,1704,6594,,7,5,5,0701,0,0,0,,0,005,"STANFORD WAY","FORTY NINER WAY",19.00,E,N,A,-,N,,,,,,,,,,N,4,0,1,2,A,-,11,21955,,N,G,B,D,A,H,-,A,D,0,Y,,,,Y,,N,60,0,0,1,0,1,0,0,0,0,"- ","- ",,,"CONTRA COSTA",ANTIOCH,-121.77928161621094,37.957065582275391
82346773,2024,2024-03-26,0701,2024-03-18,"825 ",6119,,1,5,5,0701,0,0,0,,0,006,"DEER VALLEY RD","ASILOMAR DR",0.00,,Y,A,-,N,,,,,,,,,,Y,3,0,4,2,A,-,08,22107,,N,C,C,A,A,H,-,A,D,0,,,,,Y,,A,01,0,1,3,0,0,0,0,0,0,"- ","- ",,,"CONTRA COSTA",ANTIOCH,-121.78411865234375,37.973178863525391