CASE_ID,ACCIDENT_YEAR,PROC_DATE,JURIS,COLLISION_DATE,COLLISION_TIME,OFFICER_ID,REPORTING_DISTRICT,DAY_OF_WEEK,CHP_SHIFT,POPULATION,CNTY_CITY_LOC,SPECIAL_COND,BEAT_TYPE,CHP_BEAT_TYPE,CITY_DIVISION_LAPD,CHP_BEAT_CLASS,BEAT_NUMBER,PRIMARY_RD,SECONDARY_RD,DISTANCE,DIRECTION,INTERSECTION,WEATHER_1,WEATHER_2,STATE_HWY_IND,CALTRANS_COUNTY,CALTRANS_DISTRICT,STATE_ROUTE,ROUTE_SUFFIX,POSTMILE_PREFIX,POSTMILE,LOCATION_TYPE,RAMP_INTERSECTION,SIDE_OF_HWY,TOW_AWAY,COLLISION_SEVERITY,NUMBER_KILLED,NUMBER_INJURED,PARTY_COUNT,PRIMARY_COLL_FACTOR,PCF_CODE_OF_VIOL,PCF_VIOL_CATEGORY,PCF_VIOLATION,PCF_VIOL_SUBSECTION,HIT_AND_RUN,TYPE_OF_COLLISION,MVIW,PED_ACTION,ROAD_SURFACE,ROAD_COND_1,ROAD_COND_2,LIGHTING,CONTROL_DEVICE,CHP_ROAD_TYPE,PEDESTRIAN_ACCIDENT,BICYCLE_ACCIDENT,MOTORCYCLE_ACCIDENT,TRUCK_ACCIDENT,NOT_PRIVATE_PROPERTY,ALCOHOL_INVOLVED,STWD_VEHTYPE_AT_FAULT,CHP_VEHTYPE_AT_FAULT,COUNT_SEVERE_INJ,COUNT_VISIBLE_INJ,COUNT_COMPLAINT_PAIN,COUNT_PED_KILLED,COUNT_PED_INJURED,COUNT_BICYCLIST_KILLED,COUNT_BICYCLIST_INJURED,COUNT_MC_KILLED,COUNT_MC_INJURED,PRIMARY_RAMP,SECONDARY_RAMP,LATITUDE,LONGITUDE,COUNTY,CITY,POINT_X,POINT_Y
8280679,2016,2017-01-12,0700,2016-11-26,2249,79324,33,6,5,4,0790,0,0,0,,0,063,"CAMINO TASSAJARA","GLASGOW CIR",611.00,W,N,C,-,N,,,,,,,,,,Y,4,0,1,1,A,-,03,22350,,N,E,I,A,B,H,-,C,A,0,,,,,Y,Y,A,01,0,0,1,0,0,0,0,0,0,"- ","- ",,,"CONTRA COSTA",DANVILLE,-121.9654319,37.815960750000002
8280703,2016,2017-01-12,0740,2016-11-21,1556,SR053,SR72,1,5,4,0791,0,0,0,,0,005,"WINDERMERE PKWY","LONGLEAF CIR",322.00,S,N,A,-,N,,,,,,,,,,Y,2,0,2,1,A,-,01,23152,A,N,E,I,A,A,H,-,A,D,0,,,,,Y,Y,-,,1,0,1,0,0,0,0,0,0,"- ","- ",,,"CONTRA COSTA","SAN RAMON",-121.88736409000001,37.756949110000001
8280711,2016,2017-01-26,0711,2016-11-24,2213,1045,BAY,4,5,4,0711,0,0,0,,0,001,"17TH ST","LAKE ST",70.00,N,N,-,-,N,,,,,,,,,,Y,3,0,1,3,A,-,01,23152,A,N,E,C,A,-,-,-,-,D,0,,,,,Y,Y,-,"- ",0,1,0,0,0,0,0,0,0,"- ","- ",37.971299999999999,-122.34766,"CONTRA COSTA","SAN PABLO",-122.34765,37.970939999999999
8280719,2016,2017-01-12,0712,2016-11-29,1852,516,,2,5,5,0712,0,0,0,,0,,"CIVIC DR","LOCUST ST",0.00,,Y,A,-,N,,,,,,,,,,N,4,0,1,2,A,-,09,21801,A,N,D,C,A,A,H,-,C,A,0,,,,,Y,,A,07,0,0,1,0,0,0,0,0,0,"- ","- ",,,"CONTRA COSTA","WALNUT CREEK",-122.06301992,37.901329949999997
8280722,2016,2017-03-04,0705,2016-11-30,1700,E188,,3,5,3,0705,0,0,0,,0,,"FAIRMOUNT AV","RT 123",20.00,W,N,A,-,Y,CC,4,123,-,-,0.180,I,6,S,N,4,0,1,2,A,-,01,23152,,N,B,E,A,A,G,-,B,D,0,,,,,Y,Y,I,11,0,0,1,0,0,0,0,0,0,"- ","- ",,,"CONTRA COSTA","EL CERRITO",-122.30256645999999,37.900611490000003
8280740,2016,2017-01-19,0701,2016-11-11,1100,5228,103,5,5,5,0701,0,0,0,,0,001,"W 4TH ST","L ST",0.00,,Y,A,-,N,,,,,,,,,,N,4,0,1,2,A,-,12,22450,A,N,D,C,A,A,H,-,A,A,0,,,,,Y,Y,A,01,0,0,1,0,0,0,0,0,0,"- ","- ",,,"CONTRA COSTA",ANTIOCH,-121.81973988999999,38.015489989999999
8281115,2016,2017-01-17,0701,2016-10-22,0252,5537,104,6,5,5,0701,0,0,0,,0,001,"G ST","W 14TH ST",50.00,S,N,A,-,N,,,,,,,,,,Y,3,0,1,2,A,-,01,23152,A,M,B,E,A,A,H,-,C,D,0,,,,,Y,Y,A,01,0,1,0,0,0,0,0,0,0,"- ","- ",,,"CONTRA COSTA",ANTIOCH,-121.81377221,38.007962669999998
8281196,2017,2017-02-27,0740,2017-01-06,1556,SR501,SR72,5,5,4,0791,0,0,0,,0,003,"ALCOSTA BL","WOODLAND DR",0.00,,Y,B,-,N,,,,,,,,,,Y,4,0,1,2,A,-,12,21453,A,N,A,C,A,A,H,-,A,A,0,,,,Y,Y,,A,01,0,0,1,0,0,0,0,0,0,"- ","- ",37.77037,-121.9564,"CONTRA COSTA","SAN RAMON",-121.95646986,37.770339960000001
8281713,2017,2017-02-03,0704,2017-01-02,1731,0537,,1,5,6,0704,0,0,0,,0,002,"DETROIT AV","WALTERS WY",0.00,,Y,A,-,N,,,,,,,,,,Y,3,0,3,2,A,-,12,22450,A,N,D,C,A,A,H,-,C,A,0,,,,,Y,,-,"- ",0,2,1,0,0,0,0,0,0,"- ","- ",,,"CONTRA COSTA",CONCORD,-122.03576995,37.962509959999998
8281745,2017,2017-01-27,0712,2017-01-11,0950,378,,3,5,5,0712,0,0,0,,0,003,"YGNACIO VALLEY RD","WALNUT BL",20.00,W,N,B,-,N,,,,,,,,,,N,4,0,1,2,A,-,03,22350,,N,C,C,A,A,H,-,A,A,0,,,,,Y,,A,07,0,0,1,0,0,0,0,0,0,"- ","- ",,,"CONTRA COSTA","WALNUT CREEK",-122.05497343,37.908107800000003
8281879,2016,2017-01-19,0701,2016-11-30,1930,3305,0207,3,5,5,0701,0,0,0,,0,002,"HILLCREST AV","SUNSET DR",150.00,E,N,A,-,N,,,,,,,,,,Y,3,0,4,3,A,-,01,23152,A,N,A,C,A,A,H,-,C,D,0,,,,,Y,Y,D,22,0,2,2,0,0,0,0,0,0,"- ","- ",,,"CONTRA COSTA",ANTIOCH,-121.78593512,37.997294840000002
8281882,2016,2017-03-04,0704,2016-12-29,1745,521,,4,5,6,0704,0,0,0,,0,002,"RT 680","SUN VALLEY BL",0.00,,Y,A,-,Y,CC,4,680,-,-,19.183,R,4,S,Y,4,0,2,3,A,-,12,21453,A,N,D,C,A,A,H,-,C,A,0,,,,,Y,,A,01,0,0,2,0,0,0,0,0,0,"- ","- ",,,"CONTRA COSTA",CONCORD,-122.05761525,37.967756309999999
8281927,2016,2017-01-19,0701,2016-12-05,1144,5473,401,1,5,5,0701,0,0,0,,0,004,"GENTRYTOWN DR","LOPEZ DR",0.00,,Y,A,-,N,,,,,,,,,,Y,4,0,1,2,A,-,07,21658,A,N,C,E,A,A,H,-,A,D,0,,,,,Y,,A,01,0,0,1,0,0,0,0,0,0,"- ","- ",,,"CONTRA COSTA",ANTIOCH,-121.83825989,37.996549969999997
8281931,2016,2017-01-19,0701,2016-12-23,0200,5582,502,5,5,5,0701,0,0,0,,0,005,"MOUNTAIRE DR","HUNTINGTON DR",100.00,S,N,A,-,N,,,,,,,,,,N,3,0,1,3,A,-,01,23152,A,N,C,E,A,A,H,-,C,D,0,,,,,Y,Y,B,07,0,1,0,0,0,0,0,0,0,"- ","- ",,,"CONTRA COSTA",ANTIOCH,-121.80245863,37.986339749999999
8282008,2017,2017-01-25,0712,2017-01-11,0315,P529,,3,5,5,0712,0,0,0,,0,003,BANCROFT,"DAVID AV",0.00,,Y,C,-,N,,,,,,,,,,Y,3,0,1,1,A,-,03,22350,A,N,A,I,A,B,H,-,C,A,0,,,,,Y,,A,01,0,1,0,0,0,0,0,0,0,"- ","- ",,,"CONTRA COSTA","WALNUT CREEK",-122.04703991,37.934220000000003
8282032,2017,2017-01-18,0712,2017-01-10,1806,323,,2,5,5,0712,0,0,0,,0,001,"NEWELL AV","SOUTH MAIN ST",0.00,,Y,B,C,N,,,,,,,,,,Y,4,0,2,2,A,-,12,21453,A,N,D,C,A,B,H,-,C,A,0,,,,,Y,,A,01,0,0,2,0,0,0,0,0,0,"- ","- ",,,"CONTRA COSTA","WALNUT CREEK",-122.05829987,37.893029939999998
8282048,2017,2017-01-18,0704,2017-01-02,1755,0451,,1,5,6,0704,0,0,0,,0,006,"CLAYTON RD","BASSETT DR",0.00,,Y,B,-,N,,,,,,,,,,N,4,0,1,2,A,-,09,21801,A,N,D,C,A,A,H,-,C,D,0,,,,,Y,,A,01,0,0,1,0,0,0,0,0,0,"- ","- ",37.959159999999997,-121.97725,"CONTRA COSTA",CONCORD,-121.97724993,37.959169969999998
8282052,2017,2017-01-18,0704,2017-01-03,1539,0510,,2,5,6,0704,0,0,0,,0,004,"WILLOW PASS RD","EAST OLIVERA RD",452.00,W,N,C,-,N,,,,,,,,,,N,4,0,1,2,A,-,09,21804,A,N,C,C,A,B,H,-,A,D,0,,,,,Y,,A,01,0,0,1,0,0,0,0,0,0,"- ","- ",,,"CONTRA COSTA",CONCORD,-122.01685989000001,37.982695059999998
8282081,2016,2017-01-19,0701,2016-11-24,1955,4470,603,4,5,5,0701,0,0,0,,0,006,"COUNTRY HILLS DR","DEER VALLEY RD",0.00,,Y,A,-,N,,,,,,,,,,Y,2,0,3,2,A,-,12,21453,A,N,D,C,A,A,H,-,C,A,0,,,,,Y,,A,01,1,0,2,0,0,0,0,0,0,"- ","- ",,,"CONTRA COSTA",ANTIOCH,-121.78229999,37.971149959999998
8283964,2016,2017-01-24,0710,2016-09-08,2158,1662,0710,4,5,5,0710,0,0,0,,0,004,"MACDONALD AV","27TH ST",0.00,,Y,A,-,N,,,,,,,,,,Y,3,0,2,2,A,-,09,21801,A,N,D,C,A,A,H,-,C,A,0,,,,,Y,,D,22,0,1,1,0,0,0,0,0,0,"- ","- ",,,"CONTRA COSTA",RICHMOND,-122.34293997,37.935099940000001
8283968,2016,2017-01-24,0710,2016-09-09,0940,1586,,5,5,5,0710,0,0,0,,0,,"BARRETT AV","MARINA WY",0.00,,Y,B,-,N,,,,,,,,,,Y,4,0,1,4,A,-,09,21801,A,N,-,C,A,A,H,-,A,A,0,,,,,Y,,A,01,0,0,1,0,0,0,0,0,0,"- ","- ",,,"CONTRA COSTA",RICHMOND,-122.35615988000001,37.938509889999999
8283972,2016,2017-02-15,0710,2016-11-29,0940,1586,,2,5,5,0710,0,0,0,,0,,"SAN PABLO AV","ROBERT MILLER DR",0.00,,Y,A,-,N,,,,,,,,,,Y,3,0,3,2,A,-,12,21453,A,N,D,C,A,A,H,-,A,A,0,,,,,Y,,A,01,0,2,1,0,0,0,0,0,0,"- ","- ",,,"CONTRA COSTA",RICHMOND,-122.34218986,37.976169910000003
8284018,2016,2017-01-24,0710,2016-12-22,1748,1662,0710,4,5,5,0710,0,0,0,,0,001,"HARBOR WY","VIRGINIA AV",3.00,S,N,A,-,N,,,,,,,,,,N,4,0,1,2,A,-,10,21950,A,N,G,B,B,A,H,-,C,D,0,Y,,,,Y,,A,01,0,0,1,0,1,0,0,0,0,"- ","- ",,,"CONTRA COSTA",RICHMOND,-122.36005,37.92661176
8284042,2016,2017-01-24,0710,2016-12-02,1415,1641,NORTH,5,5,5,0710,0,0,0,,0,007,"BARRETT AV","37TH ST",0.00,,Y,A,-,N,,,,,,,,,,N,2,0,1,2,A,-,08,22107,,F,-,G,A,A,H,-,B,A,0,,Y,,,Y,,A,01,1,0,0,0,0,0,1,0,0,"- ","- ",,,"CONTRA COSTA",RICHMOND,-122.33361988999999,37.936549890000002
8284046,2016,2017-01-24,0710,2016-12-01,1921,1713,SOUTH,4,5,5,0710,0,0,0,,0,001,"HOFFMAN BL","CUTTING BL",300.00,S,N,A,-,N,,,,,,,,,,N,3,0,1,2,A,-,03,22350,,F,-,B,D,A,H,-,D,D,0,Y,,,,Y,,A,07,0,1,0,0,1,0,0,0,0,"- ","- ",,,"CONTRA COSTA",RICHMOND,-122.36384479,37.924455420000001
8284054,2016,2017-01-23,0710,2016-12-17,1717,1713,CENTR,6,5,5,0710,0,0,0,,0,006,"BISSELL AV","HARBOUR WY S",0.00,,Y,C,-,N,,,,,,,,,,N,4,0,1,2,A,-,10,21950,A,F,G,B,B,B,-,-,C,A,0,Y,,,,Y,,A,01,0,0,1,0,1,0,0,0,0,"- ","- ",,,"CONTRA COSTA",RICHMOND,-122.36000989999999,37.934069919999999
8284191,2016,2017-02-01,0710,2016-12-14,0114,1701,SOUTH,3,5,5,0710,0,0,0,,0,003,"CARLSON BL","CARL AV",10.00,N,N,A,-,N,,,,,,,,,,Y,2,0,1,5,A,-,"- ",,,N,C,E,A,A,H,-,C,D,0,,,,,Y,,-,,1,0,0,0,0,0,0,0,0,"- ","- ",,,"CONTRA COSTA",RICHMOND,-122.32033886000001,37.912515220000003
8284561,2016,2017-03-06,0710,2016-10-05,0621,1242,NORTH,3,5,5,0710,0,0,0,,0,007,"AMADOR ST","SOLANO AV",146.00,S,N,A,-,Y,CC,4,80,-,-,3.286,R,4,E,Y,3,0,1,2,A,-,03,22350,,M,D,E,A,A,H,-,C,A,0,,,,,Y,,A,01,0,1,0,0,0,0,0,0,0,"- ","- ",,,"CONTRA COSTA",RICHMOND,-122.32387691,37.941587550000001
8284564,2016,2017-03-08,0708,2016-11-15,1810,343,,2,5,5,0708,0,0,0,,0,005,"LOVERIDGE RD","EAST LELAND RD",0.00,S,N,B,-,N,,,,,,,,,,N,3,0,1,2,A,-,11,21950,B,N,G,B,D,A,H,-,B,A,0,Y,,,,Y,Y,N,60,0,1,0,0,1,0,0,0,0,"- ","- ",,,"CONTRA COSTA",PITTSBURG,-121.87095991,38.008159939999999
8284572,2016,2017-01-23,0708,2016-11-14,0636,275,,1,5,5,0708,0,0,0,,0,004,"WEST LELAND RD","DOVER WY",0.00,,Y,A,-,N,,,,,,,,,,N,3,0,1,2,A,-,10,21950,A,N,G,B,B,A,H,-,A,A,0,Y,,,,Y,,A,01,0,1,0,0,1,0,0,0,0,"- ","- ",,,"CONTRA COSTA",PITTSBURG,-121.90603986000001,38.016359950000002
8284580,2016,2017-01-23,0708,2016-11-08,2122,330,,2,5,5,0708,0,0,0,,0,,"HARBOR ST","CALIFORNIA AV",0.00,,Y,A,-,N,,,,,,,,,,N,4,0,1,2,A,-,01,23152,,N,A,C,A,A,H,-,C,A,0,,,Y,,Y,Y,A,07,0,0,1,0,0,0,0,0,1,"- ","- ",38.015949999999997,-121.88266,"CONTRA COSTA",PITTSBURG,-121.88263992,38.015909899999997
8284581,2016,2017-01-23,0710,2016-09-19,1200,1706,NORTH,1,5,5,0710,0,0,0,,0,007,"SAN PABLO AV","BARRETT AV",150.00,N,N,A,-,N,,,,,,,,,,Y,4,0,1,2,A,-,09,21801,A,N,B,C,A,A,H,-,A,D,0,,,,,Y,,A,01,0,0,1,0,0,0,0,0,0,"- ","- ",,,"CONTRA COSTA",RICHMOND,-122.32524538,37.935715010000003
8284588,2016,2017-04-05,0710,2016-11-03,0745,1714,CENTR,4,5,5,0710,0,0,0,,0,006,"BARRETT AV","8TH ST",0.00,,Y,A,-,N,,,,,,,,,,N,2,0,1,2,A,-,10,21950,A,N,G,B,B,A,H,-,A,D,0,Y,,,,Y,,-,,1,0,0,0,1,0,0,0,0,"- ","- ",,,"CONTRA COSTA",RICHMOND,-122.36184996,37.938519939999999
8284592,2016,2017-01-23,0710,2016-11-28,0826,1242,NORTH,1,5,5,0710,0,0,0,,0,008,"RICHMOND PKWY","PARR BL",1320.00,E,N,B,-,N,,,,,,,,,,Y,3,0,1,1,A,-,03,22350,,N,E,I,A,A,H,-,A,D,0,,,Y,,Y,,C,02,0,1,0,0,0,0,0,0,1,"- ","- ",,,"CONTRA COSTA",RICHMOND,-122.37375,37.967750000000002
8284606,2016,2017-01-23,0710,2016-10-14,1846,1662,0710,5,5,5,0710,0,0,0,,0,003,"CARLSON BL","TEHAMA AV",0.00,,Y,B,-,N,,,,,,,,,,Y,4,0,1,2,A,-,01,23152,A,F,E,C,A,B,H,-,C,A,0,,,,,Y,Y,A,01,0,0,1,0,0,0,0,0,0,"- ","- ",,,"CONTRA COSTA",RICHMOND,-122.31596999,37.91027991
8284612,2016,2017-01-23,0710,2016-11-29,1632,1494,CENTR,2,5,5,0710,0,0,0,,0,006,"MACDONALD AV","16TH ST",40.00,W,N,A,-,N,,,,,,,,,,N,4,0,1,2,A,-,03,22350,,N,C,C,A,A,H,-,A,A,0,,,,,Y,,A,07,0,0,1,0,0,0,0,0,0,"- ","- ",,,"CONTRA COSTA",RICHMOND,-122.35436874,37.93571
8284618,2016,2017-01-25,0710,2016-10-14,0147,1360,NORTH,5,5,5,0710,0,0,0,,0,008,"RICHMOND PKWY","HILLTOP DR",0.00,,Y,A,-,N,,,,,,,,,,Y,4,0,1,1,A,-,08,22107,,N,F,J,A,A,H,-,C,D,0,,,,,Y,,D,22,0,0,1,0,0,0,0,0,0,"- ","- ",,,"CONTRA COSTA",RICHMOND,-122.33972996,37.987239969999997
8284622,2016,2017-01-25,0710,2016-10-11,2040,1712,CEN,2,5,5,0710,0,0,0,,0,005,"7TH ST",ACACIA,117.00,S,N,A,-,N,,,,,,,,,,Y,4,0,1,3,A,-,03,22350,,N,B,C,A,A,H,-,C,A,0,,,,,Y,Y,A,01,0,0,1,0,0,0,0,0,0,"- ","- ",,,"CONTRA COSTA",RICHMOND,-122.36271791,37.941418570000003
8284624,2016,2017-01-23,0710,2016-11-13,1149,1687,NORTH,7,5,5,0710,0,0,0,,0,007,BROADWAY,"26TH ST",12.00,E,N,A,-,N,,,,,,,,,,Y,4,0,1,2,A,-,03,22350,,N,C,C,A,A,H,-,A,A,0,,,,,Y,,A,01,0,0,1,0,0,0,0,0,0,"- ","- ",,,"CONTRA COSTA",RICHMOND,-122.34374121,37.934383799999999
8284628,2016,2017-01-30,0710,2016-11-18,1750,1662,0710,5,5,5,0710,0,0,0,,0,003,"CENTRAL AV","RYDIN RD",20.00,W,N,A,-,N,,,,,,,,,,N,3,0,1,2,B,-,22,,,N,D,G,A,A,H,-,C,A,0,,Y,,,Y,,-,"- ",0,1,0,0,0,0,1,0,0,"- ","- ",,,"CONTRA COSTA",RICHMOND,-122.31677741999999,37.899677160000003
8284638,2016,2017-01-23,0708,2016-10-15,1830,331,046,6,5,5,0708,0,0,0,,0,003,"WEST LELAND RD","WOODHILL DR",221.00,W,N,C,-,N,,,,,,,,,,N,2,0,1,2,A,-,17,22109,,F,C,G,A,B,H,-,C,D,0,,Y,,,Y,,-,99,1,0,0,0,0,0,1,0,0,"- ","- ",,,"CONTRA COSTA",PITTSBURG,-121.95245731,38.016928659999998
8286564,2017,2017-01-25,0708,2017-01-03,1720,328,,2,5,5,0708,0,0,0,,0,001,"NORTH PARKSIDE DR","RAILROAD AV",0.00,,Y,C,-,N,,,,,,,,,,Y,4,0,1,1,A,-,03,22350,,N,E,I,A,B,H,-,D,D,0,,,,,Y,,D,22,0,0,1,0,0,0,0,0,0,"- ","- ",,,"CONTRA COSTA",PITTSBURG,-121.88712998,38.023739910000003
8286600,2016,2017-01-31,0708,2016-11-17,1203,262,,4,5,5,0708,0,0,0,,0,002,"HARBOR ST","STONE HARBOUR DR",24.70,N,N,A,-,N,,,,,,,,,,N,4,0,1,2,A,-,10,21950,A,F,G,B,B,A,H,-,A,A,0,Y,,,,Y,,D,22,0,0,1,0,1,0,0,0,0,"- ","- ",38.01764,-121.88199,"CONTRA COSTA",PITTSBURG,-121.88191611000001,38.017715160000002
8286833,2016,2017-01-25,0708,2016-12-19,0817,275,,1,5,5,0708,0,0,0,,0,004,"BURTON AV","WEST LELAND RD",30.00,N,N,A,-,N,,,,,,,,,,N,4,0,1,3,A,-,03,22350,,N,C,D,A,A,H,-,A,A,0,,,,,Y,,A,01,0,0,1,0,0,0,0,0,0,"- ","- ",,,"CONTRA COSTA",PITTSBURG,-121.89995897999999,38.015068659999997
8286837,2016,2017-01-24,0708,2016-12-13,0522,346,,2,5,5,0708,0,0,0,,0,005,"EAST LELAND RD","LOVERIDGE RD",0.00,,Y,A,-,N,,,,,,,,,,Y,4,0,1,2,A,-,09,21453,C,F,D,C,A,A,H,-,C,A,0,,,,,Y,,A,01,0,0,1,0,0,0,0,0,0,"- ","- ",,,"CONTRA COSTA",PITTSBURG,-121.87095991,38.008159939999999
8286841,2016,2017-01-24,0708,2016-12-07,2230,346,,3,5,5,0708,0,0,0,,0,005,"EAST LELAND RD","LOS MEDANOS COLLEGE WEST ENTRANCE",20.00,E,N,C,-,N,,,,,,,,,,N,2,0,1,2,A,-,11,21955,,N,G,B,D,B,H,-,C,A,0,Y,,,,Y,,N,60,1,0,0,0,1,0,0,0,0,"- ","- ",,,"CONTRA COSTA",PITTSBURG,-121.86249375,38.007815399999998
8286931,2017,2017-01-25,0707,2017-01-09,0800,213380,,1,5,3,0707,0,0,0,,0,001,"OAKRIDGE LN","PEAR ST",1.00,S,N,A,-,N,,,,,,,,,,N,4,0,1,2,A,-,10,21950,A,N,D,B,D,A,H,-,A,A,0,Y,,,,Y,,A,01,0,0,1,0,1,0,0,0,0,"- ","- ",,,"CONTRA COSTA",PINOLE,-122.29218768,38.003847950000001
8286940,2017,2017-01-25,0708,2017-01-07,2336,338,,6,5,5,0708,0,0,0,,0,001,"RAILROAD AV","CENTRAL AV",296.00,S,N,C,-,N,,,,,,,,,,N,2,0,1,2,A,-,11,21955,,N,G,B,E,B,H,-,C,A,0,Y,,,,Y,,N,60,1,0,0,0,1,0,0,0,0,"- ","- ",38.025350000000003,-121.88637,"CONTRA COSTA",PITTSBURG,-121.88683333,38.02449317
8286967,2016,2017-01-23,0710,2016-04-14,0821,1494,NORTH,4,5,5,0710,0,0,0,,0,007,"MACONDLAD AV","28TH ST",12.00,W,N,A,-,N,,,,,,,,,,N,4,0,1,2,A,-,06,21951,,N,G,B,C,A,H,-,A,D,0,Y,,,,Y,,A,01,0,0,1,0,1,0,0,0,0,"- ","- ",,,"CONTRA COSTA",RICHMOND,-122.34205574000001,37.934965409999997
8286971,2016,2017-01-23,0710,2016-04-01,0047,1360,,5,5,5,0710,0,0,0,,0,008,"BIRMINGHAM DR","GROOM DR",0.00,,Y,A,-,N,,,,,,,,,,N,3,0,1,2,A,-,03,22350,,N,C,E,A,A,H,-,C,D,0,,,,,Y,,-,,0,1,0,0,0,0,0,0,0,"- ","- ",,,"CONTRA COSTA",RICHMOND,-122.33657999,37.974429909999998
8286975,2016,2017-01-23,0710,2016-03-15,2003,1549,CENTR,2,5,5,0710,0,0,0,,0,004,"MACDONALD AV","23RD ST",0.00,,Y,A,-,N,,,,,,,,,,Y,3,0,2,2,A,-,12,22450,,N,F,C,A,A,H,-,C,A,0,,,,,Y,Y,-,,0,2,0,0,0,0,0,0,0,"- ","- ",,,"CONTRA COSTA",RICHMOND,-122.34754993,37.935729879999997
8286976,2016,2017-01-23,0710,2016-08-28,1900,1546,,7,5,5,0710,0,0,0,,0,007,"23RD ST","GRANT AV",0.00,,Y,A,-,N,,,,,,,,,,N,4,0,1,2,-,-,"- ",,,N,A,B,B,A,-,-,A,D,0,Y,,,,Y,Y,-,"- ",0,0,1,0,1,0,0,0,0,"- ","- ",,,"CONTRA COSTA",RICHMOND,-122.34748994,37.941479940000001
8286980,2016,2017-01-23,0710,2016-08-24,1850,1494,NORTH,3,5,5,0710,0,0,0,,0,007,"SWANS WY","SAN PABLO AV",0.00,W,N,A,-,N,,,,,,,,,,Y,3,0,1,1,A,-,03,22350,,N,E,I,A,A,H,-,A,D,0,,,Y,,Y,,C,02,0,1,0,0,0,0,0,0,1,"- ","- ",,,"CONTRA COSTA",RICHMOND,-122.32627986999999,37.937869929999998
8286986,2016,2017-02-09,0710,2016-03-27,1620,1686,CENTR,7,5,5,0710,0,0,0,,0,005,"WILLARD AV","YORK ST",84.00,E,N,A,-,N,,,,,,,,,,N,3,0,1,2,A,-,03,22350,,N,G,B,D,A,H,-,A,D,0,Y,,,,Y,,A,01,0,1,0,0,1,0,0,0,0,"- ","- ",,,"CONTRA COSTA",RICHMOND,-122.36856861,37.951246980000001
8287325,2017,2017-01-30,0704,2017-01-14,1106,0552,,6,5,6,0704,0,0,0,,0,006,"CLAYTON RD","AYERS RD",30.00,S,N,A,-,N,,,,,,,,,,Y,4,0,1,3,A,-,03,22350,,N,C,C,A,A,H,-,A,A,0,,,,,Y,,D,22,0,0,1,0,0,0,0,0,0,"- ","- ",,,"CONTRA COSTA",CONCORD,-121.96891445999999,37.956157320000003
8287398,2016,2017-02-01,0709,2016-12-15,1334,426,3120,4,5,4,0709,0,0,0,,0,001,"CONTRA COSTA BL","CRESCENT DR",25.00,S,N,C,-,N,,,,,,,,,,N,4,0,1,2,A,-,10,21950,A,N,D,G,A,A,H,-,A,A,0,,Y,,,Y,,-,,0,0,1,0,0,0,1,0,0,"- ","- ",,,"CONTRA COSTA","PLEASANT HILL",-122.06040312,37.94677137
8287402,2016,2017-02-01,0709,2016-12-22,1254,401,,4,5,4,0709,0,0,0,,0,,"BUSKIRK AV",CROSSROADS,0.00,,Y,A,-,N,,,,,,,,,,N,3,0,1,2,A,-,12,21453,A,M,B,C,A,A,H,-,A,A,0,,,,,Y,,-,,0,1,0,0,0,0,0,0,0,"- ","- ",,,"CONTRA COSTA","PLEASANT HILL",-122.05623865,37.94368703
8287406,2016,2017-02-01,0709,2016-12-16,1553,446,1110,5,5,4,0709,0,0,0,,0,001,"GRAYSON RD","PLEASANT HILL RD",200.00,W,N,A,-,N,,,,,,,,,,N,3,0,1,2,A,-,09,21801,A,N,D,G,A,A,H,-,A,D,0,,Y,,,Y,,-,,0,1,0,0,0,0,1,0,0,"- ","- ",,,"CONTRA COSTA","PLEASANT HILL",-122.08309321999999,37.947898170000002
8287410,2016,2017-02-01,0709,2016-12-16,1501,445,3120,5,5,4,0709,0,0,0,,0,001,"CRESCENT DR","CRESCENT PLAZA",0.00,,Y,A,-,N,,,,,,,,,,N,4,0,1,2,A,-,09,21801,A,N,D,C,A,A,H,-,A,A,0,,,,,Y,,-,,0,0,1,0,0,0,0,0,0,"- ","- ",,,"CONTRA COSTA","PLEASANT HILL",-122.06182989,37.945209890000001
8287414,2016,2017-02-03,0709,2016-12-05,0507,437,3030,1,5,4,0709,0,0,0,,0,002,"CONTRA COSTA BL","AUDREY LN",225.00,S,N,A,-,N,,,,,,,,,,Y,3,0,1,3,A,-,07,21658,A,N,C,E,A,A,H,-,C,A,0,,,,,Y,,-,,0,1,0,0,0,0,0,0,0,"- ","- ",,,"CONTRA COSTA","PLEASANT HILL",-122.06241522000001,37.965087539999999
8287418,2016,2017-02-01,0704,2016-12-31,2222,0565,,6,5,6,0704,0,0,0,,0,004,"MOUNT DIABLO ST","PACHECO ST",98.00,S,N,A,-,N,,,,,,,,,,Y,4,0,1,2,A,-,01,23152,A,N,B,G,A,A,H,-,C,D,0,,Y,,,Y,Y,A,01,0,0,1,0,0,0,1,0,0,"- ","- ",,,"CONTRA COSTA",CONCORD,-122.03518207,37.97811591
8287438,2016,2017-02-01,0709,2016-12-30,2005,443,1300,5,5,4,0709,0,0,0,,0,001,"SHELLY DR","LONGFELLOW DR",4.00,E,N,A,-,N,,,,,,,,,,Y,4,0,1,2,A,-,01,23152,A,N,A,E,A,A,H,-,D,D,0,,,,,Y,Y,-,,0,0,1,0,0,0,0,0,0,"- ","- ",,,"CONTRA COSTA","PLEASANT HILL",-122.07547848999999,37.934500919999998
8287564,2016,2017-01-31,0709,2016-11-27,1358,445,,7,5,4,0709,0,0,0,,0,,"CRESCENT DR","CONTRA COSTA BL",0.00,,Y,A,-,N,,,,,,,,,,N,3,0,1,2,A,-,10,21950,A,N,G,B,B,A,H,-,A,A,0,Y,,,,Y,,A,01,0,1,0,0,1,0,0,0,0,"- ","- ",,,"CONTRA COSTA","PLEASANT HILL",-122.06039986,37.946839910000001
82878003,2024,2024-07-30,0704,2024-06-03,1250,0663,,1,5,6,0704,0,0,0,,0,005,"DENKINGER RD","CLAYTON RD",600.00,N,N,A,-,N,,,,,,,,,,Y,3,0,2,2,A,-,09,21804,A,N,D,C,A,A,H,-,A,D,0,,,,,Y,,A,01,0,1,1,0,0,0,0,0,0,"- ","- ",,,"CONTRA COSTA",CONCORD,-121.99172210693359,37.966335296630859