CASE_ID,ACCIDENT_YEAR,PROC_DATE,JURIS,COLLISION_DATE,COLLISION_TIME,OFFICER_ID,REPORTING_DISTRICT,DAY_OF_WEEK,CHP_SHIFT,POPULATION,CNTY_CITY_LOC,SPECIAL_COND,BEAT_TYPE,CHP_BEAT_TYPE,CITY_DIVISION_LAPD,CHP_BEAT_CLASS,BEAT_NUMBER,PRIMARY_RD,SECONDARY_RD,DISTANCE,DIRECTION,INTERSECTION,WEATHER_1,WEATHER_2,STATE_HWY_IND,CALTRANS_COUNTY,CALTRANS_DISTRICT,STATE_ROUTE,ROUTE_SUFFIX,POSTMILE_PREFIX,POSTMILE,LOCATION_TYPE,RAMP_INTERSECTION,SIDE_OF_HWY,TOW_AWAY,COLLISION_SEVERITY,NUMBER_KILLED,NUMBER_INJURED,PARTY_COUNT,PRIMARY_COLL_FACTOR,PCF_CODE_OF_VIOL,PCF_VIOL_CATEGORY,PCF_VIOLATION,PCF_VIOL_SUBSECTION,HIT_AND_RUN,TYPE_OF_COLLISION,MVIW,PED_ACTION,ROAD_SURFACE,ROAD_COND_1,ROAD_COND_2,LIGHTING,CONTROL_DEVICE,CHP_ROAD_TYPE,PEDESTRIAN_ACCIDENT,BICYCLE_ACCIDENT,MOTORCYCLE_ACCIDENT,TRUCK_ACCIDENT,NOT_PRIVATE_PROPERTY,ALCOHOL_INVOLVED,STWD_VEHTYPE_AT_FAULT,CHP_VEHTYPE_AT_FAULT,COUNT_SEVERE_INJ,COUNT_VISIBLE_INJ,COUNT_COMPLAINT_PAIN,COUNT_PED_KILLED,COUNT_PED_INJURED,COUNT_BICYCLIST_KILLED,COUNT_BICYCLIST_INJURED,COUNT_MC_KILLED,COUNT_MC_INJURED,PRIMARY_RAMP,SECONDARY_RAMP,LATITUDE,LONGITUDE,COUNTY,CITY,POINT_X,POINT_Y
8321359,2016,2017-03-09,0700,2016-09-28,0930,OA013,,3,5,3,0734,0,0,0,,0,,"NEROLY RD","LIVE OAK AV",347.00,W,N,A,-,N,,,,,,,,,,Y,4,0,1,1,A,-,05,21650,,N,A,I,A,A,-,-,A,D,0,,,Y,,Y,,C,02,0,0,1,0,0,0,0,0,1,"- ","- ",,,"CONTRA COSTA",OAKLEY,-121.74270774999999,37.983319549999997
8322200,2016,2017-05-22,0710,2016-02-19,2015,1691,SOUTH,5,5,5,0710,0,0,0,,0,003,"CARLSON BL","RT 80",0.00,,Y,A,-,Y,CC,4,80,-,-,1.187,R,4,W,Y,4,0,1,2,A,-,12,21453,A,N,D,D,A,A,H,-,C,A,0,,,,,Y,,A,01,0,0,1,0,0,0,0,0,0,"- ","- ",,,"CONTRA COSTA",RICHMOND,-122.31751774,37.91357816
8322243,2016,2017-03-20,0710,2016-08-15,0730,1380,CENTR,1,5,5,0710,0,0,0,,0,005,"DUBOCE AV","YORK ST",0.00,,Y,A,-,N,,,,,,,,,,Y,4,0,2,3,A,-,09,21800,B,N,D,C,A,A,H,-,A,D,0,,,,,Y,,A,01,0,0,2,0,0,0,0,0,0,"- ","- ",,,"CONTRA COSTA",RICHMOND,-122.3688599,37.952669899999997
8322267,2016,2017-03-17,0710,2016-07-30,1911,1662,0710,6,5,5,0710,0,0,0,,0,005,"CASTRO ST","HENSLEY ST",500.00,S,N,A,-,N,,,,,,,,,,Y,3,0,1,1,A,-,01,23152,A,N,E,I,A,A,H,-,A,D,0,,,,,Y,Y,-,,0,1,0,0,0,0,0,0,0,"- ","- ",,,"CONTRA COSTA",RICHMOND,-122.37273947,37.945816749999999
8322298,2016,2017-03-17,0710,2016-06-17,2230,1662,0710,5,5,5,0710,0,0,0,,0,001,"HARBOR WY S","CUTTING BL",50.00,N,N,A,-,N,,,,,,,,,,Y,3,0,3,1,A,-,01,23153,A,N,F,A,A,A,H,-,C,D,0,,,,,Y,Y,A,07,0,1,2,0,0,0,0,0,0,"- ","- ",,,"CONTRA COSTA",RICHMOND,-122.36004681,37.925357329999997
8322300,2016,2017-03-20,0700,2016-10-21,0848,OA009,59,5,5,3,0734,0,0,0,,0,051,"MAIN ST","BIG BREAK RD",0.00,,Y,A,-,N,,,,,,,,,,Y,4,0,1,3,A,-,03,22350,,N,C,C,A,A,H,-,A,A,0,,,,,Y,,A,01,0,0,1,0,0,0,0,0,0,"- ","- ",38.004429999999999,-121.73327,"CONTRA COSTA",OAKLEY,-121.7329599,38.004289929999999
8322302,2016,2017-03-28,0710,2016-06-13,1145,1494,NORTH,1,5,5,0710,0,0,0,,0,007,"23RD ST","ROOSEVELT AV",0.00,,Y,A,-,N,,,,,,,,,,Y,4,0,2,2,A,-,12,21453,A,N,D,C,A,A,H,-,A,A,0,,,,,Y,,-,"- ",0,0,2,0,0,0,0,0,0,"- ","- ",,,"CONTRA COSTA",RICHMOND,-122.34749997999999,37.939959979999998
8322304,2016,2017-03-20,0700,2016-10-07,0118,OA018,,5,5,3,0734,0,0,0,,0,053,"LAUREL RD","HOLMES RD",0.00,,-,A,-,N,,,,,,,,,,Y,4,0,1,1,A,-,07,21658,A,N,E,I,A,A,H,-,C,D,0,,,,,Y,,A,01,0,0,1,0,0,0,0,0,0,"- ","- ",,,"CONTRA COSTA",OAKLEY,-121.72032995000001,37.983159929999999
8322306,2016,2017-03-17,0710,2016-05-15,0650,1655,NORTH,7,5,5,0710,0,0,0,,0,007,"23RD ST","MACDONALD AV",32.00,S,N,A,-,N,,,,,,,,,,N,4,0,1,2,A,-,08,22107,,N,A,I,A,A,H,-,A,D,0,,,,,Y,,-,,0,0,1,0,0,0,0,0,0,"- ","- ",,,"CONTRA COSTA",RICHMOND,-122.34755117,37.935642100000003
8322310,2016,2017-03-17,0710,2016-05-24,1630,1537,CENTR,2,5,5,0710,0,0,0,,0,006,"MACDONALD AV","15TH ST",87.00,E,N,A,-,N,,,,,,,,,,N,4,0,2,2,A,-,03,22350,,F,C,C,A,A,H,-,A,A,0,,,,,Y,,-,,0,0,2,0,0,0,0,0,0,"- ","- ",,,"CONTRA COSTA",RICHMOND,-122.35490824,37.93571
8322314,2016,2017-03-30,0714,2016-05-10,2103,150,13-4,2,5,4,0714,0,0,0,,0,004,"MORELLO HEIGHTS DR","MORELLO HEIGHTS CIR",0.00,,-,A,-,N,,,,,,,,,,Y,4,0,1,1,A,-,01,23152,A,M,A,J,A,A,H,-,C,D,0,,,,,Y,Y,A,01,0,0,1,0,0,0,0,0,0,"- ","- ",38.005279999999999,-122.10619,"CONTRA COSTA",MARTINEZ,-122.10842991,38.004269999999998
8322316,2016,2017-03-20,0700,2016-10-15,1933,OS027,59,6,5,3,0734,0,0,0,,0,002,"E CYPRESS ST","BETHEL ISLAND RD",2112.00,W,N,C,-,N,,,,,,,,,,Y,3,0,1,3,A,-,03,22350,,N,C,C,A,B,H,-,C,D,0,,,,,Y,,-,,0,1,0,0,0,0,0,0,0,"- ","- ",37.990349999999999,-121.64885,"CONTRA COSTA",OAKLEY,-121.64836172,37.990662469999997
8322318,2016,2017-03-17,0710,2016-07-10,0755,1708,NORTH,7,5,5,0710,0,0,0,,0,009,"MAY RD","AVENIDA MARTINEZ",90.00,S,N,A,-,N,,,,,,,,,,Y,3,0,1,2,A,-,05,21650,,N,A,C,A,A,-,-,A,D,0,,,,,Y,,-,,0,1,0,0,0,0,0,0,0,"- ","- ",,,"CONTRA COSTA",RICHMOND,-122.2964996,37.96743257
8322320,2016,2017-03-20,0700,2016-10-14,1738,OA027,OAKLE,5,5,3,0734,0,0,0,,0,002,"MAIN ST","BROWNSTONE RD",0.00,,Y,C,-,N,,,,,,,,,,Y,3,0,1,2,A,-,03,22350,,N,C,C,A,B,H,-,A,D,0,,,,,Y,,A,07,0,1,0,0,0,0,0,0,0,"- ","- ",37.971290000000003,-121.696,"CONTRA COSTA",OAKLEY,-121.69601986000001,37.971319970000003
8322325,2016,2017-03-20,0701,2016-10-01,2232,5570,204,6,5,5,0701,0,0,0,,0,002,"E 18TH ST","NOIA AV",0.00,,Y,A,-,N,,,,,,,,,,N,3,0,1,2,A,-,08,22107,I,F,G,B,F,A,H,-,C,A,0,Y,,,,Y,,A,07,0,1,0,0,1,0,0,0,0,"- ","- ",,,"CONTRA COSTA",ANTIOCH,-121.79809987,38.004899989999998
8322329,2016,2017-03-20,0700,2016-10-26,2251,OA026,059,3,5,3,0734,0,0,0,,0,052,"LAUREL RD","LIGHT POLE #28656",42.00,E,N,A,-,N,,,,,,,,,,Y,4,0,1,3,A,-,03,22350,,N,A,C,A,A,H,-,C,D,0,,,,,Y,,A,07,0,0,1,0,0,0,0,0,0,"- ","- ",,,"CONTRA COSTA",OAKLEY,,
8322333,2016,2017-03-20,0700,2016-10-26,0743,OA009,59,3,5,3,0734,0,0,0,,0,053,"OHARA AV","LAUREL AV",338.00,N,-,A,-,N,,,,,,,,,,N,3,0,1,2,A,-,05,21650,1,N,D,G,A,A,H,-,B,D,0,,Y,,,Y,,L,04,0,1,0,0,0,0,1,0,0,"- ","- ",37.984409999999997,-121.71425000000001,"CONTRA COSTA",OAKLEY,-121.71415604000001,37.984228029999997
8322337,2016,2017-03-20,0700,2016-10-27,2004,OA026,059,4,5,3,0734,0,0,0,,0,052,"FALL LN","ALMOND TREE LN",41.00,N,N,C,-,N,,,,,,,,,,N,4,0,1,1,C,-,18,,,N,G,B,A,B,H,-,-,D,0,,,,,Y,,-,"- ",0,0,1,0,0,0,0,0,0,"- ","- ",,,"CONTRA COSTA",OAKLEY,-121.69737489000001,37.987442549999997
8322412,2016,2017-04-03,0700,2016-11-14,0327,OA024,OAK,1,5,3,0734,0,0,0,,0,051,"MAIN ST","NORCROSS LN",0.00,,Y,A,-,N,,,,,,,,,,Y,4,0,1,1,A,-,03,22350,,N,E,I,A,A,H,-,C,D,0,,,,,Y,Y,-,,0,0,1,0,0,0,0,0,0,"- ","- ",,,"CONTRA COSTA",OAKLEY,-121.71612986,37.997809910000001
8322416,2016,2017-03-23,0700,2016-11-04,0741,OA009,59,5,5,3,0734,0,0,0,,0,053,"OHARA AV","CARPENTER RD",0.00,,Y,A,-,N,,,,,,,,,,Y,3,0,3,2,A,-,09,21801,A,N,A,C,A,A,H,-,A,A,0,,,,,Y,,A,01,0,1,2,0,0,0,0,0,0,"- ","- ",37.976010000000002,-121.71418,"CONTRA COSTA",OAKLEY,-121.71409988000001,37.976029959999998
8322420,2016,2017-03-23,0700,2016-11-03,2037,OA026,059,4,5,3,0734,0,0,0,,0,052,"MAIN ST","SHADY OAK DR",0.00,,Y,A,-,N,,,,,,,,,,Y,4,0,1,2,A,-,08,22107,,N,D,C,A,A,H,-,C,A,0,,,,,Y,,A,07,0,0,1,0,0,0,0,0,0,"- ","- ",,,"CONTRA COSTA",OAKLEY,-121.69598995,37.979199880000003
8322424,2016,2017-03-23,0700,2016-11-14,1843,OA017,057,1,5,3,0734,0,0,0,,0,053,"EMPIRE AV","NEROLY RD",0.00,,Y,A,-,N,,,,,,,,,,N,4,0,1,2,A,-,03,22350,,N,C,C,A,A,H,-,C,A,0,,,,,Y,,A,01,0,0,1,0,0,0,0,0,0,"- ","- ",,,"CONTRA COSTA",OAKLEY,-121.73233987,37.973999990000003
8322428,2016,2017-04-05,0700,2016-11-25,1800,OA022,OAKLE,5,5,3,0734,0,0,0,,0,052,"W CYPRESS AV","ORCHARD PARK DR",0.00,,Y,A,-,N,,,,,,,,,,Y,3,0,1,2,A,-,03,22350,,N,C,C,A,A,H,-,C,D,0,,,,,Y,,-,,0,1,0,0,0,0,0,0,0,"- ","- ",,,"CONTRA COSTA",OAKLEY,-121.71119989,37.990559900000001
8322471,2016,2017-05-22,0704,2016-11-06,2011,563,,7,5,6,0704,0,0,0,,0,004,"OLIVERA RD","HILLSBOROUGH DR",148.00,W,N,A,-,Y,CC,4,242,-,R,2.625,R,4,N,Y,2,0,1,2,A,-,11,21954,A,N,G,B,D,A,H,-,C,A,0,Y,,,,Y,,N,60,1,0,0,0,1,0,0,0,0,"- ","- ",,,"CONTRA COSTA",CONCORD,-122.03900899999999,37.99527638
8322530,2016,2017-03-21,0710,2016-12-05,1727,1512,CENTR,1,5,5,0710,0,0,0,,0,005,"BARRETT AV","HARBOUR WY",0.00,,Y,B,-,N,,,,,,,,,,N,3,0,1,2,A,-,11,21954,A,N,A,G,A,A,H,-,C,A,0,,Y,,,Y,,L,04,0,1,0,0,0,0,1,0,0,"- ","- ",,,"CONTRA COSTA",RICHMOND,-122.36005986000001,37.938360000000003
8322534,2016,2017-03-21,0710,2016-12-07,2010,1662,0710,3,5,5,0710,0,0,0,,0,001,"MARINA BAY PKWY","BAYSIDE DR",0.00,,Y,C,-,N,,,,,,,,,,Y,4,0,1,1,A,-,03,22350,,N,E,I,A,B,H,-,C,D,0,,,,,Y,,A,01,0,0,1,0,0,0,0,0,0,"- ","- ",,,"CONTRA COSTA",RICHMOND,-122.34183994999999,37.910899980000003
8322538,2016,2017-03-21,0710,2016-12-08,0811,1477,NORTH,4,5,5,0710,0,0,0,,0,007,"BARRETT AV","WILSON AV",0.00,,Y,C,-,N,,,,,,,,,,N,4,0,1,2,A,-,09,21802,A,N,D,G,A,B,H,-,A,A,0,,Y,,,Y,,L,04,0,0,1,0,0,0,1,0,0,"- ","- ",,,"CONTRA COSTA",RICHMOND,-122.32593987999999,37.935419950000004
8322925,2017,2017-03-14,0705,2017-01-28,1901,E201,PATRO,6,5,3,0705,0,0,0,,0,011,"KEY BL","MACDONALD AV",513.00,S,N,A,-,N,,,,,,,,,,Y,3,0,1,2,A,-,01,23152,A,N,B,E,A,A,H,-,C,D,0,,,,,Y,Y,A,07,0,1,0,0,0,0,0,0,0,"- ","- ",,,"CONTRA COSTA","EL CERRITO",-122.32089028,37.93087852
8322940,2017,2017-03-14,0700,2017-01-24,1526,OA013,DELTA,2,5,3,0734,0,0,0,,0,053,"NEROLY RD","NEROLY RD 1050",0.00,,Y,A,-,N,,,,,,,,,,Y,2,0,3,2,A,-,09,21804,A,N,D,C,A,A,H,-,A,D,0,,,,,Y,,A,07,3,0,0,0,0,0,0,0,0,"- ","- ",,,"CONTRA COSTA",OAKLEY,-121.71914935,37.96889908
8323455,2017,2017-03-16,0701,2017-02-17,1457,5323,408,5,5,5,0701,0,0,0,,0,004,"PUTNAM ST","CONTRA LOMA BL",120.00,E,N,C,-,N,,,,,,,,,,N,4,0,1,2,A,-,11,21954,A,N,B,B,D,B,H,-,A,D,0,Y,,,,Y,,N,60,0,0,1,0,1,0,0,0,0,"- ","- ",,,"CONTRA COSTA",ANTIOCH,-121.82198697,37.99277163
8323541,2017,2017-03-23,0714,2017-02-09,1713,155,2,4,5,4,0714,0,0,0,,0,001,"MAIN ST","FERRY ST",0.00,,Y,C,-,N,,,,,,,,,,N,3,0,1,2,A,-,10,21950,A,N,G,B,B,B,H,-,A,A,0,Y,,,,Y,,A,01,0,1,0,0,1,0,0,0,0,"- ","- ",38.017749999999999,-122.13572000000001,"CONTRA COSTA",MARTINEZ,-122.13569988,38.017729940000002
8323545,2017,2017-03-23,0714,2017-02-11,1210,152,1,6,5,4,0714,0,0,0,,0,001,"MARINA VISTA",MOCOCO,0.00,,Y,A,-,N,,,,,,,,,,Y,2,0,3,3,A,-,08,22107,,F,A,C,A,A,H,-,A,A,0,,,,,Y,,-,,2,0,1,0,0,0,0,0,0,"- ","- ",38.025390000000002,-122.11521,"CONTRA COSTA",MARTINEZ,-122.11518998,38.025349970000001
8324018,2017,2017-06-15,0710,2017-01-03,0459,1709,NORTH,2,5,5,0710,0,0,0,,0,008,"ATLAS RD","VISTA DR",22.00,W,N,C,-,N,,,,,,,,,,Y,3,0,1,2,A,-,09,21804,,N,A,C,A,B,H,-,C,D,0,,,,,Y,,A,08,0,1,0,0,0,0,0,0,0,"- ","- ",,,"CONTRA COSTA",RICHMOND,-122.34481618,37.994634230000003
8324042,2017,2017-06-15,0701,2017-01-15,1758,4578,305,7,5,5,0701,0,0,0,,0,003,"MAHOGANY WY","AUTO CENTER DR",0.00,,Y,A,-,N,,,,,,,,,,N,4,0,1,2,A,-,11,21106,,N,G,B,B,A,H,-,C,A,0,Y,,,,Y,,N,60,0,0,1,0,1,0,0,0,0,"- ","- ",,,"CONTRA COSTA",ANTIOCH,-121.83533997000001,38.005659989999998
8324116,2016,2017-03-15,0700,2016-12-15,1534,OA026,059,4,5,3,0734,0,0,0,,0,052,"EAST CYPRESS RD","MACHADO LN",30.00,W,N,C,-,N,,,,,,,,,,N,4,0,2,2,A,-,03,22350,,N,C,C,A,B,H,-,A,A,0,,,,,Y,,A,01,0,0,2,0,0,0,0,0,0,"- ","- ",,,"CONTRA COSTA",OAKLEY,-121.68215412000001,37.990659710000003
8324148,2016,2017-03-15,0710,2016-12-21,0931,1380,NORTH,3,5,5,0710,0,0,0,,0,008,"HILLTOP DR","ROBERT H MILLER",0.00,,Y,A,-,N,,,,,,,,,,N,4,0,4,3,A,-,09,21453,C,N,D,C,A,A,H,-,A,A,0,,,,,Y,,A,01,0,0,4,0,0,0,0,0,0,"- ","- ",,,"CONTRA COSTA",RICHMOND,-122.3331795,37.978380000000001
8324152,2016,2017-03-15,0700,2016-12-15,0808,OA009,59,4,5,3,0734,0,0,0,,0,051,"MAIN ST","SANDY LN",0.00,,Y,B,-,N,,,,,,,,,,Y,4,0,3,3,A,-,03,22350,,N,C,C,A,A,H,-,A,A,0,,,,,Y,,A,01,0,0,3,0,0,0,0,0,0,"- ","- ",,,"CONTRA COSTA",OAKLEY,-121.74741994,38.005139900000003
8324156,2016,2017-03-15,0710,2016-12-07,0804,1380,SOUTH,3,5,5,0710,0,0,0,,0,002,"MAINE AV","15TH ST",0.00,,Y,B,-,N,,,,,,,,,,Y,4,0,2,2,A,-,09,21800,A,N,D,C,A,A,H,-,A,D,0,,,,,Y,,A,01,0,0,2,0,0,0,0,0,0,"- ","- ",,,"CONTRA COSTA",RICHMOND,-122.35491991000001,37.92798999
8324160,2016,2017-03-15,0710,2016-12-03,1655,1662,0710,6,5,5,0710,0,0,0,,0,004,"BARRETT AV","18TH ST",12.00,W,N,A,-,N,,,,,,,,,,N,3,0,1,2,A,-,10,21950,A,N,G,B,B,A,H,-,B,D,0,Y,,,,Y,,A,07,0,1,0,0,1,0,0,0,0,"- ","- ",,,"CONTRA COSTA",RICHMOND,-122.35253161,37.938459199999997
8324971,2017,2017-03-20,0707,2017-03-02,1910,214,,4,5,3,0707,0,0,0,,0,003,"FITZGERALD DR","KFC DRWY",22.00,E,N,A,-,N,,,,,,,,,,N,4,0,2,2,A,-,09,21801,A,N,H,C,A,A,H,-,C,D,0,,,Y,,Y,,C,06,0,0,2,0,0,0,0,0,1,"- ","- ",,,"CONTRA COSTA",PINOLE,-122.30176181,37.99149121
8326027,2017,2017-03-24,0710,2017-01-12,2145,1662,0710,4,5,5,0710,0,0,0,,0,005,"FRED JACKSON WY","DUBOCE AV",25.00,S,N,A,-,N,,,,,,,,,,N,4,0,3,2,A,-,16,24002,A,N,A,C,A,A,H,-,C,D,0,,,,,Y,,E,22,0,0,3,0,0,0,0,0,0,"- ","- ",,,"CONTRA COSTA",RICHMOND,-122.36691,37.952611320000003
8326031,2017,2017-03-22,0710,2017-01-31,1630,1537,CENTR,2,5,5,0710,0,0,0,,0,006,"BARRETT AV","HARBOUR WY",0.00,,Y,A,-,N,,,,,,,,,,Y,4,0,1,3,A,-,09,21806,A,N,D,C,A,A,H,-,A,A,0,,,,,Y,,-,,0,0,1,0,0,0,0,0,0,"- ","- ",,,"CONTRA COSTA",RICHMOND,-122.36005986000001,37.938360000000003
8326111,2017,2017-03-22,0710,2017-01-01,1530,1708,NORTH,7,5,5,0710,0,0,0,,0,008,"BLUME DR","HILLTOP DR",0.00,,Y,A,-,N,,,,,,,,,,Y,4,0,1,2,A,-,03,22350,,N,-,C,A,A,-,-,A,A,0,,,,,Y,,-,,0,0,1,0,0,0,0,0,0,"- ","- ",,,"CONTRA COSTA",RICHMOND,-122.32424985,37.976829979999998
8326170,2017,2017-04-06,0701,2017-01-10,1802,3652,508,2,5,5,0701,0,0,0,,0,005,"ROCKY POINT DR","ROCKY POINT DR 4220",0.00,,N,C,-,N,,,,,,,,,,Y,4,0,1,1,A,-,00,22107,1,N,A,I,A,B,H,-,C,D,0,,,,,Y,Y,A,07,0,0,1,0,0,0,0,0,0,"- ","- ",,,"CONTRA COSTA",ANTIOCH,-121.78855062,37.977721680000002
8326174,2017,2017-04-06,0710,2017-01-04,1020,1477,NORTH,3,5,5,0710,0,0,0,,0,008,"HILLTOP DR","BLUME AV",0.00,,Y,B,C,N,,,,,,,,,,Y,4,0,1,1,A,-,03,22350,,N,E,I,A,B,H,-,A,A,0,,,,,Y,,A,01,0,0,1,0,0,0,0,0,0,"- ","- ",,,"CONTRA COSTA",RICHMOND,-122.32424985,37.976829979999998
8326178,2017,2017-04-06,0710,2017-01-13,2309,1662,0710,5,5,5,0710,0,0,0,,0,001,"CANAL BL","WEST OHIO AV",10.00,S,N,A,-,N,,,,,,,,,,Y,3,0,1,1,A,-,01,23152,A,N,E,I,A,A,H,-,C,D,0,,,,,Y,Y,A,08,0,1,0,0,0,0,0,0,0,"- ","- ",,,"CONTRA COSTA",RICHMOND,-122.37792511000001,37.930785270000001
8326186,2017,2017-04-06,0710,2017-01-03,1435,1505,CENTR,2,5,5,0710,0,0,0,,0,004,"RHEEM AV","20TH ST",40.00,E,N,C,-,N,,,,,,,,,,,4,0,1,2,A,-,09,21804,A,N,D,C,A,B,H,-,A,D,0,,,,,Y,,A,01,0,0,1,0,0,0,0,0,0,"- ","- ",,,"CONTRA COSTA",RICHMOND,-122.35000124,37.949580660000002
8326190,2017,2017-04-06,0710,2017-01-27,2200,1224,,5,5,5,0710,0,0,0,,0,007,"23RD ST","RHEEM AV",0.00,,Y,A,-,N,,,,,,,,,,N,3,0,1,2,A,-,05,21650,,N,-,G,A,-,H,-,C,A,0,,Y,,,Y,,L,04,0,1,0,0,0,0,1,0,0,"- ","- ",,,"CONTRA COSTA",RICHMOND,-122.34744995,37.949759919999998
8326221,2017,2017-04-06,0740,2017-01-12,1511,SR088,SR/72,4,5,4,0791,0,0,0,,0,006,"E BRANCH PKWY","SHERWOOD WY",0.00,,N,A,-,N,,,,,,,,,,Y,3,0,1,1,A,-,07,21658,A,N,E,I,A,A,H,-,A,D,0,,,,,Y,,A,01,0,1,0,0,0,0,0,0,0,"- ","- ",37.75168,-121.89841,"CONTRA COSTA","SAN RAMON",-121.89847985999999,37.751649890000003
8326313,2017,2017-03-27,0712,2017-02-22,1238,378,,3,5,5,0712,0,0,0,,0,003,"YGNACIO VALLEY RD","OAK GROVE RD",2640.00,E,N,A,-,N,,,,,,,,,,Y,3,0,1,1,A,-,08,22107,,N,F,I,A,A,H,-,A,D,0,,,,,Y,,A,07,0,1,0,0,0,0,0,0,0,"- ","- ",,,"CONTRA COSTA","WALNUT CREEK",-122.00599646000001,37.929726979999998
8326317,2017,2017-03-24,0708,2017-02-21,0759,247,046,2,5,5,0708,0,0,0,,0,001,"WEST 10TH ST","BEACON ST",533.00,W,N,A,-,N,,,,,,,,,,Y,4,0,1,2,A,-,09,21804,A,N,B,C,A,A,H,-,A,D,0,,,,,Y,,A,07,0,0,1,0,0,0,0,0,0,"- ","- ",,,"CONTRA COSTA",PITTSBURG,-121.89542089,38.029453529999998
8326401,2016,2017-03-21,0740,2016-01-12,1825,SR057,SARAM,2,5,4,0791,0,0,0,,0,001,"BOLLINGER CANYON RD","TALAVERA DR",30.00,W,N,A,-,N,,,,,,,,,,N,4,0,1,2,A,-,01,23152,A,N,C,C,A,A,H,-,C,A,0,,,,,Y,Y,A,01,0,0,1,0,0,0,0,0,0,"- ","- ",,,"CONTRA COSTA","SAN RAMON",-121.97076860999999,37.759355730000003
8326405,2016,2017-03-21,0740,2016-01-21,0833,SR049,WALNU,4,5,4,0791,0,0,0,,0,073,"BOLLINGER CANYON RD","N CHANTERELLA DR",0.00,,Y,A,-,N,,,,,,,,,,Y,4,0,1,3,A,-,03,22350,,N,C,C,A,A,H,-,A,D,0,,,,,Y,,A,07,0,0,1,0,0,0,0,0,0,"- ","- ",,,"CONTRA COSTA","SAN RAMON",-121.93948992,37.772139979999999
8326655,2017,2017-04-29,0708,2017-03-06,1217,285,,1,5,5,0708,0,0,0,,0,002,"HARBOR ST","E 8TH ST",0.00,,Y,C,-,N,,,,,,,,,,Y,3,0,1,2,A,-,09,21801,A,N,D,C,A,B,H,-,A,A,0,,,,,Y,,A,01,0,1,0,0,0,0,0,0,0,"- ","- ",,,"CONTRA COSTA",PITTSBURG,-121.87844985,38.027809920000003
8326704,2017,2017-04-28,0701,2017-03-03,0808,3657,510,5,5,5,0701,0,0,0,,0,005,"LONE TREE WY","COUNTRY HILLS DR",20.00,W,N,A,-,N,,,,,,,,,,Y,4,0,1,2,A,-,03,22350,,N,C,C,A,A,H,-,A,A,0,,,,,Y,,A,01,0,0,1,0,0,0,0,0,0,"- ","- ",,,"CONTRA COSTA",ANTIOCH,-121.78594353,37.968142100000001
8326737,2017,2017-04-01,0710,2017-03-06,0913,1380,CENTR,1,5,5,0710,0,0,0,,0,006,"RICHMOND PKWY","W MACDONALD AV",0.00,,Y,B,-,N,,,,,,,,,,Y,4,0,2,2,A,-,03,22350,,N,C,C,A,B,H,-,A,A,0,,,,,Y,,A,01,0,0,2,0,0,0,0,0,0,"- ","- ",,,"CONTRA COSTA",RICHMOND,-122.37295998,37.93590992
8327411,2017,2017-07-27,0709,2017-02-13,1008,444,1040,1,5,4,0709,0,0,0,,0,002,"TAYLOR BL","APOLLO WY",0.00,,Y,A,-,N,,,,,,,,,,N,4,0,1,2,A,-,12,21453,A,N,D,C,A,A,H,-,A,A,0,,,,,Y,,-,,0,0,1,0,0,0,0,0,0,"- ","- ",,,"CONTRA COSTA","PLEASANT HILL",-122.08378999999999,37.958059910000003
8327426,2017,2017-03-24,0704,2017-03-01,0832,466,,3,5,6,0704,0,0,0,,0,006,"KIRKER PASS RD","OLIVE DR",380.00,S,N,A,-,N,,,,,,,,,,N,4,0,1,2,A,-,03,22350,,N,C,C,A,A,H,-,A,D,0,,,,,Y,,A,01,0,0,1,0,0,0,0,0,0,"- ","- ",,,"CONTRA COSTA",CONCORD,-121.95447141,37.954341399999997
8327430,2017,2017-03-24,0704,2017-03-01,1932,0436,03,3,5,6,0704,0,0,0,,0,,"WILLOW PASS RD","DIAMOND BL",0.00,,Y,A,-,N,,,,,,,,,,Y,4,0,1,2,A,-,01,23152,A,N,A,C,A,A,H,-,C,A,0,,,,,Y,Y,A,01,0,0,1,0,0,0,0,0,0,"- ","- ",,,"CONTRA COSTA",CONCORD,-122.05247995000001,37.968489949999999
8327434,2017,2017-03-24,0704,2017-03-04,1138,386,,6,5,6,0704,0,0,0,,0,003,"TREAT BL","OAK GROVE RD",1096.00,W,N,B,-,N,,,,,,,,,,N,4,0,1,2,A,-,03,22350,A,N,C,C,A,-,G,-,A,A,0,,,,,Y,,A,01,0,0,1,0,0,0,0,0,0,"- ","- ",,,"CONTRA COSTA",CONCORD,-122.02824567,37.937099660000001
8327795,2017,2017-03-24,0740,2017-02-16,2008,SR501,SR/72,4,5,4,0791,0,0,0,,0,006,"DOUGHERTY RD","BOLLINGER CANYON RD",0.00,,Y,A,-,N,,,,,,,,,,Y,3,0,2,2,A,-,12,21453,A,N,D,C,A,A,H,-,C,A,0,,,,,Y,,A,01,0,1,1,0,0,0,0,0,0,"- ","- ",37.749429999999997,-121.91394,"CONTRA COSTA","SAN RAMON",-121.92510987,37.773559880000001
8327807,2017,2017-03-24,0709,2017-02-23,1515,318,2030,4,5,4,0709,0,0,0,,0,002,"COLLEGE DR","GOLF CLUB RD",0.00,,Y,B,-,N,,,,,,,,,,Y,4,0,1,2,A,-,09,21804,A,N,D,C,A,A,H,-,A,D,0,,,,,Y,,-,,0,0,1,0,0,0,0,0,0,"- ","- ",,,"CONTRA COSTA","PLEASANT HILL",-122.06504996,37.971599980000001
8327811,2017,2017-03-24,0709,2017-02-01,1519,401,3200,3,5,4,0709,0,0,0,,0,001,"OAK PARK BL","PLEASANT VALLEY DR",0.00,,Y,B,-,N,,,,,,,,,,N,4,0,1,2,A,-,12,21453,A,N,D,C,A,A,H,-,A,A,0,,,,,Y,,-,,0,0,1,0,0,0,0,0,0,"- ","- ",,,"CONTRA COSTA","PLEASANT HILL",-122.06230987000001,37.933189929999998
8328533,2017,2017-04-01,0700,2017-03-14,0650,OA009,59,2,5,3,0734,0,0,0,,0,051,"MAIN ST","CHARLES WY",0.00,,Y,A,-,N,,,,,,,,,,Y,4,0,2,2,A,-,09,21453,C,N,C,C,A,A,H,-,C,A,0,,,,,Y,,D,22,0,0,2,0,0,0,0,0,0,"- ","- ",37.998350000000002,-121.7311,"CONTRA COSTA",OAKLEY,-121.7309199,37.998229940000002
8328559,2017,2017-03-24,0700,2017-02-27,0857,OA011,,1,5,3,0734,0,0,0,,0,053,"LAUREL RD","BROWN RD",0.00,,Y,A,-,N,,,,,,,,,,N,4,0,1,2,A,-,03,22350,,M,C,C,A,A,H,-,A,A,0,,,,,Y,Y,A,01,0,0,1,0,0,0,0,0,0,"- ","- ",,,"CONTRA COSTA",OAKLEY,-121.72323989,37.983159970000003