CASE_ID,ACCIDENT_YEAR,PROC_DATE,JURIS,COLLISION_DATE,COLLISION_TIME,OFFICER_ID,REPORTING_DISTRICT,DAY_OF_WEEK,CHP_SHIFT,POPULATION,CNTY_CITY_LOC,SPECIAL_COND,BEAT_TYPE,CHP_BEAT_TYPE,CITY_DIVISION_LAPD,CHP_BEAT_CLASS,BEAT_NUMBER,PRIMARY_RD,SECONDARY_RD,DISTANCE,DIRECTION,INTERSECTION,WEATHER_1,WEATHER_2,STATE_HWY_IND,CALTRANS_COUNTY,CALTRANS_DISTRICT,STATE_ROUTE,ROUTE_SUFFIX,POSTMILE_PREFIX,POSTMILE,LOCATION_TYPE,RAMP_INTERSECTION,SIDE_OF_HWY,TOW_AWAY,COLLISION_SEVERITY,NUMBER_KILLED,NUMBER_INJURED,PARTY_COUNT,PRIMARY_COLL_FACTOR,PCF_CODE_OF_VIOL,PCF_VIOL_CATEGORY,PCF_VIOLATION,PCF_VIOL_SUBSECTION,HIT_AND_RUN,TYPE_OF_COLLISION,MVIW,PED_ACTION,ROAD_SURFACE,ROAD_COND_1,ROAD_COND_2,LIGHTING,CONTROL_DEVICE,CHP_ROAD_TYPE,PEDESTRIAN_ACCIDENT,BICYCLE_ACCIDENT,MOTORCYCLE_ACCIDENT,TRUCK_ACCIDENT,NOT_PRIVATE_PROPERTY,ALCOHOL_INVOLVED,STWD_VEHTYPE_AT_FAULT,CHP_VEHTYPE_AT_FAULT,COUNT_SEVERE_INJ,COUNT_VISIBLE_INJ,COUNT_COMPLAINT_PAIN,COUNT_PED_KILLED,COUNT_PED_INJURED,COUNT_BICYCLIST_KILLED,COUNT_BICYCLIST_INJURED,COUNT_MC_KILLED,COUNT_MC_INJURED,PRIMARY_RAMP,SECONDARY_RAMP,LATITUDE,LONGITUDE,COUNTY,CITY,POINT_X,POINT_Y
8334108,2017,2017-05-24,0704,2017-03-08,1438,548,MTDIA,3,5,6,0704,0,0,0,,0,001,"WILLOW PASS RD","WATER WORLD PKWY",0.00,,Y,A,-,N,,,,,,,,,,Y,4,0,1,3,A,-,03,22350,,N,-,C,A,A,H,-,A,A,0,,,,,Y,,A,01,0,0,1,0,0,0,0,0,0,"- ","- ",,,"CONTRA COSTA",CONCORD,-122.05085994,37.96957991
8334112,2017,2017-03-29,0704,2017-03-08,2258,575,,3,5,6,0704,0,0,0,,0,002,"CLAYTON RD","DETROIT AV",0.00,,Y,A,-,N,,,,,,,,,,Y,4,0,1,2,A,-,01,23152,B,N,D,C,A,A,H,-,C,A,0,,,,,Y,Y,A,01,0,0,1,0,0,0,0,0,0,"- ","- ",,,"CONTRA COSTA",CONCORD,-122.04308992,37.970829979999998
8334116,2017,2017-03-30,0704,2017-03-10,1726,0858,,5,5,6,0704,0,0,0,,0,006,"YGNACIO VALLEY RD","CRYSTAL RANCH DR",0.00,,Y,A,-,N,,,,,,,,,,Y,4,0,1,2,A,-,03,22350,,N,C,C,A,A,H,-,A,A,0,,,,,Y,,A,07,0,0,1,0,0,0,0,0,0,"- ","- ",,,"CONTRA COSTA",CONCORD,-121.98385994,37.948239899999997
8334120,2017,2017-03-29,0704,2017-03-10,1834,491,032,5,5,6,0704,0,0,0,,0,005,"CLAYTON RD","WEST ST",0.00,,Y,A,-,N,,,,,,,,,,Y,4,0,2,3,A,-,03,22350,,N,C,C,A,A,H,-,C,A,0,,,,,Y,,A,07,0,0,2,0,0,0,0,0,0,"- ","- ",,,"CONTRA COSTA",CONCORD,-122.00230995,37.967959880000002
8334124,2017,2017-06-08,0704,2017-03-14,1550,0426,,2,5,6,0704,0,0,0,,0,002,"MONUMENT BL","DETROIT AV",0.00,,Y,A,-,N,,,,,,,,,,N,4,0,1,2,A,-,09,21804,,N,D,G,A,A,H,-,A,A,0,,Y,,,Y,,L,04,0,0,1,0,0,0,1,0,0,"- ","- ",37.959980000000002,-122.03364999999999,"CONTRA COSTA",CONCORD,-122.03365998,37.960079989999997
8334163,2017,2017-04-06,0704,2017-03-06,1545,573,,1,5,6,0704,0,0,0,,0,001,"SUNVALLEY BL","SANTA MONICA DR",362.00,E,N,A,-,N,,,,,,,,,,Y,4,0,1,3,A,-,03,22350,,N,C,C,A,A,H,-,A,D,0,,,,,Y,,A,01,0,0,1,0,0,0,0,0,0,"- ","- ",,,"CONTRA COSTA",CONCORD,-122.05968496,37.963766229999997
8334234,2017,2017-03-29,0704,2017-03-11,1056,0510,,6,5,6,0704,0,0,0,,0,006,"BAILEY RD","BAILEY CT",120.00,S,N,A,-,N,,,,,,,,,,Y,2,0,3,2,A,-,01,23153,A,N,A,C,A,A,H,-,A,D,0,,,,,Y,Y,A,01,1,1,1,0,0,0,0,0,0,"- ","- ",,,"CONTRA COSTA",CONCORD,-121.97529763999999,37.967311670000001
8334238,2017,2017-03-29,0704,2017-03-04,1955,0532,,6,5,6,0704,0,0,0,,0,006,"CLAYTON RD","THORNWOOD DR",21.00,W,N,C,-,N,,,,,,,,,,Y,2,0,5,2,A,-,01,23152,A,N,C,C,A,B,H,-,C,A,0,,,,,Y,Y,A,01,1,0,4,0,0,0,0,0,0,"- ","- ",,,"CONTRA COSTA",CONCORD,-121.98691635,37.962653840000002
8334564,2016,2017-04-12,0710,2016-01-08,1255,1643,CENTR,5,5,5,0710,0,0,0,,0,006,"HARBOUR WY","BISSELL AV",0.00,,Y,B,-,N,,,,,,,,,,Y,4,0,1,3,A,-,17,21451,A,N,D,C,A,A,H,-,A,A,0,,,,,Y,,A,01,0,0,1,0,0,0,0,0,0,"- ","- ",,,"CONTRA COSTA",RICHMOND,-122.36000989999999,37.934069919999999
8334568,2016,2017-04-10,0710,2016-01-26,1055,1586,,2,5,5,0710,0,0,0,,0,,"PENNSYLVANIA AV","7TH ST",0.00,,Y,A,-,N,,,,,,,,,,Y,4,0,2,2,D,-,00,,,N,D,C,A,A,H,-,A,A,0,,,,,Y,,-,"- ",0,0,2,0,0,0,0,0,0,"- ","- ",,,"CONTRA COSTA",RICHMOND,-122.36258986999999,37.942579879999997
8334576,2016,2017-04-08,0710,2016-12-21,1125,1242,CENTR,3,5,5,0710,0,0,0,,0,006,"HENSLEY ST",SEALY,350.00,S,N,B,-,N,,,,,,,,,,Y,3,0,3,2,A,-,03,22350,,N,C,C,A,A,H,-,A,D,0,,,,,Y,,A,01,0,2,1,0,0,0,0,0,0,"- ","- ",,,"CONTRA COSTA",RICHMOND,,
8334621,2017,2017-03-30,0740,2017-02-15,1510,SR501,SR72,3,5,4,0791,0,0,0,,0,005,"ALBION RD","N BELLINGHAM WY",0.00,,Y,B,-,N,,,,,,,,,,N,3,0,1,2,A,-,10,21950,A,F,G,B,B,A,H,-,A,A,0,Y,,,,Y,,A,01,0,1,0,0,1,0,0,0,0,"- ","- ",37.767890000000001,-121.89943,"CONTRA COSTA","SAN RAMON",-121.8993899,37.767859989999998
8334639,2016,2017-04-08,0710,2016-01-02,1750,1662,0710,6,5,5,0710,0,0,0,,0,002,"S 23RD ST","CUTTING BL",0.00,,Y,B,-,N,,,,,,,,,,Y,2,0,2,2,C,-,18,,,N,D,C,A,A,H,-,C,A,0,,,,,Y,,-,"- ",1,0,1,0,0,0,0,0,0,"- ","- ",,,"CONTRA COSTA",RICHMOND,-122.34766987,37.925249970000003
8334640,2017,2017-04-04,0710,2017-02-15,1622,1662,0710,3,5,5,0710,0,0,0,,0,002,"S 26TH ST","CUTTING BL",30.00,N,N,B,-,N,,,,,,,,,,Y,4,0,1,2,A,-,00,2800,2,F,A,C,A,A,H,-,A,A,0,,,,,Y,,A,01,0,0,1,0,0,0,0,0,0,"- ","- ",,,"CONTRA COSTA",RICHMOND,-122.34470813,37.925342399999998
8334662,2017,2017-04-04,0710,2017-02-18,1519,1662,0710,6,5,5,0710,0,0,0,,0,004,"22ND ST","MACDONALD AV",0.00,,Y,B,-,N,,,,,,,,,,Y,4,0,1,3,A,-,12,21453,A,M,D,C,A,A,H,-,A,A,0,,,,,Y,,A,07,0,0,1,0,0,0,0,0,0,"- ","- ",,,"CONTRA COSTA",RICHMOND,-122.34857991,37.935739920000003
8334670,2016,2017-04-08,0710,2016-11-28,1312,1494,SOUTH,1,5,5,0710,0,0,0,,0,003,"CUTTING BL","CARLSON BL",0.00,E,N,A,-,N,,,,,,,,,,N,4,0,2,2,A,-,05,21650,,N,B,E,A,A,H,-,A,D,0,,,,,Y,,I,20,0,0,2,0,0,0,0,0,0,"- ","- ",,,"CONTRA COSTA",RICHMOND,-122.33811989,37.925209979999998
8334725,2017,2017-04-03,0740,2017-01-26,2130,SR501,SR72,4,5,4,0791,0,0,0,,0,BEAT6,"E BRANCH PKWY","CHANCERY WAY",0.00,,Y,A,-,N,,,,,,,,,,N,2,0,1,2,A,-,12,21453,A,N,D,C,A,A,H,-,C,A,0,,,,,Y,,A,01,1,0,0,0,0,0,0,0,0,"- ","- ",37.754019999999997,-121.90149,"CONTRA COSTA","SAN RAMON",-121.90153992,37.753989959999998
8334729,2017,2017-04-03,0740,2017-01-26,1734,SR040,,4,5,4,0791,0,0,0,,0,SAN,"E BRANCH PKWY","SHERWOOD WY",0.00,,Y,A,-,N,,,,,,,,,,N,3,0,1,2,A,-,17,21451,A,N,D,-,A,A,H,-,B,A,0,,,,,Y,,A,07,0,1,0,0,0,0,0,0,0,"- ","- ",37.75168,-121.89841,"CONTRA COSTA","SAN RAMON",-121.89847985999999,37.751649890000003
8334749,2017,2017-04-03,0740,2017-01-29,1820,SR083,SR72,7,5,4,0791,0,0,0,,0,BEAT5,"TIGERSIDE WY","N GALE RIDGE RD",255.00,W,N,A,-,N,,,,,,,,,,N,3,0,1,2,A,-,21,22106,,N,G,B,E,A,H,-,C,D,0,Y,,,,Y,,A,08,0,1,0,0,1,0,0,0,0,"- ","- ",37.775930000000002,-121.93228999999999,"CONTRA COSTA","SAN RAMON",-121.93212637000001,37.775662330000003
8334765,2017,2017-04-03,0710,2017-01-05,1439,1477,CENTR,4,5,5,0710,0,0,0,,0,004,"RHEEM AV","23RD ST",0.00,,Y,B,C,N,,,,,,,,,,Y,3,0,1,3,A,-,09,21801,A,N,D,C,A,B,H,-,A,A,0,,,,,Y,,-,,0,1,0,0,0,0,0,0,0,"- ","- ",,,"CONTRA COSTA",RICHMOND,-122.34744995,37.949759919999998
8334769,2017,2017-04-05,0710,2017-01-19,0018,1655,CENTR,4,5,5,0710,0,0,0,,0,006,"HARBOUR WY","MACDONALD AV",5.00,S,N,C,-,N,,,,,,,,,,N,3,0,1,2,A,-,10,21950,,F,A,B,B,B,H,-,C,-,0,Y,,,,Y,,-,,0,1,0,0,1,0,0,0,0,"- ","- ",,,"CONTRA COSTA",RICHMOND,-122.36001,37.935706260000003
8334770,2017,2017-04-03,0710,2017-02-14,1508,1705,SOUTH,2,5,5,0710,0,0,0,,0,001,"CANAL BL","W OHIO AV",20.00,S,N,A,-,N,,,,,,,,,,Y,4,0,2,2,A,-,03,22350,,F,C,C,A,A,H,-,A,A,0,,,,,Y,,A,01,0,0,2,0,0,0,0,0,0,"- ","- ",,,"CONTRA COSTA",RICHMOND,-122.37794022,37.930760550000002
8334773,2017,2017-04-03,0710,2017-01-19,0140,1224,,4,5,5,0710,0,0,0,,0,003,"CARLSON BL","BAYVIEW AV",100.00,E,N,C,-,N,,,,,,,,,,N,4,0,1,2,A,-,11,21954,A,N,G,B,-,B,-,-,C,D,0,Y,,,,Y,,N,60,0,0,1,0,1,0,0,0,0,"- ","- ",,,"CONTRA COSTA",RICHMOND,-122.32321924,37.91401329
8334774,2017,2017-04-25,0710,2017-02-18,1246,1702,NORTH,6,5,5,0710,0,0,0,,0,008,"HILLTOP DR","ROBERT H MILLER AV",0.00,,Y,A,-,N,,,,,,,,,,Y,4,0,1,2,A,-,"- ",,,N,D,C,A,A,H,-,A,A,0,,,,,Y,,A,01,0,0,1,0,0,0,0,0,0,"- ","- ",,,"CONTRA COSTA",RICHMOND,-122.3331795,37.978380000000001
8334777,2017,2017-04-03,0710,2017-01-11,2015,1662,0710,3,5,5,0710,0,0,0,,0,001,"CHANSLOR AV","21ST ST",0.00,,Y,C,-,N,,,,,,,,,,N,4,0,1,2,A,-,08,22103,,N,E,C,A,B,H,-,C,A,0,,,,,Y,,A,01,0,0,1,0,0,0,0,0,0,"- ","- ",,,"CONTRA COSTA",RICHMOND,-122.34947993,37.932459979999997
8334778,2017,2017-04-03,0710,2017-02-19,0157,1712,SOU,7,5,5,0710,0,0,0,,0,003,"CUTTING BL","S 34TH ST",3.00,W,N,C,-,N,,,,,,,,,,N,2,0,1,2,A,-,10,21950,A,F,G,B,B,B,H,-,C,D,0,Y,,,,Y,,-,,1,0,0,0,1,0,0,0,0,"- ","- ",,,"CONTRA COSTA",RICHMOND,-122.33695040000001,37.925249739999998
8334781,2017,2017-04-03,0710,2017-02-17,1226,1705,SOUTH,5,5,5,0710,0,0,0,,0,003,"S 55TH AV","BAY VIEW AV",0.00,,Y,B,-,N,,,,,,,,,,Y,4,0,2,2,A,-,21,22106,,M,D,C,A,A,H,-,A,A,0,,,,,Y,,A,01,0,0,2,0,0,0,0,0,0,"- ","- ",,,"CONTRA COSTA",RICHMOND,-122.31777984999999,37.915619990000003
8334782,2017,2017-04-03,0710,2017-02-03,1749,1662,0710,5,5,5,0710,0,0,0,,0,008,"RICHMOND PKWY","HILLTOP DR",400.00,S,N,C,-,N,,,,,,,,,,Y,3,0,1,1,A,-,03,22350,,M,F,I,A,B,H,-,C,D,0,,,,,Y,,A,07,0,1,0,0,0,0,0,0,0,"- ","- ",,,"CONTRA COSTA",RICHMOND,-122.34045903000001,37.986304869999998
8334785,2017,2017-04-03,0710,2017-02-13,1640,1496,SOUTH,1,5,5,0710,0,0,0,,0,003,"CENTER AV","S 31ST ST",0.00,,Y,A,-,N,,,,,,,,,,Y,3,0,2,2,A,-,21,22106,,N,D,C,A,A,H,-,A,D,0,,,,,Y,,-,,0,1,1,0,0,0,0,0,0,"- ","- ",,,"CONTRA COSTA",RICHMOND,-122.34035996999999,37.930179950000003
8334786,2017,2017-04-03,0710,2017-02-21,1850,1686,CENTR,2,5,5,0710,0,0,0,,0,006,MACDONALD,"2ND ST",0.00,,Y,A,-,N,,,,,,,,,,N,3,0,1,2,A,-,10,21950,A,N,G,B,B,A,H,-,C,D,0,Y,,,,Y,,A,01,0,1,0,0,1,0,0,0,0,"- ","- ",,,"CONTRA COSTA",RICHMOND,-122.36766,37.935719990000003
8334794,2017,2017-04-03,0710,2017-02-21,1609,1477,NORTH,2,5,5,0710,0,0,0,,0,004,"MACDONALD AV","22ND ST",0.00,,Y,B,-,N,,,,,,,,,,N,4,0,1,2,A,-,10,21950,A,N,G,B,B,B,H,-,A,A,0,Y,,,,Y,,A,08,0,0,1,0,1,0,0,0,0,"- ","- ",,,"CONTRA COSTA",RICHMOND,-122.34857991,37.935739920000003
8334798,2017,2017-04-03,0710,2017-02-07,0834,1586,,2,5,5,0710,0,0,0,,0,,"BARRETT AV","37TH ST",0.00,,Y,C,-,N,,,,,,,,,,N,4,0,1,2,A,-,09,21801,A,N,D,G,A,B,H,-,A,A,0,,Y,,,Y,,A,07,0,0,1,0,0,0,1,0,0,"- ","- ",,,"CONTRA COSTA",RICHMOND,-122.33361988999999,37.936549890000002
8334883,2017,2017-03-29,0711,2017-03-04,1819,1083,BAY,6,5,4,0711,0,0,0,,0,003,"CHURCH LANE","DOVER AV",0.00,,Y,A,-,N,,,,,,,,,,N,4,0,2,3,A,-,10,21950,A,N,G,B,B,A,H,-,A,D,0,Y,,,,Y,,A,01,0,0,2,0,2,0,0,0,0,"- ","- ",,,"CONTRA COSTA","SAN PABLO",-122.34166990999999,37.95724989
8335226,2017,2017-04-05,0710,2017-02-19,1812,1546,C,7,5,5,0710,0,0,0,,0,004,"BARRETT AV","22ND ST",0.00,,Y,A,-,N,,,,,,,,,,N,4,0,1,2,A,-,12,21453,A,N,D,C,A,A,H,-,B,A,0,,,,,Y,,-,,0,0,1,0,0,0,0,0,0,"- ","- ",,,"CONTRA COSTA",RICHMOND,-122.34855989,37.938459989999998
8335431,2017,2017-04-11,0712,2017-03-25,2105,P514,WALNU,6,5,5,0712,0,0,0,,0,002,"N MAIN ST","SAN LUIS RD",0.00,,Y,A,-,N,,,,,,,,,,N,4,0,1,2,A,-,21,22106,,N,C,C,A,A,H,-,C,A,0,,,,,Y,,J,48,0,0,1,0,0,0,0,0,0,"- ","- ",,,"CONTRA COSTA","WALNUT CREEK",-122.06571995,37.917249920000003
8335435,2017,2017-04-11,0712,2017-03-21,1636,323,,2,5,5,0712,0,0,0,,0,002,"N MAIN ST","LACASSIE AV",60.00,N,N,A,-,N,,,,,,,,,,N,4,0,2,3,A,-,03,22350,,N,C,C,A,A,H,-,A,A,0,,,,,Y,,A,01,0,0,2,0,0,0,0,0,0,"- ","- ",,,"CONTRA COSTA","WALNUT CREEK",-122.06306379999999,37.903810849999999
8335458,2017,2017-04-08,0701,2017-03-23,2137,5568,206,4,5,5,0701,0,0,0,,0,002,"E 18TH ST","AMBER DR",0.00,,Y,A,-,N,,,,,,,,,,Y,2,0,2,2,A,-,01,23152,A,N,A,C,A,A,H,-,C,D,0,,,,,Y,Y,A,01,1,0,1,0,0,0,0,0,0,"- ","- ",,,"CONTRA COSTA",ANTIOCH,-121.79458993,38.004909920000003
8335612,2017,2017-08-28,0704,2017-03-31,1034,567,,5,5,6,0704,0,0,0,,0,006,"CLAYTON RD","CLAYCORD AV",33.00,W,N,A,-,N,,,,,,,,,,Y,4,0,1,2,A,-,08,22107,,N,D,C,A,A,H,-,A,A,0,,,,,Y,,A,01,0,0,1,0,0,0,0,0,0,"- ","- ",,,"CONTRA COSTA",CONCORD,-121.97598419000001,37.958717579999998
8335668,2017,2017-08-31,0712,2017-03-12,0952,P567,,7,5,5,0712,0,0,0,,0,003,"YGNACIO VALLEY RD","HOMESTEAD AV",0.00,,Y,A,-,N,,,,,,,,,,Y,4,0,1,2,A,-,12,21453,A,N,D,C,A,A,H,-,A,A,0,,,,,Y,,A,01,0,0,1,0,0,0,0,0,0,"- ","- ",,,"CONTRA COSTA","WALNUT CREEK",-122.05233,37.909079900000002
8335672,2017,2017-08-31,0712,2017-03-27,0745,378,,1,5,5,0712,0,0,0,,0,002,"N MAIN ST","PARKSIDE DR",0.00,,Y,A,-,N,,,,,,,,,,N,3,0,1,2,A,-,10,21950,A,N,G,B,B,A,H,-,A,A,0,Y,,,,Y,,A,01,0,1,0,0,1,0,0,0,0,"- ","- ",,,"CONTRA COSTA","WALNUT CREEK",-122.06543990999999,37.911999989999998
8335676,2017,2017-11-30,0712,2017-03-30,1222,323,,4,5,5,0712,0,0,0,,0,003,"TREAT BL","BANCROFT RD",150.00,W,N,A,-,N,,,,,,,,,,N,4,0,2,3,A,-,03,22350,,N,C,C,A,A,H,-,A,A,0,,,,,Y,,A,07,0,0,2,0,0,0,0,0,0,"- ","- ",,,"CONTRA COSTA","WALNUT CREEK",-122.04291413,37.928901430000003
8336082,2017,2017-06-26,0712,2017-03-20,2014,P433,,1,5,5,0712,0,0,0,,0,003,"LA CASA VIA",MONTEGO,200.00,N,N,B,C,N,,,,,,,,,,Y,3,0,1,2,A,-,08,22107,,N,D,C,A,B,H,-,C,D,0,,,Y,,Y,,A,01,0,1,0,0,0,0,0,0,1,"- ","- ",,,"CONTRA COSTA","WALNUT CREEK",-122.0414707,37.91185299
8336133,2017,2017-06-26,0700,2017-02-26,0029,OA020`,59,7,5,3,0734,0,0,0,,0,051,"LAUREL RD","NEROLY RD",0.00,,Y,A,-,N,,,,,,,,,,N,2,0,3,3,D,-,00,,,N,D,C,A,A,H,-,C,A,0,,,,,Y,,-,"- ",1,0,2,0,0,0,0,0,0,"- ","- ",,,"CONTRA COSTA",OAKLEY,-121.74079996,37.981029960000001
8336376,2017,2017-04-20,0740,2017-01-25,1400,SR060,MONTE,3,5,4,0791,0,0,0,,0,MONTEV,"BROADMOOR DR","ASCOT DR",342.00,S,N,A,-,N,,,,,,,,,,N,3,0,1,2,A,-,11,21950,B,N,G,B,D,A,H,-,A,D,0,Y,,,,Y,,N,60,0,1,0,0,1,0,0,0,0,"- ","- ",37.755710000000001,-121.95156,"CONTRA COSTA","SAN RAMON",-121.95306366,37.756469289999998
8336421,2017,2017-04-22,0701,2017-03-03,1416,5319,409,5,5,5,0701,0,0,0,,0,004,"LONE TREE WY","ROBERT ST",200.00,,N,A,-,N,,,,,,,,,,N,4,0,1,3,A,-,04,21703,,N,C,C,A,A,H,-,A,D,0,,,,,Y,,A,01,0,0,1,0,0,0,0,0,0,"- ","- ",,,"CONTRA COSTA",ANTIOCH,-121.80780996999999,37.991749929999997
8336624,2017,2017-04-28,0704,2017-04-02,1515,0551,,7,5,6,0704,0,0,0,,0,003,"OAK GROVE RD","SMITH LN",0.00,,Y,A,-,N,,,,,,,,,,Y,4,0,1,2,A,-,08,22107,,N,D,C,A,A,H,-,A,A,0,,,,,Y,,A,01,0,0,1,0,0,0,0,0,0,"- ","- ",,,"CONTRA COSTA",CONCORD,-122.02715999999999,37.941009940000001
8336815,2017,2017-05-09,0740,2017-03-16,1038,SR060,SR072,4,5,4,0791,0,0,0,,0,PD60,"CROW CANYON RD","CROW CANYON PL",0.00,,Y,A,-,N,,,,,,,,,,Y,4,0,2,2,A,-,12,21453,A,N,D,D,A,A,H,-,A,A,0,,,,,Y,,D,22,0,0,2,0,0,0,0,0,0,"- ","- ",37.778579999999998,-121.97158,"CONTRA COSTA","SAN RAMON",-121.97160988,37.778619929999998
8337036,2017,2018-07-20,0710,2017-02-27,1932,1686,CENTR,1,5,5,0710,0,0,0,,0,006,"BISSELL AV","6TH ST",0.00,,Y,A,-,N,,,,,,,,,,N,4,0,1,2,A,-,09,21802,A,N,D,C,A,A,H,-,C,A,0,,,Y,,Y,,-,"- ",0,0,1,0,0,0,0,0,0,"- ","- ",,,"CONTRA COSTA",RICHMOND,-122.36374999,37.934069960000002
8337083,2017,2017-06-02,0710,2017-04-30,1754,1711,CENTR,7,5,5,0710,0,0,0,,0,005,"BARRETT AV","12TH ST",0.00,,Y,A,-,N,,,,,,,,,,Y,4,0,3,2,A,-,04,21703,,N,C,C,A,A,H,-,A,A,0,,,,,Y,,A,01,0,0,3,0,0,0,0,0,0,"- ","- ",,,"CONTRA COSTA",RICHMOND,-122.35805989000001,37.938499909999997
8337222,2017,2017-04-10,0708,2017-03-14,1040,247,046,2,5,5,0708,0,0,0,,0,004,"RAILROAD AV","YOSEMITE DR",4.00,N,N,A,-,N,,,,,,,,,,N,4,0,1,2,A,-,12,21453,A,N,D,C,A,A,H,-,A,A,0,,,,,Y,,D,22,0,0,1,0,0,0,0,0,0,"- ","- ",,,"CONTRA COSTA",PITTSBURG,-121.89371592000001,38.005350499999999
8337302,2017,2017-04-04,0701,2017-03-05,1054,5565,208,7,5,5,0701,0,0,0,,0,002,"E 18TH ST","SAINT CLAIRE DR",180.00,E,N,B,-,N,,,,,,,,,,N,4,0,1,2,A,-,09,21804,A,N,D,C,A,B,H,-,A,A,0,,,,,Y,,A,01,0,0,1,0,0,0,0,0,0,"- ","- ",,,"CONTRA COSTA",ANTIOCH,-121.77765517,38.004903069999997
8337306,2017,2017-04-07,0701,2017-03-24,1229,5443,301,5,5,5,0701,0,0,0,,0,003,"DELTA FAIR BL","KENNEDY WY",0.00,,Y,B,-,N,,,,,,,,,,Y,4,0,1,1,A,-,"- ",,,N,E,I,A,B,G,H,A,D,0,,,,,Y,,A,01,0,0,1,0,0,0,0,0,0,"- ","- ",,,"CONTRA COSTA",ANTIOCH,-121.85300999,38.004289980000003
8337310,2017,2017-04-04,0701,2017-03-26,1645,5429,511,7,5,5,0701,0,0,0,,0,005,"MOKELUMNE DR","SCHELL MOUNTAIN WY",0.00,,Y,A,-,N,,,,,,,,,,N,4,0,1,2,A,-,12,22450,A,F,B,C,A,A,H,-,A,A,0,,,,,Y,,A,01,0,0,1,0,0,0,0,0,0,"- ","- ",,,"CONTRA COSTA",ANTIOCH,-121.78850994,37.959849980000001
8337325,2017,2017-04-04,0708,2017-03-14,0727,247,046,2,5,5,0708,0,0,0,,0,004,"ATLANTIC AV","HARBOR ST",6.00,W,N,A,-,N,,,,,,,,,,N,4,0,1,2,A,-,11,21950,B,N,G,B,B,A,H,-,A,A,0,Y,,,,Y,,N,60,0,0,1,0,1,0,0,0,0,"- ","- ",38.00844,-121.88697999999999,"CONTRA COSTA",PITTSBURG,-121.88710082,38.008300579999997
8337386,2017,2017-04-05,0712,2017-03-28,0730,P518,,2,5,5,0712,0,0,0,,0,003,"TREAT BL","CANDELERO DR",400.00,E,N,A,-,N,,,,,,,,,,Y,4,0,1,2,A,-,03,22350,,N,C,C,A,A,H,-,A,D,0,,,,,Y,,D,22,0,0,1,0,0,0,0,0,0,"- ","- ",,,"CONTRA COSTA","WALNUT CREEK",-122.04402163,37.928269090000001
8337463,2017,2017-04-06,0712,2017-03-24,1512,323,,5,5,5,0712,0,0,0,,0,003,"BANCROFT RD","TREAT BL",75.00,S,N,B,-,N,,,,,,,,,,N,4,0,3,3,A,-,03,22350,,N,C,C,A,B,H,-,A,A,0,,,,,Y,,A,01,0,0,3,0,0,0,0,0,0,"- ","- ",,,"CONTRA COSTA","WALNUT CREEK",-122.04232948000001,37.9289779
8337467,2017,2017-04-06,0712,2017-03-24,0712,323,,5,5,5,0712,0,0,0,,0,001,"BOULEVARD WY","BOULEVARD CIR",0.00,,Y,B,-,N,,,,,,,,,,Y,4,0,1,2,A,-,09,21802,,N,D,C,A,A,H,-,A,A,0,,,,,Y,,A,07,0,0,1,0,0,0,0,0,0,"- ","- ",,,"CONTRA COSTA","WALNUT CREEK",-122.07186996999999,37.895849920000003
8337471,2017,2017-04-06,0712,2017-03-23,0858,P518,,4,5,5,0712,0,0,0,,0,001,"TERRA CLAIFORNIA","ROCKVIEW DR",0.00,,Y,A,-,N,,,,,,,,,,Y,4,0,1,2,C,-,18,,,N,E,I,A,A,H,-,A,D,0,,,,,Y,,-,"- ",0,0,1,0,0,0,0,0,0,"- ","- ",,,"CONTRA COSTA","WALNUT CREEK",-122.06731000000001,37.8690699
8337764,2017,2017-04-12,0710,2017-02-25,1716,1662,0710,6,5,5,0710,0,0,0,,0,006,"CURRY ST","W MACDONALD AV",40.00,S,N,A,-,N,,,,,,,,,,Y,4,0,1,1,A,-,05,21650,,N,E,I,A,A,H,-,A,D,0,,,,,Y,,D,22,0,0,1,0,0,0,0,0,0,"- ","- ",,,"CONTRA COSTA",RICHMOND,-122.37132,37.935590120000001
8337831,2017,2017-04-12,0710,2017-02-23,1946,1662,0710,4,5,5,0710,0,0,0,,0,001,"SANDERLING ISLAND","PELICAN WY",60.00,E,N,A,-,N,,,,,,,,,,N,4,0,1,2,A,-,08,22107,,F,G,B,E,A,H,-,C,D,0,Y,,,,Y,,D,22,0,0,1,0,1,0,0,0,0,"- ","- ",,,"CONTRA COSTA",RICHMOND,-122.38086235,37.90960424
8337835,2017,2017-04-12,0710,2017-02-03,0840,1505,NORTH,5,5,5,0710,0,0,0,,0,007,"RHEEM AV","34TH ST",0.00,,Y,C,-,N,,,,,,,,,,N,4,0,1,2,A,-,11,21950,B,N,G,B,B,B,H,-,A,D,0,Y,,,,Y,,N,60,0,0,1,0,1,0,0,0,0,"- ","- ",,,"CONTRA COSTA",RICHMOND,-122.33455999,37.949869890000002
8337839,2017,2017-04-12,0710,2017-02-24,1636,1662,0710,5,5,5,0710,0,0,0,,0,001,"CANAL BL","W CUTTING BL",10.00,S,N,A,B,N,,,,,,,,,,Y,4,0,1,2,A,-,03,22350,,N,C,C,A,A,H,-,A,A,0,,,,,Y,,D,22,0,0,1,0,0,0,0,0,0,"- ","- ",,,"CONTRA COSTA",RICHMOND,-122.37819695,37.925273089999997
8338759,2017,2018-01-26,0701,2017-03-12,2004,3361,205,7,5,5,0701,0,0,0,,0,002,"SUNSET DR","A ST",0.00,,Y,A,-,N,,,,,,,,,,N,4,0,1,3,A,-,09,21801,A,M,D,C,A,A,H,-,C,A,0,,,,,Y,,A,01,0,0,1,0,0,0,0,0,0,"- ","- ",,,"CONTRA COSTA",ANTIOCH,-121.80602073999999,38.000226550000001
8339043,2017,2017-07-28,0708,2017-02-28,2149,335,,2,5,5,0708,0,0,0,,0,,"CALIFORNIA AV","RT 4",0.00,,Y,A,-,Y,CC,4,4,-,-,23.644,R,4,W,Y,4,0,5,2,A,-,12,21453,A,N,A,C,A,A,H,-,C,A,0,,,,,Y,,A,01,0,0,5,0,0,0,0,0,0,"- ",WF,,,"CONTRA COSTA",PITTSBURG,-121.87898746,38.014622439999997
8339172,2017,2017-07-27,0712,2017-03-04,0016,P525,,6,5,5,0712,0,0,0,,0,002,"LAWRENCE WY",PENNIMAN,300.00,S,N,A,-,N,,,,,,,,,,Y,4,0,1,2,A,-,01,23152,,N,C,C,A,A,H,-,C,A,0,,,,,Y,Y,A,01,0,0,1,0,0,0,0,0,0,"- ","- ",,,"CONTRA COSTA","WALNUT CREEK",-122.06393928,37.914373400000002