CASE_ID,ACCIDENT_YEAR,PROC_DATE,JURIS,COLLISION_DATE,COLLISION_TIME,OFFICER_ID,REPORTING_DISTRICT,DAY_OF_WEEK,CHP_SHIFT,POPULATION,CNTY_CITY_LOC,SPECIAL_COND,BEAT_TYPE,CHP_BEAT_TYPE,CITY_DIVISION_LAPD,CHP_BEAT_CLASS,BEAT_NUMBER,PRIMARY_RD,SECONDARY_RD,DISTANCE,DIRECTION,INTERSECTION,WEATHER_1,WEATHER_2,STATE_HWY_IND,CALTRANS_COUNTY,CALTRANS_DISTRICT,STATE_ROUTE,ROUTE_SUFFIX,POSTMILE_PREFIX,POSTMILE,LOCATION_TYPE,RAMP_INTERSECTION,SIDE_OF_HWY,TOW_AWAY,COLLISION_SEVERITY,NUMBER_KILLED,NUMBER_INJURED,PARTY_COUNT,PRIMARY_COLL_FACTOR,PCF_CODE_OF_VIOL,PCF_VIOL_CATEGORY,PCF_VIOLATION,PCF_VIOL_SUBSECTION,HIT_AND_RUN,TYPE_OF_COLLISION,MVIW,PED_ACTION,ROAD_SURFACE,ROAD_COND_1,ROAD_COND_2,LIGHTING,CONTROL_DEVICE,CHP_ROAD_TYPE,PEDESTRIAN_ACCIDENT,BICYCLE_ACCIDENT,MOTORCYCLE_ACCIDENT,TRUCK_ACCIDENT,NOT_PRIVATE_PROPERTY,ALCOHOL_INVOLVED,STWD_VEHTYPE_AT_FAULT,CHP_VEHTYPE_AT_FAULT,COUNT_SEVERE_INJ,COUNT_VISIBLE_INJ,COUNT_COMPLAINT_PAIN,COUNT_PED_KILLED,COUNT_PED_INJURED,COUNT_BICYCLIST_KILLED,COUNT_BICYCLIST_INJURED,COUNT_MC_KILLED,COUNT_MC_INJURED,PRIMARY_RAMP,SECONDARY_RAMP,LATITUDE,LONGITUDE,COUNTY,CITY,POINT_X,POINT_Y
84548250,2024,2025-02-03,0704,2024-12-23,1755,0592,,1,5,6,0704,0,0,0,,0,001,"CONCORD AVE","STANWELL DR",608.00,W,N,B,-,N,,,,,,,,,,Y,2,0,1,2,A,-,11,21955,,N,G,B,D,B,H,-,D,A,0,Y,,,,Y,Y,N,60,1,0,0,0,1,0,0,0,0,"- ","- ",37.980289459228516,-122.05030059814453,"CONTRA COSTA",CONCORD,-122.05230712890625,37.980609893798828
8454849,2017,2017-10-04,0711,2017-09-06,0750,1053,BAY,3,5,4,0711,0,0,0,,0,002,"SAN PABLO AV","VALE RD",0.00,,Y,-,-,N,,,,,,,,,,Y,4,0,3,2,A,-,12,21453,A,N,D,C,A,-,-,-,-,A,0,,,,,Y,,A,01,0,0,3,0,0,0,0,0,0,"- ","- ",,,"CONTRA COSTA","SAN PABLO",-122.33574994999999,37.95554989
84549677,2024,2025-01-27,0708,2024-12-24,1858,407,,2,5,5,0708,0,0,0,,0,005,"KIRKER PASS RD","PHEASANT DR (S)",1052.00,S,N,A,-,N,,,,,,,,,,Y,4,0,1,2,A,-,05,21651,A,N,D,C,A,A,H,-,C,A,0,,,,,Y,,A,01,0,0,1,0,0,0,0,0,0,"- ","- ",,,"CONTRA COSTA",PITTSBURG,-121.89601135253906,37.990222930908203
84550496,2025,2025-01-27,0711,2025-01-13,"805 ",S1122,,1,5,4,0711,0,0,0,,0,0S1,"BROADWAY AVENUE","RUMRILL BLVD",90.00,N,Y,A,-,N,,,,,,,,,,N,3,0,1,2,A,-,12,21453,A,N,B,C,A,A,H,-,A,A,0,,,,,Y,Y,A,01,0,1,0,0,0,0,0,0,0,"- ","- ",37.968528747558594,-122.34530639648438,"CONTRA COSTA","SAN PABLO",-122.34551239013672,37.968780517578125
84550503,2025,2025-01-27,0711,2025-01-15,1929,S1130,,3,5,4,0711,0,0,0,,0,0S2,"13222 SAN PABLO AVE","PARKING LOT",0.00,,Y,A,-,N,,,,,,,,,,N,3,0,2,3,A,-,09,21801,,F,B,G,A,A,H,-,C,D,0,,Y,,,Y,,D,22,0,2,0,0,0,0,1,0,0,"- ","- ",37.952968597412109,-122.33209991455078,"CONTRA COSTA","SAN PABLO",-122.33295,37.951842999999997
84550506,2025,2025-01-27,0711,2025-01-25,2133,S1177,,6,5,4,0711,0,0,0,,0,0S1,"2876 EL PORTAL DR","FORDHAM ST",1004.00,E,-,A,-,N,,,,,,,,,,Y,3,0,1,1,A,-,01,23152,G,N,E,J,A,A,H,-,C,D,0,,,,,Y,Y,A,01,0,1,0,0,0,0,0,0,0,"- ","- ",37.96405029296875,-122.32672882080078,"CONTRA COSTA","SAN PABLO",-122.32920837402344,37.963008880615234
8455266,2017,2017-09-25,0710,2017-07-20,1306,1637,SOUTH,4,5,5,0710,0,0,0,,0,003,"CUTTING BL","SOUTH 41ST ST",0.00,,Y,A,-,N,,,,,,,,,,N,4,0,1,2,A,-,00,21703,A,N,C,C,A,A,H,-,A,A,0,,,,,Y,,-,,0,0,1,0,0,0,0,0,0,"- ","- ",,,"CONTRA COSTA",RICHMOND,-122.33063993,37.92552989
84553476,2024,2025-02-03,0734,2024-11-22,"900 ",056,,5,5,3,0734,0,0,0,,0,052,"MAIN ST","DELTA RD",0.00,,Y,B,-,N,,,,,,,,,,N,4,0,1,2,A,-,09,21802,A,N,D,C,A,A,H,-,A,A,0,,,,,Y,,A,07,0,0,1,0,0,0,0,0,0,"- ","- ",37.968860626220703,-121.69621276855469,"CONTRA COSTA",OAKLEY,-121.69602966308594,37.968856811523438
84553479,2024,2025-02-03,0734,2024-11-24,"751 ",046,,7,5,3,0734,0,0,0,,0,053,"MAIN ST","E. CYPRESS RD",489.00,S,N,A,-,N,,,,,,,,,,N,4,0,1,1,A,-,07,21658,A,N,E,I,A,A,H,-,A,D,0,,,,,Y,,A,01,0,0,1,0,0,0,0,0,0,"- ","- ",37.990150451660156,-121.69725799560547,"CONTRA COSTA",OAKLEY,-121.69652557373047,37.989429473876953
84553487,2024,2025-02-03,0734,2024-11-26,1750,030,,2,5,3,0734,0,0,0,,0,053,"CYPRESS RD","O'HARA AVE",47.00,W,N,A,-,N,,,,,,,,,,N,4,0,1,2,A,-,21,22106,,N,C,C,A,A,H,-,C,A,0,,,,,Y,,A,01,0,0,1,0,0,0,0,0,0,"- ","- ",37.990280151367188,-121.71420288085938,"CONTRA COSTA",OAKLEY,-121.71424102783203,37.990550994873047
84553540,2024,2025-01-29,0704,2024-12-30,1810,0598,,1,5,6,0704,0,0,0,,0,004,"SALVIO ST","COLFAX ST",0.00,,Y,A,-,N,,,,,,,,,,Y,4,0,1,2,A,-,12,22450,,N,D,C,A,A,H,-,C,A,0,,,,,Y,,A,01,0,0,1,0,0,0,0,0,0,"- ","- ",37.978511810302734,-122.03250122070312,"CONTRA COSTA",CONCORD,-122.03244781494141,37.978534698486328
84553549,2025,2025-03-18,0704,2025-01-23,"612 ",664,,4,5,6,0704,0,0,0,,0,003,"TREAT BLVD","SAN SIMEON DR",85.00,E,N,A,-,N,,,,,,,,,,N,2,0,1,2,A,-,03,22350,,F,B,G,A,A,H,-,C,A,0,,Y,,,Y,,A,01,1,0,0,0,0,0,1,0,0,"- ","- ",37.943260192871094,-122.0181884765625,"CONTRA COSTA",CONCORD,-122.01812744140625,37.943359375
84553552,2025,2025-01-29,0704,2025-01-25,2011,0542,,6,5,6,0704,0,0,0,,0,,"CLAYTON RD","CAPE COD WAY",114.00,E,N,A,-,N,,,,,,,,,,N,4,0,1,2,A,-,03,22350,,N,C,C,A,A,H,-,C,D,0,,,,,Y,,A,01,0,0,1,0,0,0,0,0,0,"- ","- ",37.965690612792969,-121.99748229980469,"CONTRA COSTA",CONCORD,-121.99712371826172,37.966358184814453
84555052,2024,2025-02-03,0734,2024-12-03,1833,030,,2,5,3,0734,0,0,0,,0,052,"CYPRESS RD","MAIN ST",0.00,,Y,A,-,N,,,,,,,,,,N,4,0,1,2,A,-,10,21950,A,N,G,B,B,A,H,-,C,A,0,Y,,,,Y,,A,07,0,0,1,0,1,0,0,0,0,"- ","- ",37.990608215332031,-121.69696044921875,"CONTRA COSTA",OAKLEY,-121.69728088378906,37.990627288818359
84555053,2024,2025-02-03,0734,2024-12-04,"3   ",053,,3,5,3,0734,0,0,0,,0,053,"LAUREL RD","O'HARA AVE",130.00,W,N,A,-,N,,,,,,,,,,Y,4,0,1,3,A,-,03,22350,,F,C,C,A,A,H,-,C,A,0,,,,,Y,,-,"- ",0,0,1,0,0,0,0,0,0,"- ","- ",37.983268737792969,-121.71412658691406,"CONTRA COSTA",OAKLEY,-121.71463012695312,37.983188629150391
84555054,2024,2025-02-03,0734,2024-12-04,1841,030,,3,5,3,0734,0,0,0,,0,051,"MAIN ST","CAROL LN",0.00,,Y,A,-,N,,,,,,,,,,Y,4,0,1,2,A,-,12,21453,A,N,D,C,A,A,H,-,C,A,0,,,,,Y,,A,08,0,0,1,0,0,0,0,0,0,"- ","- ",38.002010345458984,-121.7322998046875,"CONTRA COSTA",OAKLEY,-121.73236083984375,38.002105712890625
84555058,2024,2025-02-03,0734,2024-12-10,1945,030,,2,5,3,0734,0,0,0,,0,052,"DELTA RD","SELLERS AVE",0.00,,Y,A,-,N,,,,,,,,,,Y,4,0,1,2,A,-,12,22450,A,N,D,C,A,A,H,-,D,A,0,,,,,Y,,A,01,0,0,1,0,0,0,0,0,0,"- ","- ",37.968208312988281,-121.67813873291016,"CONTRA COSTA",OAKLEY,-121.67765045166016,37.968856811523438
84555060,2024,2025-02-03,0734,2024-12-15,2200,050,,7,5,3,0734,0,0,0,,0,051,"BRIDGEHEAD RD","MAIN ST",0.00,,Y,A,-,N,,,,,,,,,,N,3,0,1,2,A,-,01,23152,B,F,A,D,A,A,H,-,C,D,0,,,Y,,Y,Y,A,01,0,1,0,0,0,0,0,0,1,"- ","- ",38.005138397216797,-121.75070953369141,"CONTRA COSTA",OAKLEY,-121.75082397460938,38.005081176757812
84555064,2024,2025-02-03,0734,2024-12-21,"29  ",045,,6,5,3,0734,0,0,0,,0,053,"LAUREL RD","O'HARA AVE",0.00,,Y,A,-,N,,,,,,,,,,Y,4,0,1,2,A,-,01,23152,A,N,D,C,A,A,H,-,C,A,0,,,,,Y,Y,A,01,0,0,1,0,0,0,0,0,0,"- ","- ",37.983268737792969,-121.71412658691406,"CONTRA COSTA",OAKLEY,-121.71417999267578,37.983203887939453
84555081,2024,2025-01-30,0700,2024-04-29,"29  ",048,,1,5,3,0734,0,0,0,,0,052,"BETHEL ISLAND RD","CYPRESS RD",740.00,N,N,A,-,N,,,,,,,,,,Y,1,1,0,1,A,-,01,23152,B,N,E,I,A,A,H,-,C,D,0,,,,,Y,Y,A,01,0,0,0,0,0,0,0,0,0,"- ","- ",37.991340637207031,-121.64109802246094,"CONTRA COSTA",OAKLEY,-121.641357421875,37.993392944335938
84555085,2025,2025-02-03,0734,2025-01-05,2246,045,,7,5,3,0734,0,0,0,,0,,"3900 CLOVERBROOK","FRAZIER DR",137.00,S,N,A,-,N,,,,,,,,,,N,4,0,1,2,A,-,08,22107,,N,A,E,A,A,H,-,C,D,0,,,,,Y,,A,01,0,0,1,0,0,0,0,0,0,"- ","- ",,,"CONTRA COSTA",OAKLEY,-121.70784759521484,37.981620788574219
84555087,2025,2025-02-03,0734,2025-01-06,1435,048,,1,5,3,0734,0,0,0,,0,052,"CYPRESS RD","SELLERS AVE",125.00,W,N,A,-,N,,,,,,,,,,N,4,0,1,2,A,-,03,22350,,N,C,C,A,A,H,-,A,A,0,,,,,Y,,A,01,0,0,1,0,0,0,0,0,0,"- ","- ",37.990699768066406,-121.67746734619141,"CONTRA COSTA",OAKLEY,-121.67789459228516,37.990680694580078
8455559,2017,2017-10-06,0714,2017-08-17,0817,101,11-2,4,5,4,0714,0,0,0,,0,002,"PINE ST","VISTA WY",0.00,,Y,A,-,N,,,,,,,,,,Y,4,0,2,2,-,-,"- ",,,N,D,D,A,A,H,-,A,A,0,,,,,Y,,-,"- ",0,0,2,0,0,0,0,0,0,"- ","- ",37.999450000000003,-122.12251999999999,"CONTRA COSTA",MARTINEZ,-122.12252995999999,37.999449900000002
8455601,2017,2017-09-26,0714,2017-08-01,1610,101,122,2,5,4,0714,0,0,0,,0,002,"HOWE RD","PACHECO BL",1200.00,W,N,A,-,N,,,,,,,,,,N,3,0,1,2,A,-,05,21202,A,N,A,G,A,A,H,-,A,D,0,,Y,,,Y,,L,04,0,1,0,0,0,0,1,0,0,"- ","- ",38.010550000000002,-122.11037,"CONTRA COSTA",MARTINEZ,-122.11086,38.012340000000002
84558268,2025,2025-02-03,0734,2025-01-20,2252,053,,1,5,3,0734,0,0,0,,0,053,"CARPENTER RD","JOSHUA ST",0.00,,Y,A,-,N,,,,,,,,,,N,4,0,1,1,A,-,07,21658,A,N,E,I,A,A,H,-,C,D,0,,,,,Y,Y,A,01,0,0,1,0,0,0,0,0,0,"- ","- ",37.975910186767578,-121.72905731201172,"CONTRA COSTA",OAKLEY,-121.72883605957031,37.97601318359375
8455957,2017,2017-11-09,0740,2017-09-16,2336,SR053,0740,6,5,4,0791,0,0,0,,0,BEAT3,"BOLLINGER CANYON RD","CAMINO RAMON",32.00,E,N,A,-,N,,,,,,,,,,Y,4,0,2,2,A,-,03,22350,,N,C,C,A,A,H,-,C,A,0,,,,,Y,Y,A,01,0,0,2,0,0,0,0,0,0,"- ","- ",,,"CONTRA COSTA","SAN RAMON",-121.95709404999999,37.76274386
84559984,2024,2025-02-03,0701,2024-03-22,1127,6623,,5,5,5,0701,0,0,0,,0,002,"E 18TH STREET","CRESTWOOD DR",150.00,W,N,A,-,N,,,,,,,,,,Y,4,0,1,2,A,-,09,21800,A,N,D,C,A,A,H,-,A,A,0,,,,,Y,,A,07,0,0,1,0,0,0,0,0,0,"- ","- ",,,"CONTRA COSTA",ANTIOCH,-121.80023956298828,38.004909515380859
84560031,2024,2025-02-03,0701,2024-05-07,"810 ",6370,,2,5,5,0701,0,0,0,,0,,"FITZUREN RD","CONTRA LOMA BLVD",30.00,E,N,A,-,N,,,,,,,,,,N,4,0,1,2,A,-,08,22102,,N,D,C,A,A,H,-,A,D,0,,,,,Y,,A,01,0,0,1,0,0,0,0,0,0,"- ","- ",,,"CONTRA COSTA",ANTIOCH,-121.82199859619141,37.997989654541016
84560060,2024,2025-02-03,0701,2024-05-14,1759,6618,,2,5,5,0701,0,0,0,,0,007,"HILLCREST AVE",CA-4E,0.00,,Y,A,-,Y,CC,,4," ",R,28.939,H,,L,Y,3,0,2,2,A,-,12,21453,A,N,A,C,A,A,H,-,A,A,0,,,,,Y,,A,01,0,1,1,0,0,0,0,0,0,"- ","- ",37.996341705322266,-121.78553771972656,"CONTRA COSTA",ANTIOCH,-121.78553771972656,37.996345520019531
84560082,2024,2025-02-03,0701,2024-05-17,1749,5937,,5,5,5,0701,0,0,0,,0,002,"WILBUR AVE","HIGHWAY 160",15.00,S,N,A,-,N,,,,,,,,,,Y,4,0,2,2,A,-,09,21804,A,N,H,C,A,A,H,-,A,A,0,,,,,Y,,A,01,0,0,2,0,0,0,0,0,0,"- ","- ",,,"CONTRA COSTA",ANTIOCH,-121.75205993652344,38.012271881103516
84560099,2024,2025-03-18,0701,2024-05-19,2106,6171,,7,5,5,0701,0,0,0,,0,,"LONE TREE WAY","HIGHWAY 4",0.00,,Y,A,-,N,,,,,,,,,,Y,4,0,4,5,A,-,12,21453,A,N,D,C,A,A,H,-,C,A,0,,,,,Y,,A,01,0,0,4,0,0,0,0,0,0,"- ","- ",,,"CONTRA COSTA",ANTIOCH,-121.74336242675781,37.961566925048828
84560131,2024,2025-02-03,0701,2024-05-26,1027,6594,,7,5,5,0701,0,0,0,,0,004,"JAMES DONLON BOULEVARD AND SUMMIT WAY","OF THE WEST CURBLINE OF JAMES DONLON BOULEVARD",17.00,W,Y,A,-,N,,,,,,,,,,Y,2,0,2,2,A,-,08,22107,,N,D,C,A,A,H,-,A,D,0,,,,,Y,,A,01,1,0,1,0,0,0,0,0,0,"- ","- ",,,"CONTRA COSTA",ANTIOCH,-121.85564422607422,37.988376617431641
84560203,2024,2025-02-03,0701,2024-05-30,1007,6820,,4,5,5,0701,0,0,0,,0,,"SOMERSVILLE RD","JAMES DONLON BLVD",1560.00,N,N,A,-,N,,,,,,,,,,Y,4,0,1,1,A,-,08,22107,,N,E,I,A,A,H,-,A,D,0,,,,,Y,,A,01,0,0,1,0,0,0,0,0,0,"- ","- ",,,"CONTRA COSTA",ANTIOCH,-121.85146331787109,37.991317749023438
84560237,2024,2025-02-03,0701,2024-06-01,1951,6819,,6,5,5,0701,0,0,0,,0,,"2710 DELTA FAIR BLVD","SAN JOSE DR",1062.00,N,N,A,-,N,,,,,,,,,,N,4,0,1,2,A,-,03,22350,,F,B,G,A,A,H,-,B,D,0,,Y,,,Y,,-,99,0,0,1,0,0,0,1,0,0,"- ","- ",,,"CONTRA COSTA",ANTIOCH,-121.84067535400391,38.003334045410156
84560337,2024,2025-02-03,0701,2024-06-04,1012,6618,,2,5,5,0701,0,0,0,,0,006,"HILLCREST AVE","LONE TREE WAY",0.00,,Y,A,-,N,,,,,,,,,,N,4,0,1,2,A,-,11,21954,A,N,D,G,A,A,H,-,A,A,0,,Y,,,Y,,L,04,0,0,1,0,0,0,1,0,0,"- ","- ",37.961700439453125,-121.75993347167969,"CONTRA COSTA",ANTIOCH,-121.76004791259766,37.961757659912109
84560407,2024,2025-02-03,0701,2024-06-04,2255,6392,,2,5,5,0701,0,0,0,,0,005,"LONE TREE WAY","DEER VALLEY RD",0.00,,Y,-,-,N,,,,,,,,,,N,2,0,1,2,A,-,11,21955,,F,G,B,D,A,H,-,C,A,0,Y,,,,Y,,N,60,1,0,0,0,1,0,0,0,0,"- ","- ",37.966129302978516,-121.78099822998047,"CONTRA COSTA",ANTIOCH,-121.78045654296875,37.965888977050781
84560421,2024,2025-02-03,0701,2024-06-06,1036,3639,,4,5,5,0701,0,0,0,,0,,"WILBUR AVE","A ST",0.00,,Y,A,-,N,,,,,,,,,,Y,4,0,1,2,C,-,18,,,N,E,I,A,A,H,-,A,A,0,,,,,Y,,-,"- ",0,0,1,0,0,0,0,0,0,"- ","- ",,,"CONTRA COSTA",ANTIOCH,-121.80612945556641,38.012210845947266
84560487,2024,2025-02-03,0701,2024-06-08,1449,5707,,6,5,5,0701,0,0,0,,0,,"AUTO CENTER DR","10TH ST",0.00,,Y,A,-,N,,,,,,,,,,N,4,0,1,2,A,-,03,22350,,M,C,C,A,A,H,-,A,A,0,,,,,Y,,A,01,0,0,1,0,0,0,0,0,0,"- ","- ",,,"CONTRA COSTA",ANTIOCH,-121.82904052734375,38.012481689453125
84560497,2024,2025-02-03,0701,2024-06-09,1351,6594,,7,5,5,0701,0,0,0,,0,007,"LAUREL RD","KIRK LN",24.00,S,N,A,-,N,,,,,,,,,,Y,3,0,1,2,A,-,12,22450,A,N,B,C,A,A,H,-,A,A,0,,,,,Y,,A,01,0,1,0,0,0,0,0,0,0,"- ","- ",,,"CONTRA COSTA",ANTIOCH,-121.75237274169922,37.976139068603516
84560586,2024,2025-02-03,0701,2024-06-16,2228,6392,,7,5,5,0701,0,0,0,,0,007,"HILLCREST AVE","HIGHWAY 4 EASTBOUND ON RAMP",0.00,,Y,A,-,N,,,,,,,,,,Y,4,0,2,2,A,-,17,21461,A,N,D,C,A,A,H,-,C,A,0,,,,,Y,,A,07,0,0,2,0,0,0,0,0,0,"- ","- ",,,"CONTRA COSTA",ANTIOCH,-121.78549194335938,37.996074676513672
84560627,2024,2025-02-03,0701,2024-06-18,1607,6819,,2,5,5,0701,0,0,0,,0,,"HIGHWAY 4 ON RAMP","WEST CURB LINE A ST",57.00,S,N,A,-,N,,,,,,,,,,N,4,0,1,2,A,-,11,21955,,N,G,B,D,A,H,-,A,A,0,Y,,,Y,Y,,N,60,0,0,1,0,1,0,0,0,0,"- ","- ",,,"CONTRA COSTA",ANTIOCH,,
84560643,2024,2025-02-03,0701,2024-06-20,1510,6392,,4,5,5,0701,0,0,0,,0,004,"JAMES DONLON BLVD","BLYTHE DR",0.00,,Y,A,-,N,,,,,,,,,,Y,4,0,4,2,A,-,00,28002,A,N,D,C,A,A,H,-,A,A,0,,,,,Y,,A,01,0,0,4,0,0,0,0,0,0,"- ","- ",,,"CONTRA COSTA",ANTIOCH,-121.82038879394531,37.980251312255859
84560697,2024,2025-02-03,0701,2024-06-24,1900,6851,,1,5,5,0701,0,0,0,,0,002,"10TH ST","C ST",0.00,,Y,A,-,N,,,,,,,,,,Y,4,0,1,2,A,-,12,22450,A,N,D,C,A,A,H,-,A,D,0,,,,,Y,,A,01,0,0,1,0,0,0,0,0,0,"- ","- ",,,"CONTRA COSTA",ANTIOCH,-121.80878448486328,38.011211395263672
84560702,2024,2025-02-03,0701,2024-06-27,1406,5897,,4,5,5,0701,0,0,0,,0,002,"D ST","10TH ST",210.00,S,N,A,-,N,,,,,,,,,,N,4,0,1,2,A,-,09,21804,A,N,D,D,A,A,H,-,A,D,0,,,,,Y,,A,01,0,0,1,0,0,0,0,0,0,"- ","- ",,,"CONTRA COSTA",ANTIOCH,-121.81004333496094,38.010623931884766
84560706,2024,2025-02-03,0701,2024-06-28,1938,5855,,5,5,5,0701,0,0,0,,0,006,"COUNTRY HILLS DR","VALLEY WAY",0.00,,Y,A,-,Y,,,,,,,,,,Y,4,0,1,2,A,-,09,21802,A,N,D,C,A,A,H,-,A,A,0,,,,,Y,,D,22,0,0,1,0,0,0,0,0,0,"- ","- ",,,"CONTRA COSTA",ANTIOCH,-121.76396942138672,37.96624755859375
84560728,2024,2025-02-03,0701,2024-06-30,1357,6370,,7,5,5,0701,0,0,0,,0,,"19TH ST","D ST (N)",200.00,W,N,A,-,N,,,,,,,,,,N,4,0,1,2,A,-,03,22350,,N,B,C,A,A,H,-,A,D,0,,,,,Y,,A,01,0,0,1,0,0,0,0,0,0,"- ","- ",,,"CONTRA COSTA",ANTIOCH,-121.81002807617188,38.004238128662109
84560733,2024,2025-02-03,0701,2024-07-01,"115 ",6392,,1,5,5,0701,0,0,0,,0,007,"SUNFLOWER DR","BELLFLOWER DR",0.00,,Y,A,-,N,,,,,,,,,,Y,4,0,1,1,A,-,01,23152,A,N,E,I,A,A,H,-,C,D,0,,,,,Y,Y,A,01,0,0,1,0,0,0,0,0,0,"- ","- ",37.988548278808594,-121.77528381347656,"CONTRA COSTA",ANTIOCH,-121.77388000488281,37.988395690917969
84560737,2024,2025-02-03,0701,2024-07-01,"825 ",6600,,1,5,5,0701,0,0,0,,0,007,"LAUREL RD","KIRK LN",0.00,,Y,A,-,N,,,,,,,,,,N,4,0,1,2,A,-,09,21804,A,N,D,C,A,A,H,-,A,D,0,,,,,Y,Y,A,01,0,0,1,0,0,0,0,0,0,"- ","- ",,,"CONTRA COSTA",ANTIOCH,-121.75237274169922,37.976139068603516
84560772,2024,2025-02-03,0701,2024-07-04,1928,5855,,4,5,5,0701,0,0,0,,0,006,"GARROW DR","BURBANK RD",81.00,S,N,A,-,Y,,,,,,,,,,Y,4,0,1,2,A,-,01,23152,A,N,C,E,A,A,H,-,A,D,0,,,,,Y,Y,A,01,0,0,1,0,0,0,0,0,0,"- ","- ",,,"CONTRA COSTA",ANTIOCH,-121.79798126220703,37.996788024902344
84560780,2024,2025-02-03,0701,2024-07-04,2223,6392,,4,5,5,0701,0,0,0,,0,,"10TH ST","C ST",0.00,,Y,A,-,N,,,,,,,,,,N,4,0,1,2,A,-,01,23152,A,N,B,E,A,A,H,-,C,D,0,,,,,Y,Y,A,01,0,0,1,0,0,0,0,0,0,"- ","- ",38.011219024658203,-121.80941009521484,"CONTRA COSTA",ANTIOCH,-121.80878448486328,38.011211395263672
84560811,2024,2025-02-03,0701,2024-07-13,"1   ",7019,,6,5,5,0701,0,0,0,,0,002,"CAVALLO RD","18TH ST",176.00,N,N,A,-,N,,,,,,,,,,N,4,0,1,2,A,-,08,22107,,M,B,C,A,A,H,-,C,D,0,,,,,Y,,-,99,0,0,1,0,0,0,0,0,0,"- ","- ",,,"CONTRA COSTA",ANTIOCH,-121.79673767089844,38.005382537841797
84560822,2024,2025-02-03,0701,2024-07-14,1330,6851,,7,5,5,0701,0,0,0,,0,004,"L ST","CLAUDIA CT",0.00,,Y,A,-,N,,,,,,,,,,Y,3,0,1,2,A,-,00,20001,A,F,G,D,A,A,H,-,A,A,0,,,,,Y,,A,01,0,1,0,0,0,0,0,0,0,"- ","- ",,,"CONTRA COSTA",ANTIOCH,-121.82118988037109,38.000591278076172
84560863,2024,2025-02-03,0701,2024-07-20,1948,5855,,6,5,5,0701,0,0,0,,0,004,"JAMES DONLON BLVD","NIGHTINGALE DR",90.00,W,N,A,-,Y,,,,,,,,,,Y,3,0,1,1,A,-,08,22107,,N,E,I,A,A,H,-,A,D,0,,,,,Y,,A,01,0,1,0,0,0,0,0,0,0,"- ","- ",,,"CONTRA COSTA",ANTIOCH,-121.81728363037109,37.980255126953125
84560868,2024,2025-02-03,0701,2024-07-22,1400,6169,,1,5,5,0701,0,0,0,,0,001,"4TH ST","H ST",0.00,,Y,A,-,N,,,,,,,,,,N,4,0,1,2,A,-,09,21801,A,M,A,C,A,A,H,-,A,D,0,,,,,Y,,A,01,0,0,1,0,0,0,0,0,0,"- ","- ",,,"CONTRA COSTA",ANTIOCH,-121.81503295898438,38.015468597412109
84560874,2024,2025-02-03,0701,2024-07-23,1757,6594,,2,5,5,0701,0,0,0,,0,002,"A ST","W.15TH STREET",53.00,S,Y,A,-,N,,,,,,,,,,N,4,0,1,2,A,-,04,21703,,N,C,C,A,A,H,-,A,D,0,,,,,Y,,A,01,0,0,1,0,0,0,0,0,0,"- ","- ",,,"CONTRA COSTA",ANTIOCH,-121.80603790283203,38.00732421875
84560879,2024,2025-02-03,0701,2024-07-24,"608 ",6712,,3,5,5,0701,0,0,0,,0,,"LONE TREE WAY","EMPIRE AVE",39.00,W,N,A,-,N,,,,,,,,,,Y,4,0,1,3,A,-,06,21755,,M,D,C,A,A,H,-,A,A,0,,,,,Y,Y,-,99,0,0,1,0,0,0,0,0,0,"- ","- ",,,"CONTRA COSTA",ANTIOCH,-121.73273468017578,37.961559295654297
84560889,2024,2025-02-03,0701,2024-07-27,"10  ",3639,,6,5,5,0701,0,0,0,,0,006,"LONE TREE WAY","SAGEBRUSH DR",750.00,E,N,A,-,N,,,,,,,,,,Y,1,1,0,2,A,-,01,23152,A,N,C,G,A,A,H,-,C,D,0,,Y,,,Y,Y,A,01,0,0,0,0,0,1,0,0,0,"- ","- ",,,"CONTRA COSTA",ANTIOCH,-121.77008819580078,37.963249206542969
84560893,2024,2025-02-03,0701,2024-07-27,1942,3639,,6,5,5,0701,0,0,0,,0,,"10TH ST","J ST",102.00,W,N,A,-,N,,,,,,,,,,N,1,1,0,2,A,-,01,23152,A,N,D,C,A,A,H,-,A,D,0,,,Y,,Y,,C,02,0,0,0,0,0,0,0,1,0,"- ","- ",,,"CONTRA COSTA",ANTIOCH,-121.81752777099609,38.011188507080078
84560907,2024,2025-02-03,0701,2024-07-28,1852,6171,,7,5,5,0701,0,0,0,,0,,"LONE TREE WAY","JAMES DONLON BLVD",0.00,,Y,A,-,N,,,,,,,,,,Y,4,0,2,2,A,-,12,21453,A,N,D,D,A,A,H,-,A,A,0,,,,,Y,,A,01,0,0,2,0,0,0,0,0,0,"- ","- ",,,"CONTRA COSTA",ANTIOCH,-121.80561065673828,37.981063842773438
84560922,2024,2025-02-03,0701,2024-08-01,2306,6993,,4,5,5,0701,0,0,0,,0,002,"SUNSET DR","DEVPAR CT",0.00,,N,A,-,N,,,,,,,,,,N,4,0,1,2,A,-,00,20001,A,F,G,B,E,A,H,-,C,D,0,Y,,,,Y,,A,01,0,0,1,0,1,0,0,0,0,"- ","- ",,,"CONTRA COSTA",ANTIOCH,-121.79061889648438,37.997665405273438
84560931,2024,2025-02-03,0701,2024-08-04,1245,6370,,7,5,5,0701,0,0,0,,0,,"AUTO CENTER DR","18TH ST",100.00,S,N,A,-,N,,,,,,,,,,N,4,0,1,3,A,-,03,22350,,N,C,C,A,A,H,-,A,D,0,,,,,Y,,A,01,0,0,1,0,0,0,0,0,0,"- ","- ",,,"CONTRA COSTA",ANTIOCH,-121.83176422119141,38.009212493896484