CASE_ID,ACCIDENT_YEAR,PROC_DATE,JURIS,COLLISION_DATE,COLLISION_TIME,OFFICER_ID,REPORTING_DISTRICT,DAY_OF_WEEK,CHP_SHIFT,POPULATION,CNTY_CITY_LOC,SPECIAL_COND,BEAT_TYPE,CHP_BEAT_TYPE,CITY_DIVISION_LAPD,CHP_BEAT_CLASS,BEAT_NUMBER,PRIMARY_RD,SECONDARY_RD,DISTANCE,DIRECTION,INTERSECTION,WEATHER_1,WEATHER_2,STATE_HWY_IND,CALTRANS_COUNTY,CALTRANS_DISTRICT,STATE_ROUTE,ROUTE_SUFFIX,POSTMILE_PREFIX,POSTMILE,LOCATION_TYPE,RAMP_INTERSECTION,SIDE_OF_HWY,TOW_AWAY,COLLISION_SEVERITY,NUMBER_KILLED,NUMBER_INJURED,PARTY_COUNT,PRIMARY_COLL_FACTOR,PCF_CODE_OF_VIOL,PCF_VIOL_CATEGORY,PCF_VIOLATION,PCF_VIOL_SUBSECTION,HIT_AND_RUN,TYPE_OF_COLLISION,MVIW,PED_ACTION,ROAD_SURFACE,ROAD_COND_1,ROAD_COND_2,LIGHTING,CONTROL_DEVICE,CHP_ROAD_TYPE,PEDESTRIAN_ACCIDENT,BICYCLE_ACCIDENT,MOTORCYCLE_ACCIDENT,TRUCK_ACCIDENT,NOT_PRIVATE_PROPERTY,ALCOHOL_INVOLVED,STWD_VEHTYPE_AT_FAULT,CHP_VEHTYPE_AT_FAULT,COUNT_SEVERE_INJ,COUNT_VISIBLE_INJ,COUNT_COMPLAINT_PAIN,COUNT_PED_KILLED,COUNT_PED_INJURED,COUNT_BICYCLIST_KILLED,COUNT_BICYCLIST_INJURED,COUNT_MC_KILLED,COUNT_MC_INJURED,PRIMARY_RAMP,SECONDARY_RAMP,LATITUDE,LONGITUDE,COUNTY,CITY,POINT_X,POINT_Y
84833615,2025,2025-09-08,0708,2025-08-26,1140,388,,2,5,5,0708,0,0,0,,0,004,"LELAND RD","HARBOR ST",6.00,N,N,A,-,N,,,,,,,,,,N,3,0,1,2,A,-,05,21202,A,N,D,G,A,A,H,-,A,A,0,,Y,,,Y,,L,04,0,1,0,0,0,0,1,0,0,"- ","- ",38.006210327148438,-121.88591003417969,"CONTRA COSTA",PITTSBURG,-121.88613891601562,38.01092529296875
84834323,2025,2025-09-08,0704,2025-08-03,1917,0633,,7,5,6,0704,0,0,0,,0,003,"SIERRA RD","OAK GROVE RD",235.00,E,N,A,-,N,,,,,,,,,,N,4,0,1,2,A,-,03,22350,,N,G,B,F,A,H,-,B,D,0,Y,,,,Y,,A,01,0,0,1,0,1,0,0,0,0,"- ","- ",37.952419281005859,-122.03716278076172,"CONTRA COSTA",CONCORD,-122.03661346435547,37.952766418457031
84834331,2025,2025-09-08,0704,2025-09-04,1742,646,,4,5,6,0704,0,0,0,,0,005,"WILLOW PASS RD","SAN VINCENTE DR (S)",0.00,,Y,A,-,N,,,,,,,,,,Y,3,0,2,2,A,-,08,22107,,N,D,C,A,A,D,-,A,A,0,,,,,Y,,A,01,0,1,1,0,0,0,0,0,0,"- ","- ",37.986518859863281,-122.00884246826172,"CONTRA COSTA",CONCORD,-122.00925445556641,37.987228393554688
84834341,2025,2025-09-15,0704,2025-09-06,2258,664,,6,5,6,0704,0,0,0,,0,006,"BISHOP CT","BISHOP DR",389.00,E,N,A,-,N,,,,,,,,,,N,3,0,1,2,A,-,21,22106,,F,G,B,E,A,H,-,C,D,0,Y,,,,Y,Y,A,01,0,1,0,0,1,0,0,0,0,"- ","- ",37.966751098632812,-121.97885894775391,"CONTRA COSTA",CONCORD,-121.97789001464844,37.966075897216797
84834342,2025,2025-09-10,0704,2025-09-07,2341,0659,,7,5,6,0704,0,0,0,,0,001,"FAIRFIELD AVE","GRANT ST",11.00,N,N,A,-,N,,,,,,,,,,N,4,0,1,2,A,-,03,22350,,M,C,C,A,A,H,-,C,A,0,,,,,Y,,-,99,0,0,1,0,0,0,0,0,0,"- ","- ",37.987411499023438,-122.03928375244141,"CONTRA COSTA",CONCORD,-122.03978729248047,37.987712860107422
8483602,2017,2017-11-09,0710,2017-08-05,1248,1643,CENTR,6,5,5,0710,0,0,0,,0,006,"METRO WALK WY","VILLAGE WY",0.00,,Y,A,-,N,,,,,,,,,,N,3,0,1,3,A,-,05,21650,,M,-,C,A,A,-,-,A,A,0,,,,,Y,Y,-,,0,1,0,0,0,0,0,0,0,"- ","- ",,,"CONTRA COSTA",RICHMOND,-122.35583989,37.937579880000001
8483620,2017,2017-11-16,0710,2017-09-02,1506,1662,0710,6,5,5,0710,0,0,0,,0,009,"MAY RD","SANTA RITA RD",10.00,N,N,A,-,N,,,,,,,,,,Y,3,0,3,2,A,-,03,22350,,N,C,C,A,A,H,-,A,A,0,,,,,Y,,J,41,0,1,2,0,0,0,0,0,0,"- ","- ",,,"CONTRA COSTA",RICHMOND,-122.29140672,37.969540369999997
8483624,2017,2017-11-16,0710,2017-09-02,2137,1731,CENTR,6,5,5,0710,0,0,0,,0,006,"RICHMOND PKWY","OHIO AV",0.00,,-,A,-,N,,,,,,,,,,N,4,0,1,2,A,-,04,21703,,N,C,C,A,A,H,-,-,A,0,,,,,Y,,-,"- ",0,0,1,0,0,0,0,0,0,"- ","- ",,,"CONTRA COSTA",RICHMOND,-122.37790986,37.930809969999999
8483628,2017,2017-11-16,0710,2017-09-02,1749,1662,0710,6,5,5,0710,0,0,0,,0,008,"SAN PABLO AV","LA PUERTA RD",0.00,,Y,A,-,N,,,,,,,,,,Y,4,0,1,3,A,-,09,21801,A,N,D,C,A,A,H,-,A,A,0,,,,,Y,,A,01,0,0,1,0,0,0,0,0,0,"- ","- ",,,"CONTRA COSTA",RICHMOND,-122.34068992,37.978849969999999
8483632,2017,2017-11-16,0710,2017-09-02,1909,1662,0710,6,5,5,0710,0,0,0,,0,004,"24TH ST","NEVIN AV",150.00,S,N,A,-,N,,,,,,,,,,N,3,0,3,2,A,-,09,21801,A,N,D,-,A,A,H,-,A,D,0,,,,,Y,,A,07,0,1,2,0,0,0,0,0,0,"- ","- ",,,"CONTRA COSTA",RICHMOND,-122.34618299,37.936254579999996
8483636,2017,2017-11-16,0710,2017-09-11,1510,1687,SOUTH,1,5,5,0710,0,0,0,,0,003,"CARLSON BL","CARL AV",0.00,,Y,A,-,N,,,,,,,,,,Y,3,0,1,2,A,-,09,21802,A,N,D,C,A,A,H,-,A,A,0,,,,,Y,,A,01,0,1,0,0,0,0,0,0,0,"- ","- ",,,"CONTRA COSTA",RICHMOND,-122.32030999,37.912499920000002
84836379,2025,2025-09-09,0701,2025-06-24,1648,7069,,2,5,5,0701,0,0,0,,0,005,"NAVAJO WAY","MOJAVE WAY",0.00,,Y,A,-,N,,,,,,,,,,N,3,0,2,2,A,-,09,21800,B,N,D,C,A,A,H,-,A,D,0,,,,,Y,,A,01,0,2,0,0,0,0,0,0,0,"- ","- ",,,"CONTRA COSTA",ANTIOCH,-121.77317047119141,37.954765319824219
8483640,2017,2017-11-16,0710,2017-09-11,1829,1494,CENTR,1,5,5,0710,0,0,0,,0,004,"GAYNOR AV","15TH ST",0.00,,Y,B,-,N,,,,,,,,,,N,4,0,1,2,A,-,09,21802,,N,D,C,A,B,H,-,B,A,0,,,,,Y,,A,01,0,0,1,0,0,0,0,0,0,"- ","- ",,,"CONTRA COSTA",RICHMOND,-122.35552989999999,37.94453996
8483644,2017,2017-12-06,0710,2017-09-06,1700,1662,0710,3,5,5,0710,0,0,0,,0,003,"POTRERO AV","CARLSON BL",5.00,E,N,B,-,N,,,,,,,,,,N,3,0,1,2,A,-,09,21802,A,N,D,G,A,A,H,-,D,A,0,,Y,,,Y,Y,A,01,0,1,0,0,0,0,1,0,0,"- ","- ",,,"CONTRA COSTA",RICHMOND,-122.33296496,37.921386839999997
8483648,2017,2017-11-16,0710,2017-09-08,1525,1662,0710,5,5,5,0710,0,0,0,,0,004,"HARBOR WY","NEVIN AV",0.00,,Y,A,-,N,,,,,,,,,,Y,3,0,4,2,A,-,09,21801,A,N,D,C,A,A,H,-,A,A,0,,,,,Y,,A,01,0,1,3,0,0,0,0,0,0,"- ","- ",,,"CONTRA COSTA",RICHMOND,-122.36002993,37.936819919999998
8483655,2017,2017-11-06,0710,2017-09-02,1045,1729,NORTH,6,5,5,0710,0,0,0,,0,007,"MACDONALD AV","35TH ST",0.00,,Y,A,-,N,,,,,,,,,,Y,4,0,1,2,A,-,09,21801,A,N,B,C,A,A,H,-,A,A,0,,,,,Y,,-,"- ",0,0,1,0,0,0,0,0,0,"- ","- ",,,"CONTRA COSTA",RICHMOND,-122.33606988,37.93411991
8483717,2017,2017-11-07,0710,2017-06-16,1430,1726,0710,5,5,5,0710,0,0,0,,0,007,"29TH ST","RHEEM AV",0.00,,Y,A,-,N,,,,,,,,,,N,4,0,2,4,A,-,09,21804,A,N,B,C,A,A,H,-,A,A,0,,,,,Y,,A,01,0,0,2,0,0,0,0,0,0,"- ","- ",,,"CONTRA COSTA",RICHMOND,-122.33879985999999,37.949849919999998
8483764,2017,2017-11-06,0710,2017-07-07,1714,1705,SOUHT,5,5,5,0710,0,0,0,,0,001,"CUTTING BL","S 1ST ST",0.00,,Y,A,-,N,,,,,,,,,,Y,2,0,3,2,A,-,09,21802,A,N,D,C,A,A,H,-,A,A,0,,,,,Y,,A,01,2,0,1,0,0,0,0,0,0,"- ","- ",,,"CONTRA COSTA",RICHMOND,-122.36892992999999,37.925269960000001
8483768,2017,2017-12-28,0710,2017-07-28,1942,1731,NORTH,5,5,5,0710,0,0,0,,0,007,"BARRETT AV","41ST ST",0.00,,-,A,-,N,,,,,,,,,,Y,3,0,2,2,A,-,09,21802,A,N,B,C,A,A,H,-,A,D,0,,,,,Y,,-,,0,1,1,0,0,0,0,0,0,"- ","- ",,,"CONTRA COSTA",RICHMOND,-122.33015992999999,37.936059909999997
8483772,2017,2017-11-06,0710,2017-07-10,1855,1496,SOUHT,1,5,5,0710,0,0,0,,0,003,"S 37TH ST","STEGE AV",0.00,,Y,A,-,N,,,,,,,,,,Y,4,0,1,2,A,-,08,22107,,N,A,C,A,A,H,-,A,D,0,,,,,Y,,-,,0,0,1,0,0,0,0,0,0,"- ","- ",,,"CONTRA COSTA",RICHMOND,-122.33405995,37.923139970000001
8483776,2017,2017-11-06,0710,2017-07-08,1526,1662,0710,6,5,5,0710,0,0,0,,0,002,"SOUTHHAMPTON CT","MAINE AV",0.00,,Y,A,-,N,,,,,,,,,,Y,4,0,2,2,A,-,09,21801,A,N,D,C,A,A,H,-,A,A,0,,,,,Y,,A,07,0,0,2,0,0,0,0,0,0,"- ","- ",,,"CONTRA COSTA",RICHMOND,,
84838138,2025,2025-09-10,0706,2025-08-23,1045,214,,6,5,3,0706,0,0,0,,0,002,"LUPINE RD","VIOLET RD (W)",365.00,W,N,A,-,Y,,,,,,,,,,N,3,0,1,2,A,-,03,22350,,N,D,C,A,A,H,-,A,D,0,,,,,Y,,A,01,0,1,0,0,0,0,0,0,0,"- ","- ",38.005851745605469,-122.25135803222656,"CONTRA COSTA",HERCULES,-122.25244140625,38.006534576416016
84838139,2025,2025-09-10,0706,2025-08-29,1603,214,,5,5,3,0706,0,0,0,,0,,"REFUGIO VALLEY RD","LAVENDER PL",0.00,,Y,A,-,N,,,,,,,,,,N,4,0,1,2,A,-,03,22350,,N,G,B,E,A,H,-,A,D,0,Y,,,,Y,,A,01,0,0,1,0,1,0,0,0,0,"- ","- ",38.004631042480469,-122.26204681396484,"CONTRA COSTA",HERCULES,-122.26204681396484,38.004562377929688
84839013,2025,2025-09-10,0704,2025-07-31,1400,0638,,4,5,6,0704,0,0,0,,0,,"SUN VALLEY BLVD","CONTRA COSTA BLVD",790.00,E,N,A,-,N,,,,,,,,,,N,4,0,1,2,A,-,12,21453,A,N,D,G,A,A,H,-,A,A,0,,Y,,,Y,,L,04,0,0,1,0,0,0,1,0,0,"- ","- ",37.96588134765625,-122.05625152587891,"CONTRA COSTA",CONCORD,-122.05961608886719,37.963809967041016
84839016,2025,2025-09-12,0704,2025-08-10,1516,647,,7,5,6,0704,0,0,0,,0,004,"SUNVALLEY BLVD","SUNVALLEY CENTER",4.00,S,N,A,-,N,,,,,,,,,,N,2,0,1,2,A,-,12,21453,A,N,D,C,A,A,H,-,A,A,0,,,,,Y,,A,07,1,0,0,0,0,0,0,0,0,"- ","- ",,,"CONTRA COSTA",CONCORD,-122.05831909179688,37.964771270751953
84839029,2025,2025-09-10,0704,2025-09-04,"950 ",673,,4,5,6,0704,0,0,0,,0,003,"TREAT BLVD","OAK GROVE RD",257.00,W,N,A,-,N,,,,,,,,,,Y,4,0,2,2,A,-,08,22107,,N,B,C,A,A,H,-,A,D,0,,,,,Y,,A,01,0,0,2,0,0,0,0,0,0,"- ","- ",37.938789367675781,-122.02512359619141,"CONTRA COSTA",CONCORD,-122.02579498291016,37.938343048095703
84839043,2025,2025-09-10,0704,2025-09-07,1005,0609,,7,5,6,0704,0,0,0,,0,006,"TREAT BLVD","BEL AIR DR",25.00,S,N,A,-,N,,,,,,,,,,N,4,0,1,2,A,-,17,22109,,N,C,C,A,A,H,-,A,A,0,,,,,Y,Y,A,07,0,0,1,0,0,0,0,0,0,"- ","- ",37.962150573730469,-121.99429321289062,"CONTRA COSTA",CONCORD,-121.99430847167969,37.962047576904297
84839876,2025,2025-09-11,0701,2025-08-06,1206,6169,,3,5,5,0701,0,0,0,,0,004,"JAMES DONLON BLVD","SILVERADO DR",0.00,,Y,A,-,N,,,,,,,,,,Y,3,0,2,3,A,-,09,21802,A,N,D,C,A,A,H,-,A,A,0,,,,,Y,,A,01,0,2,0,0,0,0,0,0,0,"- ","- ",,,"CONTRA COSTA",ANTIOCH,-121.83913421630859,37.983158111572266
84841688,2025,2025-09-12,0701,2025-05-02,1414,3639,,5,5,5,0701,0,0,0,,0,,"D ST","19TH ST (N)",0.00,,Y,A,-,N,,,,,,,,,,Y,2,0,1,2,A,-,12,22450,A,F,D,G,A,A,H,-,A,A,0,,Y,,,Y,,L,04,1,0,0,0,0,0,1,0,0,"- ","- ",,,"CONTRA COSTA",ANTIOCH,-121.81003570556641,38.004238128662109
8484194,2017,2017-11-30,0740,2017-10-26,1419,SR501,SR72,4,5,4,0791,0,0,0,,0,005,"DOUGHERTY RD","BOLLINGER CANYON RD",31.00,W,N,A,-,N,,,,,,,,,,N,4,0,3,2,A,-,09,21453,B,N,B,C,A,A,H,-,A,A,0,,,,,Y,,A,07,0,0,3,0,0,0,0,0,0,"- ","- ",37.777369999999998,-121.92489,"CONTRA COSTA","SAN RAMON",-121.92513409,37.773477020000001
8484198,2017,2017-11-30,0740,2017-10-26,1518,SR067,SR72,4,5,4,0791,0,0,0,,0,005,"JAPONICA WY","PADDINGTON WY",156.00,W,N,A,-,N,,,,,,,,,,Y,3,0,2,2,A,-,21,22106,,N,D,C,A,A,H,-,A,D,0,,,,,Y,,A,01,0,2,0,0,0,0,0,0,0,"- ","- ",37.774999999999999,-121.9011,"CONTRA COSTA","SAN RAMON",-121.90160201,37.775186380000001
8484242,2017,2017-11-14,0740,2017-10-26,1059,SR067,"SR 72",4,5,4,0791,0,0,0,,0,"BEAT 4","ALCOSTA BL","STAGECOACH RD",137.00,S,N,A,-,N,,,,,,,,,,Y,2,0,1,2,A,-,17,22109,,N,C,C,A,A,H,-,A,D,0,,,Y,,Y,,A,01,1,0,0,0,0,0,0,0,1,"- ","- ",37.732950000000002,-121.92447,"CONTRA COSTA","SAN RAMON",-121.92478685,37.732702099999997
8484246,2017,2017-11-14,0740,2017-10-13,0929,SR067,"SR 72",5,5,4,0791,0,0,0,,0,"BEAT 5","E BRANCH PKWY","BOLLINGER CANYON RD",270.00,E,N,A,-,N,,,,,,,,,,N,4,0,1,2,B,-,22,,,N,G,B,E,A,H,-,A,D,0,Y,,,,Y,,N,60,0,0,1,0,1,0,0,0,0,"- ","- ",37.752249999999997,-121.90725999999999,"CONTRA COSTA","SAN RAMON",-121.90841528999999,37.752993449999998
8484250,2017,2017-11-14,0740,2017-10-29,2326,SR053,"SR 72",7,5,4,0791,0,0,0,,0,"BEAT 3","BOLLINGER CANYON RD","SUNSET DR",0.00,,Y,A,-,N,,,,,,,,,,Y,3,0,2,2,A,-,12,21453,A,N,D,C,A,A,H,-,C,A,0,,,,,Y,,A,01,0,1,1,0,0,0,0,0,0,"- ","- ",,,"CONTRA COSTA","SAN RAMON",-121.96023992000001,37.761539990000003
8484310,2017,2017-11-14,0700,2017-10-12,2158,OA024,OAKLE,4,5,3,0734,0,0,0,,0,052,"LAUREL RD","MAIN ST",0.00,,Y,A,-,N,,,,,,,,,,N,4,0,1,2,A,-,03,22350,,N,C,C,A,A,H,-,C,A,0,,,,,Y,,A,01,0,0,1,0,0,0,0,0,0,"- ","- ",,,"CONTRA COSTA",OAKLEY,-121.6959099,37.983329920000003
84843273,2025,2025-09-15,0701,2025-02-23,1249,6852,,7,5,5,0701,0,0,0,,0,,"DEER VALLEY RD","ASILOMAR DR",847.00,N,N,A,-,N,,,,,,,,,,N,2,0,1,1,A,-,03,22350,,N,E,J,A,A,H,-,A,A,0,,,Y,,Y,,C,02,1,0,0,0,0,0,0,0,1,"- ","- ",,,"CONTRA COSTA",ANTIOCH,-121.78561401367188,37.975185394287109
84843297,2025,2025-09-15,0701,2025-07-15,2108,6391,,2,5,5,0701,0,0,0,,0,,"GOLF COURSE RD","FREDERICKSON LN",28.00,E,N,A,-,N,,,,,,,,,,N,3,0,1,3,A,-,12,22450,A,N,D,C,A,A,H,-,C,D,0,,,,,Y,,A,01,0,1,0,0,0,0,0,0,0,"- ","- ",,,"CONTRA COSTA",ANTIOCH,-121.80545806884766,37.967571258544922
84843298,2025,2025-09-15,0701,2025-08-01,2148,7049,,5,5,5,0701,0,0,0,,0,002,"WILBUR AVE","VIERA AVE",1382.00,E,N,A,-,N,,,,,,,,,,N,4,0,2,2,A,-,03,22350,,N,E,J,A,A,B,-,D,D,0,,,,,Y,,A,01,0,0,2,0,0,0,0,0,0,"- ","- ",,,"CONTRA COSTA",ANTIOCH,-121.767822265625,38.012279510498047
84843300,2025,2025-09-15,0701,2025-08-16,"537 ",6830,,6,5,5,0701,0,0,0,,0,003,"L ST","SOUTH CURB OF SYCAMORE DR",416.00,S,N,A,-,N,,,,,,,,,,Y,3,0,1,2,A,-,03,22350,,N,A,C,A,A,H,-,B,A,0,,,,,Y,,A,01,0,1,0,0,0,0,0,0,0,"- ","- ",,,"CONTRA COSTA",ANTIOCH,,
84843613,2025,2025-09-15,0734,2025-08-28,1851,048,,4,5,3,0734,0,0,0,,0,051,"EMPIRE AVE","OAKLEY RD",0.00,,Y,A,-,N,,,,,,,,,,N,4,0,1,2,A,-,01,23152,A,N,A,C,A,A,H,-,A,A,0,,,,,Y,Y,A,01,0,0,1,0,0,0,0,0,0,"- ","- ",37.997478485107422,-121.73203277587891,"CONTRA COSTA",OAKLEY,-121.73209381103516,37.997703552246094
84844179,2025,2025-09-15,0708,2025-08-16,1015,429,,6,5,5,0708,0,0,0,,0,002,"HARBOR ST","EAST 10TH ST",50.00,W,N,A,-,N,,,,,,,,,,Y,4,0,1,2,A,-,09,21801,A,N,D,C,A,A,H,-,A,A,0,,,,,Y,,A,01,0,0,1,0,0,0,0,0,0,"- ","- ",,,"CONTRA COSTA",PITTSBURG,-121.87860870361328,38.026329040527344
8484432,2017,2017-12-07,0704,2017-11-03,1433,556,,5,5,6,0704,0,0,0,,0,002,"CLAYTON RD","MARKET ST",0.00,,Y,B,-,N,,,,,,,,,,Y,4,0,1,2,A,-,09,21453,C,N,D,C,A,A,H,-,A,A,0,,,,,Y,,A,07,0,0,1,0,0,0,0,0,0,"- ","- ",,,"CONTRA COSTA",CONCORD,-122.04674991,37.96961992
8484444,2017,2018-01-11,0704,2017-10-30,1556,0482,,1,5,6,0704,0,0,0,,0,006,"YGNACIO VALLEY RD","AYERS RD",25.00,W,N,A,-,N,,,,,,,,,,N,4,0,3,2,C,-,18,,,N,B,C,A,A,H,-,A,A,0,,,,,Y,,-,"- ",0,0,3,0,0,0,0,0,0,"- ","- ",,,"CONTRA COSTA",CONCORD,-121.97837416,37.94821658
8484447,2017,2019-04-10,0706,2017-10-21,2022,110,,6,5,3,0706,0,0,0,,0,001,"SAN PABLO AV",SYCAMORE,43.00,N,N,A,-,N,,,,,,,,,,N,1,1,0,2,A,-,11,21955,,N,G,B,D,A,H,-,C,A,0,Y,,,,Y,,N,60,0,0,0,1,0,0,0,0,0,"- ","- ",,,"CONTRA COSTA",HERCULES,-122.27319961000001,38.013394009999999
8484451,2017,2018-01-22,0706,2017-10-26,2006,186,84,4,5,3,0706,0,0,0,,0,,"SYCAMORE AV","REFUGIO VALLEY RD",0.00,,Y,A,-,N,,,,,,,,,,N,2,0,1,2,A,-,"- ",,,N,H,B,D,A,H,-,C,A,0,Y,,,,Y,,N,60,1,0,0,0,1,0,0,0,0,"- ","- ",,,"CONTRA COSTA",HERCULES,-122.26987989,38.009209910000003
8484457,2017,2017-11-16,0700,2017-09-26,2004,OA033,,2,5,3,0734,0,0,0,,0,053,"CARPENTER RD","VINEYARD DR",17.00,E,N,A,-,N,,,,,,,,,,Y,4,0,2,2,A,-,03,22350,,N,C,C,A,A,H,-,C,A,0,,,,,Y,,A,01,0,0,2,0,0,0,0,0,0,"- ","- ",,,"CONTRA COSTA",OAKLEY,-121.71805101,37.976019999999998
84844718,2025,2025-09-15,0704,2025-09-15,"108 ",0649,,1,5,6,0704,0,0,0,,0,005,"WILLOW PASS RD","LYNWOOD DR",846.00,N,N,A,-,N,,,,,,,,,,Y,3,0,1,1,A,-,01,23152,A,N,E,I,A,A,H,-,C,A,0,,,,,Y,Y,A,01,0,1,0,0,0,0,0,0,0,"- ","- ",37.990550994873047,-122.00379180908203,"CONTRA COSTA",CONCORD,-122.00276947021484,37.993206024169922
84847214,2025,2025-09-17,0701,2025-03-12,1825,6888,,3,5,5,0701,0,0,0,,0,,"GOLF COURSE RD","FREDERICKSON LN",200.00,N,N,C,-,N,,,,,,,,,,Y,2,0,1,2,A,-,08,22107,,F,A,C,A,B,H,-,A,D,0,,,,,Y,,A,01,1,0,0,0,0,0,0,0,0,"- ","- ",,,"CONTRA COSTA",ANTIOCH,-121.80545043945312,37.968120574951172
84847228,2025,2025-09-17,0701,2025-06-25,1920,6888,,3,5,5,0701,0,0,0,,0,,"10TH ST","D ST",0.00,,Y,A,-,N,,,,,,,,,,N,3,0,1,2,A,-,12,22450,A,N,D,C,A,A,H,-,A,D,0,,,,,Y,,A,01,0,1,0,0,0,0,0,0,0,"- ","- ",,,"CONTRA COSTA",ANTIOCH,-121.81004333496094,38.011203765869141
84847231,2025,2025-09-17,0701,2025-07-05,2118,6888,,6,5,5,0701,0,0,0,,0,,"LONE TREE WAY","PUTNAM ST",0.00,,Y,A,-,N,,,,,,,,,,N,3,0,1,2,A,-,12,22450,A,M,D,C,A,A,H,-,C,A,0,,,,,Y,,A,01,0,1,0,0,0,0,0,0,0,"- ","- ",,,"CONTRA COSTA",ANTIOCH,-121.80789947509766,37.993679046630859
8484747,2017,2017-12-07,0706,2017-10-29,1733,199,84,7,5,3,0706,0,0,0,,0,002,"SEQUOIA RD","MANZANITA PL",0.00,,Y,A,-,N,,,,,,,,,,N,3,0,1,1,A,-,03,22350,,N,H,A,A,A,H,-,A,D,0,,,Y,,Y,,C,02,0,1,0,0,0,0,0,0,1,"- ","- ",,,"CONTRA COSTA",HERCULES,-122.25273998,38.004899899999998
8484803,2017,2017-12-01,0704,2017-10-30,0808,337,NORHT,1,5,6,0704,0,0,0,,0,001,"FRY WY","WILLOW PASS RD",160.00,N,N,A,-,N,,,,,,,,,,N,4,0,1,2,A,-,09,21800,C,N,D,C,A,A,H,-,A,A,0,,,,,Y,,A,01,0,0,1,0,0,0,0,0,0,"- ","- ",,,"CONTRA COSTA",CONCORD,-122.04165842,37.973514729999998
8484807,2017,2017-12-01,0704,2017-10-10,1600,537,,2,5,6,0704,0,0,0,,0,002,"MEADOW LN","SUNSHINE DR",0.00,,Y,F,-,N,,,,,,,,,,N,4,0,1,2,D,-,00,,,N,B,G,A,A,G,-,A,D,0,,Y,,,Y,,-,"- ",0,0,1,0,0,0,1,0,0,"- ","- ",,,"CONTRA COSTA",CONCORD,-122.04315991,37.961109980000003
8484811,2017,2017-12-01,0704,2017-10-22,1034,514,,7,5,6,0704,0,0,0,,0,006,"CLAYTON RD","TREAT BL",0.00,E,N,A,-,N,,,,,,,,,,N,4,0,1,2,A,-,"- ",,,N,G,B,B,A,H,-,A,A,0,Y,,,,Y,,A,01,0,0,1,0,1,0,0,0,0,"- ","- ",,,"CONTRA COSTA",CONCORD,-121.99276994,37.964769939999996
8484815,2017,2017-12-29,0704,2017-10-28,1536,491,,6,5,6,0704,0,0,0,,0,005,"COWELL RD","TREAT BL",0.00,,Y,A,-,N,,,,,,,,,,Y,4,0,1,2,A,-,12,21453,A,N,D,C,A,A,H,-,A,A,0,,,,,Y,,A,07,0,0,1,0,0,0,0,0,0,"- ","- ",,,"CONTRA COSTA",CONCORD,-122.00166998,37.955489929999999
8484819,2017,2017-12-01,0704,2017-10-07,1211,553,SUPER,6,5,6,0704,0,0,0,,0,002,"CLAYTON RD","MARKET ST",0.00,,Y,A,-,N,,,,,,,,,,N,3,0,1,2,A,-,07,21658,A,N,B,C,A,A,H,-,A,A,0,,,Y,,Y,,C,02,0,1,0,0,0,0,0,0,1,"- ","- ",,,"CONTRA COSTA",CONCORD,-122.04674991,37.96961992
8484823,2017,2017-12-01,0704,2017-10-28,0858,583,,6,5,6,0704,0,0,0,,0,004,"OLIVERA RD","SALVIO ST",351.00,S,N,A,-,N,,,,,,,,,,N,4,0,1,2,A,-,08,22107,,N,G,B,E,A,H,-,A,D,0,Y,,,,Y,,A,07,0,0,1,0,1,0,0,0,0,"- ","- ",,,"CONTRA COSTA",CONCORD,-122.01811461,37.985717000000001
8484827,2017,2017-12-19,0704,2017-10-28,0802,0576,3,6,5,6,0704,0,0,0,,0,003,"MONUMENT BL","REGANTI DR",40.00,E,N,A,-,N,,,,,,,,,,N,4,0,1,2,A,-,00,22955,,N,G,B,D,A,H,-,A,A,0,Y,,,,Y,,N,60,0,0,1,0,1,0,0,0,0,"- ","- ",,,"CONTRA COSTA",CONCORD,-122.04413819,37.952754659999997
8484831,2017,2017-12-01,0704,2017-10-28,1107,437,,6,5,6,0704,0,0,0,,0,005,"YGNACIO VALLEY RD","COWELL RD",337.00,E,N,A,-,N,,,,,,,,,,N,4,0,1,2,A,-,03,22350,,N,C,C,A,A,H,-,A,D,0,,,,,Y,,A,01,0,0,1,0,0,0,0,0,0,"- ","- ",,,"CONTRA COSTA",CONCORD,-121.99118644000001,37.947450760000002
8484856,2017,2017-12-05,0704,2017-10-19,1328,0482,,4,5,6,0704,0,0,0,,0,006,"CLAYTON RD","THORNWOOD DR",31.00,E,N,A,-,N,,,,,,,,,,N,4,0,1,2,C,-,18,,,N,C,C,A,A,H,-,A,A,0,,,,,Y,,-,"- ",0,0,1,0,0,0,0,0,0,"- ","- ",,,"CONTRA COSTA",CONCORD,-121.98675245,37.96259414
8484874,2017,2017-11-30,0704,2017-10-19,1545,533,,4,5,6,0704,0,0,0,,0,004,"EAST ST","PACHECO ST",0.00,,Y,A,-,N,,,,,,,,,,N,4,0,3,2,A,-,12,21453,A,N,-,A,A,A,H,-,A,A,0,,,,,Y,,-,"- ",0,0,3,0,0,0,0,0,0,"- ","- ",,,"CONTRA COSTA",CONCORD,-122.03198997,37.979949959999999
8484878,2017,2017-11-30,0704,2017-10-26,0655,472,,4,5,6,0704,0,0,0,,0,005,"CONCORD BL","SATTLER DR",0.00,,Y,A,-,N,,,,,,,,,,Y,3,0,1,2,A,-,09,21801,A,N,-,C,A,A,H,-,B,A,0,,,,,Y,,A,01,0,1,0,0,0,0,0,0,0,"- ","- ",,,"CONTRA COSTA",CONCORD,-121.99552994,37.97795988
84849895,2025,2025-09-18,0704,2025-08-28,1604,0677,,4,5,6,0704,0,0,0,,0,005,"WILLOW PASS RD","ASHDALE DR",0.00,,Y,A,-,N,,,,,,,,,,N,4,0,1,2,A,-,09,21801,A,N,D,C,A,A,H,-,A,D,0,,,,,Y,,A,01,0,0,1,0,0,0,0,0,0,"- ","- ",37.988739013671875,-122.00710296630859,"CONTRA COSTA",CONCORD,-122.00710296630859,37.988784790039062