CASE_ID,ACCIDENT_YEAR,PROC_DATE,JURIS,COLLISION_DATE,COLLISION_TIME,OFFICER_ID,REPORTING_DISTRICT,DAY_OF_WEEK,CHP_SHIFT,POPULATION,CNTY_CITY_LOC,SPECIAL_COND,BEAT_TYPE,CHP_BEAT_TYPE,CITY_DIVISION_LAPD,CHP_BEAT_CLASS,BEAT_NUMBER,PRIMARY_RD,SECONDARY_RD,DISTANCE,DIRECTION,INTERSECTION,WEATHER_1,WEATHER_2,STATE_HWY_IND,CALTRANS_COUNTY,CALTRANS_DISTRICT,STATE_ROUTE,ROUTE_SUFFIX,POSTMILE_PREFIX,POSTMILE,LOCATION_TYPE,RAMP_INTERSECTION,SIDE_OF_HWY,TOW_AWAY,COLLISION_SEVERITY,NUMBER_KILLED,NUMBER_INJURED,PARTY_COUNT,PRIMARY_COLL_FACTOR,PCF_CODE_OF_VIOL,PCF_VIOL_CATEGORY,PCF_VIOLATION,PCF_VIOL_SUBSECTION,HIT_AND_RUN,TYPE_OF_COLLISION,MVIW,PED_ACTION,ROAD_SURFACE,ROAD_COND_1,ROAD_COND_2,LIGHTING,CONTROL_DEVICE,CHP_ROAD_TYPE,PEDESTRIAN_ACCIDENT,BICYCLE_ACCIDENT,MOTORCYCLE_ACCIDENT,TRUCK_ACCIDENT,NOT_PRIVATE_PROPERTY,ALCOHOL_INVOLVED,STWD_VEHTYPE_AT_FAULT,CHP_VEHTYPE_AT_FAULT,COUNT_SEVERE_INJ,COUNT_VISIBLE_INJ,COUNT_COMPLAINT_PAIN,COUNT_PED_KILLED,COUNT_PED_INJURED,COUNT_BICYCLIST_KILLED,COUNT_BICYCLIST_INJURED,COUNT_MC_KILLED,COUNT_MC_INJURED,PRIMARY_RAMP,SECONDARY_RAMP,LATITUDE,LONGITUDE,COUNTY,CITY,POINT_X,POINT_Y
8519915,2017,2018-01-05,0740,2017-12-07,0819,SR060,SR72,4,5,4,0791,0,0,0,,0,BEAT4,"OLD RANCH RD","BENT CREEK DR",0.00,,Y,A,-,N,,,,,,,,,,,4,0,2,2,A,-,09,21801,A,N,A,C,A,A,H,-,A,A,0,,,,,Y,,A,01,0,0,2,0,0,0,0,0,0,"- ","- ",37.737760000000002,-121.91722,"CONTRA COSTA","SAN RAMON",-121.91715991,37.737789900000003
8519919,2017,2018-01-05,0709,2017-12-07,0820,426,3120,4,5,4,0709,0,0,0,,0,001,"CONTRA COSTA BL","MONUMENT BL",0.00,,Y,A,-,N,,,,,,,,,,N,4,0,1,1,A,-,09,21800,A,N,D,C,A,A,H,-,A,A,0,,,,,Y,,-,,0,0,1,0,0,0,0,0,0,"- ","- ",,,"CONTRA COSTA","PLEASANT HILL",-122.06023992,37.945349989999997
8520929,2017,2017-12-28,0710,2017-08-10,1940,1662,0710,4,5,5,0710,0,0,0,,0,005,"BARRETT AV","1ST ST",0.00,,Y,B,-,N,,,,,,,,,,Y,4,0,2,3,A,-,09,21801,A,N,A,C,A,A,H,-,A,D,0,,,,,Y,,A,01,0,0,2,0,0,0,0,0,0,"- ","- ",,,"CONTRA COSTA",RICHMOND,-122.36867988,37.938429960000001
8520933,2017,2018-01-10,0710,2017-09-19,1658,1705,CENTR,2,5,5,0710,0,0,0,,0,007,"BARRETT AV","SAN PABLO AV",45.00,W,N,A,-,N,,,,,,,,,,,4,0,2,2,A,-,03,22350,,N,C,C,A,A,H,-,A,A,0,,,,,Y,,D,22,0,0,2,0,0,0,0,0,0,"- ","- ",,,"CONTRA COSTA",RICHMOND,-122.32521493,37.935344989999997
8521049,2017,2018-01-04,0701,2017-12-09,1800,5707,505,6,5,5,0701,0,0,0,,0,005,"GOLF COURSE RD","LONE TREE WY",0.00,,Y,A,-,N,,,,,,,,,,N,4,0,1,2,A,-,03,22350,,N,C,C,A,A,H,-,C,A,0,,,,,Y,,A,01,0,0,1,0,0,0,0,0,0,"- ","- ",,,"CONTRA COSTA",ANTIOCH,-121.80252998,37.97698999
8521101,2017,2018-01-04,0708,2017-12-08,2100,285,,5,5,5,0708,0,0,0,,0,004,"RAILROAD AV","EAST LELAND RD",0.00,,Y,A,-,N,,,,,,,,,,Y,3,0,3,2,A,-,01,23153,A,F,D,C,A,A,H,-,A,A,0,,,,,Y,Y,A,01,0,3,0,0,0,0,0,0,0,"- ","- ",,,"CONTRA COSTA",PITTSBURG,-121.8912,38.012199930000001
8521105,2017,2018-01-04,0708,2017-12-06,1721,323,046,3,5,5,0708,0,0,0,,0,003,"WEST LELAND RD","MONTEVIDEO DR",28.00,E,N,A,-,N,,,,,,,,,,Y,4,0,2,2,A,-,12,21453,A,F,D,C,A,A,H,-,C,A,0,,,,,Y,,A,01,0,0,2,0,0,0,0,0,0,"- ","- ",,,"CONTRA COSTA",PITTSBURG,-121.92067641,38.0141992
8521206,2017,2017-12-28,0710,2017-09-21,0825,1586,,4,5,5,0710,0,0,0,,0,,"VALLEY VIEW DR","TIERRA DR",25.00,N,N,A,-,N,,,,,,,,,,N,4,0,1,2,A,-,11,21954,A,N,G,B,D,A,H,-,A,D,0,Y,,,,Y,,N,60,0,0,1,0,1,0,0,0,0,"- ","- ",,,"CONTRA COSTA",RICHMOND,-122.28823205,37.971640069999999
8521263,2017,2017-12-27,0710,2017-08-11,1820,1662,0710,5,5,5,0710,0,0,0,,0,007,"23RD ST","BARRETT AV",0.00,,Y,A,-,N,,,,,,,,,,N,3,0,5,2,A,-,12,21453,A,N,D,C,A,A,H,-,A,A,0,,,,,Y,,A,01,0,1,4,0,0,0,0,0,0,"- ","- ",,,"CONTRA COSTA",RICHMOND,-122.34752996,37.938439889999998
8522339,2017,2018-01-11,0712,2017-12-08,1606,386,,5,5,5,0712,0,0,0,,0,003,"OAK GROVE RD","CITRUS AV",160.00,S,N,A,-,N,,,,,,,,,,Y,4,0,1,2,A,-,03,22350,,N,C,C,A,A,H,-,A,D,0,,,,,Y,,D,22,0,0,1,0,0,0,0,0,0,"- ","- ",,,"CONTRA COSTA","WALNUT CREEK",-122.01582270999999,37.928699440000003
8522401,2017,2018-01-08,0712,2017-12-02,1845,P575,,6,5,5,0712,0,0,0,,0,001,"N BROADWAY","CYPRESS AV",0.00,,Y,A,-,N,,,,,,,,,,Y,3,0,1,2,A,-,09,21801,A,N,A,C,A,A,H,-,E,A,0,,,,,Y,,-,,0,1,0,0,0,0,0,0,0,"- ","- ",,,"CONTRA COSTA","WALNUT CREEK",-122.05978996,37.899539900000001
8522405,2017,2018-01-08,0712,2017-12-07,1539,386,,4,5,5,0712,0,0,0,,0,002,"N MAIN ST","SUNNYVALE AV",360.00,S,N,A,-,N,,,,,,,,,,Y,4,0,1,2,A,-,09,21801,A,N,D,C,A,A,H,-,A,D,0,,,,,Y,,A,01,0,0,1,0,0,0,0,0,0,"- ","- ",,,"CONTRA COSTA","WALNUT CREEK",-122.06191013,37.927775680000003
8522409,2017,2018-02-01,0712,2017-12-07,0925,P518,,4,5,5,0712,0,0,0,,0,001,"TICE CREEK DR","LEISURE LN",20.00,N,N,A,-,N,,,,,,,,,,Y,3,0,2,2,A,-,08,22107,,N,C,C,A,A,H,-,A,D,0,,,,,Y,,A,07,0,1,1,0,0,0,0,0,0,"- ","- ",,,"CONTRA COSTA","WALNUT CREEK",-122.07143096999999,37.863339150000002
8522413,2017,2018-01-08,0712,2017-12-15,1735,386,,5,5,5,0712,0,0,0,,0,001,"CIVIC DR","YGNACIO VALLEY RD",200.00,S,N,A,-,N,,,,,,,,,,Y,4,0,1,2,A,-,08,22107,,N,B,C,A,A,H,-,C,A,0,,,,,Y,,A,01,0,0,1,0,0,0,0,0,0,"- ","- ",,,"CONTRA COSTA","WALNUT CREEK",-122.05896245,37.906140729999997
8522417,2017,2018-01-30,0712,2017-12-04,1710,P514,,1,5,5,0712,0,0,0,,0,002,"N BROADWAY","CARLBACK AV",0.00,,Y,-,-,N,,,,,,,,,,N,3,0,1,2,A,-,10,21950,A,N,-,-,B,-,-,-,-,-,0,Y,,,,Y,,A,01,0,1,0,0,1,0,0,0,0,"- ","- ",,,"CONTRA COSTA","WALNUT CREEK",-122.0612,37.904059930000003
8522421,2017,2018-01-08,0712,2017-12-13,1637,P549,,3,5,5,0712,0,0,0,,0,,"ROSSMOOR PKWY","TICE VALLEY BL",0.00,,Y,A,-,N,,,,,,,,,,N,4,0,1,2,A,-,09,21804,A,N,B,C,A,-,H,-,B,D,0,,,,,Y,,A,01,0,0,1,0,0,0,0,0,0,"- ","- ",,,"CONTRA COSTA","WALNUT CREEK",-122.07167991,37.876629979999997
8522425,2017,2018-01-08,0712,2017-12-15,1230,P518,,5,5,5,0712,0,0,0,,0,002,"N MAIN ST","GEARY RD",0.00,S,N,A,-,N,,,,,,,,,,N,4,0,1,2,A,-,09,21804,A,N,D,C,A,A,H,-,A,D,0,,,,,Y,,A,01,0,0,1,0,0,0,0,0,0,"- ","- ",,,"CONTRA COSTA","WALNUT CREEK",-122.06255989,37.926389950000001
8523092,2017,2018-01-09,0740,2017-11-08,0918,SR060,SR072,3,5,4,0791,0,0,0,,0,002,"SAN RAMON VALLEY BL","MONTEVIDEO DR",2.00,N,N,A,-,N,,,,,,,,,,N,3,0,1,2,A,-,09,21801,A,N,D,G,A,A,H,-,A,A,0,,Y,,,Y,,L,04,0,1,0,0,0,0,1,0,0,"- ","- ",37.747050000000002,-121.95796,"CONTRA COSTA","SAN RAMON",-121.95802284,37.747045010000001
8523744,2017,2018-01-09,0709,2017-12-11,1452,426,3020,1,5,4,0709,0,0,0,,0,002,"CHILPANCINGO PKWY","CONTRA COSTA BL",154.00,W,N,A,-,N,,,,,,,,,,N,4,0,1,2,A,-,05,21650,1,N,D,G,A,A,H,-,A,B,0,,Y,,,Y,,L,04,0,0,1,0,0,0,1,0,0,"- ","- ",,,"CONTRA COSTA","PLEASANT HILL",-122.06544897000001,37.975568529999997
8525204,2017,2018-06-22,0705,2017-12-22,2247,E183,PATRO,5,5,3,0705,0,0,0,,0,011,"SAN PABLO AV","POTRERO AV",0.00,,Y,A,-,Y,CC,4,123,-,-,1.750,I,5,N,Y,4,0,1,2,A,-,12,21453,A,N,D,C,A,A,H,-,C,A,0,,,,,Y,,A,07,0,0,1,0,0,0,0,0,0,"- ","- ",,,"CONTRA COSTA","EL CERRITO",-122.31516789,37.920718890000003
8525385,2017,2018-01-17,0705,2017-12-03,1323,E214,PATRO,7,5,3,0705,0,0,0,,0,011,"SAN PABLO AV","CONLON AV",12.00,N,N,A,-,N,,,,,,,,,,Y,2,0,1,2,A,-,08,22107,,N,B,C,A,A,H,-,A,A,0,,,Y,,Y,,A,01,1,0,0,0,0,0,0,0,0,"- ","- ",,,"CONTRA COSTA","EL CERRITO",-122.3215399,37.92957895
8525501,2017,2018-06-08,0712,2017-12-27,1709,P413,,3,5,5,0712,0,0,0,,0,003,"YGNACIO VALLEY RD","LA CASA VIA",200.00,E,N,A,-,N,,,,,,,,,,Y,4,0,1,2,A,-,04,21703,,N,C,C,A,A,H,-,B,A,0,,,,,Y,,A,01,0,0,1,0,0,0,0,0,0,"- ","- ",,,"CONTRA COSTA","WALNUT CREEK",-122.04313417,37.913538160000002
8526083,2017,2018-07-06,0705,2017-10-30,1855,E204,PATRO,1,5,3,0705,0,0,0,,0,011,"SAN PABLO AV","HILL ST",293.00,S,N,A,-,Y,CC,4,123,-,-,1.920,H,-,N,Y,4,0,1,4,A,-,04,21703,,F,C,C,A,A,H,-,B,D,0,,,,,Y,,A,01,0,0,1,0,0,0,0,0,0,"- ","- ",,,"CONTRA COSTA","EL CERRITO",-122.31672345,37.922873639999999
8526099,2017,2018-07-06,0705,2017-11-13,1910,E183,PATRO,1,5,3,0705,0,0,0,,0,010,"SAN PABLO AV","EUREKA AV",0.00,,Y,A,-,Y,CC,4,123,-,-,0.580,I,5,N,N,4,0,1,2,A,-,10,21950,A,F,G,B,B,A,H,-,C,A,0,Y,,,,Y,,A,07,0,0,1,0,1,0,0,0,0,"- ","- ",,,"CONTRA COSTA","EL CERRITO",-122.30515486,37.90602088
8526103,2017,2018-07-06,0705,2017-11-27,1130,E184,TRAFF,1,5,3,0705,0,0,0,,0,010,"RT 123","CENTRAL AV",224.00,N,N,A,-,Y,CC,4,123,-,-,0.350,H,-,N,Y,2,0,1,3,A,-,08,22107,,N,F,E,A,A,H,-,A,D,0,,,,,Y,,A,01,1,0,0,0,0,0,0,0,0,"- ","- ",,,"CONTRA COSTA","EL CERRITO",-122.30368070999999,37.902896720000001
8526311,2017,2018-01-10,0701,2017-10-04,1045,5568,505,3,5,5,0701,0,0,0,,0,005,"GOLF COURSE RD","CACHE PEAK DR",634.00,S,N,A,-,N,,,,,,,,,,N,4,0,1,2,A,-,08,22107,,N,D,C,A,A,H,-,A,D,0,,,,,Y,,A,01,0,0,1,0,0,0,0,0,0,"- ","- ",,,"CONTRA COSTA",ANTIOCH,-121.80492321,37.973526970000002
8526723,2017,2018-01-11,0711,2017-11-27,1734,S1088,BAY,1,5,4,0711,0,0,0,,0,001,"LOVE GROVE AV","SAN PABLO AV",0.00,,Y,A,-,N,,,,,,,,,,N,4,0,1,2,A,-,21,22106,,N,E,E,A,A,H,-,C,D,0,,,,,Y,,A,01,0,0,1,0,0,0,0,0,0,"- ","- ",,,"CONTRA COSTA","SAN PABLO",-122.34527,37.964379970000003
8526793,2017,2018-01-09,0710,2017-10-04,1817,1662,0710,3,5,5,0710,0,0,0,,0,007,ESMOND,"24TH ST",0.00,,Y,A,-,N,,,,,,,,,,Y,4,0,2,2,A,-,12,22450,A,F,D,C,A,A,H,-,B,A,0,,,,,Y,,A,07,0,0,2,0,0,0,0,0,0,"- ","- ",,,"CONTRA COSTA",RICHMOND,-122.34543999,37.945109960000003
8526798,2017,2018-01-11,0710,2017-11-21,1058,1726,NORTH,2,5,5,0710,0,0,0,,0,007,"23RD ST","BURBECK AV",42.00,S,N,A,-,N,,,,,,,,,,N,4,0,1,2,A,-,03,22350,,N,C,C,A,A,H,-,A,D,0,,,,,Y,,-,,0,0,1,0,0,0,0,0,0,"- ","- ",,,"CONTRA COSTA",RICHMOND,-122.34749218,37.942634640000001
8526852,2017,2018-01-12,0710,2017-12-18,1335,1729,SOUTH,1,5,5,0710,0,0,0,,0,003,"CARLSON BL","SAN LUIS ST",0.00,,Y,A,-,N,,,,,,,,,,Y,4,0,1,2,-,-,"- ",,,N,B,C,A,A,H,-,A,A,0,,,,,Y,,-,"- ",0,0,1,0,0,0,0,0,0,"- ","- ",,,"CONTRA COSTA",RICHMOND,-122.31596999,37.91027991
8526937,2017,2018-01-10,0711,2017-11-26,0928,S1088,BAY,7,5,4,0711,0,0,0,,0,001,"EL PORTAL DR","GLENLOCK ST",515.00,W,N,C,-,N,,,,,,,,,,Y,2,0,1,1,A,-,03,22350,,N,E,I,A,B,H,-,A,D,0,,,,,Y,,I,11,1,0,0,0,0,0,0,0,0,"- ","- ",37.57497,-122.1939,"CONTRA COSTA","SAN PABLO",-122.32741102999999,37.963807639999999
8526941,2017,2018-01-17,0711,2017-12-05,1719,1093,,2,5,4,0711,0,0,0,,0,001,"BROADWAY AV","17TH ST",0.00,,Y,A,-,N,,,,,,,,,,,4,0,1,2,A,-,09,21801,A,N,D,C,A,A,H,-,C,D,0,,,,,Y,,D,22,0,0,1,0,0,0,0,0,0,"- ","- ",37.581560000000003,-122.20516000000001,"CONTRA COSTA","SAN PABLO",-122.34764987,37.970939940000001
8526945,2017,2018-01-16,0711,2017-12-23,1028,S1070,,6,5,4,0711,0,0,0,,0,003,"RUMRILL BL","FOLSOM AV",0.00,,Y,-,-,N,,,,,,,,,,Y,4,0,1,2,A,-,04,21703,,N,C,C,A,-,-,-,-,D,0,,,,,Y,,A,01,0,0,1,0,0,0,0,0,0,"- ","- ",,,"CONTRA COSTA","SAN PABLO",-122.35602986000001,37.96164993
8526962,2017,2018-02-20,0711,2017-12-24,1102,S1070,,7,5,4,0711,0,0,0,,0,003,"RUMRILL BL","MARKET AV",0.00,,Y,-,-,N,,,,,,,,,,Y,4,0,2,2,A,-,03,22350,,N,C,C,A,-,-,-,-,D,0,,,,,Y,,A,01,0,0,2,0,0,0,0,0,0,"- ","- ",,,"CONTRA COSTA","SAN PABLO",-122.35666990999999,37.958849970000003
8526966,2017,2018-01-31,0711,2017-12-02,1306,S1088,BAY,6,5,4,0711,0,0,0,,0,001,"RUMRILL BL","ROAD 20",0.00,,Y,A,-,N,,,,,,,,,,Y,3,0,2,2,A,-,08,22107,,N,A,C,A,A,H,-,A,A,0,,,,,Y,,A,01,0,1,1,0,0,0,0,0,0,"- ","- ",,,"CONTRA COSTA","SAN PABLO",-122.35389992,37.96519997
8526969,2017,2018-01-12,0710,2017-12-19,1410,1687,SOUTH,2,5,5,0710,0,0,0,,0,002,"SOUTH 15TH ST","CUTTING BL",8.00,N,N,A,-,N,,,,,,,,,,Y,4,0,4,2,A,-,08,22107,,N,D,C,A,A,H,-,A,A,0,,,,,Y,,A,01,0,0,4,0,0,0,0,0,0,"- ","- ",,,"CONTRA COSTA",RICHMOND,-122.35492000000001,37.925221980000003
8526970,2017,2018-02-20,0711,2017-12-07,1325,1053,BAY,4,5,4,0711,0,0,0,,0,1325,"MARICOPA AV","SAN PABLO AV",0.00,,Y,-,-,N,,,,,,,,,,N,3,0,1,2,A,-,05,21650,1,N,G,G,A,-,-,-,-,D,0,,Y,,,Y,,L,04,0,1,0,0,0,0,1,0,0,"- ","- ",,,"CONTRA COSTA","SAN PABLO",-122.33235989000001,37.950599879999999
8526973,2017,2018-01-16,0710,2017-12-11,1744,1732,NORTH,1,5,5,0710,0,0,0,,0,008,"LAKESIDE DR","RESEARCH DR",400.00,W,N,A,-,N,,,,,,,,,,Y,3,0,1,2,A,-,05,21650,1,N,A,C,A,A,H,-,C,D,0,,,,,Y,,A,01,0,1,0,0,0,0,0,0,0,"- ","- ",,,"CONTRA COSTA",RICHMOND,-122.33305847,37.985640699999998
8526977,2017,2018-01-16,0710,2017-12-17,1250,1384,CENTR,7,5,5,0710,0,0,0,,0,006,"NEVIN AV","5TH ST",0.00,,Y,A,-,N,,,,,,,,,,Y,4,0,1,2,A,-,05,21650,,N,A,B,D,A,H,-,A,D,0,Y,,,,Y,Y,-,,0,0,1,0,1,0,0,0,0,"- ","- ",,,"CONTRA COSTA",RICHMOND,-122.36468986,37.936839910000003
8526981,2017,2018-01-16,0710,2017-12-21,1135,1384,NORTH,4,5,5,0710,0,0,0,,0,008,"HILLTOP MALL RD","GARRITY WY",0.00,,Y,A,-,N,,,,,,,,,,N,3,0,2,2,A,-,09,21801,A,N,A,C,A,A,H,-,A,D,0,,,,,Y,,-,,0,1,1,0,0,0,0,0,0,"- ","- ",,,"CONTRA COSTA",RICHMOND,-122.32530989999999,37.97892994
8527037,2017,2018-01-18,0711,2017-12-27,2139,1045,BAY,3,5,4,0711,0,0,0,,0,001,"SAN PABLO AV","ROAD 20",20.00,N,N,-,-,N,,,,,,,,,,N,4,0,1,2,A,-,03,22350,,M,C,C,A,A,H,-,C,A,0,,,,,Y,,A,01,0,0,1,0,0,0,0,0,0,"- ","- ",37.962859999999999,-122.34547000000001,"CONTRA COSTA","SAN PABLO",-122.34551657,37.963424869999997
8527175,2017,2018-01-24,0710,2017-12-28,2200,1224,,4,5,5,0710,0,0,0,,0,003,"CARLSON BL","BAYVIEW AV",0.00,,Y,A,-,N,,,,,,,,,,N,4,0,1,2,A,-,12,21453,A,M,-,C,A,A,-,-,C,A,0,,,,,Y,,A,01,0,0,1,0,0,0,0,0,0,"- ","- ",,,"CONTRA COSTA",RICHMOND,-122.32351996,37.914149940000001
8527297,2017,2018-01-30,0710,2017-12-09,1130,1712,NOR,6,5,5,0710,0,0,0,,0,007,"SAN PABLO AV","GARVIN AV",40.00,S,N,A,-,N,,,,,,,,,,Y,4,0,2,2,A,-,08,22107,,N,-,C,A,A,H,-,A,-,0,,,,,Y,,A,01,0,0,2,0,0,0,0,0,0,"- ","- ",,,"CONTRA COSTA",RICHMOND,-122.32901104,37.943577189999999
8527301,2017,2018-01-10,0710,2017-12-28,0910,1384,NORTH,4,5,5,0710,0,0,0,,0,008,"KLOSE WY","BLUME DR",0.00,,Y,A,-,N,,,,,,,,,,Y,4,0,1,2,A,-,09,21800,A,N,-,C,A,A,H,-,A,A,0,,,,,Y,,-,,0,0,1,0,0,0,0,0,0,"- ","- ",,,"CONTRA COSTA",RICHMOND,-122.32281988,37.981989929999997
8527523,2017,2018-06-26,0710,2017-09-29,2130,1662,0710,5,5,5,0710,0,0,0,,0,003,"CARLSON BL","RT 80",0.00,,Y,A,-,Y,CC,4,80,-,-,1.125,R,4,E,Y,3,0,5,2,A,-,09,21801,A,N,D,C,A,A,H,-,C,A,0,,,,,Y,,A,07,0,2,3,0,0,0,0,0,0,"- ","- ",,,"CONTRA COSTA",RICHMOND,-122.31732674,37.912587019999997
8527527,2017,2018-01-10,0710,2017-09-30,1815,1662,0710,6,5,5,0710,0,0,0,,0,001,"SEACLIFF DR","CANAL BL",120.00,W,N,A,-,N,,,,,,,,,,Y,3,0,1,1,A,-,03,22350,,N,E,I,A,A,H,-,A,D,0,,,Y,,Y,,C,02,0,1,0,0,0,0,0,0,1,"- ","- ",,,"CONTRA COSTA",RICHMOND,-122.37196068999999,37.916690729999999
8527531,2017,2018-01-10,0710,2017-09-16,2310,1495,NORTH,6,5,5,0710,0,0,0,,0,007,"BARRETT AV","24TH ST",0.00,,Y,A,-,N,,,,,,,,,,Y,3,0,2,2,A,-,09,21802,A,N,D,C,A,A,H,-,C,A,0,,,,,Y,,A,01,0,1,1,0,0,0,0,0,0,"- ","- ",,,"CONTRA COSTA",RICHMOND,-122.34575,37.938239879999998
8527535,2017,2018-01-10,0710,2017-09-18,1231,1380,NORTH,1,5,5,0710,0,0,0,,0,007,"MACDONALD AV","23RD ST",0.00,,Y,A,-,N,,,,,,,,,,N,3,0,3,2,A,-,12,21453,A,N,D,C,A,A,H,-,A,A,0,,,,,Y,,A,01,0,1,2,0,0,0,0,0,0,"- ","- ",,,"CONTRA COSTA",RICHMOND,-122.34754993,37.935729879999997
8527539,2017,2018-01-10,0710,2017-09-18,1548,1380,NORTH,1,5,5,0710,0,0,0,,0,007,"BARRETT AV","44TH ST",22.00,E,N,A,-,N,,,,,,,,,,N,4,0,1,2,A,-,04,21703,,N,C,C,A,A,H,-,A,A,0,,,,,Y,,A,07,0,0,1,0,0,0,0,0,0,"- ","- ",,,"CONTRA COSTA",RICHMOND,-122.32750532999999,37.93564756
8527881,2017,2018-01-12,0712,2017-12-27,1753,P584,,3,5,5,0712,0,0,0,,0,004,"MOUNT DIABLO BL","ALPINE RD",450.00,W,N,A,-,N,,,,,,,,,,N,4,0,1,2,A,-,03,22350,,N,C,C,A,A,H,-,C,A,0,,,,,Y,,A,07,0,0,1,0,0,0,0,0,0,"- ","- ",,,"CONTRA COSTA","WALNUT CREEK",-122.06853357,37.896905099999998
8527882,2017,2018-01-16,0710,2017-10-11,1504,1380,CENTR,3,5,5,0710,0,0,0,,0,004,"BARRETT AV","19TH ST",0.00,,Y,A,-,N,,,,,,,,,,N,4,0,3,2,A,-,03,22350,,N,C,C,A,A,H,-,A,A,0,,,,,Y,,A,01,0,0,3,0,0,0,0,0,0,"- ","- ",,,"CONTRA COSTA",RICHMOND,-122.35150985999999,37.938459899999998
8528001,2017,2018-02-03,0704,2017-12-19,2025,537,,2,5,6,0704,0,0,0,,0,002,"WILLOW PASS RD","DIAMOND BL",970.00,W,N,A,-,N,,,,,,,,,,N,4,0,2,2,A,-,08,22107,,N,C,C,A,A,H,-,C,A,0,,,,,Y,,D,22,0,0,2,0,0,0,0,0,0,"- ","- ",,,"CONTRA COSTA",CONCORD,-122.05507682,37.966794960000001
8528167,2017,2018-01-11,0704,2017-12-15,1514,361,,5,5,6,0704,0,0,0,,0,001,"CONCORD AV","BISSO LN",0.00,,N,A,-,N,,,,,,,,,,N,4,0,1,3,A,-,03,22350,,N,C,C,A,A,H,-,A,A,0,,,,,Y,,A,01,0,0,1,0,0,0,0,0,0,"- ","- ",,,"CONTRA COSTA",CONCORD,-122.04766994000001,37.979749920000003
8528195,2017,2018-01-11,0704,2017-12-19,2333,538,NORTH,2,5,6,0704,0,0,0,,0,004,"PORT CHICAGO HWY","SUN VIEW TER",0.00,,Y,A,-,N,,,,,,,,,,N,4,0,1,2,A,-,09,21802,A,N,D,C,A,A,H,-,C,D,0,,,,,Y,,A,01,0,0,1,0,0,0,0,0,0,"- ","- ",,,"CONTRA COSTA",CONCORD,-122.02609988,38.001849900000003
8528238,2017,2018-01-11,0704,2017-12-13,1423,0482,,3,5,6,0704,0,0,0,,0,003,"DETROIT AV","SHARY CIR",261.00,N,N,A,-,N,,,,,,,,,,Y,4,0,1,3,A,-,09,21804,A,N,D,C,A,A,H,-,A,D,0,,,,,Y,,A,01,0,0,1,0,0,0,0,0,0,"- ","- ",,,"CONTRA COSTA",CONCORD,-122.03059014999999,37.956953290000001
8528768,2017,2018-01-16,0704,2017-12-11,0854,575,,1,5,6,0704,0,0,0,,0,004,"OAKLAND AV","CLAYTON RD",26.00,S,N,A,-,N,,,,,,,,,,N,4,0,1,2,C,-,18,,,N,C,C,A,A,H,-,A,A,0,,,,,Y,,-,"- ",0,0,1,0,0,0,0,0,0,"- ","- ",,,"CONTRA COSTA",CONCORD,-122.02755209,37.975013250000003
8529241,2017,2018-01-10,0704,2017-12-21,0814,0581,MTDIA,4,5,6,0704,0,0,0,,0,002,"MONUMENT BL","WALTERS WY",0.00,,Y,A,-,N,,,,,,,,,,N,3,0,1,2,A,-,10,21950,A,N,G,B,B,A,H,-,A,A,0,Y,,,,Y,,A,07,0,1,0,0,1,0,0,0,0,"- ","- ",,,"CONTRA COSTA",CONCORD,-122.03165987,37.964079949999999
8529245,2017,2018-01-10,0704,2017-12-20,1035,0482,,3,5,6,0704,0,0,0,,0,002,"CLAYTON RD","PINE ST",120.00,W,N,A,-,N,,,,,,,,,,Y,4,0,1,2,A,-,08,22107,,N,B,C,A,A,H,-,A,D,0,,,,,Y,,A,01,0,0,1,0,0,0,0,0,0,"- ","- ",,,"CONTRA COSTA",CONCORD,-122.04538934999999,37.969763469999997
8529453,2017,2018-01-18,0712,2017-12-26,1026,P593,,2,5,5,0712,0,0,0,,0,001,"SOUTH CALIFORNIA BL","BOTELHO DR",0.00,,Y,A,-,N,,,,,,,,,,Y,3,0,1,2,A,-,12,21453,A,N,G,C,A,A,H,-,A,A,0,,,,,Y,,A,01,0,1,0,0,0,0,0,0,0,"- ","- ",,,"CONTRA COSTA","WALNUT CREEK",-122.06184999,37.89457994
8529531,2017,2018-01-17,0700,2017-12-26,1136,OA030,2204,2,5,3,0734,0,0,0,,0,051,"MAIN ST","LIVE OAK AV",197.00,W,N,A,-,N,,,,,,,,,,Y,3,0,2,2,A,-,08,22107,,N,C,E,A,A,H,-,A,D,0,,,,,Y,,A,01,0,1,1,0,0,0,0,0,0,"- ","- ",,,"CONTRA COSTA",OAKLEY,-121.74227386,38.005189999999999
8529543,2017,2018-01-17,0700,2017-12-18,1916,OA034,DELTA,1,5,3,0734,0,0,0,,0,002,"LAUREL RD","CREEKSIDE WY",123.00,E,N,A,-,N,,,,,,,,,,Y,4,0,1,2,A,-,05,21460,A,N,A,C,A,A,H,-,C,A,0,,,,,Y,,A,01,0,0,1,0,0,0,0,0,0,"- ","- ",,,"CONTRA COSTA",OAKLEY,-121.69093316,37.983350000000002
8529625,2017,2018-01-16,0710,2017-12-17,0931,1643,,7,5,5,0710,0,0,0,,0,006,"MARINA WY","MACDONALD AV",0.00,,Y,A,-,N,,,,,,,,,,N,4,0,1,2,A,-,10,21950,A,N,G,B,B,A,H,-,A,A,0,Y,,,,Y,,N,60,0,0,1,0,1,0,0,0,0,"- ","- ",,,"CONTRA COSTA",RICHMOND,-122.35619990000001,37.935699960000001
8529925,2017,2018-01-16,0712,2017-12-12,1730,P584,,2,5,5,0712,0,0,0,,0,001,"TICE VALLEY BL","ROSSMOOR PKWY",0.00,,Y,A,-,N,,,,,,,,,,Y,3,0,1,3,A,-,09,21453,C,N,D,C,A,A,H,-,C,A,0,,,,,Y,,A,01,0,1,0,0,0,0,0,0,0,"- ","- ",,,"CONTRA COSTA","WALNUT CREEK",-122.07167991,37.876629979999997
8529929,2017,2018-01-16,0712,2017-12-31,0022,386,,7,5,5,0712,0,0,0,,0,002,"YGNACIO VALLEY RD","NORTH CIVIC DR",210.00,W,N,A,-,N,,,,,,,,,,Y,4,0,1,1,A,-,03,22350,,N,E,I,A,A,H,-,C,D,0,,,,,Y,,A,01,0,0,1,0,0,0,0,0,0,"- ","- ",,,"CONTRA COSTA","WALNUT CREEK",-122.05953588,37.906559999999999
8529933,2017,2018-01-16,0712,2017-12-09,2141,591,,6,5,5,0712,0,0,0,,0,004,"N MAIN ST","MOUNT DIABLO BL",20.00,N,N,A,-,N,,,,,,,,,,,4,0,1,2,A,-,01,23152,A,M,C,C,A,A,H,-,C,A,0,,,,,Y,Y,A,07,0,0,1,0,0,0,0,0,0,"- ","- ",,,"CONTRA COSTA","WALNUT CREEK",-122.06002474,37.89739368