CASE_ID,ACCIDENT_YEAR,PROC_DATE,JURIS,COLLISION_DATE,COLLISION_TIME,OFFICER_ID,REPORTING_DISTRICT,DAY_OF_WEEK,CHP_SHIFT,POPULATION,CNTY_CITY_LOC,SPECIAL_COND,BEAT_TYPE,CHP_BEAT_TYPE,CITY_DIVISION_LAPD,CHP_BEAT_CLASS,BEAT_NUMBER,PRIMARY_RD,SECONDARY_RD,DISTANCE,DIRECTION,INTERSECTION,WEATHER_1,WEATHER_2,STATE_HWY_IND,CALTRANS_COUNTY,CALTRANS_DISTRICT,STATE_ROUTE,ROUTE_SUFFIX,POSTMILE_PREFIX,POSTMILE,LOCATION_TYPE,RAMP_INTERSECTION,SIDE_OF_HWY,TOW_AWAY,COLLISION_SEVERITY,NUMBER_KILLED,NUMBER_INJURED,PARTY_COUNT,PRIMARY_COLL_FACTOR,PCF_CODE_OF_VIOL,PCF_VIOL_CATEGORY,PCF_VIOLATION,PCF_VIOL_SUBSECTION,HIT_AND_RUN,TYPE_OF_COLLISION,MVIW,PED_ACTION,ROAD_SURFACE,ROAD_COND_1,ROAD_COND_2,LIGHTING,CONTROL_DEVICE,CHP_ROAD_TYPE,PEDESTRIAN_ACCIDENT,BICYCLE_ACCIDENT,MOTORCYCLE_ACCIDENT,TRUCK_ACCIDENT,NOT_PRIVATE_PROPERTY,ALCOHOL_INVOLVED,STWD_VEHTYPE_AT_FAULT,CHP_VEHTYPE_AT_FAULT,COUNT_SEVERE_INJ,COUNT_VISIBLE_INJ,COUNT_COMPLAINT_PAIN,COUNT_PED_KILLED,COUNT_PED_INJURED,COUNT_BICYCLIST_KILLED,COUNT_BICYCLIST_INJURED,COUNT_MC_KILLED,COUNT_MC_INJURED,PRIMARY_RAMP,SECONDARY_RAMP,LATITUDE,LONGITUDE,COUNTY,CITY,POINT_X,POINT_Y
8546246,2018,2018-02-09,0701,2018-01-05,1814,5569,605,5,5,5,0701,0,0,0,,0,006,"LONE TREE WY","SAGEBRUSH DR",0.00,,Y,C,-,N,,,,,,,,,,N,2,0,1,2,A,-,11,21950,B,N,-,B,B,B,H,-,C,A,0,Y,,,,Y,,A,01,1,0,0,0,1,0,0,0,0,"- ","- ",,,"CONTRA COSTA",ANTIOCH,-121.77259063720703,37.963821411132812
8546294,2018,2018-02-09,0704,2018-01-22,1710,572,,1,5,6,0704,0,0,0,,0,003,"MEADOW LN","RILEY CT",4.00,S,N,A,-,N,,,,,,,,,,N,4,0,2,2,A,-,03,22350,,N,C,C,A,A,H,-,A,D,0,,,,,Y,,A,07,0,0,2,0,0,0,0,0,0,"- ","- ",,,"CONTRA COSTA",CONCORD,-122.04217529296875,37.960010528564453
8546323,2018,2018-02-08,0712,2018-01-03,2040,P545,,3,5,5,0712,0,0,0,,0,001,"MOUNT DIABLO BL","MOUNT PISGAH RD",100.00,E,N,C,-,N,,,,,,,,,,N,4,0,1,2,A,-,10,21950,A,F,G,B,B,B,H,-,C,D,0,Y,,,,Y,,A,01,0,0,1,0,1,0,0,0,0,"- ","- ",,,"CONTRA COSTA","WALNUT CREEK",-122.05691528320312,37.898654937744141
8546327,2018,2018-02-08,0712,2018-01-31,1857,533,,3,5,5,0712,0,0,0,,0,003,"BANCROFT RD","STRATTON CIR",75.00,N,N,A,-,N,,,,,,,,,,N,4,0,1,2,A,-,03,22350,,N,C,C,A,A,H,-,C,D,0,,,,,Y,,A,07,0,0,1,0,0,0,0,0,0,"- ","- ",,,"CONTRA COSTA","WALNUT CREEK",-122.03628540039062,37.922336578369141
8546331,2018,2018-02-08,0712,2018-01-24,1412,P413,,3,5,5,0712,0,0,0,,0,,"S MAIN ST","CREEKSIDE DR",200.00,N,N,B,-,N,,,,,,,,,,N,3,0,1,2,A,-,08,22107,,N,E,E,A,A,H,-,A,D,0,,Y,,,Y,,L,04,0,1,0,0,0,0,1,0,0,"- ","- ",,,"CONTRA COSTA","WALNUT CREEK",-122.05619812011719,37.887725830078125
8546335,2018,2018-02-08,0712,2018-01-23,1402,378,,2,5,5,0712,0,0,0,,0,002,"ARROYO WY","CIVIC DR",65.00,W,N,A,-,N,,,,,,,,,,Y,4,0,2,2,A,-,21,22106,,N,D,C,A,A,H,-,A,D,0,,,,,Y,,A,01,0,0,2,0,0,0,0,0,0,"- ","- ",,,"CONTRA COSTA","WALNUT CREEK",-122.05938720703125,37.905044555664062
8547223,2018,2018-02-12,0711,2018-01-27,2350,1033,,6,5,4,0711,0,0,0,,0,003,"RUMRILL BL","CHESLEY AV",0.00,,Y,A,-,N,,,,,,,,,,N,4,0,1,2,A,-,05,21650,1,F,-,G,A,A,H,-,A,A,0,,Y,,,Y,,L,04,0,0,1,0,0,0,1,0,0,"- ","- ",,,"CONTRA COSTA","SAN PABLO",-122.35691070556641,37.954750061035156
8547227,2018,2018-02-12,0711,2018-01-27,1822,S1070,,6,5,4,0711,0,0,0,,0,001,"SAN PABLO AV","RIVERS ST",0.00,,Y,A,-,N,,,,,,,,,,N,2,0,1,2,A,-,11,21456,B,F,G,B,B,A,H,-,C,A,0,Y,,,,Y,,N,60,1,0,0,0,1,0,0,0,0,"- ","- ",,,"CONTRA COSTA","SAN PABLO",-122.34317016601562,37.972061157226562
8547231,2018,2018-02-12,0711,2018-01-28,1705,S1070,,7,5,4,0711,0,0,0,,0,001,"BROADWAY AV","19TH ST",0.00,,Y,A,-,N,,,,,,,,,,N,4,0,1,2,A,-,12,22450,A,N,D,C,A,A,H,-,A,D,0,,,,,Y,,A,01,0,0,1,0,0,0,0,0,0,"- ","- ",,,"CONTRA COSTA","SAN PABLO",-122.34651184082031,37.969799041748047
8547263,2018,2018-02-12,0701,2018-01-25,1238,5320,204,4,5,5,0701,0,0,0,,0,002,"CAVALLO RD","E 18TH ST",0.00,,Y,B,-,N,,,,,,,,,,Y,4,0,1,2,A,-,12,21453,A,N,D,C,A,B,H,-,A,A,0,,,,,Y,,A,01,0,0,1,0,0,0,0,0,0,"- ","- ",,,"CONTRA COSTA",ANTIOCH,-121.79673004150391,38.004898071289062
8547267,2018,2018-02-12,0701,2018-01-22,0150,5565,406,1,5,5,0701,0,0,0,,0,004,"CONTRA LOMA BL","SAN CARLOS DR",150.00,N,N,C,-,N,,,,,,,,,,N,4,0,1,1,A,-,01,23152,A,N,E,I,A,B,H,-,C,A,0,,,,,Y,Y,A,01,0,0,1,0,0,0,0,0,0,"- ","- ",,,"CONTRA COSTA",ANTIOCH,-121.82274627685547,37.996498107910156
8547302,2017,2018-02-09,0701,2017-12-15,0925,3657,207,5,5,5,0701,0,0,0,,0,002,"EAST 18TH ST","TERRACE DR",0.00,,Y,A,-,N,,,,,,,,,,Y,4,0,2,2,A,-,08,22107,,N,D,C,A,A,H,-,A,D,0,,,,,Y,,A,01,0,0,2,0,0,0,0,0,0,"- ","- ",,,"CONTRA COSTA",ANTIOCH,-121.79205998,38.004909929999997
8547353,2017,2018-02-12,0701,2017-11-22,2025,5473,602,3,5,5,0701,0,0,0,,0,006,"GALENEZ WY","BLUEROCK DR",0.00,,Y,A,-,N,,,,,,,,,,N,4,0,1,2,A,-,03,22350,,M,D,C,A,A,H,-,C,D,0,,,,,Y,,A,01,0,0,1,0,0,0,0,0,0,"- ","- ",,,"CONTRA COSTA",ANTIOCH,-121.78325988,37.979939979999997
8547934,2017,2018-02-13,0701,2017-12-13,0743,3992,510,3,5,5,0701,0,0,0,,0,005,"DEER VALLEY LN","LONE TREE WY",312.00,S,N,A,-,N,,,,,,,,,,N,4,0,1,2,A,-,05,21650,,N,D,G,A,A,H,-,A,D,0,,Y,,,Y,,L,04,0,0,1,0,0,0,1,0,0,"- ","- ",,,"CONTRA COSTA",ANTIOCH,-121.78393671000001,37.96633301
8548039,2017,2018-02-09,0710,2017-09-09,1741,1737,CENTR,6,5,5,0710,0,0,0,,0,004,"23RD ST",ROOSEVELT,80.00,N,N,A,-,N,,,,,,,,,,N,4,0,2,2,A,-,03,22350,,N,C,C,A,A,H,-,A,-,0,,,,,Y,,A,01,0,0,2,0,0,0,0,0,0,"- ","- ",,,"CONTRA COSTA",RICHMOND,-122.3475,37.940179759999999
8548071,2017,2018-06-08,0701,2017-10-18,1538,4164,209,3,5,5,0701,0,0,0,,0,002,"WILBUR AV","RT 160",1000.00,W,N,A,-,N,,,,,,,,,,N,4,0,1,2,A,-,09,21802,A,N,D,C,A,A,H,-,A,D,0,,,,,Y,,A,01,0,0,1,0,0,0,0,0,0,"- ","- ",,,"CONTRA COSTA",ANTIOCH,-121.75570121,38.012300009999997
8548228,2018,2018-03-06,0710,2018-01-08,0821,1607,CENTR,1,5,5,0710,0,0,0,,0,004,"13TH ST","HELLINGS AV",65.00,N,N,C,-,N,,,,,,,,,,N,4,0,3,3,A,-,04,21703,,N,C,-,A,B,-,-,A,D,0,,,,,Y,,-,,0,0,3,0,0,0,0,0,0,"- ","- ",,,"CONTRA COSTA",RICHMOND,-122.35727691650391,37.948299407958984
8548236,2018,2018-02-08,0710,2018-01-10,1129,1434,NORHT,3,5,5,0710,0,0,0,,0,008,"RICHMODN PKWY","BLUME DR",0.00,,Y,A,-,N,,,,,,,,,,Y,3,0,3,2,A,-,12,22450,A,N,-,D,A,A,H,-,A,A,0,,,,,Y,,-,,0,1,2,0,0,0,0,0,0,"- ","- ",,,"CONTRA COSTA",RICHMOND,-122.31695999999999,37.986910000000002
8548927,2017,2018-02-15,0701,2017-09-24,0927,5323,610,7,5,5,0701,0,0,0,,0,006,"PREWETT RANCH DR","MOCCASIN WY",75.00,E,N,A,-,N,,,,,,,,,,N,3,0,1,1,A,-,03,22350,,N,A,I,A,A,H,-,A,D,0,,,,,Y,,A,01,0,1,0,0,0,0,0,0,0,"- ","- ",,,"CONTRA COSTA",ANTIOCH,-121.77354981000001,37.958730000000003
8549099,2018,2018-02-20,0701,2018-01-21,2320,5565,207,7,5,5,0701,0,0,0,,0,002,"EAST 18TH ST","HILLCREST AV",200.00,W,N,C,-,N,,,,,,,,,,N,2,0,1,1,A,-,01,23152,A,N,E,I,A,B,H,-,C,A,0,,,,,Y,Y,A,01,1,0,0,0,0,0,0,0,0,"- ","- ",,,"CONTRA COSTA",ANTIOCH,-121.78819274902344,38.004341125488281
8549137,2018,2018-02-20,0710,2018-02-05,1916,1494,NORTH,1,5,5,0710,0,0,0,,0,009,"CASTRO RANCH RD","WOODVIEW DR",0.00,,Y,A,-,N,,,,,,,,,,Y,4,0,2,2,A,-,09,21802,A,N,D,C,A,A,H,-,C,A,0,,,,,Y,,A,01,0,0,2,0,0,0,0,0,0,"- ","- ",,,"CONTRA COSTA",RICHMOND,-122.25121307373047,37.964099884033203
8549194,2017,2018-02-20,0710,2017-10-04,1842,1705,SOUTH,3,5,5,0710,0,0,0,,0,001,"CASTRO ST","PETROLITE ST",900.00,N,N,A,-,N,,,,,,,,,,,4,0,1,2,A,-,03,22350,,N,C,E,A,A,H,-,B,D,0,,Y,,,Y,,L,04,0,0,1,0,0,0,1,0,0,"- ","- ",,,"CONTRA COSTA",RICHMOND,-122.38021195,37.939824510000001
8549198,2017,2018-02-20,0710,2017-10-04,1809,1662,0710,3,5,5,0710,0,0,0,,0,003,"CENTRAL AV","PIERCE ST",0.00,,Y,A,-,N,,,,,,,,,,N,4,0,1,2,A,-,05,21650,,N,D,G,A,A,H,-,B,A,0,,Y,,,Y,,L,04,0,0,1,0,0,0,1,0,0,"- ","- ",,,"CONTRA COSTA",RICHMOND,-122.30983988,37.901079969999998
8549232,2018,2018-02-15,0708,2018-01-22,1235,335,,1,5,5,0708,0,0,0,,0,004,"WEST LELAND RD","MARSH AV",0.00,,Y,B,-,N,,,,,,,,,,Y,4,0,1,2,A,-,03,22350,,N,D,C,A,B,H,-,A,A,0,,,,,Y,,D,22,0,0,1,0,0,0,0,0,0,"- ","- ",,,"CONTRA COSTA",PITTSBURG,-121.89737701416016,38.014369964599609
8549394,2017,2018-02-09,0701,2017-11-12,0210,5228,201,7,5,5,0701,0,0,0,,0,002,"W 10TH ST","B ST",0.00,,Y,A,-,N,,,,,,,,,,Y,4,0,1,1,A,-,08,22107,,M,E,I,A,A,H,-,C,D,0,,,,,Y,,A,01,0,0,1,0,0,0,0,0,0,"- ","- ",,,"CONTRA COSTA",ANTIOCH,-121.8075599,38.011199990000001
8549583,2017,2018-02-20,0708,2017-12-27,1109,354,046,3,5,5,0708,0,0,0,,0,002,"NORTH PARK BL","LOVERIDGE RD",0.00,,Y,A,-,N,,,,,,,,,,Y,4,0,1,2,A,-,12,21453,A,N,D,C,A,A,H,-,A,A,0,,,,,Y,,A,07,0,0,1,0,0,0,0,0,0,"- ","- ",,,"CONTRA COSTA",PITTSBURG,-121.86584996000001,38.012169900000004
8549587,2017,2018-02-20,0708,2017-12-16,2040,353,0708,6,5,5,0708,0,0,0,,0,002,"PITTSBURG ANTIOCH HWY","USS POSCO",961.00,E,N,A,-,N,,,,,,,,,,Y,3,0,2,2,A,-,05,21650,,N,A,C,A,A,H,-,C,A,0,,,,,Y,,A,01,0,1,1,0,0,0,0,0,0,"- ","- ",,,"CONTRA COSTA",PITTSBURG,-121.86794043,38.01777792
8549591,2017,2018-02-16,0708,2017-12-25,1840,339,0708,1,5,5,0708,0,0,0,,0,001,"N PARKSIDE AV","BRUNO AV",19.00,E,N,A,-,N,,,,,,,,,,Y,3,0,2,1,A,-,01,23152,,N,A,I,A,A,H,-,C,A,0,,,,,Y,,A,07,0,2,0,0,0,0,0,0,0,"- ","- ",,,"CONTRA COSTA",PITTSBURG,-121.89554443999999,38.024934170000002
8549650,2018,2018-02-13,0708,2018-01-25,0751,285,,4,5,5,0708,0,0,0,,0,002,"ARMY ST","HARBOR ST",9.00,W,N,B,-,N,,,,,,,,,,N,4,0,1,2,A,-,21,22106,,N,G,B,B,A,H,-,A,A,0,Y,,,,Y,,A,01,0,0,1,0,1,0,0,0,0,"- ","- ",,,"CONTRA COSTA",PITTSBURG,-121.88197326660156,38.017658233642578
8550058,2018,2018-07-03,0706,2018-01-02,1602,199,84,2,5,3,0706,0,0,0,,0,002,"SYCAMORE AV","REFUGIO VALLEY RD",525.00,E,N,B,-,N,,,,,,,,,,N,4,0,1,2,A,-,09,21804,A,N,G,B,D,A,H,-,A,D,0,Y,,,,Y,,D,22,0,0,1,0,1,0,0,0,0,"- ","- ",,,"CONTRA COSTA",HERCULES,-122.26808166503906,38.009456634521484
8550074,2018,2018-07-03,0710,2018-01-29,2133,1426,NORTH,1,5,5,0710,0,0,0,,0,008,"HILLTOP DR","RICHMOND PKWY",0.00,,Y,A,-,N,,,,,,,,,,Y,4,0,1,2,A,-,03,22350,,N,C,C,A,A,H,-,C,A,0,,,,,Y,,-,,0,0,1,0,0,0,0,0,0,"- ","- ",,,"CONTRA COSTA",RICHMOND,-122.33972930908203,37.987239837646484
8550652,2018,2018-02-10,0712,2018-01-08,1725,P575,,1,5,5,0712,0,0,0,,0,041,"DUNCAN ST","N MAIN ST",0.00,,Y,C,-,N,,,,,,,,,,N,4,0,1,2,A,-,10,21950,A,N,G,B,B,B,H,-,C,A,0,Y,,,,Y,,-,,0,0,1,0,1,0,0,0,0,"- ","- ",,,"CONTRA COSTA","WALNUT CREEK",-122.06027221679688,37.898189544677734
8551866,2018,2018-02-15,0704,2018-02-05,1502,0552,,1,5,6,0704,0,0,0,,0,005,"YGNACIO VALLEY RD","MICHIGAN BL",0.00,,N,A,-,N,,,,,,,,,,Y,3,0,1,2,A,-,12,21453,A,N,D,C,A,A,H,-,A,A,0,,,,,Y,,D,22,0,1,0,0,0,0,0,0,0,"- ","- ",,,"CONTRA COSTA",CONCORD,-121.963623046875,37.947551727294922
8551874,2018,2018-02-21,0704,2018-01-25,1325,0482,,4,5,6,0704,0,0,0,,0,003,"REGANTI DR","MONUMENT BL",210.00,S,N,B,-,N,,,,,,,,,,N,3,0,1,2,A,-,11,21955,,N,G,B,D,A,H,-,A,A,0,Y,,,,Y,,N,60,0,1,0,0,1,0,0,0,0,"- ","- ",,,"CONTRA COSTA",CONCORD,-122.04375457763672,37.952251434326172
8551962,2018,2018-02-16,0704,2018-01-05,1402,576,3,5,5,6,0704,0,0,0,,0,002,"WALTERS WY","DETROIT AV",511.00,E,N,C,-,N,,,,,,,,,,Y,4,0,2,2,A,-,01,23153,A,N,D,C,A,B,H,-,A,A,0,,,,,Y,Y,A,01,0,0,2,0,0,0,0,0,0,"- ","- ",,,"CONTRA COSTA",CONCORD,-122.03435516357422,37.963356018066406
8551966,2018,2018-02-16,0704,2018-01-21,2240,0535,32,7,5,6,0704,0,0,0,,0,005,"WILLOW PASS RD","LANDANA DR",0.00,,Y,B,-,N,,,,,,,,,,Y,3,0,2,2,A,-,01,23153,A,N,D,C,A,B,H,-,C,A,0,,,,,Y,Y,A,01,0,1,1,0,0,0,0,0,0,"- ","- ",37.990009307861328,-122.00566101074219,"CONTRA COSTA",CONCORD,-122.00567626953125,37.990081787109375
8551970,2018,2018-02-16,0704,2018-01-29,0531,563,,1,5,6,0704,0,0,0,,0,004,"PORT CHICAGO HWY","WILLOW PASS RD",0.00,,Y,A,-,N,,,,,,,,,,Y,3,0,2,2,A,-,12,21453,A,N,D,C,A,A,H,-,C,A,0,,,,,Y,,A,01,0,1,1,0,0,0,0,0,0,"- ","- ",,,"CONTRA COSTA",CONCORD,-122.02960205078125,37.978580474853516
8551974,2018,2018-02-16,0704,2018-01-29,1530,572,,1,5,6,0704,0,0,0,,0,003,"MONUMENT BL","VICTORY LN",35.00,W,N,A,-,N,,,,,,,,,,Y,4,0,1,3,A,-,03,22350,,N,C,C,A,A,H,-,A,D,0,,,,,Y,,A,08,0,0,1,0,0,0,0,0,0,"- ","- ",,,"CONTRA COSTA",CONCORD,-122.04752349853516,37.950386047363281
8551978,2018,2018-02-16,0704,2018-01-29,1616,538,,1,5,6,0704,0,0,0,,0,004,"WILLOW PASS RD","PORT CHICAGO HWY",0.00,,Y,A,-,N,,,,,,,,,,N,4,0,3,2,D,-,00,,,N,D,C,A,A,H,-,A,A,0,,,,,Y,,-,"- ",0,0,3,0,0,0,0,0,0,"- ","- ",,,"CONTRA COSTA",CONCORD,-122.02960205078125,37.978580474853516
8551987,2018,2018-02-14,0704,2018-02-01,0858,491,,4,5,6,0704,0,0,0,,0,002,"CLAYTON RD","ELLIS ST",0.00,,Y,A,-,N,,,,,,,,,,N,4,0,1,2,A,-,03,22350,,N,C,C,A,A,H,-,A,A,0,,,,,Y,,A,01,0,0,1,0,0,0,0,0,0,"- ","- ",,,"CONTRA COSTA",CONCORD,-122.03933715820312,37.972530364990234
8551991,2018,2018-02-14,0704,2018-02-02,1833,567,,5,5,6,0704,0,0,0,,0,002,"CLAYTON RD","ADELAIDE ST",0.00,,Y,A,-,N,,,,,,,,,,N,4,0,2,3,A,-,10,21950,A,N,A,B,B,A,H,-,C,D,0,Y,,,,Y,,A,01,0,0,2,0,2,0,0,0,0,"- ","- ",,,"CONTRA COSTA",CONCORD,-122.04125213623047,37.971691131591797
8551995,2018,2018-02-14,0704,2018-02-03,1311,0365,,6,5,6,0704,0,0,0,,0,005,"COWELL RD",DAVIS,50.00,E,N,A,-,N,,,,,,,,,,N,4,0,1,2,A,-,03,22350,,N,C,-,A,A,H,-,A,D,0,,,,,Y,,A,01,0,0,1,0,0,0,0,0,0,"- ","- ",,,"CONTRA COSTA",CONCORD,-122.02039337158203,37.965263366699219
8551999,2018,2018-02-14,0704,2018-02-04,1527,0561,,7,5,6,0704,0,0,0,,0,001,"CONCORD AV","MARKET ST",0.00,,Y,A,-,N,,,,,,,,,,Y,2,0,2,2,A,-,12,21453,A,N,D,C,A,A,H,-,A,A,0,,,Y,,Y,,A,01,1,0,1,0,0,0,0,0,1,"- ","- ",,,"CONTRA COSTA",CONCORD,-122.04190063476562,37.978660583496094
8552426,2018,2018-02-16,0714,2018-01-24,1803,144,184,3,5,4,0714,0,0,0,,0,004,"GLACIER DR","MUIR RD",0.00,,Y,C,-,N,,,,,,,,,,N,3,0,1,2,A,-,12,22450,,F,A,C,A,B,H,-,C,A,0,,,,,Y,,A,01,0,1,0,0,0,0,0,0,0,"- ","- ",37.990398406982422,-122.08706665039062,"CONTRA COSTA",MARTINEZ,-122.08705902099609,37.990390777587891
8552430,2018,2018-02-16,0714,2018-01-21,0000,118,062,7,5,4,0714,0,0,0,,0,002,"HOLLY VIEW DR","MISSOURI ST",108.00,E,N,A,-,N,,,,,,,,,,Y,3,0,1,1,A,-,01,23152,A,N,E,I,A,A,H,-,B,D,0,,,,,Y,Y,A,01,0,1,0,0,0,0,0,0,0,"- ","- ",38.001689910888672,-122.11974334716797,"CONTRA COSTA",MARTINEZ,-122.11992645263672,38.001419067382812
8552434,2018,2018-02-16,0714,2018-01-21,0130,134,134,7,5,4,0714,0,0,0,,0,004,"ARNOLD DR","SHADOWFALLS DR",0.00,,Y,A,-,N,,,,,,,,,,Y,3,0,2,2,A,-,08,22107,,N,A,C,A,A,H,-,C,D,0,,,,,Y,Y,A,01,0,1,1,0,0,0,0,0,0,"- ","- ",37.994091033935547,-122.10513305664062,"CONTRA COSTA",MARTINEZ,-122.10513305664062,37.994098663330078
8552438,2018,2018-02-16,0714,2018-01-08,0745,116,213,1,5,4,0714,0,0,0,,0,003,"ALHAMBRA AV","MACALVEY DR",35.00,N,N,B,C,N,,,,,,,,,,Y,4,0,2,2,A,-,05,21651,A,N,A,C,A,B,H,-,A,A,0,,,,,Y,,A,01,0,0,2,0,0,0,0,0,0,"- ","- ",37.974708557128906,-122.10852813720703,"CONTRA COSTA",MARTINEZ,-122.10855102539062,37.974845886230469
8552969,2018,2018-02-14,0740,2018-01-30,1505,SR067,SR72,2,5,4,0791,0,0,0,,0,BEAT1,"BOLLINGER CANYON RD","COBBLESTONE DR",0.00,,Y,A,-,N,,,,,,,,,,Y,4,0,1,2,A,-,09,21802,A,N,D,C,A,A,H,-,A,A,0,,,,,Y,,-,,0,0,1,0,0,0,0,0,0,"- ","- ",37.770549774169922,-121.99446105957031,"CONTRA COSTA","SAN RAMON",-121.99452972412109,37.770511627197266
8552973,2018,2018-06-29,0740,2018-01-31,1829,SR501,SR72,3,5,4,0791,0,0,0,,0,BEAT3,"BOLLINGER CANYON RD","RT 680",310.00,E,N,A,-,N,,,,,,,,,,Y,4,0,1,4,B,-,22,,,N,C,C,A,A,D,-,C,A,0,,,,Y,Y,,F,26,0,0,1,0,0,0,0,0,0,"- ","- ",37.760921478271484,-121.96183013916016,"CONTRA COSTA","SAN RAMON",-121.96534729003906,37.760150909423828
8553057,2018,2018-02-15,0712,2018-01-31,1125,P518,,3,5,5,0712,0,0,0,,0,001,"TICE CREEK DR","ROCKLEDGE LN",210.00,N,N,A,-,N,,,,,,,,,,Y,2,0,1,2,A,-,08,22107,,N,D,E,A,A,A,H,A,D,0,,,,,Y,,A,07,1,0,0,0,0,0,0,0,0,"- ","- ",,,"CONTRA COSTA","WALNUT CREEK",-122.07470703125,37.867778778076172
8553065,2018,2018-02-15,0712,2018-01-30,1523,P518,,2,5,5,0712,0,0,0,,0,002,"YGNACIO VALLEY RD","CIVIC DR",375.00,W,N,A,-,N,,,,,,,,,,N,3,0,1,2,A,-,03,22350,,N,H,A,A,A,H,-,A,D,0,,Y,,,Y,,L,04,0,1,0,0,0,0,1,0,0,"- ","- ",,,"CONTRA COSTA","WALNUT CREEK",-122.06010437011719,37.9066162109375
8553069,2018,2018-02-15,0712,2018-01-31,0819,378,,3,5,5,0712,0,0,0,,0,001,"MOUNT DIABLO BL","MOUNT PISGAH RD",300.00,E,N,B,-,N,,,,,,,,,,N,3,0,1,2,A,-,21,22106,,N,H,G,A,A,H,-,A,D,0,,Y,,,Y,,A,01,0,1,0,0,0,0,1,0,0,"- ","- ",,,"CONTRA COSTA","WALNUT CREEK",-122.05628967285156,37.898891448974609
8553093,2018,2018-02-15,0740,2018-01-26,1053,SR501,72,5,5,4,0791,0,0,0,,0,002,"MONTEVIDEO DR","VERA CRUZ DR",0.00,,Y,B,-,N,,,,,,,,,,Y,4,0,1,1,A,-,00,23103,A,M,E,I,A,A,H,-,A,A,0,,,,,Y,,A,01,0,0,1,0,0,0,0,0,0,"- ","- ",37.754001617431641,-121.94692230224609,"CONTRA COSTA","SAN RAMON",-121.94663238525391,37.753921508789062
8553097,2018,2018-02-15,0740,2018-01-27,1319,040,72,6,5,4,0791,0,0,0,,0,003,"CROW CANYON RD","CAMINO RAMON",228.00,E,N,A,-,N,,,,,,,,,,Y,3,0,1,2,A,-,08,22107,,N,B,C,A,A,H,-,A,A,0,,,,,Y,,A,01,0,1,0,0,0,0,0,0,0,"- ","- ",37.779579162597656,-121.96906280517578,"CONTRA COSTA","SAN RAMON",-121.96849060058594,37.779972076416016
8553202,2018,2018-02-15,0712,2018-02-06,1630,P546,,2,5,5,0712,0,0,0,,0,002,"PLEASANT HILL RD","PALO ALTO CT",0.00,,Y,A,-,N,,,,,,,,,,N,4,0,1,2,A,-,09,21804,A,N,D,C,A,A,H,-,A,D,0,,,,,Y,,A,08,0,0,1,0,0,0,0,0,0,"- ","- ",,,"CONTRA COSTA","WALNUT CREEK",,
8553210,2018,2018-02-15,0740,2018-02-01,1915,SR501,SR/72,4,5,4,0791,0,0,0,,0,001,"SAN RAMON VALLEY BL","FOSTORIA WY",25.00,S,N,A,-,N,,,,,,,,,,Y,4,0,2,2,A,-,04,21703,,N,C,C,A,A,H,-,C,A,0,,,,,Y,,A,01,0,0,2,0,0,0,0,0,0,"- ","- ",37.779819488525391,-121.97792053222656,"CONTRA COSTA","SAN RAMON",-121.97789001464844,37.779796600341797
8553655,2018,2018-02-21,0711,2018-02-05,0752,1075,,1,5,4,0711,0,0,0,,0,003,"RUMRILL BL","FOLSOM AV",259.00,S,N,A,-,N,,,,,,,,,,N,3,0,1,2,A,-,10,21950,A,N,G,B,B,A,H,-,A,D,0,Y,,,,Y,,-,,0,1,0,0,1,0,0,0,0,"- ","- ",,,"CONTRA COSTA","SAN PABLO",-122.35636138916016,37.960990905761719
8554065,2018,2018-08-10,0704,2018-01-31,0940,537,,3,5,6,0704,0,0,0,,0,002,"SUN VALLEY BL","RT 680",83.00,E,N,A,-,Y,CC,4,680,-,-,19.200,R,4,N,Y,3,0,2,3,A,-,08,22107,,N,C,C,A,A,H,-,A,D,0,,,,,Y,,A,07,0,1,1,0,0,0,0,0,0,"- ",SF,,,"CONTRA COSTA",CONCORD,-122.05760192871094,37.968055725097656
8554276,2018,2018-04-30,0704,2018-02-06,0821,0579,,2,5,6,0704,0,0,0,,0,003,"MEADOW LN","LODGE DR",0.00,,Y,A,-,N,,,,,,,,,,Y,4,0,1,2,A,-,09,21802,A,N,D,C,A,A,H,-,A,A,0,,,,,Y,,A,01,0,0,1,0,0,0,0,0,0,"- ","- ",,,"CONTRA COSTA",CONCORD,-122.04093170166016,37.958610534667969
8554603,2016,2018-03-05,0708,2016-02-16,2204,228,CCCPD,2,5,5,0708,0,0,0,,0,LMC,"EAST LELAND RD","E LELAND RD 2100",0.00,,-,A,-,N,,,,,,,,,,Y,3,0,1,1,A,-,03,22350,,N,E,I,A,A,H,-,C,D,0,,,,,Y,,A,01,0,1,0,0,0,0,0,0,0,"- ","- ",,,"CONTRA COSTA",PITTSBURG,-121.86124384,38.007971789999999
8556250,2017,2018-02-28,0701,2017-11-19,1500,5431,0102,7,5,5,0701,0,0,0,,0,001,"W 10TH ST","AUTO CENTER DR",0.00,,Y,A,-,N,,,,,,,,,,N,4,0,1,2,A,-,12,21453,A,N,D,C,A,A,H,-,A,A,0,,,,,Y,,-,,0,0,1,0,0,0,0,0,0,"- ","- ",,,"CONTRA COSTA",ANTIOCH,-121.82903998,38.012479900000002
8556254,2017,2018-02-28,0701,2017-09-27,0104,5235,106,3,5,5,0701,0,0,0,,0,001,"MADILL ST","RUSSELL DR",75.00,E,N,A,-,N,,,,,,,,,,Y,3,0,1,3,A,-,01,23152,E,N,A,C,A,A,H,-,C,D,0,,,,,Y,,D,22,0,1,0,0,0,0,0,0,0,"- ","- ",,,"CONTRA COSTA",ANTIOCH,-121.81247965999999,38.00080904
8556770,2018,2018-03-01,0710,2018-01-21,0937,1726,NORTH,7,5,5,0710,0,0,0,,0,007,"BARRETT AV","37TH ST",0.00,,Y,A,-,N,,,,,,,,,,Y,4,0,1,2,A,-,03,22350,,F,D,C,A,A,H,-,A,A,0,,,,,Y,,A,01,0,0,1,0,0,0,0,0,0,"- ","- ",,,"CONTRA COSTA",RICHMOND,-122.3336181640625,37.936550140380859