CASE_ID,ACCIDENT_YEAR,PROC_DATE,JURIS,COLLISION_DATE,COLLISION_TIME,OFFICER_ID,REPORTING_DISTRICT,DAY_OF_WEEK,CHP_SHIFT,POPULATION,CNTY_CITY_LOC,SPECIAL_COND,BEAT_TYPE,CHP_BEAT_TYPE,CITY_DIVISION_LAPD,CHP_BEAT_CLASS,BEAT_NUMBER,PRIMARY_RD,SECONDARY_RD,DISTANCE,DIRECTION,INTERSECTION,WEATHER_1,WEATHER_2,STATE_HWY_IND,CALTRANS_COUNTY,CALTRANS_DISTRICT,STATE_ROUTE,ROUTE_SUFFIX,POSTMILE_PREFIX,POSTMILE,LOCATION_TYPE,RAMP_INTERSECTION,SIDE_OF_HWY,TOW_AWAY,COLLISION_SEVERITY,NUMBER_KILLED,NUMBER_INJURED,PARTY_COUNT,PRIMARY_COLL_FACTOR,PCF_CODE_OF_VIOL,PCF_VIOL_CATEGORY,PCF_VIOLATION,PCF_VIOL_SUBSECTION,HIT_AND_RUN,TYPE_OF_COLLISION,MVIW,PED_ACTION,ROAD_SURFACE,ROAD_COND_1,ROAD_COND_2,LIGHTING,CONTROL_DEVICE,CHP_ROAD_TYPE,PEDESTRIAN_ACCIDENT,BICYCLE_ACCIDENT,MOTORCYCLE_ACCIDENT,TRUCK_ACCIDENT,NOT_PRIVATE_PROPERTY,ALCOHOL_INVOLVED,STWD_VEHTYPE_AT_FAULT,CHP_VEHTYPE_AT_FAULT,COUNT_SEVERE_INJ,COUNT_VISIBLE_INJ,COUNT_COMPLAINT_PAIN,COUNT_PED_KILLED,COUNT_PED_INJURED,COUNT_BICYCLIST_KILLED,COUNT_BICYCLIST_INJURED,COUNT_MC_KILLED,COUNT_MC_INJURED,PRIMARY_RAMP,SECONDARY_RAMP,LATITUDE,LONGITUDE,COUNTY,CITY,POINT_X,POINT_Y
8629871,2018,2018-06-08,0740,2018-05-17,0756,SR078,SR72,4,5,4,0791,0,0,0,,0,003,"CROW CANYON RD","CANYON CREST DR",0.00,,Y,A,-,N,,,,,,,,,,N,4,0,1,2,A,-,05,21650,1,N,A,-,A,A,H,-,A,A,0,,Y,,,Y,,L,04,0,0,1,0,0,0,1,0,0,"- ","- ",37.788169860839844,-121.94642639160156,"CONTRA COSTA","SAN RAMON",-121.94644165039062,37.788078308105469
8629875,2018,2018-06-07,0740,2018-05-22,0808,SR067,SR72,2,5,4,0791,0,0,0,,0,001,"SAN RAMON VALLEY BL","WESTSIDE DR",0.00,,Y,B,-,N,,,,,,,,,,Y,4,0,2,3,A,-,08,22107,,N,D,C,A,A,H,-,A,A,0,,,,,Y,,A,01,0,0,2,0,0,0,0,0,0,"- ","- ",37.745151519775391,-121.956787109375,"CONTRA COSTA","SAN RAMON",-121.9569091796875,37.745090484619141
8630242,2018,2018-06-06,0709,2018-05-09,0732,453,4200,3,5,4,0709,0,0,0,,0,002,"VIKING DR","STUBBS RD",0.00,,Y,A,-,N,,,,,,,,,,Y,4,0,1,2,A,-,09,21802,A,N,D,C,A,A,H,-,A,D,0,,,,,Y,,-,,0,0,1,0,0,0,0,0,0,"- ","- ",,,"CONTRA COSTA","PLEASANT HILL",-122.07479095458984,37.9658203125
8630246,2018,2018-06-06,0709,2018-05-16,2053,436,3120,3,5,4,0709,0,0,0,,0,001,"CLEAVELAND RD","GREGORY LN",128.00,N,N,A,-,N,,,,,,,,,,N,2,0,1,2,A,-,05,21650,,F,C,G,A,A,H,-,C,D,0,,Y,,,Y,,-,,1,0,0,0,0,0,1,0,0,"- ","- ",,,"CONTRA COSTA","PLEASANT HILL",-122.06423187255859,37.948329925537109
8630270,2018,2018-06-06,0709,2018-05-01,1637,453,2010,2,5,4,0709,0,0,0,,0,002,"CHILPANCINGO PKWY","OLD QUARRY RD",0.00,,Y,A,-,N,,,,,,,,,,Y,3,0,2,2,A,-,12,21453,A,N,A,C,A,A,H,-,A,A,0,,,,,Y,,-,,0,2,0,0,0,0,0,0,0,"- ","- ",,,"CONTRA COSTA","PLEASANT HILL",-122.06809234619141,37.974891662597656
8631596,2018,2018-06-11,0701,2018-04-24,1707,5803,205,2,5,5,0701,0,0,0,,0,002,"A ST","BRYAN AV",10.00,S,N,A,-,N,,,,,,,,,,N,4,0,3,2,A,-,03,22350,,N,C,C,A,A,H,-,A,A,0,,,,,Y,,A,01,0,0,3,0,0,0,0,0,0,"- ","- ",,,"CONTRA COSTA",ANTIOCH,-121.80593109130859,37.99945068359375
8631612,2018,2018-06-12,0701,2018-02-28,1814,5692,615,3,5,5,0701,0,0,0,,0,006,"LONE TREE WY","EMPIRE AV",0.00,,Y,C,-,N,,,,,,,,,,Y,4,0,1,2,A,-,12,21453,A,N,D,C,A,B,H,-,C,A,0,,,,,Y,,A,01,0,0,1,0,0,0,0,0,0,"- ","- ",,,"CONTRA COSTA",ANTIOCH,-121.73259735107422,37.961559295654297
8631682,2018,2018-06-07,0712,2018-05-23,1704,386,,3,5,5,0712,0,0,0,,0,003,"YGNACIO VALLEY RD","VIA MONTE",50.00,E,N,B,-,N,,,,,,,,,,Y,3,0,2,4,A,-,03,22350,,N,C,C,A,A,H,-,A,D,0,,,,,Y,,A,07,0,1,1,0,0,0,0,0,0,"- ","- ",,,"CONTRA COSTA","WALNUT CREEK",-122.01819610595703,37.925914764404297
8631686,2018,2018-06-07,0740,2018-05-17,1859,SR501,SR72,4,5,4,0791,0,0,0,,0,"BEAT 3","FOSTORIA WY","CROW CANYON PL",25.00,E,N,A,B,N,,,,,,,,,,N,3,0,1,1,A,-,12,21453,A,N,F,A,A,A,H,-,A,A,0,,Y,,,Y,,L,04,0,1,0,0,0,0,1,0,0,"- ","- ",37.780818939208984,-121.97392272949219,"CONTRA COSTA","SAN RAMON",-121.97382354736328,37.780773162841797
8631690,2018,2018-06-07,0740,2018-05-24,0920,SR067,SR72,4,5,4,0791,0,0,0,,0,"BEAT 3","BOLLINGER CANYON RD","ALCOSTA BL",218.00,W,N,B,-,N,,,,,,,,,,N,4,0,1,2,A,-,08,22107,,N,B,C,A,A,H,-,A,A,0,,,,,Y,,A,01,0,0,1,0,0,0,0,0,0,"- ","- ",37.765750885009766,-121.95189666748047,"CONTRA COSTA","SAN RAMON",-121.95265960693359,37.765426635742188
8631694,2018,2018-06-07,0740,2018-05-21,1502,SR078,SR72,1,5,4,0791,0,0,0,,0,"BEAT 5","NORTH MONARCH RD","HONEYCASTLE DR",0.00,,Y,A,-,N,,,,,,,,,,Y,4,0,1,1,A,-,08,22107,,N,A,-,A,A,H,-,A,D,0,,,,,Y,,-,,0,0,1,0,0,0,0,0,0,"- ","- ",37.771171569824219,-121.91178131103516,"CONTRA COSTA","SAN RAMON",-121.90886688232422,37.774131774902344
8631749,2018,2018-06-07,0712,2018-05-25,1535,P535,,5,5,5,0712,0,0,0,,0,003,"YGNACIO VALLEY RD","BANCROFT RD",50.00,E,N,A,-,N,,,,,,,,,,Y,4,0,2,3,A,-,03,22350,,N,C,C,A,A,H,-,A,D,0,,,,,Y,,A,01,0,0,2,0,0,0,0,0,0,"- ","- ",,,"CONTRA COSTA","WALNUT CREEK",-122.03427886962891,37.920944213867188
8631753,2018,2018-06-07,0712,2018-05-19,2111,P591,,6,5,5,0712,0,0,0,,0,001,NEWELL,"SOUTH CALIFORNIA",0.00,,Y,B,-,N,,,,,,,,,,Y,4,0,2,2,A,-,09,21802,A,N,D,C,A,A,H,-,C,A,0,,,,,Y,,A,01,0,0,2,0,0,0,0,0,0,"- ","- ",,,"CONTRA COSTA","WALNUT CREEK",-122.06108856201172,37.892608642578125
8631757,2018,2018-06-07,0712,2018-05-18,1806,P575,WALNU,5,5,5,0712,0,0,0,,0,002,"NORTH MAIN ST","ARROYO WY",0.00,,Y,A,G,N,,,,,,,,,,N,4,0,2,2,A,-,09,21801,A,N,D,C,A,A,H,-,A,D,0,,,,,Y,,-,,0,0,2,0,0,0,0,0,0,"- ","- ",,,"CONTRA COSTA","WALNUT CREEK",-122.06369018554688,37.904991149902344
8632066,2016,2018-06-04,0740,2016-09-29,1140,SR040,SR/72,4,5,4,0791,0,0,0,,0,003,"CROW CANYON RD","CROW CANYON PL",320.00,E,N,A,-,N,,,,,,,,,,N,4,0,1,2,A,-,03,22350,,N,C,C,A,A,H,-,A,A,0,,,,,Y,,A,07,0,0,1,0,0,0,0,0,0,"- ","- ",37.779159999999997,-121.97056000000001,"CONTRA COSTA","SAN RAMON",-121.970615,37.779003619999997
8633048,2018,2018-06-14,0701,2018-04-25,1020,5455,208,3,5,5,0701,0,0,0,,0,002,"E 18TH ST","HARGROVE ST",505.00,W,N,A,-,N,,,,,,,,,,Y,4,0,4,2,A,-,00,21650,I,N,A,C,A,A,H,-,A,D,0,,,,,Y,,A,01,0,0,4,0,0,0,0,0,0,"- ","- ",,,"CONTRA COSTA",ANTIOCH,-121.78408813476562,38.004547119140625
8633131,2018,2018-06-15,0716,2018-05-26,1450,207,R7,6,5,3,0716,0,0,0,,0,002,"SCHOOL ST","MORAGA WY",0.00,,Y,A,-,N,,,,,,,,,,N,4,0,1,2,A,-,08,22107,,N,B,G,A,A,H,-,A,A,0,,Y,,,Y,,A,01,0,0,1,0,0,0,1,0,0,"- ","- ",,,"CONTRA COSTA",MORAGA,-122.13037109375,37.835289001464844
8633149,2018,2018-07-03,0712,2018-05-12,1148,462,,6,5,5,0712,0,0,0,,0,031,"YGNACIO VALLEY RD","MARCHBANKS DR",20.00,E,N,A,-,N,,,,,,,,,,Y,4,0,2,3,A,-,03,22350,,N,C,C,A,A,H,-,A,D,0,,,,,Y,,A,01,0,0,2,0,0,0,0,0,0,"- ","- ",,,"CONTRA COSTA","WALNUT CREEK",-122.04624176025391,37.911556243896484
8633153,2018,2018-06-18,0712,2018-05-18,1551,P585,MARTI,5,5,5,0712,0,0,0,,0,002,"N MAIN ST","TREAT BL",0.00,,-,A,-,N,,,,,,,,,,Y,4,0,1,2,A,-,09,21801,A,N,-,C,A,A,H,-,A,D,0,,,,,Y,,A,01,0,0,1,0,0,0,0,0,0,"- ","- ",,,"CONTRA COSTA","WALNUT CREEK",-122.06256103515625,37.9263916015625
8633157,2018,2018-06-18,0701,2018-05-11,1313,2372,510,5,5,5,0701,0,0,0,,0,005,"DEER VALLEY RD","COUNTRY HILLS DR",0.00,,Y,A,-,N,,,,,,,,,,N,3,0,3,2,A,-,12,21453,A,N,D,C,A,A,H,-,A,A,0,,,,,Y,,A,01,0,1,2,0,0,0,0,0,0,"- ","- ",,,"CONTRA COSTA",ANTIOCH,-121.78230285644531,37.971149444580078
8633204,2018,2018-07-12,0740,2018-06-05,0909,SR078,SR72,2,5,4,0791,0,0,0,,0,BEAT3,"ALCOSTA BL","OVERLOOK DR",515.00,N,N,A,-,N,,,,,,,,,,Y,4,0,1,2,A,-,03,22350,,N,C,C,A,A,H,-,A,A,0,,,,,Y,,A,71,0,0,1,0,0,0,0,0,0,"- ","- ",37.768341064453125,-121.95514678955078,"CONTRA COSTA","SAN RAMON",-121.95493316650391,37.768459320068359
8633279,2018,2018-07-12,0740,2018-06-03,1248,SR084,SR72,7,5,4,0791,0,0,0,,0,BEAT4,"ALCOSTA BL","OLYMPIA FIELDS DR",84.00,S,N,A,-,N,,,,,,,,,,Y,4,0,2,2,A,-,01,23152,A,N,A,C,A,A,H,-,A,D,0,,,,,Y,Y,-,,0,0,2,0,0,0,0,0,0,"- ","- ",37.734348297119141,-121.92443084716797,"CONTRA COSTA","SAN RAMON",-121.92456817626953,37.734359741210938
8633360,2018,2018-06-21,0740,2018-06-02,1442,SR078,SR/72,6,5,4,0791,0,0,0,,0,006,"BRANCH PKWY","CHANCERY WAY",0.00,,Y,A,-,N,,,,,,,,,,Y,3,0,1,1,A,-,07,21658,A,N,E,I,A,A,H,-,A,A,0,,,,,Y,,A,01,0,1,0,0,0,0,0,0,0,"- ","- ",37.754020690917969,-121.9014892578125,"CONTRA COSTA","SAN RAMON",-121.90154266357422,37.753990173339844
8633539,2018,2018-06-20,0704,2018-06-01,1521,0591,"MT DI",5,5,6,0704,0,0,0,,0,006,"FARM BUREAU RD","CONCORD BL",25.00,N,N,A,-,N,,,,,,,,,,N,4,0,2,2,A,-,03,22350,,N,C,C,A,A,H,-,A,A,0,,,,,Y,,D,22,0,0,2,0,0,0,0,0,0,"- ","- ",,,"CONTRA COSTA",CONCORD,-122.00997924804688,37.977752685546875
8633601,2018,2018-06-18,0740,2018-05-19,1808,SR077,SR72,6,5,4,0791,0,0,0,,0,"BEAT 5","BOLLINGER CANYON RD","WATERMILL RD",0.00,,Y,A,-,N,,,,,,,,,,N,4,0,2,2,A,-,01,23152,,M,C,C,A,A,H,-,A,A,0,,,,,Y,Y,-,,0,0,2,0,0,0,0,0,0,"- ","- ",37.754859924316406,-121.90815734863281,"CONTRA COSTA","SAN RAMON",-121.90825653076172,37.754878997802734
8633629,2018,2018-06-18,0740,2018-05-16,1302,SR033,SR72,3,5,4,0791,0,0,0,,0,"BEAT 3","ALCOSTA BL","NORRIS CANYON RD",943.00,S,N,A,-,N,,,,,,,,,,Y,4,0,1,3,A,-,09,21804,A,N,D,C,A,A,H,-,A,D,0,,,,,Y,,A,01,0,0,1,0,0,0,0,0,0,"- ","- ",37.778759002685547,-121.96328735351562,"CONTRA COSTA","SAN RAMON",-121.95970916748047,37.774730682373047
8633633,2018,2018-06-18,0740,2018-05-24,1942,SR501,SR72,4,5,4,0791,0,0,0,,0,"BEAT 1","SAN RAMON VALLEY BL","NORRIS CANYON RD",895.00,N,N,A,-,N,,,,,,,,,,Y,4,0,1,2,A,-,09,21801,A,N,D,C,A,A,H,-,B,A,0,,,,,Y,,A,01,0,0,1,0,0,0,0,0,0,"- ","- ",37.775909423828125,-121.97817993164062,"CONTRA COSTA","SAN RAMON",-121.97484588623047,37.7733154296875
8633652,2018,2018-06-18,0704,2018-04-26,1500,0532,,4,5,6,0704,0,0,0,,0,006,"CLAYTON RD","YGNACIO VALLEY RD",6.00,W,N,A,-,N,,,,,,,,,,N,4,0,1,2,A,-,10,21950,A,M,B,B,B,A,H,-,A,A,0,Y,,,,Y,,A,01,0,0,1,0,1,0,0,0,0,"- ","- ",,,"CONTRA COSTA",CONCORD,-121.95754241943359,37.952106475830078
8633797,2018,2018-07-12,0704,2018-06-01,1920,0561,,5,5,6,0704,0,0,0,,0,003,"MONUMENT BL","VIRGINIA LN",9.00,W,N,A,-,N,,,,,,,,,,N,3,0,2,3,A,-,10,21950,A,N,G,B,B,A,H,-,A,A,0,Y,,,,Y,,A,01,0,2,0,0,2,0,0,0,0,"- ","- ",,,"CONTRA COSTA",CONCORD,-122.04145050048828,37.954643249511719
8634084,2018,2018-06-07,0705,2018-04-24,1430,E221,PATRO,2,5,3,0705,0,0,0,,0,010,"NORVELL ST","EUREKA AV",20.00,S,N,A,-,N,,,,,,,,,,N,3,0,1,2,A,-,05,21650,,N,D,G,A,A,H,-,A,D,0,,Y,,,Y,,L,04,0,1,0,0,0,0,1,0,0,"- ","- ",,,"CONTRA COSTA","EL CERRITO",-122.29884338378906,37.907928466796875
8635472,2018,2018-06-25,0711,2018-05-25,1320,S1070,,5,5,4,0711,0,0,0,,0,003,"23RD ST","BUSH AV",0.00,,Y,A,-,N,,,,,,,,,,Y,4,0,2,2,A,-,03,22350,,N,C,C,A,A,H,-,A,D,0,,,,,Y,,A,01,0,0,2,0,0,0,0,0,0,"- ","- ",,,"CONTRA COSTA","SAN PABLO",-122.34734344482422,37.95574951171875
8635556,2018,2018-07-17,0711,2018-05-16,0808,1080,BAY,3,5,4,0711,0,0,0,,0,001,"RUMRILL BL","ROAD 20",0.00,,Y,A,-,N,,,,,,,,,,Y,4,0,1,3,A,-,03,22350,,N,C,C,A,A,H,-,A,D,0,,,,,Y,,A,01,0,0,1,0,0,0,0,0,0,"- ","- ",37.965110778808594,-122.35379028320312,"CONTRA COSTA","SAN PABLO",-122.35389709472656,37.965198516845703
8635645,2018,2018-06-19,0711,2018-04-26,1838,1105,BAY,4,5,4,0711,0,0,0,,0,001,"EL PORTAL","FORDHAM DR",563.00,E,N,A,-,N,,,,,,,,,,N,4,0,1,2,A,-,04,21703,,N,C,C,A,A,H,-,A,D,0,,,,,Y,,A,01,0,0,1,0,0,0,0,0,0,"- ","- ",,,"CONTRA COSTA","SAN PABLO",-122.33071136474609,37.962959289550781
8635657,2018,2018-06-19,0708,2018-04-24,0808,363,0708,2,5,5,0708,0,0,0,,0,001,"WILLOW PASS RD","WINTER WY",0.00,,Y,A,-,N,,,,,,,,,,Y,3,0,3,2,A,-,09,21801,A,N,A,D,A,A,H,-,A,D,0,,,,,Y,,A,01,0,2,1,0,0,0,0,0,0,"- ","- ",,,"CONTRA COSTA",PITTSBURG,-121.93105316162109,38.026798248291016
8635680,2018,2018-06-26,0702,2018-05-12,0957,589J,324B,6,5,3,0702,0,0,0,,0,003,"BALFOUR RD","GUTHRIE LN",0.00,,Y,A,-,N,,,,,,,,,,N,3,0,1,2,A,-,12,22450,A,N,D,C,A,A,H,-,A,A,0,,,,,Y,,D,22,0,1,0,0,0,0,0,0,0,"- ","- ",37.925689697265625,-121.68263244628906,"CONTRA COSTA",BRENTWOOD,-121.68263244628906,37.925670623779297
8635691,2018,2018-06-28,0702,2018-05-04,1139,575J,127B,5,5,3,0702,0,0,0,,0,001,"SAND CREEK RD","HIGHLAND WY",0.00,,Y,A,-,N,,,,,,,,,,N,4,0,1,2,A,-,03,22350,,N,C,C,A,A,H,-,A,A,0,,,,Y,Y,,F,26,0,0,1,0,0,0,0,0,0,"- ","- ",37.943611145019531,-121.73404693603516,"CONTRA COSTA",BRENTWOOD,-121.734130859375,37.943519592285156
8635703,2018,2018-06-26,0702,2018-05-07,1642,543D,422B,1,5,3,0702,0,0,0,,0,004,"BALFOUR RD","ARMSTRONG WY",0.00,,Y,A,-,N,,,,,,,,,,Y,3,0,1,2,A,-,08,22107,,N,D,C,A,A,H,-,A,D,0,,,,,Y,,A,07,0,1,0,0,0,0,0,0,0,"- ","- ",37.925468444824219,-121.69219970703125,"CONTRA COSTA",BRENTWOOD,-121.69217681884766,37.925559997558594
8635795,2018,2018-06-25,0712,2018-06-11,1642,386,,1,5,5,0712,0,0,0,,0,003,"NORTH CIVIC DR","WALDEN RD",0.00,,Y,A,-,N,,,,,,,,,,Y,3,0,2,2,A,-,12,21453,A,N,D,C,A,A,H,-,A,D,0,,,,,Y,,D,22,0,1,1,0,0,0,0,0,0,"- ","- ",,,"CONTRA COSTA","WALNUT CREEK",-122.05911254882812,37.917148590087891
8635869,2018,2018-06-27,0712,2018-06-13,0750,P518,,3,5,5,0712,0,0,0,,0,003,"YGNACIO VALLEY RD","LA CASA VIA",75.00,W,N,A,-,N,,,,,,,,,,Y,4,0,2,2,A,-,04,21703,,N,C,C,A,A,H,-,A,D,0,,,,,Y,,A,01,0,0,2,0,0,0,0,0,0,"- ","- ",,,"CONTRA COSTA","WALNUT CREEK",-122.04385375976562,37.913043975830078
8635873,2018,2018-06-27,0712,2018-06-09,2304,P596,WALNU,6,5,5,0712,0,0,0,,0,002,"N MAIN ST","SUNNYVALE AV",0.00,,Y,A,-,N,,,,,,,,,,Y,4,0,1,2,A,-,09,21453,C,N,A,C,A,A,H,-,C,A,0,,,,,Y,,A,01,0,0,1,0,0,0,0,0,0,"- ","- ",,,"CONTRA COSTA","WALNUT CREEK",-122.06153869628906,37.928718566894531
8635889,2018,2018-06-25,0712,2018-06-12,1750,386,,2,5,5,0712,0,0,0,,0,003,"WALNUT BL","BLACKSTONE DR",180.00,S,N,A,-,N,,,,,,,,,,Y,4,0,1,2,A,-,08,22107,,N,C,E,A,A,H,-,A,D,0,,,,,Y,,A,01,0,0,1,0,0,0,0,0,0,"- ","- ",,,"CONTRA COSTA","WALNUT CREEK",-122.02694702148438,37.916458129882812
8635893,2018,2018-06-25,0740,2018-06-11,1530,SR078,SR/72,1,5,4,0791,0,0,0,,0,001,"SAN RAMON VALLEY BL","NORRIS CANYON RD",25.00,E,N,A,-,N,,,,,,,,,,N,3,0,2,3,A,-,10,21950,,N,G,B,C,A,H,-,A,D,0,Y,,,,Y,,A,01,0,2,0,0,2,0,0,0,0,"- ","- ",37.772811889648438,-121.97512817382812,"CONTRA COSTA","SAN RAMON",-121.97346496582031,37.771041870117188
8635903,2018,2018-06-26,0702,2018-06-03,1718,597,127B,7,5,3,0702,0,0,0,,0,001,"SAND CREEK RD","SHADY WILLOW LN",455.00,W,N,A,-,N,,,,,,,,,,Y,3,0,3,2,A,-,09,21804,,N,B,C,A,A,H,-,A,D,0,,,,,Y,,A,01,0,3,0,0,0,0,0,0,0,"- ","- ",37.946308135986328,-121.73404693603516,"CONTRA COSTA",BRENTWOOD,-121.73577880859375,37.943649291992188
8635915,2018,2018-06-26,0702,2018-06-01,2214,5461,127B,5,5,3,0702,0,0,0,,0,001,"SAND CREEK RD","SHADY WILLOW LN",400.00,W,N,A,-,N,,,,,,,,,,N,3,0,1,2,A,-,03,22350,,N,C,C,A,A,H,-,C,D,0,,,Y,,Y,Y,C,02,0,1,0,0,0,0,0,0,1,"- ","- ",37.943660736083984,-121.73813629150391,"CONTRA COSTA",BRENTWOOD,-121.73558807373047,37.943649291992188
8635958,2018,2018-07-10,0704,2018-05-22,1727,436,8000,2,5,6,0704,0,0,0,,0,00S,"BANCROFT RD","HOOKSTON RD",14.00,W,N,A,-,N,,,,,,,,,,N,3,0,1,2,A,-,12,21453,A,N,D,G,A,A,H,-,A,A,0,,Y,,,Y,,-,,0,1,0,0,0,0,1,0,0,"- ","- ",,,"CONTRA COSTA",CONCORD,-122.05168914794922,37.940383911132812
8636005,2018,2018-06-19,0709,2018-05-16,0748,435,1040,3,5,4,0709,0,0,0,,0,002,"TAYLOR BL","PLEASANT HILL RD",207.00,S,N,A,-,N,,,,,,,,,,N,4,0,2,2,A,-,03,22350,,N,C,C,A,A,H,-,A,A,0,,,,,Y,,-,,0,0,2,0,0,0,0,0,0,"- ","- ",,,"CONTRA COSTA","PLEASANT HILL",-122.08846282958984,37.953742980957031
8636009,2018,2018-06-22,0709,2018-05-30,0916,455,3100,3,5,4,0709,0,0,0,,0,001,"CONTRA COSTA BL","GREGORY LN",0.00,,Y,A,-,N,,,,,,,,,,N,4,0,1,2,A,-,05,21650,1,N,B,G,A,A,H,-,A,A,0,,Y,,,Y,,L,04,0,0,1,0,0,0,1,0,0,"- ","- ",,,"CONTRA COSTA","PLEASANT HILL",-122.06028747558594,37.948009490966797
8636098,2018,2018-06-20,0708,2018-04-03,0634,341,,2,5,5,0708,0,0,0,,0,004,"BUCHANAN RD","SANTA ANA DR",247.00,W,N,A,-,N,,,,,,,,,,N,4,0,1,2,A,-,03,22350,,N,C,C,A,A,H,-,A,D,0,,,,,Y,,D,22,0,0,1,0,0,0,0,0,0,"- ","- ",,,"CONTRA COSTA",PITTSBURG,-121.88376617431641,37.997982025146484
8636333,2018,2018-07-03,0708,2018-05-15,1100,352,046,2,5,5,0708,0,0,0,,0,005,"LOVERIDGE RD","LOVERIDGE CIR",9.00,W,N,A,-,N,,,,,,,,,,Y,3,0,1,2,A,-,04,21703,,N,C,C,A,A,H,-,A,A,0,,,,,Y,,A,01,0,1,0,0,0,0,0,0,0,"- ","- ",,,"CONTRA COSTA",PITTSBURG,-121.87165832519531,38.006366729736328
8636514,2018,2018-06-20,0708,2018-06-03,0809,354,46,7,5,5,0708,0,0,0,,0,002,"CENTURY BL","AUTO CENTER DR",0.00,,Y,A,-,N,,,,,,,,,,Y,4,0,2,2,A,-,01,23152,A,N,D,C,A,A,H,-,A,A,0,,,,,Y,Y,A,01,0,0,2,0,0,0,0,0,0,"- ","- ",38.005290985107422,-121.83551788330078,"CONTRA COSTA",PITTSBURG,-121.83534240722656,38.005661010742188
8636623,2018,2018-06-20,0708,2018-05-18,1551,366,046,5,5,5,0708,0,0,0,,0,004,"WEST LELAND RD","MARSH AV",0.00,,Y,A,-,N,,,,,,,,,,N,4,0,1,2,A,-,08,22107,,N,D,C,A,A,H,-,A,D,0,,,,,Y,,A,07,0,0,1,0,0,0,0,0,0,"- ","- ",,,"CONTRA COSTA",PITTSBURG,-121.89737701416016,38.014369964599609
8636627,2018,2018-06-20,0708,2018-05-12,1324,341,046,6,5,5,0708,0,0,0,,0,001,"BLACK DIAMOND STREET","7TH ST",0.00,,Y,A,-,N,,,,,,,,,,N,4,0,2,2,A,-,21,22106,,N,D,C,A,A,H,-,A,A,0,,,,,Y,,A,01,0,0,2,0,0,0,0,0,0,"- ","- ",,,"CONTRA COSTA",PITTSBURG,-121.88552856445312,38.030681610107422
8636631,2018,2018-06-20,0708,2018-05-21,2209,359,046,1,5,5,0708,0,0,0,,0,002,"RAILROAD AV","CENTRAL AV",0.00,,Y,A,-,N,,,,,,,,,,Y,4,0,2,2,A,-,09,21804,B,N,D,C,A,A,H,-,C,A,0,,,,,Y,Y,A,01,0,0,2,0,0,0,0,0,0,"- ","- ",,,"CONTRA COSTA",PITTSBURG,-121.88652801513672,38.0252685546875
8636635,2018,2018-06-20,0708,2018-05-16,1814,350,046,3,5,5,0708,0,0,0,,0,005,"BUCHANAN RD","VENTURA DR",552.00,W,N,A,-,N,,,,,,,,,,Y,4,0,1,2,A,-,04,21703,,N,D,C,A,A,H,-,A,A,0,,,,,Y,,A,01,0,0,1,0,0,0,0,0,0,"- ","- ",,,"CONTRA COSTA",PITTSBURG,-121.87013244628906,37.997982025146484
8636677,2018,2018-06-25,0708,2018-06-04,1605,342,046,1,5,5,0708,0,0,0,,0,004,"ATLANTIC AV","RAILROAD AV",265.00,E,N,A,-,N,,,,,,,,,,N,4,0,1,2,A,-,09,21804,A,N,B,C,A,A,H,-,A,A,0,,,,,Y,,M,47,0,0,1,0,0,0,0,0,0,"- ","- ",,,"CONTRA COSTA",PITTSBURG,-121.89174652099609,38.007976531982422
8637104,2018,2018-06-27,0704,2018-06-02,1247,0365,,6,5,6,0704,0,0,0,,0,005,"FAIR WEATHER CIR","LIMERIDGE DR",250.00,W,N,A,-,N,,,,,,,,,,Y,3,0,1,1,A,-,21,22106,,N,E,I,A,A,H,-,A,D,0,,,,,Y,,M,96,0,1,0,0,0,0,0,0,0,"- ","- ",,,"CONTRA COSTA",CONCORD,-122.00065612792969,37.946868896484375
8637343,2018,2018-06-19,0704,2018-05-31,1307,575,,4,5,6,0704,0,0,0,,0,005,"COWELL RD","COVENTRY RD",30.00,W,N,A,-,N,,,,,,,,,,N,3,0,1,2,A,-,08,22107,,N,D,C,A,A,H,-,A,D,0,,,,,Y,,A,01,0,1,0,0,0,0,0,0,0,"- ","- ",,,"CONTRA COSTA",CONCORD,-122.02342987060547,37.966110229492188
8637351,2018,2018-06-19,0704,2018-05-30,1643,555,,3,5,6,0704,0,0,0,,0,004,"CONCORD BL","2ND ST",60.00,W,N,A,G,N,,,,,,,,,,Y,3,0,1,1,A,-,08,22107,,N,E,I,A,A,H,-,A,A,0,,,,,Y,,D,22,0,1,0,0,0,0,0,0,0,"- ","- ",,,"CONTRA COSTA",CONCORD,-122.02732086181641,37.977386474609375
8637355,2018,2018-06-19,0704,2018-05-04,1512,587,,5,5,6,0704,0,0,0,,0,001,"MARKET ST","FRY WY",0.00,,Y,A,-,N,,,,,,,,,,N,4,0,1,2,A,-,03,22350,,N,C,C,A,A,H,-,A,D,0,,,,,Y,,I,09,0,0,1,0,0,0,0,0,0,"- ","- ",,,"CONTRA COSTA",CONCORD,-122.04364013671875,37.975318908691406
8637359,2018,2018-06-21,0704,2018-05-21,0720,533,,1,5,6,0704,0,0,0,,0,002,"CLAYTON RD","PINE ST",0.00,,Y,A,-,N,,,,,,,,,,Y,2,0,1,2,A,-,12,21453,A,N,D,C,A,A,H,-,A,A,0,,,Y,,Y,,C,02,1,0,0,0,0,0,0,0,1,"- ","- ",,,"CONTRA COSTA",CONCORD,-122.04502868652344,37.969928741455078