CASE_ID,ACCIDENT_YEAR,PROC_DATE,JURIS,COLLISION_DATE,COLLISION_TIME,OFFICER_ID,REPORTING_DISTRICT,DAY_OF_WEEK,CHP_SHIFT,POPULATION,CNTY_CITY_LOC,SPECIAL_COND,BEAT_TYPE,CHP_BEAT_TYPE,CITY_DIVISION_LAPD,CHP_BEAT_CLASS,BEAT_NUMBER,PRIMARY_RD,SECONDARY_RD,DISTANCE,DIRECTION,INTERSECTION,WEATHER_1,WEATHER_2,STATE_HWY_IND,CALTRANS_COUNTY,CALTRANS_DISTRICT,STATE_ROUTE,ROUTE_SUFFIX,POSTMILE_PREFIX,POSTMILE,LOCATION_TYPE,RAMP_INTERSECTION,SIDE_OF_HWY,TOW_AWAY,COLLISION_SEVERITY,NUMBER_KILLED,NUMBER_INJURED,PARTY_COUNT,PRIMARY_COLL_FACTOR,PCF_CODE_OF_VIOL,PCF_VIOL_CATEGORY,PCF_VIOLATION,PCF_VIOL_SUBSECTION,HIT_AND_RUN,TYPE_OF_COLLISION,MVIW,PED_ACTION,ROAD_SURFACE,ROAD_COND_1,ROAD_COND_2,LIGHTING,CONTROL_DEVICE,CHP_ROAD_TYPE,PEDESTRIAN_ACCIDENT,BICYCLE_ACCIDENT,MOTORCYCLE_ACCIDENT,TRUCK_ACCIDENT,NOT_PRIVATE_PROPERTY,ALCOHOL_INVOLVED,STWD_VEHTYPE_AT_FAULT,CHP_VEHTYPE_AT_FAULT,COUNT_SEVERE_INJ,COUNT_VISIBLE_INJ,COUNT_COMPLAINT_PAIN,COUNT_PED_KILLED,COUNT_PED_INJURED,COUNT_BICYCLIST_KILLED,COUNT_BICYCLIST_INJURED,COUNT_MC_KILLED,COUNT_MC_INJURED,PRIMARY_RAMP,SECONDARY_RAMP,LATITUDE,LONGITUDE,COUNTY,CITY,POINT_X,POINT_Y
8693215,2018,2018-10-23,0702,2018-07-15,2007,560J,127B,7,5,3,0702,0,0,0,,0,001,"JEFFERY WY","RT 4",0.00,,Y,A,-,Y,CC,4,4,-,R,33.284,R,4,W,Y,3,0,2,2,A,-,12,21453,A,N,D,C,A,A,H,-,A,A,0,,,,,Y,,A,01,0,2,0,0,0,0,0,0,0,"- ","- ",37.961540222167969,-121.74162292480469,"CONTRA COSTA",BRENTWOOD,-121.74435424804688,37.957309722900391
8693219,2018,2018-09-14,0702,2018-07-14,0535,594K,422B,6,5,3,0702,0,0,0,,0,004,"BALFOUR RD","WALNUT BL",0.00,,Y,A,-,N,,,,,,,,,,N,3,0,1,2,A,-,03,22350,,N,C,C,A,A,H,-,A,D,0,,,,,Y,Y,A,01,0,1,0,0,0,0,0,0,0,"- ","- ",37.925479888916016,-121.69624328613281,"CONTRA COSTA",BRENTWOOD,-121.69615173339844,37.925548553466797
8693223,2018,2018-09-14,0702,2018-07-25,1702,490M,123B,3,5,3,0702,0,0,0,,0,001,"GRANT ST","FAIRVIEW AV",38.00,N,N,A,-,N,,,,,,,,,,Y,3,0,3,2,A,-,08,22107,,N,A,C,A,A,H,-,A,A,0,,,,,Y,,A,07,0,3,0,0,0,0,0,0,0,"- ","- ",37.953861236572266,-121.72322845458984,"CONTRA COSTA",BRENTWOOD,-121.72315216064453,37.953884124755859
8693251,2018,2018-09-14,0700,2018-07-22,1757,OA032,,7,5,3,0734,0,0,0,,0,,"TEAKWOOD DR","FERNWOOD DR",0.00,,Y,A,-,N,,,,,,,,,,N,3,0,1,2,A,-,03,22350,,N,H,I,A,A,H,-,A,D,0,,,Y,,Y,,C,02,0,1,0,0,0,0,0,0,1,"- ","- ",,,"CONTRA COSTA",OAKLEY,-121.72640228271484,37.999279022216797
8693255,2018,2018-09-14,0701,2018-07-01,0919,5323,503,7,5,5,0701,0,0,0,,0,005,"BARMOUTH DR","MYRTLEWOOD CT",54.00,N,N,A,-,N,,,,,,,,,,Y,4,0,1,1,A,-,03,22350,,N,H,I,A,A,H,-,A,A,0,,,,,Y,,A,01,0,0,1,0,0,0,0,0,0,"- ","- ",,,"CONTRA COSTA",ANTIOCH,-121.78929138183594,37.988040924072266
8693287,2018,2018-09-18,0701,2018-05-29,1616,4308,401,2,5,5,0701,0,0,0,,0,004,"GENTRYTOWN DR","LOPEZ DR",120.00,N,N,A,-,N,,,,,,,,,,N,3,0,1,2,A,-,09,21801,A,N,B,C,A,A,H,-,A,D,0,,,Y,,Y,,A,01,0,1,0,0,0,0,0,0,1,"- ","- ",,,"CONTRA COSTA",ANTIOCH,-121.83817291259766,37.996871948242188
8693291,2018,2018-09-18,0701,2018-05-12,1550,4308,103,6,5,5,0701,0,0,0,,0,001,"W 7TH ST","J ST",0.00,,Y,A,-,N,,,,,,,,,,Y,3,0,2,2,A,-,03,22350,,F,D,E,A,A,H,-,A,D,0,,,,,Y,,A,01,0,2,0,0,0,0,0,0,0,"- ","- ",,,"CONTRA COSTA",ANTIOCH,-121.81716918945312,38.013320922851562
8694054,2018,2018-09-07,0701,2018-07-21,2252,4270,202,6,5,5,0701,0,0,0,,0,002,"F ST","W 10TH ST",0.00,,Y,A,-,N,,,,,,,,,,Y,4,0,3,2,A,-,09,21802,A,N,D,C,A,A,H,-,C,A,0,,,,,Y,,A,01,0,0,3,0,0,0,0,0,0,"- ","- ",,,"CONTRA COSTA",ANTIOCH,-121.81252288818359,38.011199951171875
8694732,2018,2018-09-27,0704,2018-08-05,2336,568,,7,5,6,0704,0,0,0,,0,005,"WILLOW PASS RD","ASHDALE DR",138.00,N,N,A,-,N,,,,,,,,,,Y,3,0,1,4,A,-,01,23152,A,N,C,E,A,A,H,-,C,A,0,,,,,Y,Y,D,22,0,1,0,0,0,0,0,0,0,"- ","- ",,,"CONTRA COSTA",CONCORD,-122.00678253173828,37.989063262939453
8694736,2018,2018-09-18,0704,2018-08-07,1012,0537,,2,5,6,0704,0,0,0,,0,002,"ELLIS ST","CLAYTON RD",499.00,S,N,A,-,N,,,,,,,,,,Y,4,0,2,2,A,-,05,21650,,N,A,C,A,A,H,-,A,D,0,,,,,Y,,A,01,0,0,2,0,0,0,0,0,0,"- ","- ",,,"CONTRA COSTA",CONCORD,-122.03849792480469,37.971332550048828
8694740,2018,2018-09-18,0704,2018-08-07,1508,556,,2,5,6,0704,0,0,0,,0,003,"TREAT BL","BLARNEY AV",0.00,,Y,A,-,N,,,,,,,,,,N,2,0,1,2,A,-,08,22107,,N,B,G,A,A,H,-,A,D,0,,Y,,,Y,,L,04,1,0,0,0,0,0,1,0,0,"- ","- ",,,"CONTRA COSTA",CONCORD,-122.0213623046875,37.941169738769531
8694795,2018,2018-09-18,0704,2018-08-08,1745,560,,3,5,6,0704,0,0,0,,0,005,"COWELL RD","RIDGE PARK DR",0.00,,Y,A,-,N,,,,,,,,,,N,4,0,1,3,A,-,03,22350,,N,C,C,A,A,H,-,A,D,0,,,,,Y,,A,07,0,0,1,0,0,0,0,0,0,"- ","- ",,,"CONTRA COSTA",CONCORD,-122.01982116699219,37.965099334716797
8694884,2018,2018-09-18,0704,2018-08-22,2008,440,,3,5,6,0704,0,0,0,,0,006,"YGNACIO VALLEY RD","COWELL RD",797.00,N,N,A,-,N,,,,,,,,,,Y,2,0,1,1,A,-,01,23152,A,N,A,J,A,A,H,-,C,A,0,,,,,Y,,A,01,1,0,0,0,0,0,0,0,0,"- ","- ",,,"CONTRA COSTA",CONCORD,-121.98960876464844,37.947643280029297
8694888,2018,2018-09-18,0704,2018-08-23,1044,361,,4,5,6,0704,0,0,0,,0,006,"OLIVE DR","LA CALLE",171.00,S,N,B,-,N,,,,,,,,,,Y,3,0,1,2,A,-,01,23152,A,N,B,E,A,A,H,-,A,A,0,,,,,Y,Y,A,07,0,1,0,0,0,0,0,0,0,"- ","- ",,,"CONTRA COSTA",CONCORD,-121.96128845214844,37.958625793457031
8694892,2018,2018-09-18,0704,2018-08-24,1338,0426,,5,5,6,0704,0,0,0,,0,003,"DETROIT AV","SHARY CIR N",77.00,E,N,A,-,N,,,,,,,,,,Y,2,0,1,2,A,-,09,21801,A,N,D,C,A,A,H,-,A,D,0,,,Y,,Y,,A,01,1,0,0,0,0,0,0,0,1,"- ","- ",37.956378936767578,-122.02995300292969,"CONTRA COSTA",CONCORD,-122.02986907958984,37.956218719482422
8694896,2018,2018-09-18,0704,2018-08-24,0131,0589,,5,5,6,0704,0,0,0,,0,005,"YGNACIO VALLEY RD","COWELL RD",2133.00,W,N,A,-,N,,,,,,,,,,Y,3,0,1,1,A,-,01,23152,,N,F,I,A,A,H,-,D,D,0,,,,,Y,Y,A,01,0,1,0,0,0,0,0,0,0,"- ","- ",,,"CONTRA COSTA",CONCORD,-121.99691009521484,37.942886352539062
8694900,2018,2018-09-18,0704,2018-08-23,1700,555,,4,5,6,0704,0,0,0,,0,001,"CONCORD AV","BISSO LN",130.00,E,N,A,-,N,,,,,,,,,,Y,4,0,1,4,A,-,07,21658,A,N,B,C,A,A,H,-,A,A,0,,,,,Y,,A,01,0,0,1,0,0,0,0,0,0,"- ","- ",,,"CONTRA COSTA",CONCORD,-122.04723358154297,37.979663848876953
8694904,2018,2018-09-18,0704,2018-08-21,0943,0537,,2,5,6,0704,0,0,0,,0,001,"SALVIO ST","MIRA VISTA TER",257.00,E,N,A,-,N,,,,,,,,,,Y,4,0,1,1,A,-,05,21650,,N,A,I,A,A,H,-,A,D,0,,,,,Y,,A,07,0,0,1,0,0,0,0,0,0,"- ","- ",,,"CONTRA COSTA",CONCORD,-122.03716278076172,37.976333618164062
8694908,2018,2018-09-18,0704,2018-08-20,0922,518,VALLE,1,5,6,0704,0,0,0,,0,006,"CLAYTON RD","TREAT BL",0.00,,Y,A,-,N,,,,,,,,,,Y,4,0,1,2,A,-,09,21453,C,N,-,C,A,A,H,-,A,A,0,,,,,Y,,A,08,0,0,1,0,0,0,0,0,0,"- ","- ",,,"CONTRA COSTA",CONCORD,-121.99276733398438,37.964771270751953
8694912,2018,2018-09-18,0704,2018-08-07,1845,560,,2,5,6,0704,0,0,0,,0,004,"COWELL RD","ALEMENDRA CT",0.00,,Y,A,-,N,,,,,,,,,,Y,3,0,2,2,A,-,03,22350,,N,C,C,A,A,H,-,A,D,0,,,Y,,Y,,C,02,0,1,1,0,0,0,0,0,2,"- ","- ",,,"CONTRA COSTA",CONCORD,-122.02940368652344,37.967811584472656
8694916,2018,2018-09-18,0704,2018-08-03,1736,567,,5,5,6,0704,0,0,0,,0,003,"MONUMENT BL","MOHR LN",54.00,E,N,A,-,N,,,,,,,,,,N,4,0,1,2,A,-,03,22350,,N,C,C,A,A,H,-,A,D,0,,,Y,,Y,,A,01,0,0,1,0,0,0,0,0,1,"- ","- ",,,"CONTRA COSTA",CONCORD,-122.05073547363281,37.948158264160156
8694920,2018,2018-09-19,0704,2018-08-17,1648,0360,,5,5,6,0704,0,0,0,,0,004,"PANORAMIC DR","PORT CHICAGO HWY",1045.00,S,N,A,-,N,,,,,,,,,,Y,4,0,2,2,A,-,09,21801,A,N,D,C,A,A,H,-,A,D,0,,,,,Y,,A,01,0,0,2,0,0,0,0,0,0,"- ","- ",,,"CONTRA COSTA",CONCORD,-122.02350616455078,38.001689910888672
8694924,2018,2018-10-18,0704,2018-08-17,1236,0426,,5,5,6,0704,0,0,0,,0,003,"TREAT BL","SUMMERWOOD PL",324.00,W,N,A,-,N,,,,,,,,,,Y,4,0,1,4,A,-,03,22350,,N,C,C,A,A,H,-,A,D,0,,,,,Y,,A,01,0,0,1,0,0,0,0,0,0,"- ","- ",37.939800262451172,-122.02320098876953,"CONTRA COSTA",CONCORD,-122.02320098876953,37.939918518066406
8694928,2018,2018-09-18,0704,2018-08-13,1359,0537,,1,5,6,0704,0,0,0,,0,001,"CONCORD BL","GALINDO ST",0.00,,Y,A,-,N,,,,,,,,,,Y,4,0,2,2,A,-,12,21453,A,N,D,C,A,A,A,-,A,A,0,,,,,Y,,A,07,0,0,2,0,0,0,0,0,0,"- ","- ",,,"CONTRA COSTA",CONCORD,-122.03447723388672,37.975139617919922
8694932,2018,2018-09-18,0704,2018-08-08,1356,555,,3,5,6,0704,0,0,0,,0,004,"GRANT ST","PARK ST",15.00,W,N,A,-,N,,,,,,,,,,N,3,0,1,2,A,-,10,21950,A,N,G,B,B,A,H,-,A,A,0,Y,,,,Y,,A,01,0,1,0,0,1,0,0,0,0,"- ","- ",,,"CONTRA COSTA",CONCORD,-122.03089141845703,37.974445343017578
8695028,2018,2018-09-18,0704,2018-08-12,1445,575,,7,5,6,0704,0,0,0,,0,001,"WINDSOR PL","COVENTRY RD",80.00,E,N,A,-,N,,,,,,,,,,N,3,0,1,2,A,-,11,21954,A,N,G,B,D,A,H,-,A,D,0,Y,,,,Y,,N,60,0,1,0,0,1,0,0,0,0,"- ","- ",,,"CONTRA COSTA",CONCORD,-122.02249145507812,37.967243194580078
8695040,2018,2018-09-18,0704,2018-08-17,1546,594,MTDIA,5,5,6,0704,0,0,0,,0,,"TREAT BL","MURIETTA CT",120.00,N,N,A,-,N,,,,,,,,,,,4,0,1,2,A,-,03,22350,,N,C,C,A,A,H,-,A,D,0,,,,,Y,,A,01,0,0,1,0,0,0,0,0,0,"- ","- ",,,"CONTRA COSTA",CONCORD,-122.00550079345703,37.950286865234375
8696052,2018,2018-11-02,0705,2018-07-26,1846,E212,0705,4,5,3,0705,0,0,0,,0,010,"RT 123","COLUMBIA AV",0.00,,Y,A,-,Y,CC,4,123,-,-,0.580,I,5,S,N,3,0,1,2,A,-,09,21802,A,N,D,G,A,A,H,-,A,A,0,,Y,,,Y,,A,01,0,1,0,0,0,0,1,0,0,"- ","- ",,,"CONTRA COSTA","EL CERRITO",-122.30515289306641,37.906021118164062
8696358,2018,2018-10-24,0704,2018-08-17,1400,533,,5,5,6,0704,0,0,0,,0,004,"PORT CHICAGO HWY","RT 4",0.00,,Y,A,-,Y,CC,4,4,-,R,15.644,R,4,W,Y,2,0,1,2,A,-,12,21453,A,N,D,C,A,A,H,-,A,A,0,,,,,Y,,D,22,1,0,0,0,0,0,0,0,0,"- ",WF,,,"CONTRA COSTA",CONCORD,-122.0191650390625,38.010459899902344
8696459,2018,2018-09-25,0740,2018-07-29,0659,SR088,SR72,7,5,4,0791,0,0,0,,0,"BEAT 5","BOLLINGER CANYON RD","BLUEHEART WY",236.00,S,N,A,-,N,,,,,,,,,,Y,3,0,1,1,A,-,01,23152,G,M,E,I,A,A,H,-,A,D,0,,,,,Y,Y,-,,0,1,0,0,0,0,0,0,0,"- ","- ",,,"CONTRA COSTA","SAN RAMON",-121.90823364257812,37.769443511962891
8696467,2018,2018-10-08,0704,2018-07-05,1021,0553,"MT DI",4,5,6,0704,0,0,0,,0,002,"MONUMENT BL","ERICKSON RD",241.00,N,N,A,-,N,,,,,,,,,,N,3,0,1,2,A,-,05,21650,,N,-,G,A,A,H,-,A,D,0,,Y,,,Y,,L,04,0,1,0,0,0,0,1,0,0,"- ","- ",,,"CONTRA COSTA",CONCORD,-122.03647613525391,37.958122253417969
8696664,2018,2019-01-22,0701,2018-08-08,1115,5324,206,3,5,5,0701,0,0,0,,0,002,"WILBUR AV","MINAKER DR",0.00,,Y,B,-,N,,,,,,,,,,Y,4,0,1,2,A,-,12,21453,A,N,D,C,A,A,H,-,A,A,0,,,,,Y,,A,01,0,0,1,0,0,0,0,0,0,"- ","- ",,,"CONTRA COSTA",ANTIOCH,-121.79167938232422,38.01226806640625
8696879,2018,2018-09-18,0704,2018-08-06,1723,585,,1,5,6,0704,0,0,0,,0,001,"FRY WY","WILLOW PASS RD",0.00,,Y,A,-,N,,,,,,,,,,Y,4,0,2,2,A,-,12,21453,A,N,D,C,A,A,H,-,A,A,0,,,,,Y,,A,07,0,0,2,0,0,0,0,0,0,"- ","- ",,,"CONTRA COSTA",CONCORD,-122.04138946533203,37.973129272460938
8697398,2018,2018-10-18,0708,2018-09-11,0800,341,046,2,5,5,0708,0,0,0,,0,001,"W 8TH ST","RAILROAD AV",8.00,W,N,A,-,N,,,,,,,,,,N,4,0,1,2,A,-,03,22350,,F,G,B,B,A,H,-,A,A,0,Y,,,,Y,,D,22,0,0,1,0,1,0,0,0,0,"- ","- ",,,"CONTRA COSTA",PITTSBURG,-121.88462829589844,38.029407501220703
8697402,2018,2018-10-18,0708,2018-09-18,0801,355,0708,2,5,5,0708,0,0,0,,0,005,"EAST LELAND RD","GLADSTONE DR",0.00,,Y,A,-,N,,,,,,,,,,Y,4,0,1,2,A,-,12,21453,A,N,D,C,A,A,H,-,A,A,0,,,,,Y,,A,01,0,0,1,0,0,0,0,0,0,"- ","- ",,,"CONTRA COSTA",PITTSBURG,-121.86602020263672,38.008419036865234
8697406,2018,2019-01-15,0708,2018-09-21,1524,355,0708,5,5,5,0708,0,0,0,,0,004,"RAILROAD AV","EL CAMINO DR",0.00,,Y,A,-,N,,,,,,,,,,Y,2,0,1,1,A,-,08,22107,,N,F,J,A,A,H,-,A,A,0,,,,Y,Y,,F,27,1,0,0,0,0,0,0,0,0,"- ","- ",,,"CONTRA COSTA",PITTSBURG,-121.89485168457031,38.002410888671875
8697410,2018,2018-10-18,0708,2018-09-22,1048,359,046,6,5,5,0708,0,0,0,,0,003,"WEST LELAND RD","MONTEVIDEO DR",0.00,,Y,A,-,N,,,,,,,,,,Y,4,0,1,2,A,-,03,22350,,N,D,C,A,A,H,-,A,A,0,,,,,Y,,A,01,0,0,1,0,0,0,0,0,0,"- ","- ",,,"CONTRA COSTA",PITTSBURG,-121.92076873779297,38.01422119140625
8697441,2018,2018-09-21,0740,2018-08-10,0245,060,72,5,5,4,0791,0,0,0,,0,005,"BOLLINGER CANYON RD","N CHANTERELLA DR",600.00,W,N,A,-,N,,,,,,,,,,Y,4,0,1,1,A,-,07,21658,A,N,E,I,A,A,H,-,C,D,0,,,,,Y,,A,01,0,0,1,0,0,0,0,0,0,"- ","- ",37.771919250488281,-121.93939208984375,"CONTRA COSTA","SAN RAMON",-121.94156646728516,37.772102355957031
8697505,2018,2018-09-21,0740,2018-08-30,1546,SR501,72,4,5,4,0791,0,0,0,,0,004,"PINE VALLEY RD","IRON HORSE TRL",0.00,,Y,A,-,N,,,,,,,,,,N,3,0,1,2,A,-,09,21804,A,N,D,-,A,A,H,-,A,A,0,,Y,,,Y,,L,04,0,1,0,0,0,0,1,0,0,"- ","- ",37.740688323974609,-121.93831634521484,"CONTRA COSTA","SAN RAMON",-121.938332,37.740709000000003
8697522,2018,2018-09-26,0701,2018-09-05,1656,5430,104,3,5,5,0701,0,0,0,,0,001,"W 10TH ST","L ST",0.00,,Y,A,-,N,,,,,,,,,,N,4,0,1,2,A,-,11,21950,B,N,G,B,B,A,H,-,A,A,0,Y,,,,Y,,A,01,0,0,1,0,1,0,0,0,0,"- ","- ",,,"CONTRA COSTA",ANTIOCH,-121.81967926025391,38.011188507080078
8697526,2018,2018-09-26,0701,2018-09-07,1539,5324,201,5,5,5,0701,0,0,0,,0,002,"W 6TH ST","C ST",0.00,,Y,A,-,N,,,,,,,,,,Y,4,0,1,2,A,-,09,21804,A,N,D,C,A,A,H,-,A,A,0,,,,,Y,,A,01,0,0,1,0,0,0,0,0,0,"- ","- ",,,"CONTRA COSTA",ANTIOCH,-121.80877685546875,38.014049530029297
8697675,2018,2018-09-25,0701,2018-08-06,1430,4265,304,1,5,5,0701,0,0,0,,0,003,"BUCHANAN RD","STAPLETON DR",15.00,E,N,A,-,N,,,,,,,,,,Y,4,0,1,2,A,-,12,22450,A,N,D,C,A,A,H,-,A,A,0,,,,,Y,,A,01,0,0,1,0,0,0,0,0,0,"- ","- ",,,"CONTRA COSTA",ANTIOCH,-121.84259033203125,37.998085021972656
8698668,2018,2018-09-21,0712,2018-08-31,1730,P594,WCPD,5,5,5,0712,0,0,0,,0,003,"TREAT BL",BANCROFT,100.00,W,N,A,-,N,,,,,,,,,,N,4,0,1,2,A,-,04,21703,,N,C,C,A,A,H,-,A,A,0,,,,,Y,,D,22,0,0,1,0,0,0,0,0,0,"- ","- ",,,"CONTRA COSTA","WALNUT CREEK",-122.04277038574219,37.928981781005859
8698739,2018,2018-09-19,0712,2018-08-27,1224,378,,1,5,5,0712,0,0,0,,0,003,"BANCROFT RD","TREAT BL",300.00,S,N,A,-,N,,,,,,,,,,Y,4,0,2,2,A,-,03,22350,,N,C,C,A,A,H,-,A,D,0,,,,,Y,,A,07,0,0,2,0,0,0,0,0,0,"- ","- ",,,"CONTRA COSTA","WALNUT CREEK",-122.04186248779297,37.928482055664062
8698743,2018,2018-09-19,0712,2018-08-31,0120,P545,,5,5,5,0712,0,0,0,,0,002,"CIVIC DR","MAIN ST",0.00,N,N,A,-,N,,,,,,,,,,Y,3,0,1,1,A,-,21,22106,,N,F,J,A,A,H,-,C,D,0,,,Y,,Y,,C,02,0,1,0,0,0,0,0,0,1,"- ","- ",,,"CONTRA COSTA","WALNUT CREEK",-122.06195831298828,37.901741027832031
8698830,2018,2018-09-19,0712,2018-09-03,1315,P459,,1,5,5,0712,0,0,0,,0,003,"NORTH CIVIC DR","N CIVIC DR 201",0.00,,Y,A,-,N,,,,,,,,,,Y,4,0,1,2,A,-,01,23152,A,N,E,E,A,A,H,-,A,D,0,,,,,Y,Y,A,07,0,0,1,0,0,0,0,0,0,"- ","- ",,,"CONTRA COSTA","WALNUT CREEK",-122.058599,37.908402000000002
8698985,2018,2018-09-26,0709,2018-08-21,1846,426,3090,2,5,4,0709,0,0,0,,0,001,"CONTRA COSTA BL","DORIS DR",18.00,N,N,B,-,N,,,,,,,,,,N,4,0,1,2,A,-,09,21801,A,N,D,C,A,A,H,-,A,D,0,,,,,Y,,-,,0,0,1,0,0,0,0,0,0,"- ","- ",,,"CONTRA COSTA","PLEASANT HILL",-122.06024169921875,37.953411102294922
8699094,2018,2018-09-27,0709,2018-09-03,1610,395,1040,1,5,4,0709,0,0,0,,0,002,"TAYLOR BL","PLEASANT HILL RD",58.00,E,N,A,-,N,,,,,,,,,,Y,3,0,1,1,A,-,03,22350,,N,E,I,A,A,H,-,A,D,0,,,,,Y,,-,,0,1,0,0,0,0,0,0,0,"- ","- ",,,"CONTRA COSTA","PLEASANT HILL",-122.08786010742188,37.954296112060547
8699102,2018,2018-09-27,0740,2018-09-01,1652,SR068,SR72,6,5,4,0791,0,0,0,,0,001,"WESTSIDE DR","SAN RAMON VALLEY BL",0.00,,Y,A,-,N,,,,,,,,,,Y,4,0,3,2,A,-,09,21802,A,N,D,C,A,A,H,-,A,D,0,,,,,Y,,A,08,0,0,3,0,0,0,0,0,0,"- ","- ",37.745151519775391,-121.956787109375,"CONTRA COSTA","SAN RAMON",-121.9569091796875,37.745090484619141
8699106,2018,2018-09-27,0740,2018-09-01,2201,SR053,SR72,6,5,4,0791,0,0,0,,0,006,"E BRANCH PKWY","E BRANCH PKWY 11611",901.00,E,N,A,-,N,,,,,,,,,,Y,3,0,2,1,A,-,01,23152,A,M,E,I,A,A,H,-,C,D,0,,,,,Y,Y,-,,0,1,1,0,0,0,0,0,0,"- ","- ",37.752250671386719,-121.90725708007812,"CONTRA COSTA","SAN RAMON",,
8699280,2018,2018-10-08,0702,2018-08-17,0800,500K,418B,5,5,3,0702,0,0,0,,0,004,"BALFOUR RD","ROSEGATE AV",541.00,E,N,A,-,N,,,,,,,,,,Y,4,0,1,2,A,-,04,21703,,N,C,C,A,A,H,-,A,D,0,,,,,Y,,D,82,0,0,1,0,0,0,0,0,0,"- ","- ",37.925479888916016,-121.70881652832031,"CONTRA COSTA",BRENTWOOD,-121.70695495605469,37.925510406494141
8699370,2018,2018-10-01,0712,2018-09-18,1523,386,,2,5,5,0712,0,0,0,,0,002,"N BROADWAY","CIVIC DR",260.00,S,N,A,-,N,,,,,,,,,,N,3,0,1,2,A,-,10,21952,,N,G,B,F,A,H,-,A,D,0,Y,,,,Y,,A,07,0,1,0,0,1,0,0,0,0,"- ","- ",,,"CONTRA COSTA","WALNUT CREEK",-122.06076812744141,37.901870727539062
8699374,2018,2018-10-01,0712,2018-09-07,1701,P550,,5,5,5,0712,0,0,0,,0,011,"OLYMPIC BL","ALPINE RD",0.00,,Y,A,-,N,,,,,,,,,,Y,4,0,1,4,A,-,08,22107,,N,A,C,A,A,H,-,A,D,0,,,,,Y,,A,01,0,0,1,0,0,0,0,0,0,"- ","- ",,,"CONTRA COSTA","WALNUT CREEK",-122.06571197509766,37.89501953125
8699418,2018,2018-10-08,0702,2018-08-31,2219,571B,121B,5,5,3,0702,0,0,0,,0,001,"SAN CARLO RD","SHADY WILLOW",0.00,,Y,A,-,N,,,,,,,,,,Y,4,0,1,2,A,-,03,22350,,N,C,C,A,A,H,-,C,A,0,,,,,Y,,-,,0,0,1,0,0,0,0,0,0,"- ","- ",37.943611145019531,-121.73404693603516,"CONTRA COSTA",BRENTWOOD,-121.73405200000001,37.943644999999997
8699423,2018,2018-10-02,0702,2018-07-26,1839,521M,416B,4,5,3,0702,0,0,0,,0,004,"FAIRVIEW AV","CONCORD AV",0.00,,Y,A,-,N,,,,,,,,,,N,2,0,1,2,A,-,12,21453,A,N,D,G,A,A,H,-,B,A,0,,Y,,,Y,,L,04,1,0,0,0,0,0,1,0,0,"- ","- ",37.907188415527344,-121.72357940673828,"CONTRA COSTA",BRENTWOOD,-121.72514343261719,37.905830383300781
8700018,2018,2019-01-22,0714,2018-08-08,1430,121,15,3,5,4,0714,0,0,0,,0,004,"MILANO WY","BRIDGEPORT DR",0.00,,Y,A,-,N,,,,,,,,,,Y,4,0,1,2,A,-,00,23103,,N,C,E,A,A,H,-,A,A,0,,,Y,,Y,,C,02,0,0,1,0,0,0,0,0,1,"- ","- ",37.996059417724609,-122.08747100830078,"CONTRA COSTA",MARTINEZ,-122.08744049072266,37.996059417724609
8700067,2018,2018-09-25,0714,2018-08-18,1255,159,02,6,5,4,0714,0,0,0,,0,001,"CASTRO ST","GREEN ST",0.00,,Y,A,-,N,,,,,,,,,,N,3,0,2,2,A,-,12,22450,,N,D,C,A,A,H,-,A,A,0,,,,,Y,,A,01,0,2,0,0,0,0,0,0,0,"- ","- ",38.015708923339844,-122.13639831542969,"CONTRA COSTA",MARTINEZ,-122.13636779785156,38.015689849853516
8700168,2018,2018-09-21,0712,2018-09-11,0839,378,,2,5,5,0712,0,0,0,,0,003,"YGNACIO VALLEY RD",BROADWAY,500.00,E,N,A,-,N,,,,,,,,,,Y,4,0,1,2,A,-,03,22350,,N,C,C,A,A,H,-,A,D,0,,,,,Y,,A,07,0,0,1,0,0,0,0,0,0,"- ","- ",,,"CONTRA COSTA","WALNUT CREEK",-122.05978393554688,37.906566619873047
8700199,2018,2018-09-24,0712,2018-08-18,0924,462,,6,5,5,0712,0,0,0,,0,,"NORTH BROADWAY","YGNACIO VALLEY RD",0.00,,Y,A,-,N,,,,,,,,,,N,4,0,1,2,A,-,10,21950,A,N,G,B,B,A,H,-,A,A,0,Y,,,,Y,,A,01,0,0,1,0,1,0,0,0,0,"- ","- ",,,"CONTRA COSTA","WALNUT CREEK",-122.06149291992188,37.906768798828125
8700216,2018,2018-10-09,0712,2018-09-05,1024,378,,3,5,5,0712,0,0,0,,0,002,"N MAIN ST","3RD AV",0.00,,Y,A,-,N,,,,,,,,,,N,4,0,1,2,A,-,08,22102,,N,D,C,A,A,H,-,A,D,0,,,,,Y,,A,01,0,0,1,0,0,0,0,0,0,"- ","- ",,,"CONTRA COSTA","WALNUT CREEK",-122.06494140625,37.919548034667969
8700220,2018,2018-09-21,0712,2018-09-10,0813,P459,,1,5,5,0712,0,0,0,,0,003,"BANCROFT RD","READY RD",0.00,,Y,A,-,N,,,,,,,,,,Y,4,0,3,3,A,-,03,22350,,N,C,C,A,A,H,-,A,D,0,,,,,Y,,A,01,0,0,3,0,0,0,0,0,0,"- ","- ",,,"CONTRA COSTA","WALNUT CREEK",-122.03875732421875,37.925239562988281
8700235,2018,2018-09-24,0712,2018-08-27,1658,386,,1,5,5,0712,0,0,0,,0,003,"YGNACIO VALLEY RD","SAN CARLOS DR",593.00,W,N,A,-,N,,,,,,,,,,Y,3,0,1,3,A,-,03,22350,,N,C,C,A,A,H,-,A,D,0,,,,,Y,,A,01,0,1,0,0,0,0,0,0,0,"- ","- ",,,"CONTRA COSTA","WALNUT CREEK",-122.04047393798828,37.916126251220703
8700239,2018,2018-09-24,0712,2018-08-29,0821,378,,3,5,5,0712,0,0,0,,0,003,"BANCROFT RD","COUNTRYWOOD CT",0.00,,Y,A,-,N,,,,,,,,,,Y,4,0,1,2,A,-,03,22350,,N,D,C,A,A,H,-,A,D,0,,,,,Y,,A,01,0,0,1,0,0,0,0,0,0,"- ","- ",,,"CONTRA COSTA","WALNUT CREEK",-122.04331970214844,37.930068969726562