CASE_ID,ACCIDENT_YEAR,PROC_DATE,JURIS,COLLISION_DATE,COLLISION_TIME,OFFICER_ID,REPORTING_DISTRICT,DAY_OF_WEEK,CHP_SHIFT,POPULATION,CNTY_CITY_LOC,SPECIAL_COND,BEAT_TYPE,CHP_BEAT_TYPE,CITY_DIVISION_LAPD,CHP_BEAT_CLASS,BEAT_NUMBER,PRIMARY_RD,SECONDARY_RD,DISTANCE,DIRECTION,INTERSECTION,WEATHER_1,WEATHER_2,STATE_HWY_IND,CALTRANS_COUNTY,CALTRANS_DISTRICT,STATE_ROUTE,ROUTE_SUFFIX,POSTMILE_PREFIX,POSTMILE,LOCATION_TYPE,RAMP_INTERSECTION,SIDE_OF_HWY,TOW_AWAY,COLLISION_SEVERITY,NUMBER_KILLED,NUMBER_INJURED,PARTY_COUNT,PRIMARY_COLL_FACTOR,PCF_CODE_OF_VIOL,PCF_VIOL_CATEGORY,PCF_VIOLATION,PCF_VIOL_SUBSECTION,HIT_AND_RUN,TYPE_OF_COLLISION,MVIW,PED_ACTION,ROAD_SURFACE,ROAD_COND_1,ROAD_COND_2,LIGHTING,CONTROL_DEVICE,CHP_ROAD_TYPE,PEDESTRIAN_ACCIDENT,BICYCLE_ACCIDENT,MOTORCYCLE_ACCIDENT,TRUCK_ACCIDENT,NOT_PRIVATE_PROPERTY,ALCOHOL_INVOLVED,STWD_VEHTYPE_AT_FAULT,CHP_VEHTYPE_AT_FAULT,COUNT_SEVERE_INJ,COUNT_VISIBLE_INJ,COUNT_COMPLAINT_PAIN,COUNT_PED_KILLED,COUNT_PED_INJURED,COUNT_BICYCLIST_KILLED,COUNT_BICYCLIST_INJURED,COUNT_MC_KILLED,COUNT_MC_INJURED,PRIMARY_RAMP,SECONDARY_RAMP,LATITUDE,LONGITUDE,COUNTY,CITY,POINT_X,POINT_Y
8842876,2018,2019-05-16,0710,2018-08-11,1709,1426,CENTR,6,5,5,0710,0,0,0,,0,004,"ROOSEVELT AV","22ND ST",30.00,W,N,A,-,N,,,,,,,,,,Y,2,0,3,5,A,-,03,22350,,N,C,C,A,A,H,-,A,A,0,,,,,Y,,A,01,1,0,2,0,0,0,0,0,0,"- ","- ",37.93994140625,-122.34880828857422,"CONTRA COSTA",RICHMOND,-122.34864044189453,37.939960479736328
8842880,2018,2019-05-16,0710,2018-07-29,1210,1745,NORTH,7,5,5,0710,0,0,0,,0,005,"NEVIN AV","21ST ST",0.00,,Y,A,-,N,,,,,,,,,,N,2,0,1,2,A,-,11,21950,B,F,G,B,E,A,-,-,A,D,0,Y,,,,Y,,N,60,1,0,0,0,1,0,0,0,0,"- ","- ",37.936710357666016,-122.34941101074219,"CONTRA COSTA",RICHMOND,-122.34954833984375,37.93682861328125
8842881,2018,2019-05-16,0710,2018-07-27,0800,1560,CENTR,5,5,5,0710,0,0,0,,0,006,"2ND ST","BISSELL AV",0.00,,Y,A,-,N,,,,,,,,,,N,4,0,1,3,A,-,03,22350,,N,D,C,A,A,H,-,A,A,0,,,,,Y,,A,01,0,0,1,0,0,0,0,0,0,"- ","- ",,,"CONTRA COSTA",RICHMOND,-122.36766052246094,37.934059143066406
8842885,2018,2019-05-20,0710,2018-07-16,1313,1476,SOUTH,1,5,5,0710,0,0,0,,0,003,RT80,"CUTTING BL",0.00,,Y,A,-,Y,CC,4,80,-,-,2.150,R,1,W,N,4,0,1,2,A,-,09,21804,,N,G,G,A,A,H,-,A,A,0,,Y,,,Y,,A,07,0,0,1,0,0,0,1,0,0,WF,"- ",,,"CONTRA COSTA",RICHMOND,-122.32191467285156,37.926578521728516
8842889,2018,2019-09-12,0710,2018-07-22,0543,1742,SOUTH,7,5,5,0710,0,0,0,,0,003,"RT 580","CENTRAL AV",0.00,,Y,A,-,Y,CC,4,580,-,-,0.086,R,2,W,N,2,0,1,2,A,-,08,22107,,F,G,B,E,A,H,-,A,D,0,Y,,,,Y,,-,99,1,0,0,0,1,0,0,0,0,"- ","- ",,,"CONTRA COSTA",RICHMOND,-122.31263732910156,37.898471832275391
8842893,2018,2019-05-20,0710,2018-08-31,1253,1380,NORTH,5,5,5,0710,0,0,0,,0,009,"HILLTOP DR",RT80,0.00,,Y,A,-,Y,CC,4,80,-,-,6.143,R,4,W,N,4,0,1,3,A,-,04,21703,,N,C,C,A,A,H,-,A,B,0,,,,,Y,,A,07,0,0,1,0,0,0,0,0,0,"- ","- ",,,"CONTRA COSTA",RICHMOND,-122.31768035888672,37.978450775146484
8842897,2018,2019-05-16,0710,2018-08-16,2025,1761,SOUTH,4,5,5,0710,0,0,0,,0,003,"49TH ST","CUTTING BL",0.00,,Y,A,-,N,,,,,,,,,,N,3,0,1,2,A,-,09,21804,A,F,D,G,A,A,H,-,B,A,0,,Y,,,Y,,L,04,0,1,0,0,0,0,1,0,0,"- ","- ",37.925621032714844,-122.32344055175781,"CONTRA COSTA",RICHMOND,-122.32357788085938,37.925548553466797
8842901,2018,2019-05-16,0710,2018-10-14,0205,1605,SOUTH,7,5,5,0710,0,0,0,,0,001,"E STANDARD AV","CASTRO ST",0.00,,Y,A,-,N,,,,,,,,,,Y,4,0,1,1,A,-,03,22350,,N,E,I,A,A,H,-,C,A,0,,,,,Y,,A,07,0,0,1,0,0,0,0,0,0,"- ","- ",37.928890228271484,-122.38671112060547,"CONTRA COSTA",RICHMOND,,
8842905,2018,2019-05-16,0710,2018-10-18,2236,1426,NORTH,4,5,5,0710,0,0,0,,0,008,"RICHMOND PKWY","SAN PABLO AV",0.00,,Y,A,-,N,,,,,,,,,,Y,4,0,2,2,A,-,12,21453,,N,A,C,A,A,H,-,C,A,0,,,,,Y,,A,01,0,0,2,0,0,0,0,0,0,"- ","- ",,,"CONTRA COSTA",RICHMOND,-122.33290863037109,37.990760803222656
8842909,2018,2019-05-09,0710,2018-10-18,2212,1494,NORTH,4,5,5,0710,0,0,0,,0,008,"SAN PABLO AV","STANTON AV",450.00,N,N,A,-,N,,,,,,,,,,Y,4,0,1,1,A,-,05,21650,,N,F,A,A,A,H,-,C,D,0,,,,,Y,,A,01,0,0,1,0,0,0,0,0,0,"- ","- ",,,"CONTRA COSTA",RICHMOND,-122.33804321289062,37.981922149658203
8843029,2019,2019-05-01,0701,2019-03-19,1525,4265,202,2,5,5,0701,0,0,0,,0,002,"A ST","W 17TH ST",0.00,,Y,A,-,N,,,,,,,,,,Y,4,0,1,2,A,-,09,21802,A,N,D,C,A,A,H,-,A,A,0,,,Y,,Y,,A,01,0,0,1,0,0,0,0,0,1,"- ","- ",,,"CONTRA COSTA",ANTIOCH,-121.8060302734375,38.005661010742188
8843122,2018,2019-05-03,0701,2018-11-18,1131,5436,204,7,5,5,0701,0,0,0,,0,002,"CAVALLO RD","E 18TH ST",48.00,N,N,A,-,N,,,,,,,,,,N,2,0,1,1,A,-,03,22350,,N,H,A,A,A,H,-,A,A,0,,,Y,,Y,,C,03,1,0,0,0,0,0,0,0,1,"- ","- ",,,"CONTRA COSTA",ANTIOCH,-121.79673004150391,38.005031585693359
8843162,2018,2019-05-03,0701,2018-12-26,1731,5335,202,3,5,5,0701,0,0,0,,0,002,"W 18TH ST","C ST",18.00,N,N,A,-,N,,,,,,,,,,Y,4,0,1,2,A,-,12,21453,A,N,D,C,A,A,H,-,C,D,0,,,,,Y,,A,01,0,0,1,0,0,0,0,0,0,"- ","- ",,,"CONTRA COSTA",ANTIOCH,-121.80880737304688,38.004890441894531
8843163,2018,2019-05-03,0701,2018-12-07,1753,5335,303,5,5,5,0701,0,0,0,,0,003,"DELTA FAIR BL","SOMERSVILLE RD",48.00,E,N,A,-,N,,,,,,,,,,N,4,0,1,3,A,-,03,22350,,N,C,C,A,A,H,-,C,A,0,,,,,Y,,-,"- ",0,0,1,0,0,0,0,0,0,"- ","- ",,,"CONTRA COSTA",ANTIOCH,-121.83910369873047,38.002140045166016
8843224,2018,2019-05-08,0710,2018-09-02,2215,1692,NORTH,7,5,5,0710,0,0,0,,0,007,"37TH ST","NEVIN AV",0.00,,Y,A,-,N,,,,,,,,,,Y,4,0,1,2,A,-,09,21802,A,N,D,C,A,A,H,-,C,A,0,,,,,Y,,A,01,0,0,1,0,0,0,0,0,0,"- ","- ",37.935001373291016,-122.33373260498047,"CONTRA COSTA",RICHMOND,-122.33396911621094,37.934970855712891
8843228,2018,2019-05-25,0710,2018-09-04,1505,1745,SOUTH,2,5,5,0710,0,0,0,,0,003,"S 57TH",ALAMEDA,0.00,,Y,A,-,N,,,,,,,,,,Y,4,0,3,2,A,-,09,21800,A,N,D,D,A,A,H,-,A,D,0,,,,,Y,,-,"- ",0,0,3,0,0,0,0,0,0,"- ","- ",,,"CONTRA COSTA",RICHMOND,-122.3153076171875,37.916328430175781
8843232,2018,2019-05-08,0710,2018-09-07,1620,1745,CENTR,5,5,5,0710,0,0,0,,0,004,"15TH ST","RHEEM AV",0.00,,Y,A,-,N,,,,,,,,,,Y,4,0,1,2,A,-,09,21802,A,N,D,C,A,A,H,-,A,A,0,,,,,Y,,A,01,0,0,1,0,0,0,0,0,0,"- ","- ",37.949661254882812,-122.3555908203125,"CONTRA COSTA",RICHMOND,-122.35552978515625,37.949581146240234
8843240,2018,2019-05-08,0710,2018-09-04,0800,1706,,2,5,5,0710,0,0,0,,0,,"RICHMOND PKWY","GOODRICK AV",2100.00,E,N,A,-,N,,,,,,,,,,Y,4,0,1,3,A,-,03,22350,,N,C,C,A,A,H,-,A,D,0,,,,,Y,,A,07,0,0,1,0,0,0,0,0,0,"- ","- ",,,"CONTRA COSTA",RICHMOND,-122.35881805419922,37.976673126220703
8843401,2018,2019-05-14,0710,2018-09-29,0248,1274,CENTR,6,5,5,0710,0,0,0,,0,004,"MACDONALD AV","22ND ST",0.00,,Y,B,-,N,,,,,,,,,,Y,4,0,1,2,A,-,12,21453,A,N,D,C,A,A,H,-,C,A,0,,,,,Y,,A,01,0,0,1,0,0,0,0,0,0,"- ","- ",37.935550689697266,-122.34845733642578,"CONTRA COSTA",RICHMOND,-122.34857940673828,37.935741424560547
8843402,2018,2019-05-14,0710,2018-09-18,0341,1495,,2,5,5,0710,0,0,0,,0,,"RHEEM AV","29TH ST",0.00,,Y,A,-,N,,,,,,,,,,N,2,0,1,2,A,-,08,22107,,F,G,B,D,A,H,-,C,A,0,Y,,,,Y,Y,-,99,1,0,0,0,1,0,0,0,0,"- ","- ",,,"CONTRA COSTA",RICHMOND,-122.33879852294922,37.949848175048828
8843403,2018,2019-05-14,0710,2018-09-13,1640,1714,SOUTH,4,5,5,0710,0,0,0,,0,002,"MARINA WY S","CUTTING BL",100.00,N,N,A,-,N,,,,,,,,,,N,3,0,1,2,A,-,08,22107,,F,G,B,E,A,H,-,A,D,0,Y,,,,Y,Y,A,01,0,1,0,0,1,0,0,0,0,"- ","- ",37.925151824951172,-122.35601806640625,"CONTRA COSTA",RICHMOND,-122.35587310791016,37.92547607421875
8843404,2018,2019-05-14,0710,2018-09-10,0801,1729,SOUTH,1,5,5,0710,0,0,0,,0,003,"CUTTING BL","S 45TH ST",0.00,,Y,A,-,N,,,,,,,,,,N,4,0,1,2,A,-,12,21453,A,N,D,C,A,A,H,-,A,A,0,,,,,Y,Y,A,01,0,0,1,0,0,0,0,0,0,"- ","- ",,,"CONTRA COSTA",RICHMOND,-122.32715606689453,37.925571441650391
8843405,2018,2019-05-14,0710,2018-09-25,1734,1586,SOUTH,2,5,5,0710,0,0,0,,0,003,"S 35TH ST","FLORIDA AV",0.00,,Y,A,-,N,,,,,,,,,,Y,4,0,1,3,A,-,01,23152,B,N,D,C,A,A,H,-,A,A,0,,,,,Y,Y,A,01,0,0,1,0,0,0,0,0,0,"- ","- ",,,"CONTRA COSTA",RICHMOND,-122.33666229248047,37.929450988769531
8843406,2018,2019-05-14,0710,2018-09-20,1241,1476,SOUTH,4,5,5,0710,0,0,0,,0,003,"CARLSON BL","CARL AV",391.00,N,N,A,-,N,,,,,,,,,,Y,3,0,1,2,A,-,05,21650,,N,B,E,A,A,H,-,A,D,0,,,,,Y,,A,01,0,1,0,0,0,0,0,0,0,"- ","- ",37.912590026855469,-122.32048797607422,"CONTRA COSTA",RICHMOND,-122.32144165039062,37.913093566894531
8843407,2018,2019-05-14,0710,2018-09-15,0650,1380,NORTH,6,5,5,0710,0,0,0,,0,007,"23RD ST","MACDONALD AV",0.00,,Y,A,-,N,,,,,,,,,,Y,4,0,1,3,A,-,03,22350,,N,C,C,A,A,H,-,A,A,0,,,,,Y,,A,07,0,0,1,0,0,0,0,0,0,"- ","- ",,,"CONTRA COSTA",RICHMOND,-122.34754943847656,37.93572998046875
8843408,2018,2019-05-14,0710,2018-09-11,1245,1662,SOUTH,2,5,5,0710,0,0,0,,0,003,"BAYVIEW AV","HARTNETT AV",0.00,,Y,A,-,N,,,,,,,,,,Y,3,0,3,2,A,-,09,21801,A,N,A,C,A,A,H,-,A,D,0,,,Y,,Y,,A,01,0,2,1,0,0,0,0,0,0,"- ","- ",37.915088653564453,-122.32319641113281,"CONTRA COSTA",RICHMOND,-122.32308959960938,37.914951324462891
8843409,2018,2019-05-14,0710,2018-09-11,1731,1537,NORTH,2,5,5,0710,0,0,0,,0,007,"23RD ST","WENDELL AV",0.00,,Y,A,-,N,,,,,,,,,,N,4,0,1,2,A,-,08,22107,,N,H,G,A,A,H,-,A,A,0,,Y,,,Y,,A,01,0,0,1,0,0,0,1,0,0,"- ","- ",37.945541381835938,-122.34761810302734,"CONTRA COSTA",RICHMOND,-122.34748077392578,37.945579528808594
8843410,2018,2019-05-14,0710,2018-09-22,2203,1692,NORTH,6,5,5,0710,0,0,0,,0,007,"23RD ST","MACDONALD AV",0.00,,Y,B,-,N,,,,,,,,,,N,4,0,2,3,A,-,10,21950,A,F,G,B,B,A,H,-,C,A,0,Y,,,,Y,,A,01,0,0,2,0,2,0,0,0,0,"- ","- ",37.935531616210938,-122.34742736816406,"CONTRA COSTA",RICHMOND,-122.34754943847656,37.93572998046875
8843411,2018,2019-05-14,0710,2018-09-13,1804,1709,NORTH,4,5,5,0710,0,0,0,,0,008,"MOYERS RD","PARKER RD",0.00,,Y,A,-,N,,,,,,,,,,N,4,0,1,2,A,-,12,22450,,N,D,G,A,A,H,-,A,A,0,,Y,,,Y,,L,04,0,0,1,0,0,0,1,0,0,"- ","- ",37.969379425048828,-122.32640075683594,"CONTRA COSTA",RICHMOND,-122.32655334472656,37.969459533691406
8843412,2018,2019-05-14,0710,2018-09-08,1818,1380,NORTH,6,5,5,0710,0,0,0,,0,007,"BARRETT AV","37TH ST",0.00,,Y,B,-,N,,,,,,,,,,Y,3,0,3,2,A,-,01,23152,A,N,D,C,A,A,H,-,A,A,0,,,,,Y,Y,A,01,0,2,1,0,0,0,0,0,0,"- ","- ",,,"CONTRA COSTA",RICHMOND,-122.3336181640625,37.936550140380859
8843413,2018,2019-05-14,0710,2018-09-13,1550,1586,NORTH,4,5,5,0710,0,0,0,,0,003,"CARLSON BL","POTRERO AV",0.00,,Y,A,-,N,,,,,,,,,,Y,4,0,1,2,A,-,09,21802,A,N,D,C,A,-,H,-,A,A,0,,,,,Y,,A,01,0,0,1,0,0,0,0,0,0,"- ","- ",37.921440124511719,-122.33297729492188,"CONTRA COSTA",RICHMOND,-122.33297729492188,37.921379089355469
8843414,2018,2019-05-14,0710,2018-09-25,1855,1343,SOUTH,2,5,5,0710,0,0,0,,0,001,"MARINA BAY PKWY","REGATTA BL",0.00,,Y,A,-,N,,,,,,,,,,Y,4,0,1,2,A,-,12,21453,,N,D,C,A,A,H,-,B,A,0,,,,,Y,,A,01,0,0,1,0,0,0,0,0,0,"- ","- ",37.916110992431641,-122.34485626220703,"CONTRA COSTA",RICHMOND,-122.34470367431641,37.916049957275391
8843415,2018,2019-05-14,0710,2018-09-22,1145,1760,CENTR,6,5,5,0710,0,0,0,,0,004,"22ND ST","BISSELL AV",0.00,,Y,A,-,N,,,,,,,,,,Y,4,0,1,2,A,-,08,22107,,N,B,C,A,A,H,-,A,A,0,,,,,Y,,A,01,0,0,1,0,0,0,0,0,0,"- ","- ",37.9339599609375,-122.34848785400391,"CONTRA COSTA",RICHMOND,-122.34855651855469,37.934101104736328
8843416,2018,2019-05-14,0710,2018-09-09,1130,1737,SOUTH,7,5,5,0710,0,0,0,,0,002,"S 20TH ST","MAINE AV",0.00,,Y,A,-,N,,,,,,,,,,N,4,0,2,2,A,-,12,22450,A,N,D,C,A,A,H,-,A,D,0,,,,,Y,,A,01,0,0,2,0,0,0,0,0,0,"- ","- ",,,"CONTRA COSTA",RICHMOND,-122.35037231445312,37.927989959716797
8843417,2018,2019-05-14,0710,2018-09-12,0757,1380,SOUTH,3,5,5,0710,0,0,0,,0,001,"MEEKER AV","MARINA BAY PKWY",872.00,W,N,A,-,N,,,,,,,,,,N,3,0,1,2,A,-,09,21804,,N,D,C,A,A,H,-,A,D,0,,,,,Y,,A,01,0,1,0,0,0,0,0,0,0,"- ","- ",,,"CONTRA COSTA",RICHMOND,-122.3497314453125,37.919750213623047
8843418,2018,2019-05-14,0710,2018-09-27,1700,1758,,4,5,5,0710,0,0,0,,0,,"SAN PABLO AV","GREEN ST",0.00,,Y,A,-,N,,,,,,,,,,Y,3,0,1,2,A,-,11,21954,A,N,G,B,D,A,H,-,A,A,0,Y,,,,Y,,N,60,0,1,0,0,1,0,0,0,0,"- ","- ",,,"CONTRA COSTA",RICHMOND,,
8843419,2018,2019-06-24,0710,2018-09-22,1602,1693,SOUTH,6,5,5,0710,0,0,0,,0,003,"CARLSON BL",RT80,0.00,,Y,A,-,Y,CC,4,80,-,-,1.125,R,4,E,Y,4,0,1,1,A,-,08,22107,,N,E,I,A,A,H,-,A,A,0,,,,,Y,,A,01,0,0,1,0,0,0,0,0,0,"- ","- ",,,"CONTRA COSTA",RICHMOND,-122.31732940673828,37.912586212158203
8843420,2018,2019-05-14,0710,2018-09-29,2030,1717,CENTR,6,5,5,0710,0,0,0,,0,006,"MACDONALD AV","16TH ST",0.00,,Y,A,-,N,,,,,,,,,,N,2,0,1,2,A,-,03,22350,,F,G,B,-,A,H,-,C,A,0,Y,,,,Y,,A,01,1,0,0,0,1,0,0,0,0,"- ","- ",37.935630798339844,-122.35411834716797,"CONTRA COSTA",RICHMOND,-122.35423278808594,37.935710906982422
8843442,2018,2019-05-08,0710,2018-07-23,0929,1643,CENTR,1,5,5,0710,0,0,0,,0,006,"20TH ST","ESPEE AV",0.00,,Y,A,-,N,,,,,,,,,,N,4,0,1,2,A,-,03,22350,,N,B,I,A,A,H,-,A,A,0,,,,,Y,,A,01,0,0,1,0,0,0,0,0,0,"- ","- ",37.933498382568359,-122.35035705566406,"CONTRA COSTA",RICHMOND,-122.35041046142578,37.933670043945312
8843443,2018,2019-05-08,0710,2018-07-13,1112,1476,SOUTH,5,5,5,0710,0,0,0,,0,003,"SAN JOAQUIN ST","CENTRAL AV",0.00,,N,A,-,N,,,,,,,,,,Y,4,0,1,2,A,-,09,21801,A,N,A,C,A,A,H,-,A,A,0,,,,,Y,,A,01,0,0,1,0,0,0,0,0,0,"- ","- ",37.900810241699219,-122.31157684326172,"CONTRA COSTA",RICHMOND,-122.31153106689453,37.900711059570312
8843444,2018,2019-05-08,0710,2018-07-19,0545,1749,SOUTH,4,5,5,0710,0,0,0,,0,002,"MARINA WY SOUTH","OHIO AV",159.00,S,N,A,-,N,,,,,,,,,,N,3,0,1,2,A,-,07,21658,A,N,C,E,A,A,H,-,B,D,0,,,,,Y,,A,01,0,1,0,0,0,0,0,0,0,"- ","- ",,,"CONTRA COSTA",RICHMOND,-122.35591888427734,37.930324554443359
8843446,2018,2019-05-08,0710,2018-07-22,0805,1745,NORTH,7,5,5,0710,0,0,0,,0,007,"BARRETT AV","27TH ST",0.00,,Y,A,-,N,,,,,,,,,,Y,3,0,1,3,A,-,12,21453,A,N,B,C,A,A,H,-,A,A,0,,,,,Y,,A,01,0,1,0,0,0,0,0,0,0,"- ","- ",37.937900543212891,-122.34197998046875,"CONTRA COSTA",RICHMOND,-122.34229278564453,37.937751770019531
8843447,2018,2019-05-08,0710,2018-07-11,1817,1733,CENTR,3,5,5,0710,0,0,0,,0,004,"NEVIN AV","23RD ST",37.00,E,N,A,-,N,,,,,,,,,,N,4,0,1,2,A,-,10,21952,,N,H,G,A,A,H,-,A,D,0,,Y,,,Y,,A,01,0,0,1,0,0,0,1,0,0,"- ","- ",,,"CONTRA COSTA",RICHMOND,-122.34741973876953,37.936843872070312
8843448,2018,2019-05-08,0710,2018-07-18,1649,1624,CENTR,3,5,5,0710,0,0,0,,0,005,"7TH ST","HENSLEY ST",0.00,,Y,A,-,N,,,,,,,,,,Y,4,0,1,2,A,-,03,22350,,N,D,C,A,A,H,-,A,A,0,,,,,Y,,A,01,0,0,1,0,0,0,0,0,0,"- ","- ",37.94805908203125,-122.36443328857422,"CONTRA COSTA",RICHMOND,-122.36424255371094,37.948169708251953
8843450,2018,2019-05-08,0710,2018-07-26,0752,1744,SOUTH,4,5,5,0710,0,0,0,,0,001,"CASTRO ST","REDWOOD WY",0.00,,Y,A,-,N,,,,,,,,,,Y,4,0,1,2,A,-,12,21453,A,N,B,C,A,A,H,-,A,A,0,,,,,Y,,A,01,0,0,1,0,0,0,0,0,0,"- ","- ",,,"CONTRA COSTA",RICHMOND,-122.38494110107422,37.930278778076172
8843451,2018,2019-05-08,0710,2018-07-11,0658,1687,CENTR,3,5,5,0710,0,0,0,,0,004,"PORTOLA AV","PENNSYLVANIA AV",308.00,S,N,B,-,N,,,,,,,,,,Y,3,0,3,2,A,-,06,21751,,N,A,C,A,A,H,-,A,D,0,,,,,Y,,A,01,0,1,2,0,0,0,0,0,0,"- ","- ",,,"CONTRA COSTA",RICHMOND,-122.35624694824219,37.941287994384766
8843452,2018,2019-05-20,0710,2018-07-17,0922,1687,,2,5,5,0710,0,0,0,,0,,"CARLSON BL",RT80,0.00,,Y,B,-,Y,CC,4,80,-,-,1.187,R,4,W,N,4,0,2,3,A,-,12,21453,A,N,D,C,A,A,H,-,A,A,0,,,,,Y,,A,01,0,0,2,0,0,0,0,0,0,"- ",WF,,,"CONTRA COSTA",RICHMOND,-122.31752014160156,37.913578033447266
8843454,2018,2019-05-08,0710,2018-07-27,0642,1486,CENTR,5,5,5,0710,0,0,0,,0,004,"20TH ST","BARRETT AV",0.00,,Y,B,-,N,,,,,,,,,,N,4,0,1,2,A,-,10,21950,A,F,G,B,B,A,H,-,A,D,0,Y,,,,Y,,-,99,0,0,1,0,1,0,0,0,0,"- ","- ",37.938320159912109,-122.35034942626953,"CONTRA COSTA",RICHMOND,-122.35054779052734,37.938461303710938
8843455,2018,2019-05-08,0710,2018-07-10,1212,1744,SOUTH,2,5,5,0710,0,0,0,,0,003,"CARLSON BL","OHIO AV",0.00,,Y,A,-,N,,,,,,,,,,N,4,0,1,2,A,-,12,22450,A,F,G,G,A,A,H,-,A,A,0,,Y,,,Y,,A,01,0,0,1,0,0,0,1,0,0,"- ","- ",37.931098937988281,-122.34568023681641,"CONTRA COSTA",RICHMOND,-122.34586334228516,37.930900573730469
8843456,2018,2019-05-08,0710,2018-07-16,0801,1380,,1,5,5,0710,0,0,0,,0,,"MARINA BAY PKWY","MEEKER AV",0.00,,Y,A,B,N,,,,,,,,,,N,2,0,1,2,A,-,09,21801,A,N,A,C,A,A,H,-,A,A,0,,,Y,,Y,,C,02,1,0,0,0,0,0,0,0,1,"- ","- ",37.920009613037109,-122.34687805175781,"CONTRA COSTA",RICHMOND,-122.34671020507812,37.919750213623047
8843458,2018,2019-05-08,0710,2018-07-29,0939,1659,SOUTH,7,5,5,0710,0,0,0,,0,003,"CARLSON BL","S 55TH ST",0.00,,Y,A,-,N,,,,,,,,,,Y,4,0,1,2,A,-,09,21801,A,N,A,C,A,A,H,-,A,A,0,,,,,Y,,A,01,0,0,1,0,0,0,0,0,0,"- ","- ",,,"CONTRA COSTA",RICHMOND,-122.31864166259766,37.911628723144531
8843459,2018,2019-05-08,0710,2018-07-10,1145,1744,SOUTH,2,5,5,0710,0,0,0,,0,003,"CARLSON BL","TEHAMA AV",38.00,S,N,A,-,N,,,,,,,,,,Y,4,0,1,2,A,-,04,21703,,N,C,C,A,A,H,-,A,D,0,,,,,Y,,A,01,0,0,1,0,0,0,0,0,0,"- ","- ",37.910259246826172,-122.31620788574219,"CONTRA COSTA",RICHMOND,-122.31586456298828,37.91021728515625
8843460,2018,2019-05-08,0710,2018-07-14,1540,1717,CENTR,6,5,5,0710,0,0,0,,0,004,"PENNSYLVANIA AV","16TH ST",85.00,W,N,A,-,N,,,,,,,,,,N,3,0,1,2,A,-,11,21950,B,N,G,B,D,A,H,-,A,A,0,Y,,,,Y,,N,60,0,1,0,0,1,0,0,0,0,"- ","- ",37.942161560058594,-122.35466766357422,"CONTRA COSTA",RICHMOND,-122.35495758056641,37.942081451416016
8843489,2019,2019-05-09,0701,2019-01-04,2317,5730,610,5,5,5,0701,0,0,0,,0,006,"INDIAN HILL DR","WILLIAMSON RANCH DR",0.00,,Y,A,-,N,,,,,,,,,,Y,4,0,2,1,A,-,03,22350,,N,-,I,A,A,H,-,C,D,0,,,Y,,Y,,C,02,0,0,2,0,0,0,0,0,2,"- ","- ",,,"CONTRA COSTA",ANTIOCH,-121.76373291015625,37.960590362548828
8843671,2018,2019-05-11,0701,2018-10-27,1106,5898,610,6,5,5,0701,0,0,0,,0,006,"PREWETT RANCH DR","DEER VALLEY RD",0.00,,Y,A,-,N,,,,,,,,,,Y,4,0,1,2,A,-,12,21453,,N,D,C,A,A,H,-,A,A,0,,,,,Y,,A,01,0,0,1,0,0,0,0,0,0,"- ","- ",,,"CONTRA COSTA",ANTIOCH,-121.77800750732422,37.957599639892578
8843759,2018,2019-05-09,0710,2018-08-29,1620,1711,NORTH,3,5,5,0710,0,0,0,,0,008,"RICHMOND PKWY","BLYTHE DR",383.00,W,N,A,-,N,,,,,,,,,,Y,4,0,3,4,A,-,01,23152,A,N,C,C,A,A,H,-,A,D,0,,,,,Y,Y,A,01,0,0,3,0,0,0,0,0,0,"- ","- ",,,"CONTRA COSTA",RICHMOND,,
8844241,2019,2019-06-11,0705,2019-03-06,1810,E212,PATRO,3,5,3,0705,0,0,0,,0,011,"SAN PABLO AV","MADISON AV",21.00,N,N,B,-,Y,CC,4,123,-,-,1.540,I,5,N,N,4,0,1,2,A,-,09,21802,A,N,D,G,A,B,H,-,C,A,0,,Y,,,Y,,L,04,0,0,1,0,0,0,1,0,0,"- ","- ",,,"CONTRA COSTA","EL CERRITO",-122.31327056884766,37.918037414550781
8844648,2019,2019-04-30,0714,2019-03-04,1408,130,18-4,1,5,4,0714,0,0,0,,0,004,"VINE HILL WY","MUIR RD",0.00,,Y,A,-,N,,,,,,,,,,N,3,0,1,1,A,-,08,22107,,N,G,B,A,A,H,-,A,D,0,,,,,Y,,D,82,0,1,0,0,0,0,0,0,0,"- ","- ",37.990230560302734,-122.09681701660156,"CONTRA COSTA",MARTINEZ,-122.09683227539062,37.990219116210938
8845016,2019,2019-04-26,0714,2019-03-04,1538,144,"13 4",1,5,4,0714,0,0,0,,0,004,"MORELLO AV","MORELLO PARK DR",0.00,,Y,A,-,N,,,,,,,,,,N,4,0,1,1,A,-,08,22107,,N,E,I,A,A,H,-,A,D,0,,,,,Y,,A,01,0,0,1,0,0,0,0,0,0,"- ","- ",38.001861572265625,-122.10185241699219,"CONTRA COSTA",MARTINEZ,-122.10179138183594,38.000579833984375
8845020,2019,2019-04-26,0714,2019-03-12,1541,144,02,2,5,4,0714,0,0,0,,0,001,"CASTRO ST","GREEN ST",0.00,,Y,A,-,N,,,,,,,,,,N,4,0,1,2,A,-,12,22450,,N,D,C,A,A,H,-,A,A,0,,,,,Y,,A,01,0,0,1,0,0,0,0,0,0,"- ","- ",38.015720367431641,-122.13639831542969,"CONTRA COSTA",MARTINEZ,-122.13636779785156,38.015689849853516
8845024,2019,2019-04-26,0714,2019-03-31,0000,155,"18 4",7,5,4,0714,0,0,0,,0,004,"MUIR RD","ELDERWOOD DR",100.00,W,N,A,-,N,,,,,,,,,,Y,3,0,1,1,B,-,22,,,N,E,I,A,A,H,-,A,D,0,,,,,Y,Y,A,01,0,1,0,0,0,0,0,0,0,"- ","- ",37.990119934082031,-122.09475708007812,"CONTRA COSTA",MARTINEZ,-122.09511566162109,37.990104675292969