CASE_ID,ACCIDENT_YEAR,PROC_DATE,JURIS,COLLISION_DATE,COLLISION_TIME,OFFICER_ID,REPORTING_DISTRICT,DAY_OF_WEEK,CHP_SHIFT,POPULATION,CNTY_CITY_LOC,SPECIAL_COND,BEAT_TYPE,CHP_BEAT_TYPE,CITY_DIVISION_LAPD,CHP_BEAT_CLASS,BEAT_NUMBER,PRIMARY_RD,SECONDARY_RD,DISTANCE,DIRECTION,INTERSECTION,WEATHER_1,WEATHER_2,STATE_HWY_IND,CALTRANS_COUNTY,CALTRANS_DISTRICT,STATE_ROUTE,ROUTE_SUFFIX,POSTMILE_PREFIX,POSTMILE,LOCATION_TYPE,RAMP_INTERSECTION,SIDE_OF_HWY,TOW_AWAY,COLLISION_SEVERITY,NUMBER_KILLED,NUMBER_INJURED,PARTY_COUNT,PRIMARY_COLL_FACTOR,PCF_CODE_OF_VIOL,PCF_VIOL_CATEGORY,PCF_VIOLATION,PCF_VIOL_SUBSECTION,HIT_AND_RUN,TYPE_OF_COLLISION,MVIW,PED_ACTION,ROAD_SURFACE,ROAD_COND_1,ROAD_COND_2,LIGHTING,CONTROL_DEVICE,CHP_ROAD_TYPE,PEDESTRIAN_ACCIDENT,BICYCLE_ACCIDENT,MOTORCYCLE_ACCIDENT,TRUCK_ACCIDENT,NOT_PRIVATE_PROPERTY,ALCOHOL_INVOLVED,STWD_VEHTYPE_AT_FAULT,CHP_VEHTYPE_AT_FAULT,COUNT_SEVERE_INJ,COUNT_VISIBLE_INJ,COUNT_COMPLAINT_PAIN,COUNT_PED_KILLED,COUNT_PED_INJURED,COUNT_BICYCLIST_KILLED,COUNT_BICYCLIST_INJURED,COUNT_MC_KILLED,COUNT_MC_INJURED,PRIMARY_RAMP,SECONDARY_RAMP,LATITUDE,LONGITUDE,COUNTY,CITY,POINT_X,POINT_Y
8850894,2019,2019-05-02,0704,2019-04-16,1520,556,,2,5,6,0704,0,0,0,,0,006,"CLAYTON RD","TREAT BL",836.00,E,N,A,-,N,,,,,,,,,,N,4,0,1,2,A,-,07,21658,A,N,B,C,A,A,H,-,A,D,0,,,,,Y,,A,07,0,0,1,0,0,0,0,0,0,"- ","- ",,,"CONTRA COSTA",CONCORD,-121.99013519287109,37.963809967041016
8850898,2019,2019-05-02,0704,2019-04-17,1338,0596,,3,5,6,0704,0,0,0,,0,001,"CONCORD AV","HARRISON ST",0.00,,Y,A,-,N,,,,,,,,,,Y,3,0,1,2,A,-,12,21453,A,N,D,C,A,A,H,-,A,A,0,,,,,Y,,A,01,0,1,0,0,0,0,0,0,0,"- ","- ",,,"CONTRA COSTA",CONCORD,-122.03868865966797,37.977939605712891
8850902,2019,2019-05-10,0704,2019-04-17,1651,440,NORTH,3,5,6,0704,0,0,0,,0,004,"EAST OLIVERA RD","PORT CHICAGO HWY",125.00,E,N,A,-,N,,,,,,,,,,N,4,0,1,2,A,-,09,21804,,N,D,C,A,A,H,-,A,A,0,,,,,Y,,A,07,0,0,1,0,0,0,0,0,0,"- ","- ",,,"CONTRA COSTA",CONCORD,-122.03041839599609,37.995185852050781
8850906,2019,2019-05-02,0704,2019-04-09,0930,585,,2,5,6,0704,0,0,0,,0,003,"DETROIT AV","LAGUNA ST",381.00,W,N,A,-,N,,,,,,,,,,N,4,0,1,2,A,-,08,22107,,N,B,C,A,A,H,-,A,D,0,,,,,Y,Y,A,08,0,0,1,0,0,0,0,0,0,"- ","- ",,,"CONTRA COSTA",CONCORD,-122.04174041748047,37.968925476074219
8850912,2019,2019-05-11,0704,2019-04-09,0759,544,SOUTH,2,5,6,0704,0,0,0,,0,003,"MONUMENT BL","LACEY LN",0.00,,Y,A,-,N,,,,,,,,,,Y,4,0,1,2,A,-,08,22107,,N,D,C,A,A,H,-,A,D,0,,,Y,,Y,,D,22,0,0,1,0,0,0,0,0,1,"- ","- ",,,"CONTRA COSTA",CONCORD,-122.04325866699219,37.953369140625
8850914,2019,2019-05-02,0704,2019-04-13,2345,0589,NORTH,6,5,6,0704,0,0,0,,0,001,"MARKET ST","CONCORD AV",55.00,S,N,A,-,N,,,,,,,,,,N,4,0,1,2,A,-,03,22350,,F,C,C,A,A,-,-,C,A,0,,,,,Y,,A,01,0,0,1,0,0,0,0,0,0,"- ","- ",,,"CONTRA COSTA",CONCORD,-122.04196166992188,37.978515625
8850916,2019,2019-08-23,0704,2019-04-18,1857,480,,4,5,6,0704,0,0,0,,0,002,"WILLOW PASS RD","RT 680 NORTH",8.00,W,N,A,-,Y,CC,4,680,-,R,19.009,R,4,N,Y,4,0,1,2,A,-,03,22350,,F,-,C,A,-,H,-,A,A,0,,,,,Y,,A,01,0,0,1,0,0,0,0,0,0,"- ","- ",,,"CONTRA COSTA",CONCORD,-122.05437469482422,37.963291168212891
8850918,2019,2019-05-02,0704,2019-04-17,2348,518,,3,5,6,0704,0,0,0,,0,005,"YGNACIO VALLEY RD","COWELL RD",2112.00,W,N,A,-,N,,,,,,,,,,Y,3,0,1,1,A,-,01,23152,,M,E,I,A,A,H,-,-,D,0,,,,,Y,Y,A,01,0,1,0,0,0,0,0,0,0,"- ","- ",,,"CONTRA COSTA",CONCORD,-121.99688720703125,37.942939758300781
8850936,2019,2019-05-11,0704,2019-04-20,1502,414,,6,5,6,0704,0,0,0,,0,,"TANAGER CIR","TANAGER PL",0.00,,Y,A,-,N,,,,,,,,,,,4,0,2,2,A,-,05,21460,A,N,A,C,A,A,E,-,A,D,0,,,,,Y,,-,"- ",0,0,2,0,0,0,0,0,0,"- ","- ",,,"CONTRA COSTA",CONCORD,-122.03285217285156,37.996601104736328
8850940,2019,2019-05-02,0704,2019-04-07,0136,0598,,7,5,6,0704,0,0,0,,0,001,"OLIVERA RD","WELCH CT",150.00,E,N,A,-,N,,,,,,,,,,Y,3,0,1,2,A,-,01,23152,,F,D,C,A,A,H,-,C,D,0,,,,,Y,Y,D,22,0,1,0,0,0,0,0,0,0,"- ","- ",,,"CONTRA COSTA",CONCORD,-122.03196716308594,37.995616912841797
8851055,2019,2019-05-06,0701,2019-03-21,0807,4265,602,4,5,5,0701,0,0,0,,0,006,"BLUEROCK DR","DEER VALLEY RD",9.00,E,N,A,-,N,,,,,,,,,,Y,4,0,2,2,A,-,09,21801,A,N,D,C,A,A,H,-,A,A,0,,,,,Y,,A,01,0,0,2,0,0,0,0,0,0,"- ","- ",,,"CONTRA COSTA",ANTIOCH,-121.78428649902344,37.980827331542969
8851063,2019,2019-05-06,0701,2019-03-09,1538,5430,209,6,5,5,0701,0,0,0,,0,002,"E 18TH ST","WILLOW AV",237.00,E,N,A,-,N,,,,,,,,,,Y,4,0,1,2,A,-,07,21658,A,N,C,C,A,A,H,-,A,D,0,,,,,Y,,A,01,0,0,1,0,0,0,0,0,0,"- ","- ",,,"CONTRA COSTA",ANTIOCH,-121.76828002929688,38.004962921142578
8851582,2019,2019-05-03,0708,2019-03-12,0747,323,046,2,5,5,0708,0,0,0,,0,003,"WEST LELAND RD","ALVES RANCH RD",5.00,E,N,A,-,N,,,,,,,,,,Y,4,0,1,2,A,-,04,21703,,N,C,C,A,A,H,-,A,A,0,,,,,Y,,A,07,0,0,1,0,0,0,0,0,0,"- ","- ",,,"CONTRA COSTA",PITTSBURG,-121.95522308349609,38.017715454101562
8851586,2019,2019-05-03,0708,2019-03-17,0252,368,0708,7,5,5,0708,0,0,0,,0,002,"RAILROAD AV","CENTRAL AV",506.00,S,N,A,-,N,,,,,,,,,,Y,2,0,1,1,A,-,01,23152,A,N,E,I,A,A,H,-,C,D,0,,,,,Y,Y,A,01,1,0,0,0,0,0,0,0,0,"- ","- ",,,"CONTRA COSTA",PITTSBURG,-121.88692474365234,38.023994445800781
8851986,2019,2019-05-03,0701,2019-02-17,2346,5707,611,7,5,5,0701,0,0,0,,0,006,"HILLCREST AV","WILDHORSE DR",0.00,,Y,A,-,N,,,,,,,,,,N,4,0,1,1,A,-,01,23152,A,N,E,I,A,B,H,-,C,D,0,,,,,Y,Y,A,01,0,0,1,0,0,0,0,0,0,"- ","- ",,,"CONTRA COSTA",ANTIOCH,-121.76661682128906,37.981880187988281
8851990,2019,2019-05-03,0701,2019-02-13,1310,5455,202,3,5,5,0701,0,0,0,,0,002,"W 17TH ST","C ST",0.00,,Y,C,-,N,,,,,,,,,,Y,4,0,1,2,A,-,12,22450,A,N,D,C,A,B,H,-,A,D,0,,,,,Y,,A,01,0,0,1,0,0,0,0,0,0,"- ","- ",,,"CONTRA COSTA",ANTIOCH,-121.80879211425781,38.005649566650391
8852232,2019,2019-05-09,0702,2019-03-16,0658,605M,123B,6,5,3,0702,0,0,0,,0,001,"THOMPSONS DR","COMICE PKY",23.00,E,N,A,-,N,,,,,,,,,,N,3,0,1,3,A,-,08,22107,,N,E,I,A,A,H,-,A,D,0,,,,,Y,,A,01,0,1,0,0,0,0,0,0,0,"- ","- ",37.944301605224609,-121.71124267578125,"CONTRA COSTA",BRENTWOOD,-121.71185302734375,37.944499969482422
8852240,2019,2019-05-07,0702,2019-04-11,1711,531B,121B,4,5,3,0702,0,0,0,,0,001,"SAN JOSE AV","MEADOWGATE WY",0.00,,Y,A,-,N,,,,,,,,,,Y,3,0,1,3,A,-,08,22107,,N,D,C,A,A,H,-,A,D,0,,,,,Y,,A,01,0,1,0,0,0,0,0,0,0,"- ","- ",37.93988037109375,-121.73367309570312,"CONTRA COSTA",BRENTWOOD,-121.73365783691406,37.93988037109375
8852439,2019,2019-05-06,0702,2019-04-09,1603,605M,431B,2,5,3,0702,0,0,0,,0,004,"BALFOUR RD","CORTONA WY",41.00,E,N,A,-,N,,,,,,,,,,N,3,0,1,3,A,-,03,22350,,N,C,C,A,A,H,-,A,A,0,,,,,Y,,A,01,0,1,0,0,0,0,0,0,0,"- ","- ",37.925220489501953,-121.73661804199219,"CONTRA COSTA",BRENTWOOD,-121.73652648925781,37.925388336181641
8852443,2019,2019-05-06,0702,2019-04-14,1434,474J,127B,7,5,3,0702,0,0,0,,0,001,"EMPIRE AV","AMBER LN",0.00,,Y,A,-,N,,,,,,,,,,Y,3,0,2,2,A,-,12,22450,A,N,D,C,A,A,H,-,A,A,0,,,,,Y,,A,01,0,2,0,0,0,0,0,0,0,"- ","- ",37.956138610839844,-121.73248291015625,"CONTRA COSTA",BRENTWOOD,-121.73246765136719,37.956130981445312
8852447,2019,2019-05-06,0702,2019-04-13,0235,575J,324B,6,5,3,0702,0,0,0,,0,003,"OAK ST","LOTT DR",0.00,,Y,A,-,N,,,,,,,,,,Y,3,0,1,1,A,-,01,23152,A,N,E,I,A,A,H,-,C,D,0,,,,,Y,Y,A,01,0,1,0,0,0,0,0,0,0,"- ","- ",37.935009002685547,-121.68692016601562,"CONTRA COSTA",BRENTWOOD,-121.684775,37.934564999999999
8852451,2019,2019-05-13,0702,2019-04-04,0100,597A,305B,4,5,3,0702,0,0,0,,0,003,"OAK ST","LOTT DR",0.00,,Y,A,-,N,,,,,,,,,,Y,2,0,3,1,A,-,01,23153,A,N,A,I,A,A,H,-,C,A,0,,,,,Y,Y,A,01,1,2,0,0,0,0,0,0,0,"- ","- ",37.934379577636719,-121.69171905517578,"CONTRA COSTA",BRENTWOOD,-121.684775,37.934564999999999
8852661,2019,2019-05-07,0702,2019-03-29,1715,490M,121B,5,5,3,0702,0,0,0,,0,001,"SAND CREEK RD","SHADY WILLOW LN",268.00,W,N,A,-,N,,,,,,,,,,Y,3,0,3,3,A,-,03,22350,,N,C,C,A,A,H,-,A,A,0,,,,,Y,,A,01,0,3,0,0,0,0,0,0,0,"- ","- ",37.943611145019531,-121.73330688476562,"CONTRA COSTA",BRENTWOOD,-121.73513031005859,37.943649291992188
8852665,2019,2019-05-07,0702,2019-03-26,1054,490M,121B,2,5,3,0702,0,0,0,,0,001,"SAND CREEK RD","SHADY WILLOW LN",0.00,E,N,A,-,N,,,,,,,,,,Y,3,0,1,3,A,-,03,22350,,N,C,C,A,A,H,-,A,A,0,,,,,Y,,A,01,0,1,0,0,0,0,0,0,0,"- ","- ",37.943611145019531,-121.73404693603516,"CONTRA COSTA",BRENTWOOD,-121.73419952392578,37.943641662597656
8852669,2019,2019-05-07,0702,2019-03-12,0814,519R,324B,2,5,3,0702,0,0,0,,0,003,"SPRUCE ST","LARKSPUR LN",0.00,,Y,A,-,N,,,,,,,,,,N,4,0,1,2,A,-,05,21650,1,N,H,G,A,A,H,-,A,D,0,,Y,,,Y,,L,04,0,0,1,0,0,0,1,0,0,"- ","- ",37.938129425048828,-121.68871307373047,"CONTRA COSTA",BRENTWOOD,-121.68871307373047,37.9381103515625
8852673,2019,2019-05-07,0702,2019-03-10,1140,580M,310B,7,5,3,0702,0,0,0,,0,003,"MC CLARREN RD","PIPPO LN",0.00,,Y,A,-,N,,,,,,,,,,N,3,0,2,2,A,-,08,22107,,N,D,C,A,A,H,-,A,D,0,,,,,Y,,A,01,0,2,0,0,0,0,0,0,0,"- ","- ",37.929050445556641,-121.70010375976562,"CONTRA COSTA",BRENTWOOD,-121.700927734375,37.929241180419922
8852677,2019,2019-05-07,0702,2019-03-15,0804,580M,311B,5,5,3,0702,0,0,0,,0,003,"DAINTY AV","NICHOLAS CT",128.00,W,N,A,-,N,,,,,,,,,,Y,3,0,2,2,A,-,09,21804,A,N,A,C,A,A,H,-,A,D,0,,,,,Y,,A,07,0,2,0,0,0,0,0,0,0,"- ","- ",37.932041168212891,-121.70439147949219,"CONTRA COSTA",BRENTWOOD,-121.70343017578125,37.932643890380859
8852681,2019,2019-05-07,0702,2019-03-22,2343,5891,307B,5,5,3,0702,0,0,0,,0,003,"BRENTWOOD BL","PINE ST",445.00,N,N,A,-,N,,,,,,,,,,Y,3,0,2,1,A,-,03,22350,,N,A,I,A,A,H,-,C,D,0,,,,,Y,Y,A,01,0,2,0,0,0,0,0,0,0,"- ","- ",37.934120178222656,-121.69790649414062,"CONTRA COSTA",BRENTWOOD,-121.69879913330078,37.935150146484375
8853459,2018,2019-05-15,0710,2018-10-31,0830,1761,NORTH,3,5,5,0710,0,0,0,,0,008,"RICHMOND PKWY","SIERRA RIDGE AV",533.00,W,N,A,-,N,,,,,,,,,,Y,4,0,1,2,A,-,04,21703,,N,C,C,A,A,H,-,A,D,0,,,,,Y,,A,07,0,0,1,0,0,0,0,0,0,"- ","- ",37.987571716308594,-122.31891632080078,"CONTRA COSTA",RICHMOND,-122.32057189941406,37.988262176513672
8853460,2018,2019-05-15,0710,2018-10-29,0505,1740,NORTH,1,5,5,0710,0,0,0,,0,008,"RICHMOND PKWY","ATLAS RD",0.00,,Y,A,-,N,,,,,,,,,,N,2,0,1,2,A,-,11,21950,B,N,G,B,B,A,H,-,A,A,0,Y,,,,Y,,N,60,1,0,0,0,1,0,0,0,0,"- ","- ",37.991081237792969,-122.33625793457031,"CONTRA COSTA",RICHMOND,-122.33629608154297,37.991111755371094
8853463,2018,2019-05-15,0710,2018-10-29,1212,1380,NORTH,1,5,5,0710,0,0,0,,0,007,"GARVIN AV","35TH ST",0.00,,Y,A,-,N,,,,,,,,,,N,4,0,1,2,A,-,09,21800,A,N,D,C,A,A,H,-,A,D,0,,,,,Y,,A,01,0,0,1,0,0,0,0,0,0,"- ","- ",,,"CONTRA COSTA",RICHMOND,-122.33380889892578,37.943660736083984
8853464,2018,2019-05-15,0710,2018-10-28,0838,1740,CENTR,7,5,5,0710,0,0,0,,0,005,"BARRETT AV","8TH ST",0.00,,Y,A,-,N,,,,,,,,,,Y,4,0,2,3,A,-,09,21802,A,N,D,C,A,A,H,-,A,A,0,,,,,Y,,A,01,0,0,2,0,0,0,0,0,0,"- ","- ",,,"CONTRA COSTA",RICHMOND,-122.36184692382812,37.938518524169922
8853467,2018,2019-05-15,0710,2018-10-29,1800,1546,CENTR,1,5,5,0710,0,0,0,,0,004,"13TH ST","ESMOND AV",0.00,,Y,A,-,N,,,,,,,,,,N,4,0,1,2,A,-,09,21800,,N,D,-,A,A,-,-,B,D,0,,,,,Y,,A,01,0,0,1,0,0,0,0,0,0,"- ","- ",,,"CONTRA COSTA",RICHMOND,-122.35746765136719,37.945278167724609
8853468,2018,2019-05-15,0710,2018-10-27,1430,1737,SOUTH,6,5,5,0710,0,0,0,,0,002,"HARBOUR WY S","OHIO AV",0.00,,Y,B,-,N,,,,,,,,,,Y,4,0,1,2,A,-,12,21453,A,F,D,C,A,A,H,-,A,A,0,,,,,Y,,A,01,0,0,1,0,0,0,0,0,0,"- ","- ",,,"CONTRA COSTA",RICHMOND,-122.36004638671875,37.930820465087891
8853470,2018,2019-05-15,0710,2018-10-31,1949,1705,SOUTH,3,5,5,0710,0,0,0,,0,002,"CUTTING BL","22ND ST",0.00,,Y,A,-,N,,,,,,,,,,N,4,0,1,2,A,-,10,21950,A,N,G,B,B,A,H,-,C,A,0,Y,,,,Y,Y,A,01,0,0,1,0,1,0,0,0,0,"- ","- ",37.925010681152344,-122.34873199462891,"CONTRA COSTA",RICHMOND,-122.34857177734375,37.925201416015625
8853471,2018,2019-05-15,0710,2018-10-29,1514,1380,CENTR,1,5,5,0710,0,0,0,,0,005,"PENNSYLVANIA AV","8TH ST",0.00,,Y,A,-,N,,,,,,,,,,N,3,0,2,2,A,-,03,22350,,N,D,C,A,A,H,-,A,D,0,,,Y,,Y,,C,06,0,1,1,0,0,0,0,0,1,"- ","- ",,,"CONTRA COSTA",RICHMOND,-122.36170959472656,37.942588806152344
8853472,2018,2019-05-15,0710,2018-10-24,1600,1546,CENTR,3,5,5,0710,0,0,0,,0,004,"13TH ST","ESMOND AV",99.00,S,N,A,-,N,,,,,,,,,,N,4,0,2,2,A,-,03,22350,,F,C,-,A,A,-,-,A,D,0,,,,,Y,,-,99,0,0,2,0,0,0,0,0,0,"- ","- ",37.945369720458984,-122.35762023925781,"CONTRA COSTA",RICHMOND,-122.35740661621094,37.945011138916016
8853473,2018,2019-05-15,0710,2018-10-20,1946,1714,SOUTH,6,5,5,0710,0,0,0,,0,002,"CUTTING BL","S 22ND ST",0.00,,Y,A,-,N,,,,,,,,,,N,3,0,1,2,A,-,08,22107,,N,D,C,A,A,H,-,A,A,0,,,Y,,Y,,A,01,0,1,0,0,0,0,0,0,1,"- ","- ",,,"CONTRA COSTA",RICHMOND,-122.34857177734375,37.925201416015625
8853474,2018,2019-05-15,0710,2018-10-21,2100,1730,NORTH,7,5,5,0710,0,0,0,,0,007,"BARRETT AV","SAN PABLO AV",50.00,W,N,A,-,N,,,,,,,,,,N,2,0,1,2,A,-,11,21106,B,N,G,B,D,A,H,-,C,A,0,Y,,,,Y,,N,60,1,0,0,0,1,0,0,0,0,"- ","- ",,,"CONTRA COSTA",RICHMOND,-122.32523345947266,37.935348510742188
8853475,2018,2019-05-15,0710,2018-10-22,1638,1546,CENTR,1,5,5,0710,0,0,0,,0,004,"22ND ST","BARRETT AV",0.00,,Y,A,-,N,,,,,,,,,,Y,4,0,2,2,A,-,12,21453,A,N,D,C,A,A,-,-,A,A,0,,,,,Y,,A,08,0,0,2,0,0,0,0,0,0,"- ","- ",37.938289642333984,-122.34835815429688,"CONTRA COSTA",RICHMOND,-122.34855651855469,37.938461303710938
8853476,2018,2019-05-15,0710,2018-10-23,0211,1749,SOUTH,2,5,5,0710,0,0,0,,0,003,"CENTRAL AV","JACUZZI ST",105.00,W,N,A,-,N,,,,,,,,,,Y,4,0,1,2,A,-,11,21955,,N,G,B,D,A,H,-,C,A,0,Y,,,,Y,,N,60,0,0,1,0,1,0,0,0,0,"- ","- ",37.900810241699219,-122.31157684326172,"CONTRA COSTA",RICHMOND,-122.31183624267578,37.900554656982422
8853477,2018,2019-05-15,0710,2018-10-20,1330,1667,CENTR,6,5,5,0710,0,0,0,,0,004,"13TH ST","COALINGA AV",0.00,,Y,A,-,N,,,,,,,,,,Y,3,0,2,2,A,-,09,21802,A,N,D,C,A,A,A,-,A,A,0,,,,,Y,,A,01,0,1,1,0,0,0,0,0,0,"- ","- ",37.947509765625,-122.35740661621094,"CONTRA COSTA",RICHMOND,-122.35733795166016,37.947399139404297
8853478,2018,2019-05-15,0710,2018-10-18,1912,1764,,4,5,5,0710,0,0,0,,0,,"MARINA WY","OHIO AV",0.00,,Y,A,-,N,,,,,,,,,,N,4,0,1,2,A,-,10,21950,A,M,G,-,F,A,H,-,C,D,0,Y,,,,Y,Y,-,99,0,0,1,0,1,0,0,0,0,"- ","- ",37.930828094482422,-122.36004638671875,"CONTRA COSTA",RICHMOND,-122.35594940185547,37.930759429931641
8853479,2018,2019-05-15,0710,2018-10-09,1751,1546,CENTR,2,5,5,0710,0,0,0,,0,004,"ROOSEVELT AV","18TH ST",0.00,,Y,A,-,N,,,,,,,,,,N,4,0,1,2,A,-,08,22107,,N,D,G,A,A,-,-,A,D,0,,Y,,,Y,,A,01,0,0,1,0,0,0,1,0,0,"- ","- ",37.939849853515625,-122.35225677490234,"CONTRA COSTA",RICHMOND,-122.35247039794922,37.939949035644531
8853480,2018,2019-05-15,0710,2018-10-14,1747,1637,NORTH,7,5,5,0710,0,0,0,,0,007,"27TH ST","MACDONALD AV",0.00,,Y,A,-,N,,,,,,,,,,N,3,0,1,2,A,-,10,21950,A,F,G,B,B,A,H,-,A,A,0,Y,,,,Y,,A,01,0,1,0,0,1,0,0,0,0,"- ","- ",37.935249328613281,-122.34268188476562,"CONTRA COSTA",RICHMOND,-122.34294128417969,37.935100555419922
8853481,2018,2019-05-15,0710,2018-10-19,1747,1380,CENTR,5,5,5,0710,0,0,0,,0,004,"MACDONALD AV","22ND ST",0.00,,Y,A,-,N,,,,,,,,,,Y,4,0,2,2,A,-,09,21801,A,N,D,C,A,A,H,-,A,A,0,,,,,Y,,A,01,0,0,2,0,0,0,0,0,0,"- ","- ",,,"CONTRA COSTA",RICHMOND,-122.34857940673828,37.935741424560547
8853482,2018,2019-05-15,0710,2018-10-17,1700,1764,SOUTH,3,5,5,0710,0,0,0,,0,003,"CARLSON BL","CUTTING BL",25.00,N,N,A,-,N,,,,,,,,,,N,4,0,1,2,A,-,11,21954,A,N,G,B,D,A,H,-,C,A,0,Y,,,,Y,,N,60,0,0,1,0,1,0,0,0,0,"- ","- ",37.925300598144531,-122.33804321289062,"CONTRA COSTA",RICHMOND,-122.33818054199219,37.925258636474609
8853483,2018,2019-05-15,0710,2018-10-11,1144,1384,NORTH,4,5,5,0710,0,0,0,,0,008,"RICHMOND PKWY","BLUME DR",0.00,,Y,A,-,N,,,,,,,,,,Y,4,0,1,2,A,-,12,21453,A,N,D,C,A,A,H,-,A,A,0,,,,,Y,,A,01,0,0,1,0,0,0,0,0,0,"- ","- ",37.987049102783203,-122.31694030761719,"CONTRA COSTA",RICHMOND,-122.31696319580078,37.986911773681641
8853484,2018,2019-05-15,0710,2018-10-12,1230,1659,CENTR,5,5,5,0710,0,0,0,,0,006,"MACDONALD AV","VILLAGE LN",0.00,,Y,A,-,N,,,,,,,,,,Y,4,0,2,2,A,-,03,22350,,N,D,C,A,A,H,-,A,D,0,,,,,Y,,A,01,0,0,2,0,0,0,0,0,0,"- ","- ",,,"CONTRA COSTA",RICHMOND,-122.35520935058594,37.935710906982422
8853485,2018,2019-05-15,0710,2018-10-16,1700,1407,NORTH,2,5,5,0710,0,0,0,,0,007,"SOLANO AV","MCLAUGHLIN ST",0.00,,Y,A,-,N,,,,,,,,,,Y,4,0,1,4,A,-,12,22450,A,F,D,E,A,A,H,-,A,A,0,,,,,Y,,A,01,0,0,1,0,0,0,0,0,0,"- ","- ",37.942298889160156,-122.32743835449219,"CONTRA COSTA",RICHMOND,-122.32721710205078,37.942371368408203
8853489,2018,2019-06-24,0710,2018-10-11,1445,1662,SOUTH,4,5,5,0710,0,0,0,,0,003,"BAYVIEW AV","RT 580",0.00,,Y,A,-,Y,CC,4,580,-,-,1.420,R,4,W,N,4,0,4,2,A,-,03,22350,,F,C,C,A,A,H,-,A,A,0,,,,,Y,Y,A,08,0,0,4,0,0,0,0,0,0,"- ","- ",,,"CONTRA COSTA",RICHMOND,-122.32615661621094,37.914886474609375
8853584,2018,2019-05-17,0710,2018-11-03,1456,1740,CENTR,6,5,5,0710,0,0,0,,0,005,"7TH ST","LINCOLN AV",200.00,N,N,A,-,N,,,,,,,,,,Y,4,0,1,3,A,-,01,23153,A,N,C,C,A,A,H,-,A,D,0,,,,,Y,Y,A,01,0,0,1,0,0,0,0,0,0,"- ","- ",37.946331024169922,-122.36286163330078,"CONTRA COSTA",RICHMOND,-122.36270141601562,37.946678161621094
8853586,2018,2019-05-16,0701,2018-12-18,1816,5846,204,2,5,5,0701,0,0,0,,0,002,"E 18TH ST","HELMUTH LN",50.00,E,N,A,-,N,,,,,,,,,,Y,4,0,1,2,A,-,09,21804,A,N,D,C,A,A,H,-,C,A,0,,,,,Y,,A,01,0,0,1,0,0,0,0,0,0,"- ","- ",,,"CONTRA COSTA",ANTIOCH,-121.80123901367188,38.004909515380859
8853587,2018,2019-05-17,0710,2018-11-01,1830,1760,CENTR,4,5,5,0710,0,0,0,,0,004,"23RD ST","BROOKS AV",0.00,,Y,A,-,N,,,,,,,,,,Y,2,0,1,2,A,-,08,22107,,F,G,B,D,A,H,-,B,D,0,Y,,,,Y,Y,D,22,1,0,0,0,1,0,0,0,0,"- ","- ",37.940761566162109,-122.34773254394531,"CONTRA COSTA",RICHMOND,-122.34748077392578,37.940769195556641
8853591,2018,2019-05-17,0710,2018-11-01,1807,1760,CENTR,4,5,5,0710,0,0,0,,0,004,"BARRETT AV","20TH ST",0.00,,Y,A,-,N,,,,,,,,,,N,4,0,1,2,A,-,09,21804,A,N,B,C,A,A,H,-,B,A,0,,,,,Y,,A,01,0,0,1,0,0,0,0,0,0,"- ","- ",37.938320159912109,-122.35034942626953,"CONTRA COSTA",RICHMOND,-122.35054779052734,37.938461303710938
8853595,2018,2019-05-17,0710,2018-11-02,1117,1732,NORTH,5,5,5,0710,0,0,0,,0,007,"MACDONALD AV","37TH ST",0.00,,Y,A,-,N,,,,,,,,,,Y,4,0,1,2,A,-,03,22350,,N,C,C,A,A,H,-,A,A,0,,,,,Y,,A,01,0,0,1,0,0,0,0,0,0,"- ","- ",37.933868408203125,-122.33402252197266,"CONTRA COSTA",RICHMOND,-122.33422088623047,37.933849334716797
8853599,2018,2019-05-17,0710,2018-11-02,0945,1745,,5,5,5,0710,0,0,0,,0,,"7TH ST","RIPLEY AV",0.00,,Y,A,-,N,,,,,,,,,,Y,4,0,2,2,A,-,12,22450,A,N,A,D,A,A,H,-,A,A,0,,,,,Y,,A,01,0,0,2,0,0,0,0,0,0,"- ","- ",37.940391540527344,-122.36250305175781,"CONTRA COSTA",RICHMOND,-122.36273193359375,37.940330505371094
8853836,2019,2019-05-28,0706,2019-03-19,0908,199,84,2,5,3,0706,0,0,0,,0,002,"WILLOW AV","VIEWPOINTE BL",0.00,,Y,A,-,N,,,,,,,,,,N,4,0,1,2,A,-,12,22450,A,M,-,C,A,A,H,-,A,A,0,,,,,Y,,D,22,0,0,1,0,0,0,0,0,0,"- ","- ",,,"CONTRA COSTA",HERCULES,-122.2576904296875,38.018070220947266
8853966,2019,2019-05-13,0708,2019-03-01,2243,348,0705,5,5,5,0708,0,0,0,,0,005,"EAST LELAND RD","LOS MEDANOS RD",517.00,W,N,A,-,N,,,,,,,,,,Y,4,0,1,2,A,-,04,21703,,F,C,C,A,A,H,-,C,A,0,,,,,Y,,D,22,0,0,1,0,0,0,0,0,0,"- ","- ",,,"CONTRA COSTA",PITTSBURG,-121.86434173583984,38.008331298828125
8854123,2019,2019-05-09,0740,2019-04-22,1603,078,72,1,5,4,0791,0,0,0,,0,006,"DOUGHERTY RD","OAK VALLEY RD",415.00,N,N,A,-,N,,,,,,,,,,Y,4,0,1,1,A,-,08,22107,,N,E,I,A,A,H,-,A,D,0,,,,,Y,,A,01,0,0,1,0,0,0,0,0,0,"- ","- ",,,"CONTRA COSTA","SAN RAMON",-121.91509246826172,37.745025634765625