CASE_ID,ACCIDENT_YEAR,PROC_DATE,JURIS,COLLISION_DATE,COLLISION_TIME,OFFICER_ID,REPORTING_DISTRICT,DAY_OF_WEEK,CHP_SHIFT,POPULATION,CNTY_CITY_LOC,SPECIAL_COND,BEAT_TYPE,CHP_BEAT_TYPE,CITY_DIVISION_LAPD,CHP_BEAT_CLASS,BEAT_NUMBER,PRIMARY_RD,SECONDARY_RD,DISTANCE,DIRECTION,INTERSECTION,WEATHER_1,WEATHER_2,STATE_HWY_IND,CALTRANS_COUNTY,CALTRANS_DISTRICT,STATE_ROUTE,ROUTE_SUFFIX,POSTMILE_PREFIX,POSTMILE,LOCATION_TYPE,RAMP_INTERSECTION,SIDE_OF_HWY,TOW_AWAY,COLLISION_SEVERITY,NUMBER_KILLED,NUMBER_INJURED,PARTY_COUNT,PRIMARY_COLL_FACTOR,PCF_CODE_OF_VIOL,PCF_VIOL_CATEGORY,PCF_VIOLATION,PCF_VIOL_SUBSECTION,HIT_AND_RUN,TYPE_OF_COLLISION,MVIW,PED_ACTION,ROAD_SURFACE,ROAD_COND_1,ROAD_COND_2,LIGHTING,CONTROL_DEVICE,CHP_ROAD_TYPE,PEDESTRIAN_ACCIDENT,BICYCLE_ACCIDENT,MOTORCYCLE_ACCIDENT,TRUCK_ACCIDENT,NOT_PRIVATE_PROPERTY,ALCOHOL_INVOLVED,STWD_VEHTYPE_AT_FAULT,CHP_VEHTYPE_AT_FAULT,COUNT_SEVERE_INJ,COUNT_VISIBLE_INJ,COUNT_COMPLAINT_PAIN,COUNT_PED_KILLED,COUNT_PED_INJURED,COUNT_BICYCLIST_KILLED,COUNT_BICYCLIST_INJURED,COUNT_MC_KILLED,COUNT_MC_INJURED,PRIMARY_RAMP,SECONDARY_RAMP,LATITUDE,LONGITUDE,COUNTY,CITY,POINT_X,POINT_Y
8854127,2019,2019-05-13,0740,2019-04-22,0803,078,72,1,5,4,0791,0,0,0,,0,005,"BAYBERRY VIEW LN","MAIN BRANCH RD",8.00,N,N,A,-,N,,,,,,,,,,N,4,0,1,2,A,-,11,21950,B,N,D,C,A,A,H,-,A,A,0,,Y,,,Y,,L,04,0,0,1,0,0,0,1,0,0,"- ","- ",37.765220642089844,-121.91436004638672,"CONTRA COSTA","SAN RAMON",-121.91437530517578,37.765220642089844
8854164,2019,2019-05-08,0708,2019-03-18,0302,368,046,1,5,5,0708,0,0,0,,0,001,"POWER AV","CASE DR",16.00,W,N,A,-,N,,,,,,,,,,N,4,0,1,1,A,-,08,22107,,N,E,I,A,A,H,-,C,D,0,,,,,Y,,A,01,0,0,1,0,0,0,0,0,0,"- ","- ",,,"CONTRA COSTA",PITTSBURG,-121.90562438964844,38.022354125976562
8854176,2019,2019-05-08,0708,2019-03-29,0619,371,046,5,5,5,0708,0,0,0,,0,005,"DIOKNO CT","GLADSTONE DR",95.00,E,N,A,-,N,,,,,,,,,,Y,4,0,1,1,A,-,08,22107,,N,E,I,A,B,H,-,B,D,0,,,,,Y,,A,07,0,0,1,0,0,0,0,0,0,"- ","- ",,,"CONTRA COSTA",PITTSBURG,-121.86626434326172,38.006305694580078
8854179,2019,2019-05-08,0740,2019-03-18,1711,SR064,SR/72,1,5,4,0791,0,0,0,,0,"BEAT 6","DOUGHERTY RD","OLD RANCH RD",126.00,S,N,A,-,N,,,,,,,,,,N,4,0,2,2,A,-,03,22350,,N,C,C,A,A,H,-,A,A,0,,,,,Y,,A,07,0,0,2,0,0,0,0,0,0,"- ","- ",37.739711761474609,-121.91397857666016,"CONTRA COSTA","SAN RAMON",-121.91392517089844,37.739448547363281
8854699,2019,2019-05-17,0701,2019-04-14,0921,5428,605,7,5,5,0701,0,0,0,,0,006,"LONE TREE WY","DEER VALLEY RD",1000.00,W,N,A,-,N,,,,,,,,,,Y,4,0,2,2,A,-,12,21453,A,N,D,C,A,A,H,-,A,A,0,,,,,Y,,A,01,0,0,2,0,0,0,0,0,0,"- ","- ",,,"CONTRA COSTA",ANTIOCH,-121.78356170654297,37.967124938964844
8855416,2019,2019-05-17,0740,2019-05-01,1546,SR501,SR/72,3,5,4,0791,0,0,0,,0,005,"CROW CANYON RD","DOUGHERTY RD",47.00,W,N,A,-,N,,,,,,,,,,Y,4,0,1,2,A,-,03,22350,,N,C,C,A,A,H,-,A,A,0,,,,,Y,,A,08,0,0,1,0,0,0,0,0,0,"- ","- ",37.788681030273438,-121.92664337158203,"CONTRA COSTA","SAN RAMON",-121.92693328857422,37.788700103759766
8855626,2019,2019-05-21,0704,2019-04-30,1405,559,,2,5,6,0704,0,0,0,,0,003,"3RD ST","CONCORD BL",0.00,,Y,A,-,N,,,,,,,,,,Y,4,0,1,2,A,-,09,21802,A,N,D,C,A,A,H,-,A,A,0,,,,,Y,,D,22,0,0,1,0,0,0,0,0,0,"- ","- ",,,"CONTRA COSTA",CONCORD,-122.02610778808594,37.977409362792969
8855630,2019,2019-05-20,0704,2019-04-07,1645,0482,,7,5,6,0704,0,0,0,,0,003,"MONUMENT BL","ERICKSON RD",15.00,E,N,B,-,N,,,,,,,,,,N,4,0,1,2,A,-,12,21453,A,N,D,G,A,B,H,-,A,A,0,,Y,,,Y,,D,22,0,0,1,0,0,0,1,0,0,"- ","- ",,,"CONTRA COSTA",CONCORD,-122.03707122802734,37.957717895507812
8855664,2019,2019-05-22,0712,2019-04-26,1446,P490,712,5,5,5,0712,0,0,0,,0,031,"YGNACIO VALLEY RD","WIMBLEDON RD",0.00,,Y,A,-,N,,,,,,,,,,Y,3,0,2,3,A,-,03,22350,,N,C,C,A,A,H,-,A,A,0,,,,,Y,,D,22,0,1,1,0,0,0,0,0,0,"- ","- ",,,"CONTRA COSTA","WALNUT CREEK",-122.02918243408203,37.923061370849609
8855668,2019,2019-06-03,0712,2019-04-22,2004,P583,,1,5,5,0712,0,0,0,,0,003,"YGNACIO VALLEY RD","WALNUT AV",0.00,,Y,A,-,N,,,,,,,,,,Y,4,0,2,2,A,-,12,21453,A,N,A,C,A,A,H,-,B,A,0,,,,,Y,,A,07,0,0,2,0,0,0,0,0,0,"- ","- ",,,"CONTRA COSTA","WALNUT CREEK",-122.03421020507812,37.920761108398438
8855756,2019,2019-05-14,0704,2019-04-28,1856,539,,7,5,6,0704,0,0,0,,0,004,"6TH ST","WILLOW PASS RD",0.00,S,N,A,-,N,,,,,,,,,,Y,4,0,1,2,A,-,07,21658,A,N,B,C,A,A,H,-,A,A,0,,,,,Y,,A,07,0,0,1,0,0,0,0,0,0,"- ","- ",,,"CONTRA COSTA",CONCORD,-122.01878356933594,37.981838226318359
8855764,2019,2019-05-14,0700,2019-03-08,1911,OA037,2206,5,5,3,0734,0,0,0,,0,051,"LIVE OAK AV","OAKLEY RD",0.00,,Y,A,-,N,,,,,,,,,,Y,4,0,1,2,A,-,01,23152,F,N,D,C,A,A,H,-,D,D,0,,,,,Y,,-,"- ",0,0,1,0,0,0,0,0,0,"- ","- ",,,"CONTRA COSTA",OAKLEY,-121.74156951904297,37.997829437255859
8855787,2019,2019-05-23,0704,2019-05-02,0842,599,,4,5,6,0704,0,0,0,,0,003,"COWELL RD","MESA ST",0.00,,Y,A,-,N,,,,,,,,,,N,4,0,2,2,A,-,00,23154,,N,D,C,A,A,H,-,A,A,0,,,,,Y,,-,"- ",0,0,2,0,0,0,0,0,0,"- ","- ",,,"CONTRA COSTA",CONCORD,-122.0311279296875,37.968318939208984
8855791,2019,2019-05-17,0704,2019-05-03,1444,568,,5,5,6,0704,0,0,0,,0,006,"CLAYTON RD","DENKINGER RD",20.00,E,N,A,-,N,,,,,,,,,,N,4,0,1,2,A,-,03,22350,,N,C,C,A,A,H,-,A,A,0,,,Y,,Y,,A,01,0,0,1,0,0,0,0,0,1,"- ","- ",,,"CONTRA COSTA",CONCORD,-121.99253845214844,37.964855194091797
8855795,2019,2019-05-17,0704,2019-05-03,2334,584,,5,5,6,0704,0,0,0,,0,003,"OAK GROVE RD",MONUMENT,2.00,S,N,A,-,N,,,,,,,,,,N,4,0,1,2,A,-,10,21950,A,N,D,G,B,A,H,-,C,A,0,Y,,,,Y,,A,07,0,0,1,0,1,0,0,0,0,"- ","- ",,,"CONTRA COSTA",CONCORD,-122.03897857666016,37.956405639648438
8855799,2019,2019-05-17,0704,2019-05-06,0752,568,,1,5,6,0704,0,0,0,,0,004,"EAST ST","SALVIO ST",41.00,N,N,A,-,N,,,,,,,,,,N,4,0,2,2,A,-,03,22350,,N,C,C,A,A,H,-,A,A,0,,,,,Y,,A,01,0,0,2,0,0,0,0,0,0,"- ","- ",,,"CONTRA COSTA",CONCORD,-122.03141021728516,37.979236602783203
8855929,2019,2019-08-26,0704,2019-04-27,0718,0414,,6,5,6,0704,0,0,0,,0,002,"SUN VALLEY BL","RT 680",0.00,,Y,A,-,Y,CC,4,680,-,-,19.183,R,4,S,Y,4,0,2,2,A,-,12,21453,A,N,D,C,A,A,H,-,A,A,0,,,,,Y,,D,23,0,0,2,0,0,0,0,0,0,"- ",SF,,,"CONTRA COSTA",CONCORD,-122.0576171875,37.967758178710938
8855991,2019,2019-10-10,0708,2019-04-29,1856,363,0708,1,5,5,0708,0,0,0,,0,004,"HARBOR ST","BUCHANAN RD",0.00,,Y,A,-,N,,,,,,,,,,Y,4,0,1,3,C,-,18,,,N,B,C,A,A,H,-,A,A,0,,,,Y,Y,,-,"- ",0,0,1,0,0,0,0,0,0,"- ","- ",,,"CONTRA COSTA",PITTSBURG,-121.88704681396484,37.997989654541016
8855995,2019,2019-05-17,0708,2019-04-16,1137,275,0708,2,5,5,0708,0,0,0,,0,002,"CENTRAL AV","SOLARI ST",100.00,E,N,A,-,N,,,,,,,,,,Y,4,0,1,3,A,-,08,22107,,N,B,E,A,A,H,-,A,A,0,,,,,Y,,A,01,0,0,1,0,0,0,0,0,0,"- ","- ",,,"CONTRA COSTA",PITTSBURG,-121.88150787353516,38.024059295654297
8856010,2019,2019-05-16,0704,2019-04-12,2225,0551,,5,5,6,0704,0,0,0,,0,006,"CONCORD BL","BAILEY RD",0.00,,Y,A,-,N,,,,,,,,,,Y,2,0,2,2,A,-,01,23152,A,N,D,C,A,A,H,-,C,A,0,,,,,Y,Y,A,01,1,0,1,0,0,0,0,0,0,"- ","- ",,,"CONTRA COSTA",CONCORD,-121.97308349609375,37.969139099121094
8856014,2019,2019-05-16,0704,2019-04-23,1614,568,,2,5,6,0704,0,0,0,,0,001,"CLAYTON RD","DETROIT AV",165.00,W,N,A,-,N,,,,,,,,,,Y,3,0,1,1,C,-,18,,,N,A,I,A,A,H,-,A,A,0,,,,,Y,,-,"- ",0,1,0,0,0,0,0,0,0,"- ","- ",,,"CONTRA COSTA",CONCORD,-122.0435791015625,37.970596313476562
8856018,2019,2019-05-16,0704,2019-04-23,1630,480,,2,5,6,0704,0,0,0,,0,004,"PORT CHICAGO HWY","WILLOW PASS RD",80.00,S,N,A,-,N,,,,,,,,,,N,4,0,1,2,A,-,05,21650,,N,-,G,A,-,H,-,A,A,0,,Y,,,Y,,L,04,0,0,1,0,0,0,1,0,0,"- ","- ",,,"CONTRA COSTA",CONCORD,-122.02951049804688,37.978370666503906
8856022,2019,2019-05-29,0704,2019-04-04,1033,0468,,4,5,6,0704,0,0,0,,0,004,"CLAYTON RD","GALINDO ST",0.00,,Y,B,-,N,,,,,,,,,,Y,4,0,1,2,A,-,01,23153,A,F,D,C,A,A,H,-,A,A,0,,,,,Y,,A,01,0,0,1,0,0,0,0,0,0,"- ","- ",,,"CONTRA COSTA",CONCORD,-122.03378295898438,37.974258422851562
8856026,2019,2019-05-16,0712,2019-04-22,1659,P537,,1,5,5,0712,0,0,0,,0,002,"GEARY RD","N MAIN ST",0.00,,Y,A,-,N,,,,,,,,,,N,2,0,1,2,A,-,10,21950,A,N,G,B,B,A,H,-,A,A,0,Y,,,,Y,,A,01,1,0,0,0,1,0,0,0,0,"- ","- ",,,"CONTRA COSTA","WALNUT CREEK",-122.06256103515625,37.9263916015625
8856030,2019,2019-05-16,0712,2019-04-30,1109,386,,2,5,5,0712,0,0,0,,0,003,"YGNACIO VALLEY RD","LA CASA VIA",30.00,W,N,A,-,N,,,,,,,,,,Y,4,0,1,3,A,-,04,21703,,N,C,C,A,A,H,-,A,D,0,,,,,Y,,A,01,0,0,1,0,0,0,0,0,0,"- ","- ",,,"CONTRA COSTA","WALNUT CREEK",-122.04373931884766,37.913124084472656
8856048,2019,2019-05-16,0712,2019-05-03,1248,P557,,5,5,5,0712,0,0,0,,0,001,"WALKER AV","WALKER AVE 1271",0.00,,-,A,-,N,,,,,,,,,,Y,3,0,1,1,A,-,08,22107,,N,A,I,A,A,H,-,A,D,0,,,,,Y,,A,01,0,1,0,0,0,0,0,0,0,"- ","- ",,,"CONTRA COSTA","WALNUT CREEK",-122.055544,37.899239999999999
8856052,2019,2019-05-16,0712,2019-05-07,1440,P518,,2,5,5,0712,0,0,0,,0,001,"YGNACIO VALLEY RD","HOMESTEAD AV",0.00,,Y,A,-,N,,,,,,,,,,N,3,0,1,2,A,-,03,22350,,N,D,G,A,A,H,-,A,A,0,,Y,,,Y,,L,04,0,1,0,0,0,0,1,0,0,"- ","- ",,,"CONTRA COSTA","WALNUT CREEK",-122.05233001708984,37.909080505371094
8856418,2019,2019-05-21,0711,2019-04-06,0737,S1125,BAY,6,5,4,0711,0,0,0,,0,003,"23RD ST","MARKET AV",290.00,N,N,B,-,N,,,,,,,,,,Y,4,0,1,2,A,-,07,21658,A,F,C,E,A,A,H,-,A,D,0,,,,,Y,,-,"- ",0,0,1,0,0,0,0,0,0,"- ","- ",37.572780609130859,-122.20500946044922,"CONTRA COSTA","SAN PABLO",-122.34731292724609,37.957042694091797
8856422,2019,2019-05-20,0711,2019-04-28,1056,S1132,BAY,7,5,4,0711,0,0,0,,0,001,"11TH ST","CONNECTICUT AV",61.00,S,N,A,-,N,,,,,,,,,,Y,3,0,1,2,A,-,03,22350,,N,C,E,A,A,H,-,A,D,0,,,,,Y,Y,A,01,0,1,0,0,0,0,0,0,0,"- ","- ",37.976058959960938,-122.35141754150391,"CONTRA COSTA","SAN PABLO",-122.35134124755859,37.976100921630859
8856648,2019,2019-05-16,0711,2019-04-23,1652,1045,BAY,2,5,4,0711,0,0,0,,0,001,"GIANT RD","JOHN AV",0.00,,Y,A,-,N,,,,,,,,,,Y,3,0,1,2,A,-,09,21801,A,N,D,C,A,A,H,-,A,D,0,,,,,Y,,A,01,0,1,0,0,0,0,0,0,0,"- ","- ",37.979400634765625,-122.35301971435547,"CONTRA COSTA","SAN PABLO",-122.35298156738281,37.979400634765625
8856652,2019,2019-05-16,0710,2019-04-26,0305,1057,BAY,5,5,5,0710,0,0,0,,0,,"CUTTING BL","RT 80",0.00,,Y,A,-,N,,,,,,,,,,Y,4,0,4,2,A,-,12,21453,A,N,D,C,A,A,H,-,C,A,0,,,,,Y,,A,01,0,0,4,0,0,0,0,0,0,"- ","- ",,,"CONTRA COSTA",RICHMOND,-122.32111358642578,37.925460815429688
8856882,2019,2019-05-21,0712,2019-04-18,1517,P527,,4,5,5,0712,0,0,0,,0,003,"YGNACIO VALLEY RD","VIA MONTE",0.00,,Y,A,-,N,,,,,,,,,,Y,4,0,1,3,A,-,03,22350,,N,C,C,A,A,H,-,A,A,0,,,,,Y,,A,01,0,0,1,0,0,0,0,0,0,"- ","- ",,,"CONTRA COSTA","WALNUT CREEK",-122.01834869384766,37.925849914550781
8856886,2019,2019-05-07,0712,2019-04-28,1832,P545,,7,5,5,0712,0,0,0,,0,002,"NORTH CALIFORNIA BL","BONANZA ST",0.00,,Y,A,-,N,,,,,,,,,,Y,3,0,3,2,A,-,12,21453,A,N,F,C,A,A,H,-,A,A,0,,,,,Y,,-,,0,2,1,0,0,0,0,0,0,"- ","- ",,,"CONTRA COSTA","WALNUT CREEK",-122.06359100341797,37.89923095703125
8856891,2019,2019-05-07,0712,2019-04-30,2258,P450,2,2,5,5,0712,0,0,0,,0,002,"N MAIN ST","CALIFORNIA BL",0.00,,Y,A,-,N,,,,,,,,,,Y,4,0,1,1,A,-,01,23152,B,N,E,I,A,A,H,-,C,A,0,,,,,Y,Y,-,,0,0,1,0,0,0,0,0,0,"- ","- ",,,"CONTRA COSTA","WALNUT CREEK",-122.06517791748047,37.909801483154297
8857596,2019,2019-07-03,0714,2019-04-25,2105,155,"05 1",4,5,4,0714,0,0,0,,0,001,"ESTUDILLO ST","ESTUDILLO ST 1509",6.00,E,N,A,-,N,,,,,,,,,,N,4,0,1,3,A,-,08,22107,,M,B,E,A,A,H,-,C,D,0,,,,,Y,,-,,0,0,1,0,0,0,0,0,0,"- ","- ",38.012729644775391,-122.13210296630859,"CONTRA COSTA",MARTINEZ,,
8857622,2019,2019-05-20,0716,2019-04-18,0723,195,S2,4,5,3,0716,0,0,0,,0,001,"CAMPOLINDO DR","CALLE LA MESA",0.00,,Y,A,-,N,,,,,,,,,,N,4,0,1,2,A,-,08,22103,,N,B,-,A,A,H,-,A,D,0,,,,,Y,,-,,0,0,1,0,0,0,0,0,0,"- ","- ",,,"CONTRA COSTA",MORAGA,-122.12953948974609,37.868568420410156
8857683,2019,2019-05-17,0701,2019-03-11,0855,5556,103,1,5,5,0701,0,0,0,,0,001,"6TH ST","K ST",0.00,,Y,A,-,N,,,,,,,,,,N,4,0,1,2,A,-,12,22450,A,N,B,C,A,A,H,-,A,D,0,,,,,Y,,A,01,0,0,1,0,0,0,0,0,0,"- ","- ",,,"CONTRA COSTA",ANTIOCH,-121.81844329833984,38.014049530029297
8857687,2019,2019-05-17,0701,2019-03-12,1710,5825,611,2,5,5,0701,0,0,0,,0,006,"HIDDEN GLEN DR","HILLCREST AV",0.00,,Y,A,-,N,,,,,,,,,,Y,4,0,3,2,A,-,12,21453,A,N,D,C,A,A,H,-,A,A,0,,,,,Y,,A,07,0,0,3,0,0,0,0,0,0,"- ","- ",,,"CONTRA COSTA",ANTIOCH,-121.76264190673828,37.977310180664062
8857691,2019,2019-05-23,0701,2019-03-16,1829,5537,510,6,5,5,0701,0,0,0,,0,005,"DEER VALLEY RD","PREWETT RANCH DR",126.00,E,N,A,-,N,,,,,,,,,,Y,4,0,2,2,C,-,18,,,N,B,C,A,A,H,-,A,-,0,,,,,Y,,-,"- ",0,0,2,0,0,0,0,0,0,"- ","- ",,,"CONTRA COSTA",ANTIOCH,-121.77793121337891,37.957260131835938
8857705,2019,2019-05-17,0701,2019-04-18,0835,5323,609,4,5,5,0701,0,0,0,,0,006,"STERLING HILL DR","HILLCREST AV",43.00,S,N,A,-,N,,,,,,,,,,N,4,0,1,2,A,-,03,22350,1,N,C,C,A,A,H,-,A,A,0,,,,,Y,,A,01,0,0,1,0,0,0,0,0,0,"- ","- ",,,"CONTRA COSTA",ANTIOCH,-121.76077270507812,37.970481872558594
8857709,2019,2019-05-17,0701,2019-04-06,1451,5323,611,6,5,5,0701,0,0,0,,0,006,"HILLCREST AV","DEERFIELD LN",0.00,,Y,A,-,N,,,,,,,,,,Y,4,0,1,2,A,-,03,22350,1,N,C,C,A,A,H,-,A,A,0,,,,,Y,,A,07,0,0,1,0,0,0,0,0,0,"- ","- ",,,"CONTRA COSTA",ANTIOCH,-121.76283264160156,37.973640441894531
8857713,2019,2019-06-03,0701,2019-04-21,1054,5443,106,7,5,5,0701,0,0,0,,0,001,"G ST","DRAKE ST",0.00,,Y,A,-,N,,,,,,,,,,N,4,0,1,2,A,-,09,21801,A,N,D,C,A,A,H,-,A,D,0,,,,,Y,,A,01,0,0,1,0,0,0,0,0,0,"- ","- ",,,"CONTRA COSTA",ANTIOCH,-121.81511688232422,37.99871826171875
8857717,2019,2019-08-26,0701,2019-04-03,1946,5566,305,3,5,5,0701,0,0,0,,0,003,"AUTO CENTER DR","RT 4",0.00,,Y,A,-,Y,CC,4,4,-,-,25.818,R,4,W,Y,4,0,1,2,A,-,09,21453,C,N,D,C,A,A,H,-,C,A,0,,,,,Y,,A,01,0,0,1,0,0,0,0,0,0,"- ","- ",,,"CONTRA COSTA",ANTIOCH,-121.84099578857422,38.004928588867188
8857797,2019,2019-05-20,0711,2019-05-05,0909,1080,,7,5,4,0711,0,0,0,,0,003,"23RD ST","DOVER AV",0.00,,Y,A,-,N,,,,,,,,,,Y,4,0,3,2,A,-,12,21453,A,N,D,C,A,A,H,-,A,A,0,,,,,Y,,A,07,0,0,3,0,0,0,0,0,0,"- ","- ",37.958610534667969,-122.34690856933594,"CONTRA COSTA","SAN PABLO",-122.34696960449219,37.958599090576172
8857801,2019,2019-05-20,0711,2019-05-04,0821,1080,BAY,6,5,4,0711,0,0,0,,0,001,"ROAD 20","20TH ST",0.00,,Y,A,-,N,,,,,,,,,,Y,2,0,1,2,A,-,10,21950,A,N,G,B,D,A,H,-,A,D,0,Y,,,,Y,,A,01,1,0,0,0,1,0,0,0,0,"- ","- ",37.963600158691406,-122.34841918945312,"CONTRA COSTA","SAN PABLO",-122.348388671875,37.963508605957031
8857805,2019,2019-05-20,0711,2019-05-01,1546,1045,,3,5,4,0711,0,0,0,,0,001,"11TH ST","LAKE ST",0.00,,Y,A,-,N,,,,,,,,,,Y,4,0,2,3,A,-,09,21803,A,N,D,C,A,A,H,-,A,D,0,,,,,Y,,A,01,0,0,2,0,0,0,0,0,0,"- ","- ",37.972461700439453,-122.35267639160156,"CONTRA COSTA","SAN PABLO",-122.35265350341797,37.972438812255859
8858048,2019,2019-05-22,0714,2019-04-11,1541,144,"19 4",4,5,4,0714,0,0,0,,0,004,"CHILPANCINGO PKWY","OAK GLEN CIR",0.00,,Y,A,-,N,,,,,,,,,,Y,3,0,1,1,A,-,22,23123,,N,A,I,A,A,H,-,A,D,0,,,,,Y,,A,01,0,1,0,0,0,0,0,0,0,"- ","- ",37.977329254150391,-122.08199310302734,"CONTRA COSTA",MARTINEZ,-122.08197021484375,37.977310180664062
8858269,2019,2019-05-23,0714,2019-03-04,0810,130,13-4,1,5,4,0714,0,0,0,,0,004,"MORELLO PARK DR","MORELLO AV",0.00,,Y,A,-,N,,,,,,,,,,N,4,0,1,2,A,-,03,22350,,N,C,C,A,B,H,-,A,A,0,,,,,Y,,A,01,0,0,1,0,0,0,0,0,0,"- ","- ",38.001861572265625,-122.10185241699219,"CONTRA COSTA",MARTINEZ,-122.10179138183594,38.000579833984375
8858284,2019,2019-05-24,0702,2019-04-14,1143,573J,308B,7,5,3,0702,0,0,0,,0,003,"GARIN PKY","BALFOUR RD",0.00,,Y,A,-,N,,,,,,,,,,Y,3,0,1,2,A,-,09,21802,A,N,D,C,A,A,H,-,D,A,0,,,,,Y,,A,01,0,1,0,0,0,0,0,0,0,"- ","- ",37.925689697265625,-121.6826171875,"CONTRA COSTA",BRENTWOOD,-121.68263244628906,37.925670623779297
8858288,2019,2019-05-24,0702,2019-04-19,1445,606J,307B,5,5,3,0702,0,0,0,,0,003,"2ND ST","CENTRAL BL",286.00,E,N,A,-,N,,,,,,,,,,N,3,0,1,2,A,-,09,21801,A,N,A,C,A,A,H,-,A,D,0,,,,,Y,,A,01,0,1,0,0,0,0,0,0,0,"- ","- ",37.937480926513672,-121.70018005371094,"CONTRA COSTA",BRENTWOOD,-121.69851684570312,37.9373779296875
8858292,2019,2019-05-24,0702,2019-04-23,1536,490M,123B,2,5,3,0702,0,0,0,,0,001,"SAND CREEK RD","MINNESOTA AV",33.00,E,N,A,-,N,,,,,,,,,,Y,2,0,4,2,A,-,03,22350,,N,C,C,A,A,H,-,A,A,0,,,,,Y,,A,01,1,3,0,0,0,0,0,0,0,"- ","- ",37.945011138916016,-121.71440124511719,"CONTRA COSTA",BRENTWOOD,-121.71430206298828,37.94512939453125
8858294,2019,2019-05-30,0701,2019-02-26,0750,3361,204,2,5,5,0701,0,0,0,,0,002,"E 18TH ST","A ST",0.00,,Y,A,-,N,,,,,,,,,,N,3,0,1,2,A,-,11,21453,D,N,G,G,A,A,H,-,A,A,0,,Y,,,Y,,L,04,0,1,0,0,0,0,1,0,0,"- ","- ",,,"CONTRA COSTA",ANTIOCH,-121.8060302734375,38.004898071289062
8858296,2019,2019-05-24,0702,2019-04-08,1705,550D,415B,1,5,3,0702,0,0,0,,0,004,"CENTRAL BL","MINNESOTA AV",0.00,,Y,A,-,N,,,,,,,,,,N,4,0,1,2,A,-,12,21453,A,N,D,C,A,A,H,-,A,A,0,,,,,Y,,A,07,0,0,1,0,0,0,0,0,0,"- ","- ",37.93267822265625,-121.71456909179688,"CONTRA COSTA",BRENTWOOD,-121.71450805664062,37.932689666748047
8858300,2019,2019-05-23,0702,2019-04-20,0018,590C,310B,6,5,3,0702,0,0,0,,0,003,"OAK ST","BRENTWOOD BL",0.00,,Y,A,-,N,,,,,,,,,,N,3,0,1,2,A,-,03,22350,,M,C,C,A,A,H,-,C,A,0,,,,,Y,,A,01,0,1,0,0,0,0,0,0,0,"- ","- ",37.932460784912109,-121.69431304931641,"CONTRA COSTA",BRENTWOOD,-121.69599151611328,37.931980133056641
8858304,2019,2019-05-23,0702,2019-04-20,0735,606J,202B,6,5,3,0702,0,0,0,,0,002,"BRENTWOOD BL","SAND CREEK RD",221.00,N,N,A,-,N,,,,,,,,,,N,3,0,1,2,A,-,09,21804,A,N,G,B,E,A,H,-,A,A,0,Y,,,,Y,,A,07,0,1,0,0,1,0,0,0,0,"- ","- ",37.946590423583984,-121.69606781005859,"CONTRA COSTA",BRENTWOOD,-121.69619750976562,37.94732666015625
8858308,2019,2019-05-23,0702,2019-04-13,1105,573J,418B,6,5,3,0702,0,0,0,,0,004,"BALFOUR RD","FAIRVIEW AV",237.00,W,N,A,-,N,,,,,,,,,,Y,3,0,1,1,A,-,04,21703,,N,E,J,A,A,H,-,A,D,0,,,Y,,Y,,C,02,0,1,0,0,0,0,0,0,1,"- ","- ",37.925251007080078,-121.72358703613281,"CONTRA COSTA",BRENTWOOD,-121.72462463378906,37.925411224365234
8858312,2019,2019-05-23,0702,2019-04-24,1602,490M,113B,3,5,3,0702,0,0,0,,0,001,"CENTRAL BL","GRIFFITH LN",0.00,,Y,A,-,N,,,,,,,,,,N,3,0,2,2,A,-,12,21453,A,N,D,C,A,A,H,-,A,A,0,,,,,Y,,A,01,0,2,0,0,0,0,0,0,0,"- ","- ",37.934398651123047,-121.70683288574219,"CONTRA COSTA",BRENTWOOD,-121.70683288574219,37.934429168701172
8858316,2019,2019-05-23,0702,2019-04-26,0702,490M,229B,5,5,3,0702,0,0,0,,0,002,"CAPER DR","SAVORY DR",0.00,,Y,A,-,N,,,,,,,,,,Y,3,0,1,2,A,-,08,22107,,N,A,C,A,A,H,-,A,D,0,,,,,Y,,A,01,0,1,0,0,0,0,0,0,0,"- ","- ",37.947978973388672,-121.70343780517578,"CONTRA COSTA",BRENTWOOD,-121.70377349853516,37.947788238525391
8858320,2019,2019-05-23,0702,2019-04-20,2306,574D,422B,6,5,3,0702,0,0,0,,0,004,"CONTINENTE AV","LAURIAN LN",138.00,W,N,A,-,N,,,,,,,,,,N,4,0,1,1,A,-,08,22107,,N,A,I,A,A,H,-,C,D,0,,,,,Y,,A,01,0,0,1,0,0,0,0,0,0,"- ","- ",37.9215087890625,-121.70712280273438,"CONTRA COSTA",BRENTWOOD,-121.70724487304688,37.921665191650391
8858505,2019,2019-05-31,0701,2019-02-04,1555,3398,209,1,5,5,0701,0,0,0,,0,002,"E 18TH ST","WILLOW AV",0.00,,Y,B,-,N,,,,,,,,,,Y,4,0,1,2,A,-,00,22106,I,N,D,C,A,B,H,-,A,A,0,,,,,Y,,A,08,0,0,1,0,0,0,0,0,0,"- ","- ",,,"CONTRA COSTA",ANTIOCH,-121.76909637451172,38.004951477050781
8858517,2019,2019-05-31,0701,2019-02-27,1128,5323,615,3,5,5,0701,0,0,0,,0,006,"LONE TREE WY","SLATTEN RANCH RD",142.00,W,N,A,-,N,,,,,,,,,,Y,4,0,1,2,A,-,03,22350,I,N,C,C,A,A,H,-,A,A,0,,,,,Y,,A,01,0,0,1,0,0,0,0,0,0,"- ","- ",,,"CONTRA COSTA",ANTIOCH,-121.73753356933594,37.961738586425781
8858525,2019,2019-05-23,0701,2019-02-27,0528,4164,207,3,5,5,0701,0,0,0,,0,002,"HILLCREST AV","SUNSET DR",0.00,,Y,B,C,N,,,,,,,,,,N,4,0,1,2,A,-,11,21456,B,N,G,B,B,B,H,-,C,A,0,Y,,,,Y,,N,60,0,0,1,0,1,0,0,0,0,"- ","- ",,,"CONTRA COSTA",ANTIOCH,-121.78611755371094,37.9976806640625