CASE_ID,ACCIDENT_YEAR,PROC_DATE,JURIS,COLLISION_DATE,COLLISION_TIME,OFFICER_ID,REPORTING_DISTRICT,DAY_OF_WEEK,CHP_SHIFT,POPULATION,CNTY_CITY_LOC,SPECIAL_COND,BEAT_TYPE,CHP_BEAT_TYPE,CITY_DIVISION_LAPD,CHP_BEAT_CLASS,BEAT_NUMBER,PRIMARY_RD,SECONDARY_RD,DISTANCE,DIRECTION,INTERSECTION,WEATHER_1,WEATHER_2,STATE_HWY_IND,CALTRANS_COUNTY,CALTRANS_DISTRICT,STATE_ROUTE,ROUTE_SUFFIX,POSTMILE_PREFIX,POSTMILE,LOCATION_TYPE,RAMP_INTERSECTION,SIDE_OF_HWY,TOW_AWAY,COLLISION_SEVERITY,NUMBER_KILLED,NUMBER_INJURED,PARTY_COUNT,PRIMARY_COLL_FACTOR,PCF_CODE_OF_VIOL,PCF_VIOL_CATEGORY,PCF_VIOLATION,PCF_VIOL_SUBSECTION,HIT_AND_RUN,TYPE_OF_COLLISION,MVIW,PED_ACTION,ROAD_SURFACE,ROAD_COND_1,ROAD_COND_2,LIGHTING,CONTROL_DEVICE,CHP_ROAD_TYPE,PEDESTRIAN_ACCIDENT,BICYCLE_ACCIDENT,MOTORCYCLE_ACCIDENT,TRUCK_ACCIDENT,NOT_PRIVATE_PROPERTY,ALCOHOL_INVOLVED,STWD_VEHTYPE_AT_FAULT,CHP_VEHTYPE_AT_FAULT,COUNT_SEVERE_INJ,COUNT_VISIBLE_INJ,COUNT_COMPLAINT_PAIN,COUNT_PED_KILLED,COUNT_PED_INJURED,COUNT_BICYCLIST_KILLED,COUNT_BICYCLIST_INJURED,COUNT_MC_KILLED,COUNT_MC_INJURED,PRIMARY_RAMP,SECONDARY_RAMP,LATITUDE,LONGITUDE,COUNTY,CITY,POINT_X,POINT_Y
8886336,2019,2019-07-11,0702,2019-05-14,1525,521M,310B,2,5,3,0702,0,0,0,,0,003,"BRENTWOOD BL","FIR ST",75.00,N,N,A,-,N,,,,,,,,,,N,2,0,2,3,A,-,11,21954,A,N,G,B,D,A,H,-,A,D,0,Y,,,,Y,Y,N,60,1,1,0,0,2,0,0,0,0,"- ","- ",37.927501678466797,-121.69245147705078,"CONTRA COSTA",BRENTWOOD,-121.69258117675781,37.927658081054688
8886340,2019,2019-07-11,0702,2019-05-10,2219,590C,202B,5,5,3,0702,0,0,0,,0,002,"SAND CREEK RD","BRENTWOOD BL",0.00,,Y,A,-,N,,,,,,,,,,N,4,0,1,2,A,-,09,21453,C,N,B,C,A,A,H,-,C,A,0,,,,,Y,,D,22,0,0,1,0,0,0,0,0,0,"- ","- ",37.946590423583984,-121.69606781005859,"CONTRA COSTA",BRENTWOOD,-121.69619750976562,37.946720123291016
8886348,2019,2019-07-16,0702,2019-05-13,2330,558T,308B,1,5,3,0702,0,0,0,,0,003,"CHESTNUT ST","2ND ST",14.00,W,N,B,-,N,,,,,,,,,,N,4,0,1,3,A,-,08,22107,,M,B,E,A,B,H,-,D,D,0,,,,,Y,,A,01,0,0,1,0,0,0,0,0,0,"- ","- ",37.931900024414062,-121.69280242919922,"CONTRA COSTA",BRENTWOOD,-121.69277191162109,37.932147979736328
8886352,2019,2019-07-10,0702,2019-05-17,1059,607W,312B,5,5,3,0702,0,0,0,,0,003,"CENTRAL BL","DAINTY AV",0.00,,Y,A,-,N,,,,,,,,,,Y,3,0,1,2,A,-,12,21453,A,N,D,C,A,A,H,-,A,A,0,,,,,Y,,A,07,0,1,0,0,0,0,0,0,0,"- ","- ",37.932979583740234,-121.71224975585938,"CONTRA COSTA",BRENTWOOD,-121.71221923828125,37.932979583740234
8886489,2019,2019-07-17,0708,2019-06-06,1927,262,,4,5,5,0708,0,0,0,,0,002,"RAILROAD AV","CENTRAL AV",59.00,W,N,A,-,N,,,,,,,,,,Y,4,0,4,2,A,-,08,22107,,N,D,C,A,A,H,-,A,A,0,,,,,Y,,A,01,0,0,4,0,0,0,0,0,0,"- ","- ",38.025299072265625,-121.88629913330078,"CONTRA COSTA",PITTSBURG,-121.88658905029297,38.025115966796875
8886527,2019,2019-07-19,0702,2019-06-09,1757,590C,229B,7,5,3,0702,0,0,0,,0,002,"SAND CREEK RD","OHARA AV",0.00,,Y,A,-,N,,,,,,,,,,N,3,0,1,2,A,-,03,22350,,N,C,C,A,A,H,-,A,A,0,,,,,Y,Y,A,01,0,1,0,0,0,0,0,0,0,"- ","- ",37.945041656494141,-121.70501708984375,"CONTRA COSTA",BRENTWOOD,-121.70514678955078,37.945041656494141
8886531,2019,2019-07-19,0702,2019-06-11,2000,609C,121B,2,5,3,0702,0,0,0,,0,001,"SAND CREEK RD","SAND CREEK CROSSING",0.00,,Y,A,-,N,,,,,,,,,,N,3,0,1,2,A,-,10,21950,,N,G,B,B,A,H,-,A,A,0,Y,,,,Y,,A,01,0,1,0,0,1,0,0,0,0,"- ","- ",37.943660736083984,-121.73813629150391,"CONTRA COSTA",BRENTWOOD,-121.73770904541016,37.943519592285156
8886535,2019,2019-07-24,0702,2019-06-04,1543,521M,123B,2,5,3,0702,0,0,0,,0,001,"MINNESOTA AV","CENTRAL BL",0.00,,Y,A,-,N,,,,,,,,,,N,3,0,1,2,A,-,"- ",,,N,D,C,A,A,H,-,A,A,0,,,,,Y,,-,"- ",0,1,0,0,0,0,0,0,0,"- ","- ",37.93267822265625,-121.71444702148438,"CONTRA COSTA",BRENTWOOD,-121.71450805664062,37.932689666748047
8888221,2019,2019-07-05,0705,2019-05-16,0826,E196,TRAFF,4,5,3,0705,0,0,0,,0,010,"WALDO AV","LIBERTY ST",0.00,,Y,B,C,N,,,,,,,,,,Y,4,0,1,4,A,-,12,22450,A,M,D,C,A,B,H,-,A,A,0,,,,,Y,Y,A,07,0,0,1,0,0,0,0,0,0,"- ","- ",37.910781860351562,-122.30462646484375,"CONTRA COSTA","EL CERRITO",-122.30464172363281,37.910728454589844
8888891,2019,2019-07-12,0709,2019-06-11,2116,432,1100,2,5,4,0709,0,0,0,,0,001,"TAYLOR BL","GRAYSON RD",0.00,,Y,A,-,N,,,,,,,,,,Y,3,0,1,2,A,-,09,21800,D,N,D,C,A,A,H,-,D,B,0,,,,,Y,,A,71,0,1,0,0,0,0,0,0,0,"- ","- ",37.947700500488281,-122.08989715576172,"CONTRA COSTA","PLEASANT HILL",-122.09011840820312,37.947738647460938
8888895,2019,2019-09-16,0709,2019-06-07,1107,447,2170,5,5,4,0709,0,0,0,,0,001,"CONTRA COSTA BL","W HOOKSTON RD",25.00,S,N,A,-,N,,,,,,,,,,Y,3,0,1,3,A,-,08,22107,,N,C,C,A,A,H,-,A,D,0,,,,,Y,,A,01,0,1,0,0,0,0,0,0,0,"- ","- ",37.939949035644531,-122.06133270263672,"CONTRA COSTA","PLEASANT HILL",-122.06076049804688,37.940483093261719
8888907,2019,2019-10-09,0701,2019-05-03,1334,5319,507,5,5,5,0701,0,0,0,,0,005,"HILLCREST AV","EAST TREGALLAS RD",60.00,S,N,A,-,N,,,,,,,,,,Y,4,0,1,3,A,-,03,22350,,N,C,C,A,A,H,-,A,A,0,,,,,Y,,A,01,0,0,1,0,0,0,0,0,0,"- ","- ",,,"CONTRA COSTA",ANTIOCH,-121.78472900390625,37.994716644287109
8888921,2019,2019-07-15,0701,2019-06-25,1011,4265,603,2,5,5,0701,0,0,0,,0,006,"COUNTRY HILLS DR","MONTARA DR",15.00,E,N,A,-,N,,,,,,,,,,Y,4,0,1,4,A,-,03,22350,1,N,C,C,A,A,H,-,A,D,0,,,,,Y,,A,07,0,0,1,0,0,0,0,0,0,"- ","- ",,,"CONTRA COSTA",ANTIOCH,-121.77345275878906,37.972221374511719
8888925,2019,2019-08-28,0701,2019-06-11,1337,4265,303,2,5,5,0701,0,0,0,,0,003,"SOMERSVILLE RD","RT 4",0.00,,Y,A,-,Y,CC,4,4,-,-,25.876,R,4,E,N,3,0,1,2,A,-,09,21453,B,N,D,G,A,A,H,-,A,A,0,,Y,,,Y,,D,22,0,1,0,0,0,0,1,0,0,"- ","- ",,,"CONTRA COSTA",ANTIOCH,-121.84012603759766,38.004550933837891
8888929,2019,2019-07-15,0701,2019-06-11,1152,5319,207,2,5,5,0701,0,0,0,,0,002,"SUNSET DR","DEVPAR CT",60.00,E,-,A,-,N,,,,,,,,,,Y,4,0,2,2,A,-,03,22350,,N,A,C,A,A,H,-,A,D,0,,,,,Y,,A,01,0,0,2,0,0,0,0,0,0,"- ","- ",,,"CONTRA COSTA",ANTIOCH,-121.79041290283203,37.997669219970703
8888933,2019,2019-07-11,0701,2019-05-20,0841,4265,309,1,5,5,0701,0,0,0,,0,005,"L ST","SYCAMORE DR",0.00,,Y,A,-,N,,,,,,,,,,N,4,0,1,2,A,-,03,22350,,N,C,C,A,A,H,-,A,A,0,,,,,Y,,D,22,0,0,1,0,0,0,0,0,0,"- ","- ",,,"CONTRA COSTA",ANTIOCH,-121.82022094726562,38.003620147705078
8888969,2019,2019-07-09,0701,2019-05-23,1946,5730,402,4,5,5,0701,0,0,0,,0,004,"GENTRYTOWN DR","JAMES DONLON BL",0.00,,Y,A,-,N,,,,,,,,,,N,2,0,1,2,A,-,11,21950,B,N,A,B,B,A,H,-,A,A,0,Y,,,,Y,,A,01,1,0,0,0,1,0,0,0,0,"- ","- ",,,"CONTRA COSTA",ANTIOCH,-121.83563232421875,37.983230590820312
8888973,2019,2019-07-09,0709,2019-05-20,1027,403,3200,1,5,4,0709,0,0,0,,0,001,"CONTRA COSTA BL","OAK PARK BL",0.00,,Y,B,-,N,,,,,,,,,,Y,3,0,3,2,A,-,03,22350,,N,C,C,A,A,H,-,A,A,0,,,,,Y,,A,07,0,3,0,0,0,0,0,0,0,"- ","- ",37.932998657226562,-122.06079864501953,"CONTRA COSTA","PLEASANT HILL",-122.060776,37.933432000000003
8889009,2019,2019-07-09,0701,2019-05-30,1226,5320,503,4,5,5,0701,0,0,0,,0,005,"LONE TREE WY","SUNSET LN",0.00,,Y,A,-,N,,,,,,,,,,N,4,0,1,2,A,-,12,21453,A,N,D,C,A,A,H,-,A,A,0,,,,,Y,,A,01,0,0,1,0,0,0,0,0,0,"- ","- ",,,"CONTRA COSTA",ANTIOCH,-121.80563354492188,37.983390808105469
8889013,2019,2019-07-09,0701,2019-05-13,1950,5537,615,1,5,5,0701,0,0,0,,0,006,"LONE TREE WY","SLATTEN RANCH RD",0.00,,Y,A,-,N,,,,,,,,,,Y,4,0,1,2,A,-,12,22450,,N,D,C,A,A,H,-,A,A,0,,,,,Y,,A,01,0,0,1,0,0,0,0,0,0,"- ","- ",,,"CONTRA COSTA",ANTIOCH,-121.73703765869141,37.961738586425781
8889017,2019,2019-07-09,0701,2019-05-12,1653,5963,205,7,5,5,0701,0,0,0,,0,002,"BRYAN AV","MCGINLEY AV",0.00,,Y,A,-,N,,,,,,,,,,N,4,0,1,2,A,-,09,21801,A,N,D,C,A,A,H,-,A,D,0,,,,,Y,,A,01,0,0,1,0,0,0,0,0,0,"- ","- ",,,"CONTRA COSTA",ANTIOCH,-121.80412292480469,37.999488830566406
8889021,2019,2019-07-09,0701,2019-05-24,1126,2372,208,5,5,5,0701,0,0,0,,0,002,"HILLCREST AV","RT 4",0.00,,Y,A,-,N,,,,,,,,,,N,4,0,1,1,A,-,08,22107,,M,F,A,A,A,H,-,A,A,0,,,Y,,Y,,C,02,0,0,1,0,0,0,0,0,1,"- ","- ",,,"CONTRA COSTA",ANTIOCH,-121.78543853759766,37.996349334716797
8889022,2019,2019-07-09,0701,2019-06-06,2000,5730,408,4,5,5,0701,0,0,0,,0,004,"FITZUREN RD","G ST",0.00,,Y,A,-,N,,,,,,,,,,Y,2,0,1,2,A,-,12,21453,A,N,D,C,A,A,H,-,B,A,0,,,,,Y,,A,01,1,0,0,0,0,0,0,0,0,"- ","- ",,,"CONTRA COSTA",ANTIOCH,-121.81575012207031,37.997539520263672
8889026,2019,2019-07-09,0709,2019-06-27,1701,432,3110,4,5,4,0709,0,0,0,,0,001,"CONTRA COSTA BL","CONTRA COSTA BL 1900",0.00,,Y,A,-,N,,,,,,,,,,N,3,0,1,2,A,-,11,21954,A,N,G,B,D,A,H,-,A,D,0,Y,,,,Y,,N,60,0,1,0,0,1,0,0,0,0,"- ","- ",37.948001861572266,-122.05899810791016,"CONTRA COSTA","PLEASANT HILL",-122.06020700000001,37.948920999999999
8889030,2019,2019-07-09,0709,2019-06-30,2156,457,1190,7,5,4,0709,0,0,0,,0,001,"CONTRA COSTA BL","DORIS DR",4.00,N,N,A,-,N,,,,,,,,,,N,3,0,1,1,A,-,03,22350,,N,H,A,A,A,H,-,C,D,0,,,Y,,Y,,C,02,0,1,0,0,0,0,0,0,1,"- ","- ",37.952999114990234,-122.05899810791016,"CONTRA COSTA","PLEASANT HILL",-122.06024169921875,37.953369140625
8889042,2019,2019-07-11,0701,2019-06-19,0927,3657,510,3,5,5,0701,0,0,0,,0,005,"LONE TREE WY","COUNTRY HILLS DR",0.00,,Y,A,-,N,,,,,,,,,,Y,4,0,1,2,A,-,12,21453,A,N,D,C,A,A,H,-,A,A,0,,,,,Y,,A,01,0,0,1,0,0,0,0,0,0,"- ","- ",,,"CONTRA COSTA",ANTIOCH,-121.78588104248047,37.968120574951172
8889046,2019,2019-07-26,0701,2019-06-28,1034,3657,604,5,5,5,0701,0,0,0,,0,006,"LONE TREE WY","SAGEBRUSH DR",0.00,,Y,A,-,N,,,,,,,,,,Y,4,0,1,2,A,-,12,21453,A,N,D,C,A,A,H,-,A,A,0,,,,,Y,,-,"- ",0,0,1,0,0,0,0,0,0,"- ","- ",,,"CONTRA COSTA",ANTIOCH,-121.77259063720703,37.963821411132812
8889109,2019,2019-07-10,0701,2019-06-12,1302,5319,505,3,5,5,0701,0,0,0,,0,005,"GOLF COURSE RD","CACHE PEAK DR",8.00,W,N,A,-,N,,,,,,,,,,Y,4,0,1,1,A,-,03,22350,,N,E,I,A,A,H,-,A,D,0,,,,,Y,,A,01,0,0,1,0,0,0,0,0,0,"- ","- ",,,"CONTRA COSTA",ANTIOCH,-121.80339050292969,37.974681854248047
8889113,2019,2019-07-10,0701,2019-06-02,1748,5323,504,7,5,5,0701,0,0,0,,0,005,"LONE TREE WY","EAGLERIDGE DR",157.00,W,N,A,-,N,,,,,,,,,,Y,2,0,1,1,A,-,03,22350,,N,A,I,A,A,H,-,A,A,0,,,Y,,Y,,C,02,1,0,0,0,0,0,0,0,1,"- ","- ",,,"CONTRA COSTA",ANTIOCH,-121.7969970703125,37.971698760986328
8889117,2019,2019-08-06,0701,2019-06-06,1138,5803,301,4,5,5,0701,0,0,0,,0,003,"DELTA FAIR BL","CENTURY BL",0.00,,Y,A,-,N,,,,,,,,,,N,4,0,3,2,A,-,12,21453,A,N,B,C,A,A,H,-,A,A,0,,,,,Y,,A,01,0,0,3,0,0,0,0,0,0,"- ","- ",,,"CONTRA COSTA",ANTIOCH,-121.8555908203125,38.007640838623047
8889301,2019,2019-07-10,0701,2019-02-27,1507,5236,606,3,5,5,0701,0,0,0,,0,006,"SAND CREEK RD","DEER VALLEY RD",0.00,,Y,B,-,N,,,,,,,,,,N,4,0,1,4,C,-,18,,,N,C,E,A,B,H,-,A,D,0,,,,,Y,,-,"- ",0,0,1,0,0,0,0,0,0,"- ","- ",,,"CONTRA COSTA",ANTIOCH,-121.77754974365234,37.949020385742188
8889625,2019,2019-07-22,0704,2019-06-30,1727,0585,,7,5,6,0704,0,0,0,,0,003,"MONUMENT BL","OAK GROVE RD",0.00,,Y,A,-,N,,,,,,,,,,N,4,0,1,2,A,-,11,21950,B,N,B,B,B,A,H,-,A,A,0,Y,,,,Y,Y,N,60,0,0,1,0,1,0,0,0,0,"- ","- ",,,"CONTRA COSTA",CONCORD,-122.03897857666016,37.956409454345703
8889640,2019,2019-08-14,0704,2019-07-02,1638,602,,2,5,6,0704,0,0,0,,0,005,"YGNACIO VALLEY RD","CAMPUS DR",214.00,E,N,A,-,N,,,,,,,,,,Y,3,0,2,3,A,-,03,22350,,N,C,C,A,A,H,-,A,A,0,,,,,Y,,-,,0,1,1,0,0,0,0,0,0,"- ","- ",,,"CONTRA COSTA",CONCORD,-121.9775390625,37.947902679443359
8889644,2019,2019-08-14,0704,2019-07-03,1849,523,,3,5,6,0704,0,0,0,,0,006,"KIRKER PASS RD","CLEARBROOK DR",172.00,N,N,A,-,N,,,,,,,,,,Y,4,0,1,2,A,-,03,22350,,N,C,C,A,A,H,-,A,D,0,,,,,Y,,A,01,0,0,1,0,0,0,0,0,0,"- ","- ",,,"CONTRA COSTA",CONCORD,-121.94084930419922,37.962944030761719
8889648,2019,2019-08-14,0704,2019-07-08,1143,606,,1,5,6,0704,0,0,0,,0,005,"CLAYTON RD","CHESTNUT AV",546.00,E,N,A,-,N,,,,,,,,,,N,3,0,1,2,A,-,00,22804,A,N,D,G,A,A,H,-,A,A,0,,Y,,,Y,,L,04,0,1,0,0,0,0,1,0,0,"- ","- ",,,"CONTRA COSTA",CONCORD,-122.01268005371094,37.970893859863281
8889827,2019,2019-07-18,0701,2019-04-05,2010,5898,601,5,5,5,0701,0,0,0,,0,006,"HILLCREST AV","WILDFLOWER DR",10.00,W,N,A,-,N,,,,,,,,,,N,4,0,1,2,A,-,17,21100,3,N,D,C,A,A,H,-,C,D,0,,,Y,,Y,,-,"- ",0,0,1,0,0,0,0,0,1,"- ","- ",,,"CONTRA COSTA",ANTIOCH,-121.781982421875,37.988368988037109
8890208,2018,2019-07-09,0701,2018-09-15,1050,4111,403,6,5,5,0701,0,0,0,,0,004,"SILVERADO DR","JAMES DONLON BL",0.00,,Y,A,-,N,,,,,,,,,,Y,4,0,1,2,A,-,12,22450,A,N,D,C,A,A,H,-,A,A,0,,,,,Y,,A,01,0,0,1,0,0,0,0,0,0,"- ","- ",,,"CONTRA COSTA",ANTIOCH,-121.83914184570312,37.983291625976562
8890628,2019,2019-07-10,0704,2019-06-13,1247,0537,,4,5,6,0704,0,0,0,,0,002,"WILLOW PASS RD","FRANQUETTE AV",395.00,W,N,A,-,N,,,,,,,,,,N,3,0,1,1,A,-,01,23152,A,N,F,I,A,A,H,-,A,A,0,,,,,Y,Y,A,01,0,1,0,0,0,0,0,0,0,"- ","- ",37.969379425048828,-122.06076049804688,"CONTRA COSTA",CONCORD,-122.05191040039062,37.968879699707031
8890699,2019,2019-07-11,0706,2019-05-29,1412,212,84,3,5,3,0706,0,0,0,,0,002,"TOYON CT","CHESTNUT DR",0.00,,Y,A,-,N,,,,,,,,,,Y,3,0,3,2,A,-,08,22100,B,N,E,I,A,A,H,-,A,B,0,,,,,Y,,A,07,0,1,2,0,0,0,0,0,0,"- ","- ",,,"CONTRA COSTA",HERCULES,-122.26061248779297,38.007499694824219
8890720,2019,2019-08-28,0740,2019-05-25,1505,SR084,SR72,6,5,4,0791,0,0,0,,0,003,"BOLLINGER CANYON RD","RT 680",0.00,,Y,A,-,Y,CC,4,680,-,R,2.670,R,4,N,Y,4,0,1,3,A,-,12,21453,A,N,D,C,A,A,H,-,A,A,0,,,,,Y,,A,01,0,0,1,0,0,0,0,0,0,"- ",NF,37.759990692138672,-121.96539306640625,"CONTRA COSTA","SAN RAMON",-121.96358489990234,37.757373809814453
8891361,2018,2019-07-19,0710,2018-11-15,0854,1687,NORTH,4,5,5,0710,0,0,0,,0,007,"SAN PABLO AV","MACDONALD AV",0.00,,Y,A,-,N,,,,,,,,,,Y,4,0,1,4,A,-,08,22107,,F,A,C,A,A,H,-,A,A,0,,,,,Y,,A,01,0,0,1,0,0,0,0,0,0,"- ","- ",37.932151794433594,-122.32318878173828,"CONTRA COSTA",RICHMOND,-122.32337951660156,37.932281494140625
8891362,2018,2019-07-19,0710,2018-11-19,1727,1749,NORTH,1,5,5,0710,0,0,0,,0,007,"23RD ST","PREBLE AV",82.00,S,N,A,-,N,,,,,,,,,,N,3,0,1,2,A,-,08,22107,,N,B,C,A,A,H,-,C,A,0,,,,,Y,,A,01,0,1,0,0,0,0,0,0,0,"- ","- ",37.937461853027344,-122.34735870361328,"CONTRA COSTA",RICHMOND,-122.34754180908203,37.937446594238281
8891363,2018,2019-07-19,0710,2018-11-06,0747,1687,CENTR,2,5,5,0710,0,0,0,,0,005,"RICHMOND PKWY","W BARRETT AV",467.00,N,N,A,-,N,,,,,,,,,,Y,4,0,2,2,A,-,08,22107,,N,C,C,A,A,H,-,A,D,0,,,,,Y,,A,01,0,0,2,0,0,0,0,0,0,"- ","- ",,,"CONTRA COSTA",RICHMOND,-122.37045288085938,37.939739227294922
8891364,2018,2019-07-19,0710,2018-11-05,1705,1546,CENTR,1,5,5,0710,0,0,0,,0,004,"RHEEM AV","20TH ST",220.00,E,N,A,-,N,,,,,,,,,,N,4,0,1,2,A,-,10,21950,A,N,-,-,D,A,H,-,B,D,0,Y,,,,Y,,A,01,0,0,1,0,1,0,0,0,0,"- ","- ",37.949569702148438,-122.35018920898438,"CONTRA COSTA",RICHMOND,-122.34938049316406,37.9495849609375
8891365,2018,2019-07-19,0710,2018-11-10,0148,1605,NORTH,6,5,5,0710,0,0,0,,0,007,"GAYNOR AV","28TH ST",0.00,,Y,A,-,N,,,,,,,,,,Y,4,0,4,3,A,-,12,22450,A,N,D,C,A,A,H,-,C,A,0,,,,,Y,,A,01,0,0,4,0,0,0,0,0,0,"- ","- ",,,"CONTRA COSTA",RICHMOND,-122.34092712402344,37.944358825683594
8891366,2018,2019-07-19,0710,2018-11-19,2136,1548,SOUTH,1,5,5,0710,0,0,0,,0,003,"CUTTING BL","S 49TH ST",0.00,,Y,A,-,N,,,,,,,,,,Y,4,0,2,2,A,-,09,21801,A,N,A,C,A,A,H,-,C,D,0,,,,,Y,,A,07,0,0,2,0,0,0,0,0,0,"- ","- ",,,"CONTRA COSTA",RICHMOND,-122.32357788085938,37.925548553466797
8891367,2018,2019-07-19,0710,2018-11-05,1433,1380,CENTR,1,5,5,0710,0,0,0,,0,004,"NEVIN AV","20TH ST",0.00,,Y,A,-,N,,,,,,,,,,Y,2,0,1,2,A,-,12,22450,A,N,D,C,A,A,H,-,A,D,0,,,Y,,Y,,C,06,1,0,0,0,0,0,0,0,1,"- ","- ",,,"CONTRA COSTA",RICHMOND,-122.35054016113281,37.936840057373047
8891368,2018,2019-07-19,0710,2018-11-15,1740,1748,NORTH,4,5,5,0710,0,0,0,,0,007,"AMADOR ST","MCBRYDE AV",0.00,,Y,A,-,N,,,,,,,,,,Y,4,0,1,3,A,-,00,20001,,N,C,C,A,A,H,-,C,A,0,,,,,Y,,D,22,0,0,1,0,0,0,0,0,0,"- ","- ",37.948680877685547,-122.32572174072266,"CONTRA COSTA",RICHMOND,-122.32569122314453,37.948760986328125
8891369,2018,2019-07-19,0710,2018-11-08,0940,1476,,4,5,5,0710,0,0,0,,0,,"CUTTING BL","S 22ND ST",2.00,S,N,A,-,N,,,,,,,,,,N,4,0,1,2,A,-,09,21802,A,N,D,C,A,A,H,-,A,D,0,,,,,Y,,A,01,0,0,1,0,0,0,0,0,0,"- ","- ",,,"CONTRA COSTA",RICHMOND,-122.34856414794922,37.925197601318359
8891370,2018,2019-07-19,0710,2018-11-21,1122,1745,CENTR,3,5,5,0710,0,0,0,,0,004,"BARRETT AV","22ND ST",0.00,,N,A,B,N,,,,,,,,,,Y,4,0,1,2,A,-,03,22350,,N,D,D,A,A,H,-,A,A,0,,,,,Y,,A,01,0,0,1,0,0,0,0,0,0,"- ","- ",37.938289642333984,-122.34835815429688,"CONTRA COSTA",RICHMOND,-122.34855651855469,37.938461303710938
8891371,2018,2019-07-22,0710,2018-11-23,1748,1733,,5,5,5,0710,0,0,0,,0,,"RHEEM AV","20TH ST",6.00,W,N,C,-,N,,,,,,,,,,Y,4,0,1,6,A,-,03,22350,,N,C,E,A,B,H,-,C,D,0,,,,,Y,,D,72,0,0,1,0,0,0,0,0,0,"- ","- ",,,"CONTRA COSTA",RICHMOND,-122.35015869140625,37.949581146240234
8891372,2018,2019-07-22,0710,2018-11-06,0800,1760,NORTH,2,5,5,0710,0,0,0,,0,009,"VALLEY VIEW RD","FLEETWOOD DR",130.00,E,N,A,-,N,,,,,,,,,,Y,2,0,1,1,A,-,08,22107,,N,F,A,A,A,H,-,A,A,0,,,,,Y,,A,01,1,0,0,0,0,0,0,0,0,"- ","- ",37.975540161132812,-122.29067230224609,"CONTRA COSTA",RICHMOND,-122.29060363769531,37.975059509277344
8891373,2018,2019-07-19,0710,2018-11-09,1252,1560,CENTR,5,5,5,0710,0,0,0,,0,006,"MACDONALD AV","MACDONALD AV 1190",30.00,N,N,A,-,N,,,,,,,,,,N,4,0,1,2,D,-,00,,,N,G,B,D,A,H,-,A,D,0,Y,,,,Y,Y,-,"- ",0,0,1,0,1,0,0,0,0,"- ","- ",,,"CONTRA COSTA",RICHMOND,,
8891374,2018,2019-07-19,0710,2018-11-22,1240,1745,CENTR,4,5,5,0710,0,0,0,,0,006,"RICHMOND PKWY","W MACDONALD AV",0.00,S,N,B,-,N,,,,,,,,,,N,2,0,4,2,A,-,12,21453,A,F,C,C,A,B,H,-,A,A,0,,,,,Y,,A,01,1,0,3,0,0,0,0,0,0,"- ","- ",,,"CONTRA COSTA",RICHMOND,-122.37296295166016,37.935909271240234
8891375,2018,2019-07-19,0710,2018-11-24,1858,1730,NORTH,6,5,5,0710,0,0,0,,0,007,"28TH ST","GARVIN AV",0.00,,Y,A,-,N,,,,,,,,,,Y,4,0,1,2,A,-,12,22450,A,N,G,B,B,A,H,-,C,A,0,Y,,,,Y,,A,01,0,0,1,0,1,0,0,0,0,"- ","- ",,,"CONTRA COSTA",RICHMOND,-122.34091949462891,37.943660736083984
8891377,2018,2019-07-19,0710,2018-11-30,1740,1717,NORTH,5,5,5,0710,0,0,0,,0,008,"GIANT HWY","ATLAS RD",714.00,S,N,A,-,N,,,,,,,,,,Y,4,0,1,2,A,-,05,21650,,N,A,C,A,A,H,-,C,A,0,,,,,Y,,A,01,0,0,1,0,0,0,0,0,0,"- ","- ",37.996559143066406,-122.34818267822266,"CONTRA COSTA",RICHMOND,-122.35019683837891,37.995506286621094
8891378,2018,2019-07-19,0710,2018-11-21,1401,1560,CENTR,3,5,5,0710,0,0,0,,0,006,"2ND ST","CHANSLOR AV",0.00,,Y,A,-,N,,,,,,,,,,Y,4,0,2,3,A,-,03,22350,,F,D,E,A,A,H,-,A,A,0,,,,,Y,Y,A,01,0,0,2,0,0,0,0,0,0,"- ","- ",37.932579040527344,-122.36762237548828,"CONTRA COSTA",RICHMOND,-122.36765289306641,37.932449340820312
8891379,2018,2019-07-22,0710,2018-11-22,1938,1732,NORTH,4,5,5,0710,0,0,0,,0,008,"HILLTOP MALL RD","SHANE DR",430.00,N,N,C,-,N,,,,,,,,,,N,4,0,1,2,D,-,00,,,M,G,B,C,B,H,-,C,D,0,Y,,,,Y,,-,"- ",0,0,1,0,1,0,0,0,0,"- ","- ",37.978141784667969,-122.32894134521484,"CONTRA COSTA",RICHMOND,-122.32869720458984,37.978168487548828
8891380,2018,2019-07-19,0710,2018-11-25,1553,1717,CENTR,7,5,5,0710,0,0,0,,0,006,"CHANSLOR AV","5TH ST",40.00,E,N,A,-,N,,,,,,,,,,N,3,0,1,1,A,-,03,22350,,N,F,A,A,A,H,-,A,A,0,,,Y,,Y,,C,06,0,1,0,0,0,0,0,0,1,"- ","- ",37.932540893554688,-122.36466979980469,"CONTRA COSTA",RICHMOND,-122.36457061767578,37.932453155517578
8891382,2018,2019-07-19,0710,2018-11-28,1720,1224,CENTR,3,5,5,0710,0,0,0,,0,005,"PENNSYLVANIA AV","7TH ST",0.00,,Y,B,-,N,,,,,,,,,,Y,4,0,1,2,A,-,12,21453,A,F,D,C,A,A,H,-,C,A,0,,,,,Y,,A,01,0,0,1,0,0,0,0,0,0,"- ","- ",,,"CONTRA COSTA",RICHMOND,-122.36258697509766,37.942581176757812
8891383,2018,2019-07-19,0710,2018-11-13,1651,1496,SOUTH,2,5,5,0710,0,0,0,,0,003,"BAYVIEW AV","S 58TH ST",0.00,,Y,B,-,N,,,,,,,,,,N,3,0,1,2,A,-,11,21954,A,F,G,B,D,A,H,-,A,D,0,Y,,,,Y,Y,N,60,0,1,0,0,1,0,0,0,0,"- ","- ",37.915611267089844,-122.31465911865234,"CONTRA COSTA",RICHMOND,-122.31453704833984,37.915611267089844