CASE_ID,ACCIDENT_YEAR,PROC_DATE,JURIS,COLLISION_DATE,COLLISION_TIME,OFFICER_ID,REPORTING_DISTRICT,DAY_OF_WEEK,CHP_SHIFT,POPULATION,CNTY_CITY_LOC,SPECIAL_COND,BEAT_TYPE,CHP_BEAT_TYPE,CITY_DIVISION_LAPD,CHP_BEAT_CLASS,BEAT_NUMBER,PRIMARY_RD,SECONDARY_RD,DISTANCE,DIRECTION,INTERSECTION,WEATHER_1,WEATHER_2,STATE_HWY_IND,CALTRANS_COUNTY,CALTRANS_DISTRICT,STATE_ROUTE,ROUTE_SUFFIX,POSTMILE_PREFIX,POSTMILE,LOCATION_TYPE,RAMP_INTERSECTION,SIDE_OF_HWY,TOW_AWAY,COLLISION_SEVERITY,NUMBER_KILLED,NUMBER_INJURED,PARTY_COUNT,PRIMARY_COLL_FACTOR,PCF_CODE_OF_VIOL,PCF_VIOL_CATEGORY,PCF_VIOLATION,PCF_VIOL_SUBSECTION,HIT_AND_RUN,TYPE_OF_COLLISION,MVIW,PED_ACTION,ROAD_SURFACE,ROAD_COND_1,ROAD_COND_2,LIGHTING,CONTROL_DEVICE,CHP_ROAD_TYPE,PEDESTRIAN_ACCIDENT,BICYCLE_ACCIDENT,MOTORCYCLE_ACCIDENT,TRUCK_ACCIDENT,NOT_PRIVATE_PROPERTY,ALCOHOL_INVOLVED,STWD_VEHTYPE_AT_FAULT,CHP_VEHTYPE_AT_FAULT,COUNT_SEVERE_INJ,COUNT_VISIBLE_INJ,COUNT_COMPLAINT_PAIN,COUNT_PED_KILLED,COUNT_PED_INJURED,COUNT_BICYCLIST_KILLED,COUNT_BICYCLIST_INJURED,COUNT_MC_KILLED,COUNT_MC_INJURED,PRIMARY_RAMP,SECONDARY_RAMP,LATITUDE,LONGITUDE,COUNTY,CITY,POINT_X,POINT_Y
8925643,2019,2019-09-04,0709,2019-08-12,0805,403,1040,1,5,4,0709,0,0,0,,0,002,"TAYLOR BL","PLEASANT HILL RD",0.00,,Y,A,-,N,,,,,,,,,,Y,3,0,1,2,A,-,12,21453,A,N,D,C,A,A,H,-,A,A,0,,,,,Y,,A,08,0,1,0,0,0,0,0,0,0,"- ","- ",37.954090118408203,-122.08757019042969,"CONTRA COSTA","PLEASANT HILL",-122.08799743652344,37.954181671142578
8925647,2019,2019-09-04,0709,2019-08-03,1717,455,2170,6,5,4,0709,0,0,0,,0,001,"GREGORY LN","CLEAVELAND RD",0.00,,Y,A,-,N,,,,,,,,,,Y,3,0,2,2,A,-,12,21453,A,N,D,C,A,A,H,-,E,A,0,,,,,Y,,A,07,0,2,0,0,0,0,0,0,0,"- ","- ",37.948028564453125,-122.06440734863281,"CONTRA COSTA","PLEASANT HILL",-122.064208984375,37.947978973388672
8925684,2019,2019-09-09,0710,2019-07-31,1430,1655,CENTR,3,5,5,0710,0,0,0,,0,005,"RICHMOND PKWY","GERTRUDE AV",180.00,S,N,A,-,N,,,,,,,,,,N,3,0,1,2,A,-,08,22107,,F,B,G,A,A,H,-,A,D,0,,Y,,,Y,Y,L,04,0,1,0,0,0,0,1,0,0,"- ","- ",37.954078674316406,-122.37358093261719,"CONTRA COSTA",RICHMOND,-122.37361145019531,37.953567504882812
8925688,2019,2019-09-09,0710,2019-07-30,1456,1637,SOUTH,2,5,5,0710,0,0,0,,0,002,"CUTTING BL","S 19TH ST",0.00,,Y,A,-,N,,,,,,,,,,N,4,0,1,2,A,-,09,21804,A,N,D,C,A,A,H,-,A,D,0,,,,,Y,,A,01,0,0,1,0,0,0,0,0,0,"- ","- ",,,"CONTRA COSTA",RICHMOND,-122.35127258300781,37.925201416015625
8925692,2019,2019-09-09,0710,2019-07-28,1751,1692,NORTH,7,5,5,0710,0,0,0,,0,009,"VALLEY VIEW RD","MAY RD",0.00,,Y,A,-,N,,,,,,,,,,Y,4,0,2,2,A,-,01,23152,A,M,D,C,A,A,H,-,A,A,0,,,,,Y,Y,A,01,0,0,2,0,0,0,0,0,0,"- ","- ",37.972179412841797,-122.28851318359375,"CONTRA COSTA",RICHMOND,-122.28855133056641,37.972091674804688
8925696,2019,2019-09-09,0710,2019-07-28,1652,1714,SOUTH,7,5,5,0710,0,0,0,,0,003,"CARLSON BL","IMPERIAL AV",115.00,N,N,A,-,N,,,,,,,,,,N,4,0,3,2,A,-,03,22350,,F,C,C,A,A,H,-,A,A,0,,,,,Y,,A,01,0,0,3,0,0,0,0,0,0,"- ","- ",,,"CONTRA COSTA",RICHMOND,-122.3189697265625,37.91180419921875
8925700,2019,2019-09-09,0710,2019-07-27,1400,1765,CENTR,6,5,5,0710,0,0,0,,0,005,"HARBOR WY","PENNSYLVANIA AV",15.00,S,N,A,-,N,,,,,,,,,,N,4,0,1,2,A,-,03,22350,,N,C,C,A,-,H,-,A,A,0,,,,,Y,Y,A,08,0,0,1,0,0,0,0,0,0,"- ","- ",,,"CONTRA COSTA",RICHMOND,-122.35996246337891,37.942569732666016
8925704,2019,2019-09-09,0710,2019-07-26,2203,1711,CENTR,5,5,5,0710,0,0,0,,0,005,"BARRETT AV","8TH ST",0.00,,Y,A,-,N,,,,,,,,,,Y,4,0,2,2,A,-,03,22350,,N,B,C,A,A,H,-,C,D,0,,,,,Y,,A,01,0,0,2,0,0,0,0,0,0,"- ","- ",37.938461303710938,-122.36164093017578,"CONTRA COSTA",RICHMOND,-122.36184692382812,37.938518524169922
8925708,2019,2019-10-03,0710,2019-07-24,2200,1730,CENTR,3,5,5,0710,0,0,0,,0,006,"3RD ST","CHANSLOR AV",0.00,,Y,A,-,N,,,,,,,,,,Y,4,0,2,2,A,-,09,21800,,N,B,C,A,A,H,-,C,D,0,,,,,Y,,A,01,0,0,2,0,0,0,0,0,0,"- ","- ",,,"CONTRA COSTA",RICHMOND,-122.36665344238281,37.932449340820312
8925712,2019,2019-09-09,0710,2019-07-22,1233,1380,CENTR,1,5,5,0710,0,0,0,,0,006,"BARRETT AV","MARINA WY",0.00,,Y,A,-,N,,,,,,,,,,N,4,0,2,2,A,-,09,21801,A,N,D,C,A,A,H,-,A,A,0,,,,,Y,,A,01,0,0,2,0,0,0,0,0,0,"- ","- ",,,"CONTRA COSTA",RICHMOND,-122.35616302490234,37.938510894775391
8925716,2019,2019-09-09,0710,2019-07-22,0230,1717,,1,5,5,0710,0,0,0,,0,,"BURBECK AV","21ST ST",40.00,W,N,A,-,N,,,,,,,,,,N,3,0,2,2,A,-,01,23152,A,N,D,E,A,A,H,-,C,A,0,,,,,Y,Y,A,07,0,1,1,0,0,0,0,0,0,"- ","- ",37.942729949951172,-122.34947967529297,"CONTRA COSTA",RICHMOND,-122.34939575195312,37.942741394042969
8925720,2019,2019-09-09,0710,2019-07-21,1016,1224,SOUTH,7,5,5,0710,0,0,0,,0,001,"HARBOUR WY S","CUTTING BL",0.00,,Y,A,-,N,,,,,,,,,,Y,4,0,1,2,A,-,12,21453,A,F,D,C,A,A,H,-,A,A,0,,,,,Y,,A,01,0,0,1,0,0,0,0,0,0,"- ","- ",,,"CONTRA COSTA",RICHMOND,-122.36004638671875,37.925220489501953
8925724,2019,2019-09-09,0710,2019-07-20,2021,1714,CENTR,6,5,5,0710,0,0,0,,0,004,"19TH ST","BARRETT AV",145.00,N,N,A,-,N,,,,,,,,,,N,4,0,2,3,A,-,03,22350,,F,C,E,A,A,H,-,A,D,0,,,,,Y,,A,01,0,0,2,0,0,0,0,0,0,"- ","- ",,,"CONTRA COSTA",RICHMOND,-122.35150146484375,37.938858032226562
8925728,2019,2019-09-09,0710,2019-07-20,1451,1752,CENTR,6,5,5,0710,0,0,0,,0,005,"HARBOUR WY","BARRETT AV",0.00,,Y,A,-,N,,,,,,,,,,Y,4,0,1,3,A,-,12,21453,A,M,D,C,A,A,H,-,A,A,0,,,,,Y,,A,01,0,0,1,0,0,0,0,0,0,"- ","- ",37.938430786132812,-122.35984039306641,"CONTRA COSTA",RICHMOND,-122.36006164550781,37.938358306884766
8925732,2019,2019-09-09,0710,2019-07-19,0850,1754,NORTH,5,5,5,0710,0,0,0,,0,007,"MACDONALD AV","37TH ST",0.00,,Y,A,-,N,,,,,,,,,,N,4,0,1,2,A,-,03,22350,,N,C,C,A,-,H,-,A,D,0,,,,,Y,,A,01,0,0,1,0,0,0,0,0,0,"- ","- ",37.933868408203125,-122.33402252197266,"CONTRA COSTA",RICHMOND,-122.33422088623047,37.933849334716797
8925736,2019,2019-09-09,0710,2019-07-17,1914,1605,CENTR,3,5,5,0710,0,0,0,,0,004,"MACDONALD AV","21ST ST",0.00,,Y,A,-,N,,,,,,,,,,N,2,0,1,2,A,-,03,22350,,N,G,B,B,A,H,-,A,A,0,Y,,,,Y,,A,01,1,0,0,0,1,0,0,0,0,"- ","- ",,,"CONTRA COSTA",RICHMOND,-122.34956359863281,37.935741424560547
8925740,2019,2019-09-09,0710,2019-07-17,1655,1592,SOUTH,3,5,5,0710,0,0,0,,0,002,"CUTTING BL","S 31ST ST",0.00,,Y,A,-,N,,,,,,,,,,N,4,0,2,2,A,-,09,21801,A,N,D,C,A,A,H,-,A,A,0,,,,,Y,,A,01,0,0,2,0,0,0,0,0,0,"- ","- ",,,"CONTRA COSTA",RICHMOND,-122.33950042724609,37.925239562988281
8925744,2019,2019-09-26,0710,2019-07-17,1431,1476,SOUTH,3,5,5,0710,0,0,0,,0,003,"CARLSON BL","SUTTER AV",20.00,W,N,A,-,N,,,,,,,,,,N,4,0,2,2,A,-,09,21801,A,N,D,C,A,A,H,-,A,D,0,,,,,Y,,A,01,0,0,2,0,0,0,0,0,0,"- ","- ",,,"CONTRA COSTA",RICHMOND,-122.30961608886719,37.908962249755859
8925748,2019,2019-09-09,0710,2019-07-15,1415,1655,CENTR,1,5,5,0710,0,0,0,,0,005,"HARBOUR WY","BARRETT AV",0.00,,Y,A,-,N,,,,,,,,,,N,4,0,1,2,A,-,12,21453,,N,D,C,A,A,H,-,A,A,0,,,,,Y,Y,A,01,0,0,1,0,0,0,0,0,0,"- ","- ",,,"CONTRA COSTA",RICHMOND,-122.36006164550781,37.938358306884766
8925752,2019,2019-09-09,0710,2019-07-15,1339,1662,NORTH,1,5,5,0710,0,0,0,,0,007,"BARRETT AV","33RD ST",0.00,,Y,A,-,N,,,,,,,,,,N,2,0,1,2,A,-,10,21950,A,N,G,B,B,A,H,-,A,D,0,Y,,,,Y,,A,01,1,0,0,0,1,0,0,0,0,"- ","- ",37.937110900878906,-122.33689117431641,"CONTRA COSTA",RICHMOND,-122.33719635009766,37.937061309814453
8925756,2019,2019-09-26,0710,2019-07-15,1050,1655,NORTH,1,5,5,0710,0,0,0,,0,007,"AMADOR ST","SOLANO AV",0.00,,Y,A,-,N,,,,,,,,,,N,4,0,1,2,A,-,03,22350,,N,C,C,A,A,H,-,A,A,0,,,,,Y,,A,07,0,0,1,0,0,0,0,0,0,"- ","- ",37.943450927734375,-122.32335662841797,"CONTRA COSTA",RICHMOND,-122.32321166992188,37.943569183349609
8925760,2019,2019-09-09,0710,2019-07-14,2228,1764,,7,5,5,0710,0,0,0,,0,,"CUTTING BL","HARBOUR WY S",40.00,E,N,A,-,N,,,,,,,,,,Y,4,0,1,3,A,-,01,23153,B,N,C,C,A,A,H,-,C,A,0,,,,,Y,Y,A,01,0,0,1,0,0,0,0,0,0,"- ","- ",37.925220489501953,-122.36019897460938,"CONTRA COSTA",RICHMOND,-122.35990905761719,37.925220489501953
8925761,2019,2019-09-06,0710,2019-07-14,1440,1706,SOUTH,7,5,5,0710,0,0,0,,0,001,"DORNAN DR","POSEY AV",1000.00,S,N,A,-,N,,,,,,,,,,N,4,0,1,2,A,-,08,22107,,N,D,C,A,A,H,-,A,D,0,,,Y,,Y,,A,01,0,0,1,0,0,0,0,0,1,"- ","- ",37.919200897216797,-122.38481140136719,"CONTRA COSTA",RICHMOND,-122.38385009765625,37.916599273681641
8925765,2019,2019-09-06,0710,2019-07-14,1030,1445,,7,5,5,0710,0,0,0,,0,,"18TH ST","ESMOND AV",0.00,,Y,A,-,N,,,,,,,,,,N,4,0,1,2,A,-,03,22350,,N,C,C,A,A,H,-,A,A,0,,,,,Y,,-,,0,0,1,0,0,0,0,0,0,"- ","- ",,,"CONTRA COSTA",RICHMOND,-122.35205841064453,37.94525146484375
8925769,2019,2019-09-06,0710,2019-07-13,1805,1730,NORTH,6,5,5,0710,0,0,0,,0,007,"SAN PABLO AV","ROOSEVELT AV",0.00,,Y,A,-,N,,,,,,,,,,Y,4,0,1,2,A,-,08,22107,,N,B,C,A,A,H,-,A,A,0,,,,,Y,,A,01,0,0,1,0,0,0,0,0,0,"- ","- ",,,"CONTRA COSTA",RICHMOND,-122.32582855224609,37.936969757080078
8925773,2019,2019-09-06,0710,2019-07-12,1942,19692,NORTH,5,5,5,0710,0,0,0,,0,008,"RICHMOND PKWY","BLUME DR",0.00,,Y,A,-,N,,,,,,,,,,Y,3,0,1,2,A,-,12,21453,A,N,D,C,A,A,H,-,B,A,0,,,,,Y,,A,01,0,1,0,0,0,0,0,0,0,"- ","- ",37.987049102783203,-122.31694030761719,"CONTRA COSTA",RICHMOND,-122.31696319580078,37.986911773681641
8925777,2019,2019-09-06,0710,2019-07-12,1248,1765,CENTR,5,5,5,0710,0,0,0,,0,005,"BARRETT AV","12TH ST",0.00,,Y,A,-,N,,,,,,,,,,Y,4,0,1,2,A,-,04,21703,,N,C,C,A,A,H,-,A,D,0,,,,,Y,,A,01,0,0,1,0,0,0,0,0,0,"- ","- ",37.938411712646484,-122.35787963867188,"CONTRA COSTA",RICHMOND,-122.35806274414062,37.938499450683594
8925781,2019,2019-09-06,0710,2019-07-10,2118,1343,NORTH,3,5,5,0710,0,0,0,,0,007,"GARVIN AV","24TH ST",0.00,,Y,A,-,N,,,,,,,,,,N,3,0,1,2,A,-,05,21650,1,N,D,G,A,A,H,-,C,A,0,,Y,,,Y,,L,04,0,1,0,0,0,0,1,0,0,"- ","- ",37.943550109863281,-122.34562683105469,"CONTRA COSTA",RICHMOND,-122.34544372558594,37.943649291992188
8925785,2019,2019-09-06,0710,2019-07-06,0011,1729,SOUTH,6,5,5,0710,0,0,0,,0,003,"CENTRAL AV","RYDIN AV",0.00,,Y,A,-,N,,,,,,,,,,N,4,0,1,2,A,-,03,22350,,M,H,G,A,A,H,-,-,A,0,,Y,,,Y,Y,A,01,0,0,1,0,0,0,1,0,0,"- ","- ",,,"CONTRA COSTA",RICHMOND,-122.31671142578125,37.899688720703125
8925789,2019,2019-09-06,0710,2019-07-05,1545,1733,CENTR,5,5,5,0710,0,0,0,,0,006,"12TH ST","BARRETT AV",0.00,,Y,A,-,N,,,,,,,,,,Y,4,0,1,2,A,-,12,21453,A,F,B,C,A,A,H,-,A,A,0,,,,,Y,,A,01,0,0,1,0,0,0,0,0,0,"- ","- ",,,"CONTRA COSTA",RICHMOND,-122.35806274414062,37.938499450683594
8925793,2019,2019-09-06,0710,2019-07-04,2230,1305,NORTH,4,5,5,0710,0,0,0,,0,008,"HILLTOP DR","BLUME DR",25.00,W,N,A,-,N,,,,,,,,,,Y,4,0,1,2,A,-,08,22107,,N,B,C,A,A,H,-,C,A,0,,,Y,,Y,,A,01,0,0,1,0,0,0,0,0,1,"- ","- ",,,"CONTRA COSTA",RICHMOND,-122.32433319091797,37.976814270019531
8925797,2019,2019-09-06,0710,2019-07-04,1913,1714,SOUTH,4,5,5,0710,0,0,0,,0,003,"CARLSON BL","SANTA CRUZ AV",0.00,,Y,A,-,N,,,,,,,,,,Y,3,0,1,2,A,-,08,22107,,N,D,C,A,A,H,-,A,A,0,,,,,Y,,A,01,0,1,0,0,0,0,0,0,0,"- ","- ",37.908439636230469,-122.30880737304688,"CONTRA COSTA",RICHMOND,-122.30898284912109,37.908370971679688
8925801,2019,2019-09-06,0710,2019-07-03,2253,1741,NORTH,3,5,5,0710,0,0,0,,0,007,"MURDOCK ST","CHANSLOR AV",0.00,,Y,A,-,N,,,,,,,,,,N,4,0,1,2,A,-,11,21956,,N,G,B,E,A,H,-,C,D,0,Y,,,,Y,,N,60,0,0,1,0,1,0,0,0,0,"- ","- ",37.931739807128906,-122.34596252441406,"CONTRA COSTA",RICHMOND,-122.34600830078125,37.931961059570312
8925833,2019,2019-09-06,0708,2019-07-22,1816,335,,1,5,5,0708,0,0,0,,0,001,"RAILROAD AV","CALIFORNIA AV",22.00,N,N,A,-,N,,,,,,,,,,N,4,0,1,2,A,-,09,21804,A,N,G,B,B,A,H,-,A,A,0,Y,,,,Y,,A,01,0,0,1,0,1,0,0,0,0,"- ","- ",,,"CONTRA COSTA",PITTSBURG,-121.88915252685547,38.017528533935547
8926018,2019,2019-08-30,0710,2019-01-10,1330,1752,CENTR,4,5,5,0710,0,0,0,,0,005,"5TH ST","RIPLEY AV",0.00,,Y,C,-,N,,,,,,,,,,N,4,0,1,2,A,-,12,22450,A,M,D,D,A,B,H,-,A,D,0,,,,,Y,,A,01,0,0,1,0,0,0,0,0,0,"- ","- ",37.9404296875,-122.36444091796875,"CONTRA COSTA",RICHMOND,-122.36469268798828,37.940319061279297
8926026,2019,2019-09-25,0710,2019-01-10,0805,1652,CENTR,4,5,5,0710,0,0,0,,0,006,"MARINA WAY","BARRETT AV",0.00,,Y,A,-,N,,,,,,,,,,N,4,0,2,2,A,-,12,21453,A,N,B,C,A,A,H,-,A,A,0,,,,,Y,,A,01,0,0,2,0,0,0,0,0,0,"- ","- ",,,"CONTRA COSTA",RICHMOND,-122.35616302490234,37.938510894775391
8926105,2019,2019-08-28,0710,2019-02-01,1440,1748,NORTH,5,5,5,0710,0,0,0,,0,007,"SAN PABLO AV","SOLANO AV",0.00,,Y,C,-,N,,,,,,,,,,Y,4,0,1,2,A,-,08,22107,,F,D,C,A,B,H,-,A,D,0,,,,,Y,,A,07,0,0,1,0,0,0,0,0,0,"- ","- ",37.941951751708984,-122.32845306396484,"CONTRA COSTA",RICHMOND,-122.32827758789062,37.942050933837891
8926869,2019,2019-08-29,0712,2019-07-31,0650,378,,3,5,5,0712,0,0,0,,0,003,"YGNACIO VALLEY RD","WIMBLEDON RD",50.00,E,N,A,-,N,,,,,,,,,,N,4,0,1,3,A,-,03,22350,,N,C,C,A,A,H,-,A,A,0,,,,,Y,,A,01,0,0,1,0,0,0,0,0,0,"- ","- ",,,"CONTRA COSTA","WALNUT CREEK",-122.02902221679688,37.923122406005859
8926873,2019,2019-09-05,0712,2019-08-14,0939,386,,3,5,5,0712,0,0,0,,0,002,"CENTRAL RD","CROKAERST ST",0.00,,Y,A,-,N,,,,,,,,,,Y,4,0,1,2,A,-,09,21800,D,N,D,C,A,A,H,-,A,D,0,,,,,Y,,D,22,0,0,1,0,0,0,0,0,0,"- ","- ",,,"CONTRA COSTA","WALNUT CREEK",-122.0625,37.907341003417969
8926877,2019,2019-08-30,0714,2019-07-30,1532,163,"10 2",2,5,4,0714,0,0,0,,0,002,"ALHAMBRA AV","ALHAMBRA WY",0.00,,Y,A,-,N,,,,,,,,,,N,3,0,1,2,A,-,10,21950,A,N,G,B,B,A,H,-,A,A,0,Y,,,,Y,,D,22,0,1,0,0,1,0,0,0,0,"- ","- ",37.986679077148438,-122.12801361083984,"CONTRA COSTA",MARTINEZ,-122.13208770751953,37.998928070068359
8927095,2019,2019-10-23,0712,2019-08-21,1110,P518,,3,5,5,0712,0,0,0,,0,002,"N MAIN ST","PARKSIDE DR",50.00,N,N,A,-,N,,,,,,,,,,,4,0,1,2,A,-,07,21658,A,N,B,C,A,A,H,-,A,A,0,,,,,Y,,A,08,0,0,1,0,0,0,0,0,0,"- ","- ",,,"CONTRA COSTA","WALNUT CREEK",-122.06545257568359,37.912136077880859
8927305,2019,2019-08-29,0714,2019-07-22,1505,111,09,1,5,4,0714,0,0,0,,0,002,"ALHAMBRA AV","K ST",90.00,N,N,A,-,N,,,,,,,,,,Y,4,0,2,2,A,-,04,21703,,N,C,C,A,A,H,-,A,A,0,,,,,Y,,A,01,0,0,2,0,0,0,0,0,0,"- ","- ",37.996299743652344,-122.13298034667969,"CONTRA COSTA",MARTINEZ,-122.13240814208984,37.997055053710938
8927309,2019,2019-08-29,0714,2019-07-15,0930,108,13-4,1,5,4,0714,0,0,0,,0,004,"ARNOLD DR","SHADOWFALLS DR",150.00,W,N,A,-,N,,,,,,,,,,Y,3,0,1,1,A,-,08,22107,,N,A,I,A,A,H,-,A,A,0,,,,,Y,,A,01,0,1,0,0,0,0,0,0,0,"- ","- ",37.994091033935547,-122.10513305664062,"CONTRA COSTA",MARTINEZ,-122.10562133789062,37.994243621826172
8927366,2019,2019-08-30,0712,2019-08-13,2202,P412,,2,5,5,0712,0,0,0,,0,002,"GEARY RD","PUTNAM BL",0.00,,Y,A,-,N,,,,,,,,,,Y,3,0,4,2,A,-,01,23152,A,N,D,C,A,A,H,-,C,A,0,,,,,Y,Y,A,01,0,1,3,0,0,0,0,0,0,"- ","- ",,,"CONTRA COSTA","WALNUT CREEK",-122.07353973388672,37.92633056640625
8927370,2019,2019-08-30,0712,2019-08-20,1110,P518,,2,5,5,0712,0,0,0,,0,002,"JONES RD","WALDEN RD",0.00,,Y,A,-,N,,,,,,,,,,N,3,0,1,2,A,-,09,21802,A,N,H,G,A,A,H,-,A,A,0,,Y,,,Y,,A,01,0,1,0,0,0,0,1,0,0,"- ","- ",,,"CONTRA COSTA","WALNUT CREEK",-122.06276702880859,37.917270660400391
8927374,2019,2019-08-30,0712,2019-08-18,2000,P545,,7,5,5,0712,0,0,0,,0,001,"LOWER GOLDEN RAIN RD","PINE KNOLL DR",50.00,W,N,A,-,N,,,,,,,,,,Y,4,0,1,2,A,-,03,22350,,N,C,E,A,A,H,-,B,D,0,,,,,Y,,A,01,0,0,1,0,0,0,0,0,0,"- ","- ",,,"CONTRA COSTA","WALNUT CREEK",-122.08321380615234,37.877471923828125
8927528,2019,2019-08-28,0740,2019-07-31,0121,060,72,3,5,4,0791,0,0,0,,0,005,"DOUGHERTY RD","N MONARCH RD",200.00,N,N,A,-,N,,,,,,,,,,Y,4,0,1,1,A,-,03,22350,,N,E,I,A,A,H,-,C,D,0,,,,,Y,,A,07,0,0,1,0,0,0,0,0,0,"- ","- ",37.739368438720703,-121.91383361816406,"CONTRA COSTA","SAN RAMON",-121.92302703857422,37.778392791748047
8927564,2019,2019-09-03,0714,2019-07-07,1625,158,12-4,7,5,4,0714,0,0,0,,0,004,"ARNOLD DR","DOLLAR TREE SHOPPING",38.00,N,N,A,-,N,,,,,,,,,,N,3,0,1,2,D,-,00,,,M,G,B,C,A,H,-,A,D,0,Y,,,,Y,,-,"- ",0,1,0,0,1,0,0,0,0,"- ","- ",37.994861602783203,-122.10723876953125,"CONTRA COSTA",MARTINEZ,-122.10639953613281,37.994499206542969
8927568,2019,2019-08-28,0714,2019-07-04,0237,126,06-2,4,5,4,0714,0,0,0,,0,002,"HOLLY VIEW DR","PINE ST",0.00,,Y,A,-,N,,,,,,,,,,N,3,0,1,3,A,-,01,23152,A,M,C,E,A,A,H,-,C,D,0,,,,,Y,Y,A,01,0,1,0,0,0,0,0,0,0,"- ","- ",38.001579284667969,-122.12274169921875,"CONTRA COSTA",MARTINEZ,-122.12271118164062,38.001548767089844
8927577,2019,2019-09-19,0702,2019-08-01,1617,490M,114B,4,5,3,0702,0,0,0,,0,001,"FAIRVIEW AV","CENTRAL BL",23.00,S,N,A,-,N,,,,,,,,,,N,3,0,1,2,A,-,08,22101,D,N,B,C,A,A,H,-,A,A,0,,,Y,,Y,,D,73,0,1,0,0,0,0,0,0,1,"- ","- ",37.933570861816406,-121.72222137451172,"CONTRA COSTA",BRENTWOOD,-121.72368621826172,37.932586669921875
8927581,2019,2019-09-04,0704,2019-08-25,1128,599,,7,5,6,0704,0,0,0,,0,003,"MONUMENT BL","REGANTI DR",328.00,S,N,A,-,N,,,,,,,,,,Y,4,0,2,2,A,-,08,22107,,N,D,C,A,A,H,-,A,D,0,,,,,Y,Y,D,22,0,0,2,0,0,0,0,0,0,"- ","- ",,,"CONTRA COSTA",CONCORD,-122.04509735107422,37.952083587646484
8927589,2019,2019-09-04,0704,2019-08-09,1541,0537,,5,5,6,0704,0,0,0,,0,004,"WILLOW PASS RD","3RD ST",0.00,,Y,A,-,N,,,,,,,,,,Y,4,0,1,2,A,-,09,21801,A,N,D,C,A,A,H,-,A,A,0,,,Y,,Y,,D,22,0,0,1,0,0,0,0,0,1,"- ","- ",37.979568481445312,-122.02574157714844,"CONTRA COSTA",CONCORD,-122.02620697021484,37.979469299316406
8927843,2019,2019-08-29,0710,2019-04-29,0358,1740,NORTH,1,5,5,0710,0,0,0,,0,008,"RICHMOND PKWY","LAKESIDE DR",17.00,W,N,A,-,N,,,,,,,,,,Y,2,0,1,1,A,-,08,22107,,N,E,I,A,A,H,-,C,A,0,,,,,Y,,A,01,1,0,0,0,0,0,0,0,0,"- ","- ",,,"CONTRA COSTA",RICHMOND,-122.32878112792969,37.990036010742188
8927847,2019,2019-08-29,0710,2019-04-26,0901,1735,NORTH,5,5,5,0710,0,0,0,,0,008,"HILLTOP MALL RD","HILLVIEW DR",0.00,,Y,A,-,N,,,,,,,,,,Y,4,0,1,2,A,-,08,22107,,N,D,C,A,A,H,-,A,D,0,,,,,Y,,A,01,0,0,1,0,0,0,0,0,0,"- ","- ",37.982089996337891,-122.33222961425781,"CONTRA COSTA",RICHMOND,-122.33219146728516,37.981990814208984
8927851,2019,2019-09-13,0710,2019-04-25,0822,1760,NORTH,4,5,5,0710,0,0,0,,0,007,"DOWNER AV","24TH ST",0.00,,Y,A,-,N,,,,,,,,,,N,4,0,1,2,A,-,10,21950,A,N,G,B,D,A,H,-,A,D,0,Y,,,,Y,,A,01,0,0,1,0,1,0,0,0,0,"- ","- ",37.942890167236328,-122.34564208984375,"CONTRA COSTA",RICHMOND,-122.34571075439453,37.942958831787109
8927852,2019,2019-08-29,0710,2019-04-10,2057,1756,NORTH,3,5,5,0710,0,0,0,,0,008,"HILLTOP DR","MOYERS RD",91.00,N,N,A,-,N,,,,,,,,,,N,3,0,1,2,A,-,11,21954,A,N,G,B,D,A,H,-,D,D,0,Y,,,,Y,,N,60,0,1,0,0,1,0,0,0,0,"- ","- ",37.976669311523438,-122.32234954833984,"CONTRA COSTA",RICHMOND,-122.32292175292969,37.976879119873047
8927855,2019,2019-08-29,0710,2019-04-24,2122,1300,SOUTH,3,5,5,0710,0,0,0,,0,001,"DORNAN DR","WESTERN DR",288.00,S,N,A,-,N,,,,,,,,,,Y,4,0,2,2,A,-,06,21751,,F,A,C,A,A,H,-,D,D,0,,,,,Y,,A,01,0,0,2,0,0,0,0,0,0,"- ","- ",37.921268463134766,-122.38529205322266,"CONTRA COSTA",RICHMOND,-122.38587951660156,37.920368194580078
8927856,2019,2019-08-29,0710,2019-04-11,1951,1692,NORTH,4,5,5,0710,0,0,0,,0,007,"GARVIN AV","32ND ST",0.00,,Y,A,-,N,,,,,,,,,,Y,4,0,1,2,A,-,09,21800,A,N,D,C,A,A,H,-,B,A,0,,,,,Y,,A,01,0,0,1,0,0,0,0,0,0,"- ","- ",37.943698883056641,-122.33663940429688,"CONTRA COSTA",RICHMOND,-122.33645629882812,37.943660736083984
8927859,2019,2019-09-13,0710,2019-04-23,0747,1365,CENTR,2,5,5,0710,0,0,0,,0,004,"22ND ST","BARRETT AV",0.00,,Y,A,-,N,,,,,,,,,,N,3,0,2,2,A,-,12,21453,A,N,D,C,A,A,H,-,A,A,0,,,,,Y,,A,01,0,1,1,0,0,0,0,0,0,"- ","- ",37.938289642333984,-122.34835815429688,"CONTRA COSTA",RICHMOND,-122.34855651855469,37.938461303710938
8927860,2019,2019-08-29,0710,2019-04-12,0821,1652,CENTR,5,5,5,0710,0,0,0,,0,004,"HELLINGS AV","20TH ST",0.00,,Y,A,-,N,,,,,,,,,,N,4,0,1,2,A,-,09,21802,A,N,D,C,A,A,H,-,A,A,0,,,,,Y,,A,01,0,0,1,0,0,0,0,0,0,"- ","- ",,,"CONTRA COSTA",RICHMOND,-122.35014343261719,37.9481201171875