CASE_ID,ACCIDENT_YEAR,PROC_DATE,JURIS,COLLISION_DATE,COLLISION_TIME,OFFICER_ID,REPORTING_DISTRICT,DAY_OF_WEEK,CHP_SHIFT,POPULATION,CNTY_CITY_LOC,SPECIAL_COND,BEAT_TYPE,CHP_BEAT_TYPE,CITY_DIVISION_LAPD,CHP_BEAT_CLASS,BEAT_NUMBER,PRIMARY_RD,SECONDARY_RD,DISTANCE,DIRECTION,INTERSECTION,WEATHER_1,WEATHER_2,STATE_HWY_IND,CALTRANS_COUNTY,CALTRANS_DISTRICT,STATE_ROUTE,ROUTE_SUFFIX,POSTMILE_PREFIX,POSTMILE,LOCATION_TYPE,RAMP_INTERSECTION,SIDE_OF_HWY,TOW_AWAY,COLLISION_SEVERITY,NUMBER_KILLED,NUMBER_INJURED,PARTY_COUNT,PRIMARY_COLL_FACTOR,PCF_CODE_OF_VIOL,PCF_VIOL_CATEGORY,PCF_VIOLATION,PCF_VIOL_SUBSECTION,HIT_AND_RUN,TYPE_OF_COLLISION,MVIW,PED_ACTION,ROAD_SURFACE,ROAD_COND_1,ROAD_COND_2,LIGHTING,CONTROL_DEVICE,CHP_ROAD_TYPE,PEDESTRIAN_ACCIDENT,BICYCLE_ACCIDENT,MOTORCYCLE_ACCIDENT,TRUCK_ACCIDENT,NOT_PRIVATE_PROPERTY,ALCOHOL_INVOLVED,STWD_VEHTYPE_AT_FAULT,CHP_VEHTYPE_AT_FAULT,COUNT_SEVERE_INJ,COUNT_VISIBLE_INJ,COUNT_COMPLAINT_PAIN,COUNT_PED_KILLED,COUNT_PED_INJURED,COUNT_BICYCLIST_KILLED,COUNT_BICYCLIST_INJURED,COUNT_MC_KILLED,COUNT_MC_INJURED,PRIMARY_RAMP,SECONDARY_RAMP,LATITUDE,LONGITUDE,COUNTY,CITY,POINT_X,POINT_Y
8946611,2019,2020-01-08,0705,2019-04-05,1546,E201,PATRO,5,5,3,0705,0,0,0,,0,010,"SAN PABLO AV","FAIRMOUNT AV",290.00,N,N,A,-,Y,CC,4,123,-,-,0.210,H,-,N,N,4,0,2,3,A,-,04,21703,,N,C,C,A,A,H,-,A,A,0,,,,,Y,,A,07,0,0,2,0,0,0,0,0,0,"- ","- ",37.900558471679688,-122.30255126953125,"CONTRA COSTA","EL CERRITO",-122.30276489257812,37.901012420654297
8946635,2019,2019-10-02,0708,2019-04-28,1320,369,0,7,5,5,0708,0,0,0,,0,001,"NORTH PARKSIDE DR","DAVI AV",0.00,,Y,A,-,N,,,,,,,,,,Y,4,0,1,2,A,-,03,22350,,N,C,C,A,A,H,-,A,D,0,,,,,Y,,A,07,0,0,1,0,0,0,0,0,0,"- ","- ",,,"CONTRA COSTA",PITTSBURG,-121.89103698730469,38.024509429931641
8946639,2019,2019-10-02,0708,2019-04-23,2140,277,,2,5,5,0708,0,0,0,,0,001,"W 10TH ST","BEACON ST",201.00,W,N,A,-,N,,,,,,,,,,Y,4,0,2,2,A,-,01,23152,A,N,D,C,A,A,H,-,C,A,0,,,,,Y,Y,A,01,0,0,2,0,0,0,0,0,0,"- ","- ",,,"CONTRA COSTA",PITTSBURG,-121.89426422119141,38.029449462890625
8947353,2019,2019-10-07,0708,2019-05-01,1741,341,046,3,5,5,0708,0,0,0,,0,001,"POLARIS DR","BALCLUTHA WY",0.00,,Y,A,-,N,,,,,,,,,,N,4,0,1,2,A,-,12,22450,A,M,D,C,A,A,H,-,A,A,0,,,,,Y,,A,08,0,0,1,0,0,0,0,0,0,"- ","- ",,,"CONTRA COSTA",PITTSBURG,-121.92169189453125,38.022510528564453
8947411,2018,2019-10-07,0704,2018-04-06,1618,0360,,5,5,6,0704,0,0,0,,0,001,"SOLANO WY","BROADMOOR AV",0.00,,Y,C,-,N,,,,,,,,,,Y,4,0,1,2,A,-,03,22350,,N,C,C,A,B,H,-,A,A,0,,,,,Y,,A,07,0,0,1,0,0,0,0,0,0,"- ","- ",,,"CONTRA COSTA",CONCORD,-122.04131317138672,37.989429473876953
8947549,2019,2019-10-09,0706,2019-09-23,1200,H186,84,1,5,3,0706,0,0,0,,0,,"WILLOW AV","CANTERBURY DR",0.00,,Y,A,-,N,,,,,,,,,,N,3,0,1,2,A,-,11,21954,A,N,G,B,D,A,H,-,A,D,0,Y,,,,Y,,N,60,0,1,0,0,1,0,0,0,0,"- ","- ",,,"CONTRA COSTA",HERCULES,-122.25779724121094,38.018001556396484
8947739,2019,2019-10-24,0740,2019-09-24,1509,078,72,2,5,4,0791,0,0,0,,0,006,"DOUGHERTY RD","TRELANY RD",550.00,S,N,A,-,N,,,,,,,,,,Y,4,0,2,2,A,-,07,21658,A,N,C,C,A,A,H,-,A,D,0,,,,Y,Y,,F,55,0,0,2,0,0,0,0,0,0,"- ","- ",37.739368438720703,-121.91383361816406,"CONTRA COSTA","SAN RAMON",,
8948350,2019,2019-09-30,0740,2019-08-16,0755,SR067,SR72,5,5,4,0791,0,0,0,,0,"BEAT 1","WESTSIDE DR","WESTSIDE PL",161.00,S,N,A,-,N,,,,,,,,,,N,3,0,1,2,A,-,08,22107,,M,G,B,E,A,H,-,A,D,0,Y,,,,Y,,A,01,0,1,0,0,1,0,0,0,0,"- ","- ",37.736640930175781,-121.95356750488281,"CONTRA COSTA","SAN RAMON",-121.95419311523438,37.735176086425781
8948354,2019,2019-09-30,0740,2019-08-27,1550,SR030,SR72,2,5,4,0791,0,0,0,,0,"BEAT 5","DOUGHERTY RD","BOLLINGER CANYON RD",0.00,,Y,A,-,N,,,,,,,,,,Y,4,0,1,1,A,-,08,22107,,N,E,I,A,A,H,-,A,A,0,,,,,Y,,A,01,0,0,1,0,0,0,0,0,0,"- ","- ",37.739368438720703,-121.91329193115234,"CONTRA COSTA","SAN RAMON",-121.92510986328125,37.7735595703125
8948358,2019,2019-09-30,0740,2019-08-28,1021,SR085,SR72,3,5,4,0791,0,0,0,,0,"BEAT 5","E BRANCH PKWY","SHERWOOD WY",0.00,,Y,A,-,N,,,,,,,,,,N,3,0,1,2,A,-,10,21950,A,N,G,B,A,A,H,-,A,A,0,,Y,,,Y,,D,22,0,1,0,0,0,0,1,0,0,"- ","- ",37.751678466796875,-121.89840698242188,"CONTRA COSTA","SAN RAMON",-121.89848327636719,37.751651763916016
8948362,2019,2019-09-30,0740,2019-08-29,1317,SR501,SR72,4,5,4,0791,0,0,0,,0,"BEAT 6","BOLLINGER CANYON RD","WINDERMERE PKWY",159.00,N,N,A,-,N,,,,,,,,,,N,3,0,2,2,A,-,03,22350,,N,G,B,F,A,H,-,A,D,0,Y,Y,,,Y,,L,04,0,2,0,0,1,0,1,0,0,"- ","- ",37.763160705566406,-121.90411376953125,"CONTRA COSTA","SAN RAMON",-121.90421295166016,37.763603210449219
8948390,2019,2019-09-30,0740,2019-08-18,1551,SR053,SR72,7,5,4,0791,0,0,0,,0,"BEAT 2","MONTEVIDEO DR","IRON HORSE TRAIL",0.00,,Y,A,-,N,,,,,,,,,,N,2,0,1,2,A,-,09,21804,A,N,H,G,A,A,H,-,A,A,0,,Y,,,Y,,L,04,1,0,0,0,0,0,1,0,0,"- ","- ",37.753528594970703,-121.94756317138672,"CONTRA COSTA","SAN RAMON",-121.947571,37.753537000000001
8948398,2019,2019-10-04,0740,2019-08-14,0843,SR033,SR/72,3,5,4,0791,0,0,0,,0,006,"WINDERMERE PKWY","LONGLEAF CT",330.00,S,N,A,-,N,,,,,,,,,,Y,4,0,4,3,A,-,03,22350,,N,C,C,A,A,H,-,A,D,0,,,,,Y,,A,01,0,0,4,0,0,0,0,0,0,"- ","- ",37.757740020751953,-121.88674163818359,"CONTRA COSTA","SAN RAMON",-121.88723754882812,37.756881713867188
8948726,2019,2019-09-30,0700,2019-09-11,2010,OA032,OAK,3,5,3,0734,0,0,0,,0,053,"NARCISSUS CT","EVERLASTING WY",160.00,S,N,A,-,N,,,,,,,,,,N,3,0,1,2,D,-,00,,,N,G,B,E,A,H,-,D,D,0,Y,,,,Y,,-,"- ",0,1,0,0,1,0,0,0,0,"- ","- ",,,"CONTRA COSTA",OAKLEY,-121.72872924804688,37.973697662353516
8949180,2019,2019-10-18,0702,2019-09-03,0826,521M,113B,2,5,3,0702,0,0,0,,0,001,"GLENWILLOW DR","ALLBROOK DR",143.00,E,N,A,-,N,,,,,,,,,,N,3,0,1,2,A,-,09,21804,A,N,B,C,A,A,H,-,A,D,0,,,,,Y,,A,01,0,1,0,0,0,0,0,0,0,"- ","- ",37.934520721435547,-121.71588134765625,"CONTRA COSTA",BRENTWOOD,-121.71535491943359,37.934562683105469
8949254,2019,2019-10-18,0704,2019-09-14,1011,543,MTDIA,6,5,6,0704,0,0,0,,0,001,"CONCORD AV","MARKET ST",370.00,W,N,A,-,N,,,,,,,,,,N,4,0,2,3,A,-,03,22350,,N,C,C,A,A,H,-,A,A,0,,,,,Y,,A,01,0,0,2,0,0,0,0,0,0,"- ","- ",,,"CONTRA COSTA",CONCORD,-122.04310607910156,37.978839874267578
8949583,2019,2019-10-08,0702,2019-08-29,0603,550D,228B,4,5,3,0702,0,0,0,,0,002,"MEDALLION DR","LONE TREE WY",82.00,N,N,A,-,N,,,,,,,,,,N,3,0,1,1,A,-,08,22107,,N,E,J,A,A,H,-,A,D,0,,,,,Y,,A,01,0,1,0,0,0,0,0,0,0,"- ","- ",37.961639404296875,-121.71861267089844,"CONTRA COSTA",BRENTWOOD,-121.71868133544922,37.961814880371094
8950421,2019,2019-10-10,0703,2019-09-21,2030,C042,042,6,5,3,0703,0,0,0,,0,007,"CLAYTON RD","LYDIA LN",98.00,E,N,A,-,N,,,,,,,,,,Y,2,0,1,2,A,-,11,21954,A,N,G,B,E,A,H,-,C,D,0,Y,,,,Y,,N,60,1,0,0,0,1,0,0,0,0,"- ","- ",37.946498870849609,-121.94724273681641,"CONTRA COSTA",CLAYTON,-121.94730377197266,37.946571350097656
8952815,2019,2019-10-11,0704,2019-08-25,1545,586,,7,5,6,0704,0,0,0,,0,004,"PORT CHICAGO HWY","WILLOW PASS RD",0.00,,Y,A,-,N,,,,,,,,,,Y,3,0,3,2,A,-,12,21453,A,N,D,C,A,A,H,-,A,A,0,,,,,Y,,A,07,0,1,2,0,0,0,0,0,0,"- ","- ",,,"CONTRA COSTA",CONCORD,-122.02960205078125,37.978580474853516
8953309,2019,2019-10-23,0701,2019-09-25,0924,5937,0309,3,5,5,0701,0,0,0,,0,003,"PEPPERRIDGE WY","SYCAMORE DR",0.00,,Y,A,-,N,,,,,,,,,,N,4,0,1,2,A,-,09,21802,A,N,D,C,A,A,H,-,A,D,0,,,,,Y,,I,11,0,0,1,0,0,0,0,0,0,"- ","- ",,,"CONTRA COSTA",ANTIOCH,-121.82100199999999,38.003818000000003
8953325,2019,2019-10-25,0701,2019-08-29,1447,4306,401,4,5,5,0701,0,0,0,,0,004,"GENTRYTOWN DR","PUTNAM ST",0.00,,Y,A,-,N,,,,,,,,,,N,3,0,1,2,A,-,12,22450,,N,D,C,A,A,H,-,A,A,0,,,,,Y,,D,22,0,1,0,0,0,0,0,0,0,"- ","- ",,,"CONTRA COSTA",ANTIOCH,-121.84017944335938,37.990310668945312
8953608,2019,2019-10-15,0704,2019-09-06,1300,0600,,5,5,6,0704,0,0,0,,0,006,"CLAYTON RD","TREAT BL",78.00,E,N,A,-,N,,,,,,,,,,N,3,0,1,2,D,-,00,,,N,D,G,A,A,H,-,A,A,0,,Y,,,Y,,-,"- ",0,1,0,0,0,0,1,0,0,"- ","- ",37.964790344238281,-121.99272155761719,"CONTRA COSTA",CONCORD,-121.99252319335938,37.964683532714844
8953625,2019,2019-10-11,0740,2019-09-04,0837,SR056,SR/72,3,5,4,0791,0,0,0,,0,003,"NORRIS CANYON RD","ANNABEL LN",200.00,E,N,A,-,N,,,,,,,,,,N,4,0,1,2,D,-,00,,,N,H,G,A,A,H,-,A,D,0,,Y,,,Y,,-,"- ",0,0,1,0,0,0,1,0,0,"- ","- ",37.773891448974609,-121.97052001953125,"CONTRA COSTA","SAN RAMON",-121.96999359130859,37.772445678710938
8953629,2019,2019-10-11,0740,2019-09-24,0049,SR099,SR/72,2,5,4,0791,0,0,0,,0,003,"BOLLINGER CANYON RD","ALCOSTA BL",463.00,E,N,A,-,N,,,,,,,,,,Y,4,0,1,1,A,-,01,23152,A,N,E,I,A,A,H,-,C,A,0,,,,,Y,Y,A,01,0,0,1,0,0,0,0,0,0,"- ","- ",37.765750885009766,-121.95189666748047,"CONTRA COSTA","SAN RAMON",-121.95094299316406,37.766704559326172
8953633,2019,2019-11-18,0740,2019-09-07,2255,SR074,SR/72,6,5,4,0791,0,0,0,,0,004,"ALCOSTA BL","FIRCREST LN",209.00,W,N,A,-,N,,,,,,,,,,Y,4,0,4,2,A,-,01,23152,A,N,A,C,A,A,H,-,C,D,0,,,,,Y,,A,01,0,0,4,0,0,0,0,0,0,"- ","- ",37.730899810791016,-121.92890930175781,"CONTRA COSTA","SAN RAMON",-121.92833709716797,37.731552124023438
8953637,2019,2019-11-18,0740,2019-09-19,1151,SR067,SR/72,4,5,4,0791,0,0,0,,0,005,"S DONOVAN WY","CRAIG LEE WY",58.00,S,N,A,-,N,,,,,,,,,,Y,4,0,1,1,A,-,03,22350,,N,E,I,A,A,H,-,A,D,0,,,,,Y,,A,07,0,0,1,0,0,0,0,0,0,"- ","- ",37.76348876953125,-121.89466094970703,"CONTRA COSTA","SAN RAMON",-121.89488220214844,37.763622283935547
8953786,2019,2019-10-25,0704,2019-09-24,0643,0580,"MT DI",2,5,6,0704,0,0,0,,0,004,"PORT CHICAGO HWY","SALVIO ST",0.00,,Y,A,-,N,,,,,,,,,,N,4,0,3,2,A,-,12,21453,A,N,D,D,A,A,H,-,A,A,0,,,,,Y,,I,20,0,0,3,0,0,0,0,0,0,"- ","- ",37.979358673095703,-122.02980804443359,"CONTRA COSTA",CONCORD,-122.03015899658203,37.979698181152344
8953916,2019,2019-10-14,0704,2019-09-27,2048,596,,5,5,6,0704,0,0,0,,0,001,"GRANT ST","GLENBROOK CT",148.00,S,N,A,-,N,,,,,,,,,,Y,4,0,1,3,A,-,01,23152,B,M,D,C,A,A,H,-,C,A,0,,,,,Y,Y,A,01,0,0,1,0,0,0,0,0,0,"- ","- ",,,"CONTRA COSTA",CONCORD,-122.042236328125,37.994674682617188
8953949,2019,2019-10-16,0704,2019-08-31,1818,586,,6,5,6,0704,0,0,0,,0,003,"MONUMENT BL","OAK GROVE RD",0.00,,Y,A,-,N,,,,,,,,,,N,4,0,1,2,A,-,09,21804,A,N,D,C,A,A,H,-,A,A,0,,Y,,,Y,,L,04,0,0,1,0,0,0,1,0,0,"- ","- ",,,"CONTRA COSTA",CONCORD,-122.03897857666016,37.956409454345703
8953958,2019,2019-10-18,0704,2019-09-26,1215,0606,,4,5,6,0704,0,0,0,,0,003,MONUMENT,"COSTCO DRIVE WY",27.00,W,N,A,-,N,,,,,,,,,,N,4,0,1,2,A,-,10,21950,A,N,G,B,B,A,H,-,A,A,0,Y,,,,Y,,A,07,0,0,1,0,1,0,0,0,0,"- ","- ",,,"CONTRA COSTA",CONCORD,-122.03506469726562,37.959079742431641
8953962,2019,2019-10-18,0704,2019-09-23,0749,605,032,1,5,6,0704,0,0,0,,0,004,"PORT CHICAGO HWY","PACHECO ST",0.00,,Y,A,-,N,,,,,,,,,,Y,4,0,1,2,A,-,08,22107,,N,B,C,A,A,H,-,A,A,0,,,,,Y,,-,"- ",0,0,1,0,0,0,0,0,0,"- ","- ",,,"CONTRA COSTA",CONCORD,-122.03064727783203,37.980598449707031
8953966,2019,2019-10-18,0704,2019-09-24,1915,609,VALLE,2,5,6,0704,0,0,0,,0,006,"CLAYTON RD","BAILEY RD",322.00,W,N,A,-,N,,,,,,,,,,Y,2,0,1,2,A,-,09,21801,A,N,H,A,A,A,H,-,B,A,0,,,Y,,Y,,A,01,1,0,0,0,0,0,0,0,1,"- ","- ",,,"CONTRA COSTA",CONCORD,-121.98367309570312,37.96148681640625
8954021,2019,2019-10-16,0711,2019-09-25,2051,1045,BAY,3,5,4,0711,0,0,0,,0,001,"RUMRILL BL","BROOKSIDE DR",307.00,N,N,A,-,N,,,,,,,,,,N,4,0,1,2,A,-,11,21954,A,F,G,B,D,A,H,-,C,D,0,Y,,,,Y,,N,60,0,0,1,0,1,0,0,0,0,"- ","- ",37.964580535888672,-122.35431671142578,"CONTRA COSTA","SAN PABLO",-122.35478973388672,37.964000701904297
8954060,2019,2019-10-15,0709,2019-09-23,1113,447,2160,1,5,4,0709,0,0,0,,0,001,"GREGORY LN","ROLLING GREEN CIR",0.00,,Y,A,-,N,,,,,,,,,,Y,4,0,2,2,A,-,09,21801,A,N,A,C,A,A,H,-,A,A,0,,,,,Y,,D,72,0,0,2,0,0,0,0,0,0,"- ","- ",37.947948455810547,-122.074951171875,"CONTRA COSTA","PLEASANT HILL",-122.074951171875,37.947921752929688
8954068,2019,2019-10-21,0709,2019-09-23,1108,401,1190,1,5,4,0709,0,0,0,,0,001,"GREGORY LN","KAHRS AV",0.00,,Y,A,-,N,,,,,,,,,,Y,3,0,1,2,A,-,09,21801,A,N,D,C,A,A,H,-,A,A,0,,,,Y,Y,,A,01,0,1,0,0,0,0,0,0,0,"- ","- ",37.946998596191406,-122.072998046875,"CONTRA COSTA","PLEASANT HILL",-122.0731201171875,37.947959899902344
8954072,2019,2019-10-24,0709,2019-09-12,2200,466,3120,4,5,4,0709,0,0,0,,0,001,"CONTRA COSTA BL","CRESCENT PLZ",0.00,,Y,A,-,N,,,,,,,,,,Y,3,0,3,2,A,-,12,21453,A,N,D,C,A,A,H,-,C,A,0,,,,,Y,,A,81,0,1,2,0,0,0,0,0,0,"- ","- ",37.946800231933594,-122.06020355224609,"CONTRA COSTA","PLEASANT HILL",-122.06047058105469,37.945339202880859
8954152,2019,2019-11-05,0711,2019-09-05,1207,1045,BAY,4,5,4,0711,0,0,0,,0,001,"EL PORTAL DR","GLENLOCK ST",50.00,E,N,A,-,N,,,80,,,,,,,N,4,0,1,2,A,-,03,22350,,F,C,C,A,A,H,-,A,D,0,,,,,Y,,A,01,0,0,1,0,0,0,0,0,0,"- ","- ",37.965419769287109,-122.32456207275391,"CONTRA COSTA","SAN PABLO",-122.32438659667969,37.965084075927734
8954156,2019,2019-11-05,0711,2019-09-19,1902,1045,BAY,4,5,4,0711,0,0,0,,0,002,"CHURCH LN","VILLA DR",0.00,,Y,A,-,N,,,,,,,,,,N,4,0,1,2,A,-,09,21804,A,N,D,C,A,A,H,-,A,A,0,,,,,Y,,A,01,0,0,1,0,0,0,0,0,0,"- ","- ",37.956439971923828,-122.34237670898438,"CONTRA COSTA","SAN PABLO",-122.34243011474609,37.956409454345703
8954160,2019,2019-11-15,0711,2019-09-13,2050,1045,BAY,5,5,4,0711,0,0,0,,0,002,"LOWELL AV","SAN PABLO AV",87.00,W,N,A,-,N,,,,,,,,,,N,2,0,1,2,D,-,00,,,F,G,B,D,A,H,-,C,D,0,Y,,,,Y,,-,"- ",1,0,0,0,1,0,0,0,0,"- ","- ",37.949249267578125,-122.33210754394531,"CONTRA COSTA","SAN PABLO",-122.33200073242188,37.94921875
8954275,2019,2019-12-20,0740,2019-08-13,1856,SR060,,2,5,4,0791,0,0,0,,0,"BEAT 4","ALCOSTA BL","DAVONA DR",0.00,,-,-,-,N,,,,,,,,,,,3,0,2,3,A,-,12,21453,A,N,-,-,A,-,-,-,-,-,0,,,,,Y,,A,07,0,1,1,0,0,0,0,0,0,"- ","- ",37.724220275878906,-121.93697357177734,"CONTRA COSTA","SAN RAMON",-121.93701171875,37.724361419677734
8954484,2019,2019-10-14,0711,2019-09-06,1508,975,,5,5,4,0711,0,0,0,,0,001,"SAN PABLO AV","EL PORTAL DR",0.00,,Y,A,-,N,,,,,,,,,,N,4,0,1,2,A,-,10,21950,A,F,G,B,B,A,H,-,A,A,0,Y,,,,Y,Y,-,,0,0,1,0,1,0,0,0,0,"- ","- ",,,"CONTRA COSTA","SAN PABLO",-122.34416961669922,37.967418670654297
8954488,2019,2019-10-14,0711,2019-09-20,2208,1033,,5,5,4,0711,0,0,0,,0,001,"11TH ST","PALMER AV",0.00,,Y,A,-,N,,,,,,,,,,N,3,0,1,2,A,-,09,21800,,N,D,G,A,A,H,-,C,D,0,,Y,,,Y,Y,L,04,0,1,0,0,0,0,1,0,0,"- ","- ",,,"CONTRA COSTA","SAN PABLO",-122.35090637207031,37.977588653564453
8954540,2019,2019-10-14,0711,2019-09-21,0851,S1062,BAY,6,5,4,0711,0,0,0,,0,002,"SAN PABLO AV","KIRK LN",0.00,,Y,A,-,N,,,,,,,,,,N,4,0,1,2,A,-,21,22106,,N,G,B,B,A,H,-,A,D,0,Y,,,,Y,,A,07,0,0,1,0,1,0,0,0,0,"- ","- ",37.95098876953125,-122.33238983154297,"CONTRA COSTA","SAN PABLO",-122.33251190185547,37.950920104980469
8955217,2019,2019-10-22,0709,2019-09-12,1300,395,1070,4,5,4,0709,0,0,0,,0,002,"NORSE DR","TYR CT",75.00,N,N,A,-,N,,,,,,,,,,N,2,0,1,2,A,-,07,21658,A,N,C,E,A,A,H,-,A,D,0,,Y,,,Y,,L,04,1,0,0,0,0,0,1,0,0,"- ","- ",37.963310241699219,-122.07421112060547,"CONTRA COSTA","PLEASANT HILL",-122.07430267333984,37.963527679443359
8955221,2019,2019-10-22,0709,2019-09-09,1907,457,1270,1,5,4,0709,0,0,0,,0,001,"MONUMENT BL","RAMONA DR",10.00,W,N,A,-,N,,,,,,,,,,Y,3,0,1,2,A,-,09,21453,C,N,D,C,A,A,H,-,A,A,0,,,Y,,Y,,A,01,0,1,0,0,0,0,0,0,1,"- ","- ",37.945339202880859,-122.05547332763672,"CONTRA COSTA","PLEASANT HILL",-122.05544281005859,37.945293426513672
8955225,2019,2019-10-22,0709,2019-09-24,1357,395,3160,2,5,4,0709,0,0,0,,0,001,"BUSKIRK AV","LAMKIN LN",125.00,S,N,A,-,N,,,,,,,,,,Y,3,0,2,3,A,-,03,22350,,N,C,C,A,A,H,-,A,A,0,,,,,Y,,A,01,0,2,0,0,0,0,0,0,0,"- ","- ",37.944480895996094,-122.05555725097656,"CONTRA COSTA","PLEASANT HILL",-122.05601501464844,37.944126129150391
8955405,2019,2019-10-30,0710,2019-08-24,0148,1747,CENTR,6,5,5,0710,0,0,0,,0,005,"7TH ST","LINCOLN AV",200.00,S,N,A,-,N,,,,,,,,,,Y,2,0,1,6,A,-,03,22350,,M,H,E,A,A,H,-,C,D,0,,,,,Y,Y,A,01,1,0,0,0,0,0,0,0,0,"- ","- ",37.946331024169922,-122.36286163330078,"CONTRA COSTA",RICHMOND,-122.36270904541016,37.945579528808594
8955523,2019,2019-10-18,0704,2019-09-22,2018,0571,,7,5,6,0704,0,0,0,,0,002,"SUNVALLEY BL","CONTRA COSTA BL",280.00,E,N,A,-,N,,,,,,,,,,Y,3,0,6,2,A,-,03,22350,,N,C,C,A,A,H,-,C,A,0,,,,,Y,,A,07,0,1,5,0,0,0,0,0,0,"- ","- ",,,"CONTRA COSTA",CONCORD,-122.06096649169922,37.962905883789062
8955527,2019,2019-10-18,0704,2019-09-20,0725,0426,,5,5,6,0704,0,0,0,,0,003,"DETROIT AV","MONUMENT BL",66.00,E,N,A,-,N,,,,,,,,,,,4,0,1,2,A,-,09,21804,A,F,G,B,F,A,H,-,A,D,0,Y,,,,Y,,-,,0,0,1,0,1,0,0,0,0,"- ","- ",37.959770202636719,-122.03383636474609,"CONTRA COSTA",CONCORD,-122.03352355957031,37.959938049316406
8955547,2019,2019-10-18,0704,2019-09-18,1348,0580,MTDIA,3,5,6,0704,0,0,0,,0,004,"WILLOW PASS RD","ESPERANZA DR",34.00,W,N,B,-,N,,,,,,,,,,,4,0,1,2,A,-,08,22107,,N,D,C,A,A,H,-,A,A,0,,,,,Y,,A,07,0,0,1,0,0,0,0,0,0,"- ","- ",37.980319976806641,-122.02092742919922,"CONTRA COSTA",CONCORD,-122.02130126953125,37.980812072753906
8955683,2019,2019-10-18,0710,2019-08-20,0517,1224,SOUTH,2,5,5,0710,0,0,0,,0,003,"CARLSON BL","SOUTH  41ST ST",0.00,,Y,A,-,N,,,,,,,,,,Y,4,0,1,2,A,-,09,21802,A,N,D,C,A,A,H,-,D,D,0,,,,,Y,,A,01,0,0,1,0,0,0,0,0,0,"- ","- ",,,"CONTRA COSTA",RICHMOND,-122.33168029785156,37.920391082763672
8955687,2019,2019-10-17,0710,2019-08-01,1308,1476,,4,5,5,0710,0,0,0,,0,,"17TH ST","VISALIA AV",62.00,S,N,A,-,N,,,,,,,,,,Y,4,0,1,1,D,-,00,,,N,A,I,A,A,H,-,A,D,0,,,,,Y,,-,"- ",0,0,1,0,0,0,0,0,0,"- ","- ",,,"CONTRA COSTA",RICHMOND,-122.35379791259766,37.946540832519531
8955691,2019,2019-10-18,0710,2019-08-02,1030,1765,CENTR,5,5,5,0710,0,0,0,,0,007,"SAN PABLO AV","ROOSEVELT AV",0.00,,Y,A,-,N,,,,,,,,,,N,3,0,1,2,A,-,08,22101,D,N,B,G,A,-,H,-,A,A,0,,Y,,,Y,,L,04,0,1,0,0,0,0,1,0,0,"- ","- ",37.936851501464844,-122.32550811767578,"CONTRA COSTA",RICHMOND,-122.32582855224609,37.936969757080078
8955695,2019,2019-10-18,0710,2019-08-02,1852,1714,SOUTH,5,5,5,0710,0,0,0,,0,003,"CUTTING BL","S 37TH ST",10.00,W,N,A,-,N,,,,,,,,,,Y,4,0,2,2,A,-,03,22350,,F,C,C,A,A,H,-,A,A,0,,,,,Y,,A,01,0,0,2,0,0,0,0,0,0,"- ","- ",37.925361633300781,-122.33428192138672,"CONTRA COSTA",RICHMOND,-122.33433532714844,37.925338745117188
8955699,2019,2019-10-17,0710,2019-08-02,2141,1733,NORTH,5,5,5,0710,0,0,0,,0,007,"BARRETT AV","24TH ST",1.00,W,N,A,-,N,,,,,,,,,,Y,4,0,1,2,A,-,01,23152,A,N,C,E,A,A,H,-,C,D,0,,,,,Y,Y,A,07,0,0,1,0,0,0,0,0,0,"- ","- ",,,"CONTRA COSTA",RICHMOND,-122.34575653076172,37.938240051269531
8955703,2019,2019-10-21,0710,2019-08-05,1230,1476,SOUTH,1,5,5,0710,0,0,0,,0,003,"S 37TH ST","CENTER AV",7.00,N,N,A,-,N,,,,,,,,,,Y,4,0,1,2,D,-,00,,,N,C,C,A,A,H,-,A,A,0,,,,,Y,,-,"- ",0,0,1,0,0,0,0,0,0,"- ","- ",,,"CONTRA COSTA",RICHMOND,-122.33477020263672,37.930160522460938
8955707,2019,2019-10-22,0710,2019-08-09,1151,1711,NORTH,5,5,5,0710,0,0,0,,0,007,"GAYNOR AV","26TH ST",0.00,,Y,A,-,N,,,,,,,,,,Y,4,0,2,2,A,-,09,21804,,N,D,C,A,A,H,-,A,A,0,,,,,Y,,A,01,0,0,2,0,0,0,0,0,0,"- ","- ",37.944248199462891,-122.34336090087891,"CONTRA COSTA",RICHMOND,-122.34319305419922,37.944358825683594
8955711,2019,2019-10-17,0710,2019-08-09,1902,1637,NORTH,5,5,5,0710,0,0,0,,0,008,"SAN PABLO AV","STANTON AV",450.00,N,N,A,-,N,,,,,,,,,,Y,4,0,1,2,A,-,03,22350,,N,C,C,A,A,H,-,A,D,0,,,,,Y,,A,01,0,0,1,0,0,0,0,0,0,"- ","- ",37.981021881103516,-122.33905792236328,"CONTRA COSTA",RICHMOND,-122.33804321289062,37.981922149658203
8955715,2019,2019-10-17,0710,2019-08-11,1640,1714,SOUTH,7,5,5,0710,0,0,0,,0,003,"CARLSON BL","CARL AV",112.00,S,N,A,-,N,,,,,,,,,,Y,3,0,2,3,A,-,08,22107,,N,C,E,A,A,H,-,A,D,0,,,,,Y,,A,01,0,1,1,0,0,0,0,0,0,"- ","- ",,,"CONTRA COSTA",RICHMOND,-122.31998443603516,37.912330627441406