CASE_ID,ACCIDENT_YEAR,PROC_DATE,JURIS,COLLISION_DATE,COLLISION_TIME,OFFICER_ID,REPORTING_DISTRICT,DAY_OF_WEEK,CHP_SHIFT,POPULATION,CNTY_CITY_LOC,SPECIAL_COND,BEAT_TYPE,CHP_BEAT_TYPE,CITY_DIVISION_LAPD,CHP_BEAT_CLASS,BEAT_NUMBER,PRIMARY_RD,SECONDARY_RD,DISTANCE,DIRECTION,INTERSECTION,WEATHER_1,WEATHER_2,STATE_HWY_IND,CALTRANS_COUNTY,CALTRANS_DISTRICT,STATE_ROUTE,ROUTE_SUFFIX,POSTMILE_PREFIX,POSTMILE,LOCATION_TYPE,RAMP_INTERSECTION,SIDE_OF_HWY,TOW_AWAY,COLLISION_SEVERITY,NUMBER_KILLED,NUMBER_INJURED,PARTY_COUNT,PRIMARY_COLL_FACTOR,PCF_CODE_OF_VIOL,PCF_VIOL_CATEGORY,PCF_VIOLATION,PCF_VIOL_SUBSECTION,HIT_AND_RUN,TYPE_OF_COLLISION,MVIW,PED_ACTION,ROAD_SURFACE,ROAD_COND_1,ROAD_COND_2,LIGHTING,CONTROL_DEVICE,CHP_ROAD_TYPE,PEDESTRIAN_ACCIDENT,BICYCLE_ACCIDENT,MOTORCYCLE_ACCIDENT,TRUCK_ACCIDENT,NOT_PRIVATE_PROPERTY,ALCOHOL_INVOLVED,STWD_VEHTYPE_AT_FAULT,CHP_VEHTYPE_AT_FAULT,COUNT_SEVERE_INJ,COUNT_VISIBLE_INJ,COUNT_COMPLAINT_PAIN,COUNT_PED_KILLED,COUNT_PED_INJURED,COUNT_BICYCLIST_KILLED,COUNT_BICYCLIST_INJURED,COUNT_MC_KILLED,COUNT_MC_INJURED,PRIMARY_RAMP,SECONDARY_RAMP,LATITUDE,LONGITUDE,COUNTY,CITY,POINT_X,POINT_Y
8995561,2019,2020-02-08,0704,2019-12-03,1109,0391,,2,5,6,0704,0,0,0,,0,002,"DETROIT AV","CLAYTON RD",342.00,S,N,A,-,N,,,,,,,,,,N,4,0,1,2,A,-,09,21801,A,N,-,C,A,A,H,-,A,D,0,,,,,Y,,A,01,0,0,1,0,0,0,0,0,0,"- ","- ",,,"CONTRA COSTA",CONCORD,-122.04252624511719,37.970005035400391
8995565,2019,2020-02-06,0704,2019-12-07,1739,609,,6,5,6,0704,0,0,0,,0,001,"MARKET ST","WILLOW PASS RD",0.00,,Y,B,-,N,,,,,,,,,,N,4,0,2,2,-,-,"- ",,,N,D,C,A,B,H,-,C,A,0,,,,,Y,,-,"- ",0,0,2,0,0,0,0,0,0,"- ","- ",,,"CONTRA COSTA",CONCORD,-122.04595184326172,37.9710693359375
8995575,2019,2020-01-09,0704,2019-11-18,1040,605,032,1,5,6,0704,0,0,0,,0,001,"CONCORD AV","HARRISON ST",0.00,,Y,A,-,N,,,,,,,,,,N,4,0,1,2,A,-,10,21950,A,N,G,B,B,A,H,-,A,A,0,Y,,,,Y,,A,01,0,0,1,0,1,0,0,0,0,"- ","- ",,,"CONTRA COSTA",CONCORD,-122.03868865966797,37.977939605712891
8995582,2019,2020-01-07,0708,2019-11-23,0203,359,,6,5,5,0708,0,0,0,,0,,"RAILROAD AV","VICTORY AV",6.00,S,N,A,-,N,,,,,,,,,,Y,3,0,2,2,A,-,01,23153,A,N,A,F,A,A,H,-,C,D,0,,,,,Y,Y,D,22,0,2,0,0,0,0,0,0,0,"- ","- ",,,"CONTRA COSTA",PITTSBURG,-121.88848876953125,38.019535064697266
8995664,2019,2020-01-07,0711,2019-11-26,1631,1045,BAY,2,5,4,0711,0,0,0,,0,003,"23RD ST","EMERIC AV",0.00,,Y,C,-,N,,,,,,,,,,N,2,0,1,2,A,-,09,21801,A,N,D,G,A,B,H,-,A,D,0,,Y,,,Y,,D,22,1,0,0,0,0,0,1,0,0,"- ","- ",37.954158782958984,-122.34731292724609,"CONTRA COSTA","SAN PABLO",-122.34738159179688,37.954170227050781
8995731,2019,2020-01-09,0700,2019-11-22,1533,OA032,OAK,5,5,3,0734,0,0,0,,0,053,"LAUREL RD","ROSE AV",50.00,W,N,A,-,N,,,,,,,,,,N,4,0,2,3,A,-,03,22350,,M,C,C,A,A,H,-,A,A,0,,,,,Y,,A,01,0,0,2,0,0,0,0,0,0,"- ","- ",,,"CONTRA COSTA",OAKLEY,-121.70521545410156,37.983329772949219
8995735,2019,2020-02-19,0711,2019-11-20,1034,1112,RICHM,3,5,4,0711,0,0,0,,0,003,"14TH ST","POST AV",46.00,N,N,A,-,N,,,,,,,,,,N,4,0,1,2,A,-,03,22350,,N,-,B,E,A,H,-,A,D,0,Y,,,,Y,,A,01,0,0,1,0,1,0,0,0,0,"- ","- ",,,"CONTRA COSTA","SAN PABLO",-122.35572814941406,37.957874298095703
8995739,2019,2020-01-09,0711,2019-11-27,1826,1045,BAY,3,5,4,0711,0,0,0,,0,003,"RUMRILL BL","MARKET AV",15.00,S,N,A,-,N,,,,,,,,,,N,4,0,1,2,A,-,03,22350,,F,C,C,A,B,H,-,C,D,0,,,,,Y,,A,01,0,0,1,0,0,0,0,0,0,"- ","- ",37.958808898925781,-122.35671997070312,"CONTRA COSTA","SAN PABLO",-122.35667419433594,37.958808898925781
8995743,2019,2020-01-09,0711,2019-11-09,1007,S1044,0711,6,5,4,0711,0,0,0,,0,001,"MINER AV","E CLP 19TH ST",342.00,E,N,A,-,N,,,,,,,,,,Y,4,0,1,2,A,-,21,22106,,N,B,C,A,A,H,-,A,D,0,,,,,Y,,A,01,0,0,1,0,0,0,0,0,0,"- ","- ",,,"CONTRA COSTA","SAN PABLO",-122.34375762939453,37.975868225097656
8995747,2019,2020-01-09,0711,2019-11-15,2005,1045,BAY,5,5,4,0711,0,0,0,,0,001,"SAN PABLO AV","23RD ST",0.00,,Y,A,-,N,,,,,,,,,,Y,2,0,4,2,A,-,01,23152,A,F,D,C,A,A,H,-,D,A,0,,,,,Y,Y,A,01,1,1,2,0,0,0,0,0,0,"- ","- ",37.962600708007812,-122.34539031982422,"CONTRA COSTA","SAN PABLO",-122.34535217285156,37.962718963623047
8995751,2019,2020-01-09,0714,2019-11-16,1736,159,18-4,6,5,4,0714,0,0,0,,0,004,"MORELLO AV","RT 4",0.00,,Y,A,-,N,,,,,,,,,,Y,4,0,1,2,A,-,12,21453,A,N,A,C,A,A,H,-,C,A,0,,,,,Y,,A,01,0,0,1,0,0,0,0,0,0,"- ",EO,37.990550994873047,-122.10093688964844,"CONTRA COSTA",MARTINEZ,-122.10072326660156,37.991710662841797
8995755,2019,2020-01-09,0714,2019-11-27,1418,129,05-1,3,5,4,0714,0,0,0,,0,001,"ALHAMBRA AV","BROWN ST",0.00,,Y,C,-,N,,,,,,,,,,N,4,0,1,2,A,-,21,22106,,N,D,C,A,B,H,-,A,A,0,,,,,Y,,A,01,0,0,1,0,0,0,0,0,0,"- ","- ",38.009769439697266,-122.13181304931641,"CONTRA COSTA",MARTINEZ,-122.13179016113281,38.009750366210938
8995759,2019,2020-01-09,0714,2019-11-22,0836,129,11-2,5,5,4,0714,0,0,0,,0,002,"PINE ST","RT 4",0.00,,Y,A,-,N,,,,,,,,,,Y,4,0,1,2,A,-,"- ",,,N,B,C,A,A,H,-,A,A,0,,,,,Y,,-,"- ",0,0,1,0,0,0,0,0,0,"- ","- ",38.019371032714844,-122.13413238525391,"CONTRA COSTA",MARTINEZ,-122.120197,37.995002999999997
8995804,2019,2020-02-06,0700,2019-12-01,0702,OA032,,7,5,3,0734,0,0,0,,0,053,"LAUREL RD","EMPIRE AV",55.00,E,-,C,-,N,,,,,,,,,,Y,4,0,2,2,A,-,01,23152,A,N,C,C,A,B,H,-,B,A,0,,,,,Y,Y,A,01,0,0,2,0,0,0,0,0,0,"- ","- ",,,"CONTRA COSTA",OAKLEY,-121.73232269287109,37.983020782470703
8995807,2019,2020-02-13,0704,2019-12-03,1730,613,VALLE,2,5,6,0704,0,0,0,,0,006,"CLAYTON RD","BALHAN DR",0.00,,Y,A,-,N,,,,,,,,,,N,4,0,1,2,A,-,09,21801,A,N,D,C,A,A,H,-,B,A,0,,,,,Y,,A,01,0,0,1,0,0,0,0,0,0,"- ","- ",,,"CONTRA COSTA",CONCORD,-121.96234893798828,37.953838348388672
8996244,2019,2020-01-08,0704,2019-11-27,2214,604,,3,5,6,0704,0,0,0,,0,001,"SOLANO WY","HILLTOP RD",243.00,N,N,A,-,N,,,,,,,,,,Y,4,0,1,2,A,-,03,22350,,M,A,C,A,B,H,-,C,D,0,,,,,Y,,A,01,0,0,1,0,0,0,0,0,0,"- ","- ",,,"CONTRA COSTA",CONCORD,-122.05256652832031,37.995037078857422
8996500,2019,2020-06-29,0712,2019-12-01,0042,P583,,7,5,5,0712,0,0,0,,0,001,"OLYMPIC BL","RT 680",0.00,,Y,C,-,Y,CC,4,680,-,-,13.687,R,4,N,Y,4,0,1,2,A,-,08,22107,,N,D,C,A,B,H,-,C,A,0,,,,,Y,,A,07,0,0,1,0,0,0,0,0,0,"- ","- ",,,"CONTRA COSTA","WALNUT CREEK",-122.06319427490234,37.892215728759766
8996663,2019,2019-12-30,0740,2019-11-21,1745,SR040,SR72,4,5,4,0791,0,0,0,,0,"BEAT 3","CAMINO RAMON","NORRIS CANYON RD",955.00,S,N,A,-,N,,,,,,,,,,N,4,0,1,2,A,-,10,21952,,N,G,B,B,A,H,-,D,A,0,Y,,,,Y,,A,01,0,0,1,0,1,0,0,0,0,"- ","- ",37.777420043945312,-121.96824645996094,"CONTRA COSTA","SAN RAMON",-121.96336364746094,37.772235870361328
8996667,2019,2019-12-30,0740,2019-11-19,1503,SR030,,2,5,4,0791,0,0,0,,0,"BEAT 1","BOLLINGER CANYON RD","NORRIS CANYON RD",0.00,,Y,B,-,N,,,,,,,,,,Y,4,0,1,2,A,-,12,22450,,N,D,C,A,A,H,-,A,A,0,,,,,Y,,-,,0,0,1,0,0,0,0,0,0,"- ","- ",37.763771057128906,-121.98287963867188,"CONTRA COSTA","SAN RAMON",-121.98297119140625,37.763729095458984
8997067,2019,2020-02-08,0712,2019-10-27,1917,P599,,7,5,5,0712,0,0,0,,0,001,"MOUNT DIABLO BL","SOUTH CALIFORNIA BL",0.00,,Y,A,-,N,,,,,,,,,,N,4,0,1,2,A,-,10,21950,A,N,A,B,B,A,H,-,C,A,0,Y,,,,Y,,A,01,0,0,1,0,1,0,0,0,0,"- ","- ",,,"CONTRA COSTA","WALNUT CREEK",-122.06345367431641,37.897361755371094
8997080,2019,2019-12-19,0706,2019-11-10,1326,212,84,7,5,3,0706,0,0,0,,0,001,"SYCAMORE AV","PROMENADE ST",0.00,,Y,A,-,N,,,,,,,,,,Y,3,0,2,2,A,-,08,22103,,N,D,C,A,A,H,-,A,D,0,,,,,Y,,A,01,0,1,1,0,0,0,0,0,0,"- ","- ",,,"CONTRA COSTA",HERCULES,-122.28563690185547,38.017429351806641
8997295,2019,2020-02-12,0704,2019-11-14,0902,594,,4,5,6,0704,0,0,0,,0,005,"COWELL RD","LIMERIDGE DR",0.00,,Y,A,-,N,,,,,,,,,,Y,4,0,1,2,A,-,09,21804,A,N,D,C,A,A,H,-,A,A,0,,,,,Y,,A,01,0,0,1,0,0,0,0,0,0,"- ","- ",,,"CONTRA COSTA",CONCORD,-121.99513244628906,37.948928833007812
8997890,2018,2019-12-14,0710,2018-07-21,0321,1692,NORTH,6,5,5,0710,0,0,0,,0,007,"GARVIN AV","23RD ST",170.00,E,N,A,-,N,,,,,,,,,,Y,3,0,1,3,A,-,01,23152,A,N,B,E,A,A,H,-,C,D,0,,,,,Y,Y,A,07,0,1,0,0,0,0,0,0,0,"- ","- ",37.943778991699219,-122.34767150878906,"CONTRA COSTA",RICHMOND,-122.34748840332031,37.943828582763672
8998422,2019,2020-01-24,0704,2019-11-23,1540,0596,0704,6,5,6,0704,0,0,0,,0,05996,"CLAYTON RD","DETROIT AV",0.00,,Y,A,-,N,,,,,,,,,,Y,4,0,1,2,A,-,12,21453,A,N,D,C,A,A,H,-,A,A,0,,,,,Y,,A,01,0,0,1,0,0,0,0,0,0,"- ","- ",,,"CONTRA COSTA",CONCORD,-122.0430908203125,37.970829010009766
8998426,2019,2020-01-24,0704,2019-11-26,0110,0596,,2,5,6,0704,0,0,0,,0,004,"GALINDO ST","WILLOW PASS RD",0.00,,Y,A,-,N,,,,,,,,,,Y,3,0,1,2,D,-,00,,,N,D,C,A,A,H,-,C,A,0,,,,,Y,,-,"- ",0,1,0,0,0,0,0,0,0,"- ","- ",37.975650787353516,-122.03502655029297,"CONTRA COSTA",CONCORD,-122.03518676757812,37.976039886474609
8998812,2018,2019-12-07,0710,2018-07-20,1630,1619,,5,5,5,0710,0,0,0,,0,,"FRED JACKSON WY",ALAMO,0.00,,Y,A,-,N,,,,,,,,,,Y,4,0,1,2,A,-,00,21800,2,N,B,D,A,A,H,-,A,D,0,,,,,Y,,A,01,0,0,1,0,0,0,0,0,0,"- ","- ",,,"CONTRA COSTA",RICHMOND,-122.36692047119141,37.953369140625
8998826,2018,2020-02-03,0710,2018-08-02,1642,1748,SOUTH,4,5,5,0710,0,0,0,,0,001,"MARINA BAY PKWY","RT 580",0.00,,Y,A,-,Y,CC,4,580,-,R,2.728,R,4,W,N,3,0,1,2,A,-,12,21453,A,N,D,C,A,A,H,-,A,A,0,,,,,Y,Y,A,07,0,1,0,0,0,0,0,0,0,"- ",WF,,,"CONTRA COSTA",RICHMOND,-122.345458984375,37.921878814697266
8998857,2018,2019-12-07,0710,2018-07-07,0039,1705,NORTH,6,5,5,0710,0,0,0,,0,007,"23RD ST","DOWNER AV",18.00,S,N,A,-,N,,,,,,,,,,N,2,0,1,2,A,-,03,22350,,N,C,G,A,A,H,-,C,A,0,,Y,,,Y,Y,-,,1,0,0,0,0,0,1,0,0,"- ","- ",37.942909240722656,-122.34768676757812,"CONTRA COSTA",RICHMOND,-122.34748840332031,37.942909240722656
8998929,2018,2019-12-16,0710,2018-12-12,0800,1745,CENTR,3,5,5,0710,0,0,0,,0,005,"HARBOUR WY","PENNSYLVANIA AV",0.00,,Y,A,-,N,,,,,,,,,,N,4,0,1,2,A,-,03,22350,,N,C,C,A,A,H,-,A,A,0,,,,,Y,,A,01,0,0,1,0,0,0,0,0,0,"- ","- ",,,"CONTRA COSTA",RICHMOND,-122.35996246337891,37.942611694335938
8999483,2018,2019-12-12,0710,2018-12-28,0254,1634,,5,5,5,0710,0,0,0,,0,008,"RICHMOND PKWY","GIANT HWY",795.00,S,N,B,G,N,,,,,,,,,,Y,4,0,2,1,A,-,03,22350,,N,E,I,A,A,H,-,C,D,0,,,,,Y,,-,"- ",0,0,2,0,0,0,0,0,0,"- ","- ",,,"CONTRA COSTA",RICHMOND,-122.35498809814453,37.978775024414062
8999487,2018,2019-12-07,0710,2018-12-20,1813,1407,SOUTH,4,5,5,0710,0,0,0,,0,001,"OHIO AV","SOUTH 8TH ST",84.00,W,N,A,-,N,,,,,,,,,,N,2,0,1,2,A,-,11,21953,,N,A,B,D,A,H,-,C,A,0,Y,,,,Y,,A,01,1,0,0,0,1,0,0,0,0,"- ","- ",,,"CONTRA COSTA",RICHMOND,-122.36224365234375,37.930820465087891
8999792,2018,2019-12-10,0710,2018-09-11,1440,1745,CENTR,2,5,5,0710,0,0,0,,0,006,"BARRETT AV","12TH ST",0.00,,Y,A,-,N,,,,,,,,,,N,4,0,1,3,A,-,12,21453,A,N,C,C,A,A,H,-,A,A,0,,,,,Y,Y,A,01,0,0,1,0,0,0,0,0,0,"- ","- ",37.938411712646484,-122.35787963867188,"CONTRA COSTA",RICHMOND,-122.35806274414062,37.938499450683594
8999796,2018,2019-12-10,0710,2018-09-25,0932,1687,SOUTH,2,5,5,0710,0,0,0,,0,003,"CARLSON BL",RT80,0.00,,Y,A,-,N,,,,,,,,,,Y,4,0,1,2,A,-,09,21801,A,N,D,C,A,A,H,-,A,A,0,,,Y,,Y,,A,08,0,0,1,0,0,0,0,0,1,"- ",WO,,,"CONTRA COSTA",RICHMOND,-122.31717,37.910870000000003
90006238,2015,2015-10-19,9370,2015-07-27,1707,019469,,1,2,5,0710,0,1,1,,2,082,"I-80 E/B","CARLSON BLVD.",1848.00,W,N,A,-,Y,,,80,,,,,,E,N,4,0,1,2,A,-,03,22350,,N,C,C,A,A,H,-,A,D,0,,,,,Y,,A,01,0,0,1,0,0,0,0,0,0,"- ","- ",37.906149999999997,-122.31431000000001,"CONTRA COSTA",RICHMOND,-122.31431615,37.906145780000003
90006258,2015,2015-10-19,9370,2015-07-27,1700,019645,,1,2,5,0710,0,1,1,,2,083,"I-80 E/B","HILLTOP DR.",1737.00,E,N,A,-,Y,,,,,,,,,,Y,4,0,2,4,A,-,03,22350,,N,C,C,A,A,H,-,A,D,0,,,,,Y,,A,01,0,0,2,0,0,0,0,0,0,"- ","- ",37.585160000000002,-122.19002999999999,"CONTRA COSTA",RICHMOND,-122.31682503,37.980796079999998
90006268,2015,2015-10-19,9370,2015-07-27,1450,019469,,1,2,5,0710,0,1,1,,2,083,"I-80 E/B","HILLTOP DRIVE",528.00,W,N,A,-,Y,,,80,,,,,,E,Y,4,0,1,2,A,-,03,22350,,N,C,C,A,A,H,-,A,D,0,,,,,Y,,D,22,0,0,1,0,0,0,0,0,0,"- ","- ",37.972360000000002,-122.31950999999999,"CONTRA COSTA",RICHMOND,-122.3197243,37.972434440000001
90006537,2015,2015-10-19,9320,2015-07-29,1100,012853,,3,1,5,0712,0,1,1,,2,682,"I-680 N/B","OAK PARK BLVD. O/C (NORTH EDGE)",300.00,N,N,A,-,Y,,,,,,,,,,N,4,0,1,2,A,-,07,21658,A,N,B,C,A,A,H,-,A,D,0,,,,,Y,,A,01,0,0,1,0,0,0,0,0,0,"- ","- ",,,"CONTRA COSTA","WALNUT CREEK",-122.06006721,37.934154049999997
90006626,2015,2015-10-19,9320,2015-07-28,1430,013800,,2,2,9,0700,0,1,3,,2,242,"S.R. 242 S/B","CONCORD AVE.",2112.00,S,N,A,-,Y,,,,,,,,,,Y,3,0,1,1,C,-,18,,,N,E,J,A,A,H,-,A,D,0,,,,,Y,,-,"- ",0,1,0,0,0,0,0,0,0,"- ","- ",,,"CONTRA COSTA",UNINCORPORATED,,
90006804,2015,2015-10-19,9320,2015-07-29,1505,010179,,3,2,9,0700,0,2,4,,1,061,"DANVILLE BLVD. C/R","STONE VALLEY ROAD",378.00,N,N,A,-,N,,,,,,,,,,Y,3,0,2,2,A,-,09,21804,,N,B,C,A,A,H,-,A,D,0,,,,,Y,,A,01,0,2,0,0,0,0,0,0,0,"- ","- ",,,"CONTRA COSTA",UNINCORPORATED,-122.03310817000001,37.851185520000001
90006813,2015,2015-10-19,9320,2015-07-27,1530,"10179 ",,1,2,3,0715,0,1,3,,2,241,"S/R 24 E/B","OAK HILL ROAD",138.00,E,N,A,-,Y,,,,,,,,,,Y,3,0,1,2,A,-,07,21658,A,N,B,C,A,A,H,-,A,D,0,,,,,Y,,A,01,0,1,0,0,0,0,0,0,0,"- ","- ",,,"CONTRA COSTA",LAFAYETTE,,
90006831,2015,2015-10-19,9320,2015-07-27,2055,019914,,1,2,9,0700,0,1,3,,2,402,"SR-4 WB","SR-242 CONNECTOR",200.00,W,N,A,-,Y,,,,,,,,,,Y,4,0,1,1,A,-,08,22107,,N,E,I,A,A,H,-,C,D,0,,,,,Y,Y,A,01,0,0,1,0,0,0,0,0,0,"- ","- ",,,"CONTRA COSTA",UNINCORPORATED,,
90006914,2015,2015-10-19,9320,2015-07-28,1856,019190,,2,2,3,0707,0,1,1,,2,180,"I-80 EASTBOUND","PINOLE VALLEY ROAD",1056.00,W,N,B,-,Y,,,80,,,,,,E,Y,4,0,1,3,A,-,03,22350,,N,C,C,A,A,H,-,A,D,0,,,,,Y,,A,01,0,0,1,0,0,0,0,0,0,"- ","- ",37.994990000000001,-122.2899,"CONTRA COSTA",PINOLE,-122.28993208999999,37.995111440000002
90006919,2015,2015-10-19,9320,2015-07-28,1557,019190,,2,2,3,0707,0,1,1,,2,180,"I-80 WESTBOUND TO PINOLE VALLEY RD","PINOLE VALLEY ROAD",100.00,E,N,A,-,Y,,,80,,,,R,,W,Y,4,0,2,3,A,-,03,22350,,N,C,C,A,A,H,-,A,A,0,,,,,Y,,A,01,0,0,2,0,0,0,0,0,0,"- ","- ",37.998179999999998,-122.28572,"CONTRA COSTA",PINOLE,-122.28572,37.998179999999998
90006973,2015,2015-10-19,9320,2015-07-27,1247,018959,,1,1,3,0702,0,1,3,,2,405,"SR-4 E/B","BYRON HWY",40.00,W,N,A,-,Y,,,,,,,,,,Y,4,0,1,2,A,-,03,22350,,N,C,C,A,A,H,-,A,A,0,,,,,Y,,A,01,0,0,1,0,0,0,0,0,0,"- ","- ",,,"CONTRA COSTA",BRENTWOOD,-121.64099725,37.890486080000002
90007026,2015,2015-10-19,9370,2015-07-28,2300,019156,,2,3,5,0710,0,1,1,,2,082,"I-80 E/B","MCDONALD AVENUE",1584.00,W,N,A,-,Y,,,80,,,,,,E,Y,3,0,1,2,A,-,01,23152,A,N,B,C,A,A,H,-,C,D,0,,,,,Y,Y,A,01,0,1,0,0,0,0,0,0,0,"- ","- ",37.928910000000002,-122.32299,"CONTRA COSTA",RICHMOND,-122.32312276,37.928804370000002
90007128,2015,2015-10-19,9370,2015-07-29,1915,018499,,3,2,5,0710,0,1,1,,2,082,"I-80 E/B","CARLSON BLVD",1730.00,W,N,A,-,Y,,,80,,,,,,E,Y,4,0,1,3,A,-,03,22350,,N,C,C,A,A,H,-,A,D,0,,,,,Y,,A,01,0,0,1,0,0,0,0,0,0,"- ","- ",37.906999999999996,-122.3146,"CONTRA COSTA",RICHMOND,-122.31480569999999,37.906858769999999
90007157,2015,2015-10-19,9320,2015-07-24,1647,017906,,5,2,5,0701,0,1,3,,2,404,"SR-4 E/B","SOMERSVILLE RD U/C",528.00,E,N,A,-,Y,,,,,,,,,,N,3,0,1,2,A,-,03,22350,,N,B,C,A,A,H,-,A,D,0,,,Y,,Y,,C,02,0,1,0,0,0,0,0,0,1,"- ","- ",,,"CONTRA COSTA",ANTIOCH,,
90007160,2015,2015-10-19,9320,2015-07-30,0500,019747,,4,3,6,0704,0,1,1,,2,683,"I-680 N/B TO CONCORD AVENUE","BURNETT AVENUE",250.00,S,N,A,-,Y,,,,,,,,,,Y,3,0,1,1,A,-,08,22107,,N,A,J,A,A,H,-,C,D,0,,,,,Y,,A,01,0,1,0,0,0,0,0,0,0,"- ","- ",,,"CONTRA COSTA",CONCORD,,
90007163,2015,2015-10-19,9320,2015-07-31,0949,016094,9320,5,1,5,0701,0,1,3,,2,404,"SR-4 W/B","HILLCREST AVE.",1000.00,W,N,A,-,Y,,,,,,,,,,N,4,0,1,2,A,-,03,22350,,N,C,C,A,A,D,-,A,D,0,,,,,Y,,A,08,0,0,1,0,0,0,0,0,0,"- ","- ",,,"CONTRA COSTA",ANTIOCH,-121.78882292999999,37.996962570000001
90007164,2015,2015-10-19,9320,2015-07-31,1200,019086,,5,1,6,0704,0,1,1,,2,682,"I-680 N/B","CONTRA COSTA BLVD",800.00,S,N,A,-,Y,,,,,,,,,,Y,4,0,2,3,A,-,03,22350,,N,C,C,A,A,H,-,A,D,0,,,,,Y,,D,22,0,0,2,0,0,0,0,0,0,"- ","- ",37.936509999999998,-122.06010000000001,"CONTRA COSTA",CONCORD,,
90007179,2015,2015-10-19,9320,2015-07-27,0850,016713,,1,1,9,0700,0,1,1,,2,683,"N/B I-680","PACHECO BLVD.",528.00,S,N,A,-,Y,,,,,,,,,,Y,3,0,1,1,A,-,07,21658,A,N,E,I,A,A,H,-,A,D,0,,,,,Y,,A,07,0,1,0,0,0,0,0,0,0,"- ","- ",,,"CONTRA COSTA",UNINCORPORATED,,
90007204,2015,2015-10-19,9320,2015-07-31,2135,020026,,5,2,9,0700,0,1,1,,2,180,"EASTBOUND SR-4","I-680 UNDERCROSSING",50.00,E,N,A,-,Y,,,,,,,,,,Y,3,0,1,1,A,-,01,23152,A,N,E,I,A,A,H,-,C,D,0,,,,,Y,Y,A,01,0,1,0,0,0,0,0,0,0,"- ","- ",,,"CONTRA COSTA",UNINCORPORATED,,
90007206,2015,2015-10-19,9320,2015-07-31,0700,017342,,5,1,4,0709,0,1,1,,2,682,"I-680 S/B","MONUMENT BLVD U/C",40.00,N,N,A,-,Y,,,,,,,,,,Y,4,0,1,2,A,-,03,22350,,N,C,C,A,A,H,-,A,D,0,,,,,Y,,A,01,0,0,1,0,0,0,0,0,0,"- ","- ",,,"CONTRA COSTA","PLEASANT HILL",-122.05829371999999,37.945443580000003
90007235,2015,2015-10-19,9320,2015-08-01,0820,018042,,6,1,5,0701,0,1,3,,2,404,"SR-4 E/B","SOMERSVILLE ROAD",1584.00,E,N,A,-,Y,,,,,,,,,,Y,4,0,1,1,A,-,08,22107,,N,E,I,A,A,D,-,A,D,0,,,,,Y,,A,01,0,0,1,0,0,0,0,0,0,"- ","- ",,,"CONTRA COSTA",ANTIOCH,,
90007242,2015,2015-10-19,9320,2015-08-01,1805,020579,,6,2,5,0701,0,1,3,,2,404,"SR-4 W/B","HILLCREST AVE",1584.00,W,N,A,-,Y,,,4,,,,,,W,Y,4,0,3,2,A,-,03,22350,,N,C,C,A,A,D,-,A,D,0,,,,,Y,,A,01,0,0,3,0,0,0,0,0,0,"- ","- ",37.997280000000003,-121.79210999999999,"CONTRA COSTA",ANTIOCH,-121.79207904,37.997458770000001
90007299,2015,2015-10-19,9320,2015-08-03,1249,018959,,1,1,4,0709,0,1,3,,2,241,"SR-24 E/B","PLEASANT HILL RD",100.00,W,N,A,-,Y,,,,,,,,,,N,4,0,1,2,A,-,08,22107,,N,D,C,A,A,H,-,A,D,0,,,,,Y,,A,07,0,0,1,0,0,0,0,0,0,"- ","- ",,,"CONTRA COSTA","PLEASANT HILL",-122.09621643,37.8975601
90007308,2015,2015-10-19,9320,2015-08-03,1040,018959,,1,1,6,0704,0,1,3,,2,242,"SR-242 S/B","CONCORD AVE",200.00,S,N,A,-,Y,,,,,,,,,,Y,4,0,1,4,A,-,04,21703,,N,C,C,A,A,H,-,A,D,0,,,,,Y,,A,07,0,0,1,0,0,0,0,0,0,"- ","- ",,,"CONTRA COSTA",CONCORD,-122.04345017,37.978574500000001
90007320,2015,2015-10-19,9320,2015-07-31,1037,016094,9320,5,1,5,0708,0,1,3,,2,403,"SR-4 W/B","RAILROAD AVE.",528.00,W,N,A,-,Y,,,,,,,,,,Y,4,0,1,3,A,-,03,22350,,N,C,C,A,A,H,-,A,D,0,,,,Y,Y,,F,26,0,0,1,0,0,0,0,0,0,"- ","- ",,,"CONTRA COSTA",PITTSBURG,-121.89128014000001,38.017551529999999
90007333,2015,2015-10-19,9320,2015-07-30,0250,018553,,4,3,9,0700,0,1,1,,2,681,"I-680 SOUTHBOUND","LIVORNA RD. UNDERCROSSING",1584.00,N,N,A,-,Y,,,,,,,,,,Y,3,0,1,1,A,-,01,23152,A,N,E,I,A,A,H,-,D,D,0,,,,,Y,Y,A,01,0,1,0,0,0,0,0,0,0,"- ","- ",,,"CONTRA COSTA",UNINCORPORATED,,
90007357,2015,2015-10-19,9320,2015-07-31,1126,016094,9320,5,1,5,0701,0,1,3,,2,404,"SR-4 W/B","HILLCREST AVE.",550.00,E,N,A,-,Y,,,,,,,,,,Y,4,0,2,3,A,-,03,22350,,N,C,C,A,A,D,-,A,D,0,,,,,Y,,D,22,0,0,2,0,0,0,0,0,0,"- ","- ",,,"CONTRA COSTA",ANTIOCH,-121.7835724,37.996038349999999
90007359,2015,2015-10-19,9320,2015-08-04,1310,018449,,2,1,9,0700,0,1,1,,2,180,"E/B I-80",SR-4,528.00,E,N,A,-,Y,,,,,,,,,,Y,4,0,1,2,A,-,07,21658,A,N,B,C,A,A,H,-,A,D,0,,,,Y,Y,,A,01,0,0,1,0,0,0,0,0,0,"- ","- ",,,"CONTRA COSTA",UNINCORPORATED,,
90007362,2015,2015-10-19,9320,2015-08-05,1520,013800,,3,2,4,0714,0,1,1,,2,683,"S.R. 4 E/B","PACHECO BLVD.",1584.00,E,N,A,-,Y,,,,,,,,,,Y,3,0,1,2,A,-,08,22107,,N,B,C,A,A,H,-,A,D,0,,,,,Y,,A,01,0,1,0,0,0,0,0,0,0,"- ","- ",,,"CONTRA COSTA",MARTINEZ,,
90007483,2015,2015-10-19,9320,2015-08-05,0737,016094,9320,3,1,9,0700,0,1,3,,2,403,"SR-4 (W/B)","BAILEY RD.",150.00,W,N,A,-,Y,,,,,,,,,,Y,4,0,1,2,A,-,03,22350,,N,C,C,A,A,H,-,A,D,0,,,,,Y,,D,22,0,0,1,0,0,0,0,0,0,"- ","- ",,,"CONTRA COSTA",UNINCORPORATED,-121.94243082,38.018739369999999