CASE_ID,ACCIDENT_YEAR,PROC_DATE,JURIS,COLLISION_DATE,COLLISION_TIME,OFFICER_ID,REPORTING_DISTRICT,DAY_OF_WEEK,CHP_SHIFT,POPULATION,CNTY_CITY_LOC,SPECIAL_COND,BEAT_TYPE,CHP_BEAT_TYPE,CITY_DIVISION_LAPD,CHP_BEAT_CLASS,BEAT_NUMBER,PRIMARY_RD,SECONDARY_RD,DISTANCE,DIRECTION,INTERSECTION,WEATHER_1,WEATHER_2,STATE_HWY_IND,CALTRANS_COUNTY,CALTRANS_DISTRICT,STATE_ROUTE,ROUTE_SUFFIX,POSTMILE_PREFIX,POSTMILE,LOCATION_TYPE,RAMP_INTERSECTION,SIDE_OF_HWY,TOW_AWAY,COLLISION_SEVERITY,NUMBER_KILLED,NUMBER_INJURED,PARTY_COUNT,PRIMARY_COLL_FACTOR,PCF_CODE_OF_VIOL,PCF_VIOL_CATEGORY,PCF_VIOLATION,PCF_VIOL_SUBSECTION,HIT_AND_RUN,TYPE_OF_COLLISION,MVIW,PED_ACTION,ROAD_SURFACE,ROAD_COND_1,ROAD_COND_2,LIGHTING,CONTROL_DEVICE,CHP_ROAD_TYPE,PEDESTRIAN_ACCIDENT,BICYCLE_ACCIDENT,MOTORCYCLE_ACCIDENT,TRUCK_ACCIDENT,NOT_PRIVATE_PROPERTY,ALCOHOL_INVOLVED,STWD_VEHTYPE_AT_FAULT,CHP_VEHTYPE_AT_FAULT,COUNT_SEVERE_INJ,COUNT_VISIBLE_INJ,COUNT_COMPLAINT_PAIN,COUNT_PED_KILLED,COUNT_PED_INJURED,COUNT_BICYCLIST_KILLED,COUNT_BICYCLIST_INJURED,COUNT_MC_KILLED,COUNT_MC_INJURED,PRIMARY_RAMP,SECONDARY_RAMP,LATITUDE,LONGITUDE,COUNTY,CITY,POINT_X,POINT_Y
90095789,2016,2016-01-14,9320,2016-01-13,1940,019190,,3,2,4,0714,0,3,5,,2,040,"CENTER AVENUE","BERRY DRIVE",0.00,,Y,B,-,N,,,,,,,,,,Y,4,0,1,2,A,-,08,22107,,N,A,C,A,A,H,-,C,D,0,,,,,Y,,A,01,0,0,1,0,0,0,0,0,0,"- ","- ",37.59066,-122.35651,"CONTRA COSTA",MARTINEZ,-122.0656899,37.983549920000002
90096027,2016,2016-01-15,9370,2016-01-03,1000,020844,,7,1,5,0710,0,1,1,,2,083,"I-80 W/B TO RICHMOND PARKWAY","RICHMOND PKWY",700.00,E,N,B,-,Y,,,80,,,,R,,W,Y,4,0,1,1,A,-,08,22107,,N,F,A,A,B,H,-,A,D,0,,,Y,,Y,,C,02,0,0,1,0,0,0,0,0,1,"- ","- ",37.987749999999998,-122.31511999999999,"CONTRA COSTA",RICHMOND,-122.31511999999999,37.987749999999998
90096131,2016,2016-01-15,9320,2016-01-04,0749,019195,,1,1,9,0700,0,2,4,,2,072,"BAILEY ROAD","MYRTLE DRIVE",0.00,,Y,C,-,N,,,,,,,,,,Y,4,0,2,2,A,-,09,21802,A,N,D,C,A,B,H,-,A,D,0,,,,,Y,,A,01,0,0,2,0,0,0,0,0,0,"- ","- ",,,"CONTRA COSTA",UNINCORPORATED,-121.96828993,37.973179960000003
90096150,2016,2016-01-15,9320,2016-01-06,1800,019190,,3,2,4,0709,0,1,1,,2,683,"I-680 NORTHBOUND","CONCORD AVENUE",1584.00,S,N,B,C,Y,,,,,,,,,,Y,3,0,3,3,A,-,07,21658,A,N,C,C,A,B,H,-,D,D,0,,,,,Y,,A,07,0,1,2,0,0,0,0,0,0,"- ","- ",37.582059999999998,-122.34017,"CONTRA COSTA","PLEASANT HILL",-122.06399,37.976109999999998
90096162,2016,2016-01-15,9320,2016-01-14,1115,016503,,4,1,9,0700,0,2,4,,2,072,"BAILEY RD.","CANAL RD.",0.00,,Y,A,B,N,,,,,,,,,,N,4,0,1,2,A,-,12,21453,A,N,D,C,A,A,H,-,A,A,0,,,,,Y,,A,01,0,0,1,0,0,0,0,0,0,"- ","- ",,,"CONTRA COSTA",UNINCORPORATED,-121.94187986,38.021559969999998
90096170,2016,2016-01-15,9320,2016-01-14,1732,010179,,4,2,5,0712,0,1,1,,2,681,"I-680 N/B","RUDGEAR RD.",1267.00,S,N,B,-,Y,,,,,,,,,,Y,4,0,1,2,A,-,04,21703,,N,C,C,A,A,H,-,D,D,0,,,,,Y,,A,01,0,0,1,0,0,0,0,0,0,"- ","- ",,,"CONTRA COSTA","WALNUT CREEK",-122.04647666,37.876527119999999
90096319,2016,2016-01-15,9320,2016-01-14,1816,018620,,4,2,9,0700,0,1,3,,1,406,"SR-4 E/B","BYRON HIGHWAY (J-4)",0.00,,Y,B,-,Y,,,,,,,,,,Y,4,0,2,2,A,-,12,21453,A,N,D,C,A,B,H,-,C,A,0,,,,,Y,,A,01,0,0,2,0,0,0,0,0,0,"- ","- ",,,"CONTRA COSTA",UNINCORPORATED,-121.64093,37.890389919999997
90096426,2016,2016-01-15,9320,2016-01-14,2220,019535,,4,3,6,0704,0,1,3,,2,242,"SR-242 N/B","SOLANO WAY",200.00,S,N,B,C,Y,,,,,,,,,,Y,4,0,1,1,A,-,08,22107,,N,E,I,A,A,H,-,C,D,0,,,,,Y,,A,01,0,0,1,0,0,0,0,0,0,"- ","- ",,,"CONTRA COSTA",CONCORD,-122.04059409,37.988188090000001
90097630,2016,2016-01-19,9320,2016-01-08,1403,019465,,5,2,5,0712,0,1,1,,2,682,I-680,"PARKSIDE DRIVE",230.00,N,N,A,-,Y,,,,,,,,,,Y,4,0,1,1,A,-,08,22107,,N,F,A,A,A,H,-,A,D,0,,,Y,,Y,,C,02,0,0,1,0,0,0,0,0,1,"- ","- ",,,"CONTRA COSTA","WALNUT CREEK",-122.06771892,37.911527030000002
90097636,2015,2016-01-19,9320,2015-12-11,2030,019914,,5,2,5,0712,0,1,1,,2,682,"I-680 NB","N. MAIN O/C",135.00,N,N,B,-,Y,,,,,,,,,,Y,4,0,1,1,A,-,01,23152,A,N,E,I,A,A,H,-,C,D,0,,,,,Y,Y,A,01,0,0,1,0,0,0,0,0,0,"- ","- ",,,"CONTRA COSTA","WALNUT CREEK",-122.06552524999999,37.91567611
90097675,2015,2016-01-19,9320,2015-12-16,1215,016713,,3,1,3,0703,0,1,1,,2,681,"N/B I-680","CONCORD AVE U/C",528.00,N,N,A,-,Y,,,,,,,,,,Y,4,0,1,2,A,-,03,22350,,N,C,C,A,A,H,-,A,D,0,,,,,Y,,M,47,0,0,1,0,0,0,0,0,0,"- ","- ",,,"CONTRA COSTA",CLAYTON,,
90097713,2015,2016-01-19,9320,2015-12-18,2240,018525,,5,3,9,0700,0,2,4,,2,023,"BEAR CREEK RD","HAPPY VALLEY RD",0.00,,Y,C,-,N,,,,,,,,,,Y,3,0,1,1,A,-,01,23152,A,N,E,I,A,B,H,-,D,D,0,,,,,Y,Y,A,01,0,1,0,0,0,0,0,0,0,"- ","- ",37.921340000000001,-122.1645,"CONTRA COSTA",UNINCORPORATED,-122.16454999,37.921319930000003
90097745,2015,2016-01-19,9320,2015-12-30,1235,016713,,3,1,4,0714,0,1,1,,2,684,"N/B I-680","BENICIA TOLL PLAZA",528.00,S,N,B,-,Y,,,,,,,,,,Y,4,0,1,2,A,-,07,21658,A,N,D,C,A,B,H,-,A,D,0,,,,,Y,,D,22,0,0,1,0,0,0,0,0,0,"- ","- ",,,"CONTRA COSTA",MARTINEZ,,
90097840,2016,2016-01-19,9320,2016-01-02,1845,019914,,6,2,5,0701,0,1,3,,2,404,"SR-4 WB","L STREET U/C",1000.00,W,N,B,-,Y,,,,,,,,,,Y,4,0,2,2,A,-,08,22107,,N,B,C,A,A,H,-,C,D,0,,,,,Y,,A,07,0,0,2,0,0,0,0,0,0,"- ","- ",,,"CONTRA COSTA",ANTIOCH,-121.8248033,38.000513650000002
90098065,2016,2016-01-19,9320,2016-01-04,1830,019914,,1,2,9,0700,0,1,1,,2,683,"I-680 NB","SR-4 U/C",0.00,,N,B,-,Y,,,,,,,,,,Y,3,0,5,2,A,-,03,22350,,N,C,C,A,A,H,-,C,D,0,,,,,Y,,A,07,0,1,4,0,0,0,0,0,0,"- ","- ",,,"CONTRA COSTA",UNINCORPORATED,-122.0698799,37.994669930000001
90098231,2016,2016-01-19,9320,2016-01-09,1625,019465,,6,2,9,0700,0,3,5,,2,075,"ALVES LANE","VIRGINIA DRIVE",600.00,E,N,B,-,N,,,,,,,,,,Y,3,0,1,1,A,-,01,23152,A,N,E,I,A,A,H,-,A,D,0,,,,,Y,Y,A,01,0,1,0,0,0,0,0,0,0,"- ","- ",,,"CONTRA COSTA",UNINCORPORATED,-121.95122000000001,38.021540000000002
90098250,2016,2016-01-19,9320,2016-01-10,0945,019195,,7,1,9,0700,0,2,4,,2,073,"KIRKER PASS ROAD","HESS ROAD (SOUTH SIDE)",300.00,N,N,B,-,N,,,,,,,,,,Y,4,0,1,1,A,-,08,22107,,N,E,I,A,B,H,-,A,D,0,,,,,Y,,D,22,0,0,1,0,0,0,0,0,0,"- ","- ",,,"CONTRA COSTA",UNINCORPORATED,-121.92892328000001,37.962739089999999
90098253,2016,2016-01-19,9320,2016-01-10,0550,019086,,7,3,4,0709,0,1,1,,2,682,"I-680 S/B","MONUMENT BLVD",500.00,S,N,A,-,Y,,,680,,,,,,S,Y,4,0,1,3,A,-,03,22350,,N,C,C,A,A,H,-,D,D,0,,,,,Y,,D,22,0,0,1,0,0,0,0,0,0,"- ","- ",37.944600000000001,-122.05865,"CONTRA COSTA","PLEASANT HILL",-122.05866877,37.944608080000002
90098263,2016,2016-01-19,9320,2016-01-05,1207,016824,,2,1,5,0712,0,1,1,,2,681,"I-680 N/B","OLYMPIC BLVD U/C",25.00,N,N,B,C,Y,,,,,,,,,,Y,3,0,1,1,A,-,03,22350,,N,A,I,A,B,H,-,A,D,0,,,,,Y,,A,01,0,1,0,0,0,0,0,0,0,"- ","- ",,,"CONTRA COSTA","WALNUT CREEK",-122.06686496,37.893934459999997
90098281,2016,2016-01-19,9320,2016-01-05,0819,016824,,2,1,9,0700,0,1,1,,2,681,"I-680 S/B","STONE VALLEY ROAD",1000.00,N,N,B,C,Y,,,,,,,,,,Y,3,0,1,3,A,-,03,22350,,N,B,C,A,A,H,-,A,D,0,,,,,Y,,A,01,0,1,0,0,0,0,0,0,0,"- ","- ",,,"CONTRA COSTA",UNINCORPORATED,,
90098313,2016,2016-01-19,9320,2016-01-12,0030,019747,,2,3,9,0700,0,2,4,,2,037,"FRANKLIN CANYON ROAD","WOLCUTT LANE",14.00,E,N,A,-,N,,,,,,,,,,Y,2,0,1,1,A,-,08,22107,,F,E,I,A,A,H,-,D,D,0,,,,,Y,,A,07,1,0,0,0,0,0,0,0,0,"- ","- ",,,"CONTRA COSTA",UNINCORPORATED,-122.15558163,37.997816280000002
90098371,2015,2016-01-19,9370,2015-12-21,1705,019866,,1,2,5,0710,0,1,1,,2,082,"I-80 E/B","CARLSON BLVD U/C",100.00,E,N,A,-,Y,,,,,,,,,,Y,4,0,1,2,A,-,03,22350,,N,C,C,A,B,H,-,D,D,0,,,,,Y,,A,01,0,0,1,0,0,0,0,0,0,"- ","- ",37.544800000000002,-122.193,"CONTRA COSTA",RICHMOND,-122.31708721,37.91060324
90098582,2016,2016-01-20,9320,2016-01-04,1745,016636,,1,2,3,0702,0,1,3,,2,405,"SR-4 EB","BALFOUR RD",150.00,W,N,A,-,Y,,,,,,,,,,N,4,0,1,2,A,-,03,22350,,N,C,C,A,A,H,-,C,D,0,,,,,Y,,A,01,0,0,1,0,0,0,0,0,0,"- ","- ",,,"CONTRA COSTA",BRENTWOOD,-121.73295481,37.925741850000001
90098627,2016,2016-01-20,9320,2016-01-12,0100,018553,,2,3,5,0712,0,1,1,,2,682,"I-680 N/B","N. MAIN ST. OC",3321.00,S,N,A,-,Y,,,,,,,,,,Y,3,0,1,1,A,-,01,23152,A,N,E,I,A,A,H,-,D,D,0,,,,,Y,Y,A,01,0,1,0,0,0,0,0,0,0,"- ","- ",,,"CONTRA COSTA","WALNUT CREEK",,
90098658,2016,2016-01-20,9320,2016-01-06,0900,017271,,3,1,6,0704,0,1,3,,2,402,"SR-4 E/B","PORT CHICAGO HWY U/C",1600.00,W,N,B,C,Y,,,4,,,,,,E,Y,3,0,1,1,A,-,08,22107,,N,E,I,A,B,H,-,A,D,0,,,,,Y,,A,01,0,1,0,0,0,0,0,0,0,"- ","- ",38.006889999999999,-122.03304,"CONTRA COSTA",CONCORD,-122.03321776999999,38.00729965
90098668,2016,2016-01-20,9320,2016-01-11,2257,019546,,1,3,9,0700,0,1,1,,2,683,"I-680 N/B","STATE ROUTE 4",528.00,N,N,A,-,Y,,,680,,,,,,N,Y,4,0,1,2,A,-,03,22350,,N,C,C,A,A,H,-,D,D,0,,,,,Y,,A,07,0,0,1,0,0,0,0,0,0,"- ","- ",37.995899999999999,-122.07216,"CONTRA COSTA",UNINCORPORATED,-122.07184624999999,37.996292660000002
90098718,2016,2016-01-20,9320,2016-01-03,0004,020835,,7,3,5,0712,0,1,1,,2,682,"I-680 S/B TO N. MAIN ST. S/B","N. MAIN STREET",85.00,N,N,A,-,Y,,,,,,,,,,Y,3,0,1,1,A,-,01,23152,A,N,E,I,A,A,H,-,C,D,0,,,,,Y,Y,A,01,0,1,0,0,0,0,0,0,0,"- ","- ",38.932899999999997,-122.93283,"CONTRA COSTA","WALNUT CREEK",-122.06563070999999,37.916001129999998
90098755,2016,2016-01-20,9320,2016-01-12,0105,018553,,2,3,9,0700,0,1,1,,2,682,"I-680 N/B","N. MAIN ST. OC",2891.00,S,N,A,-,Y,,,,,,,,,,Y,3,0,2,2,A,-,03,22350,,N,E,C,A,A,H,-,D,D,0,,,,,Y,Y,A,01,0,1,1,0,0,0,0,0,0,"- ","- ",,,"CONTRA COSTA",UNINCORPORATED,,
90098843,2016,2016-01-20,9320,2016-01-14,1350,019238,,4,1,9,0700,0,1,3,,2,402,"SR-4 E/B","SOLANO WAY U/C",150.00,E,N,B,C,Y,,,,,,,,,,Y,3,0,2,2,A,-,07,21658,,F,H,A,A,B,H,-,A,D,0,,,,,Y,,D,22,0,1,1,0,0,0,0,0,0,"- ","- ",,,"CONTRA COSTA",UNINCORPORATED,-122.05259425,38.000996039999997
90098878,2016,2016-01-20,9320,2016-01-15,1635,019190,,5,2,6,0704,0,1,3,,2,242,"SR-242 SOUTHBOUND","CONCORD AVENUE",40.00,N,N,B,-,Y,,,,,,,,,,N,4,0,1,2,A,-,03,22350,,N,C,C,A,A,H,-,A,A,0,,,,,Y,,D,22,0,0,1,0,0,0,0,0,0,"- ","- ",37.584609999999998,-122.24117,"CONTRA COSTA",CONCORD,-122.04340412000001,37.979070579999998
90098884,2016,2016-01-20,9320,2016-01-15,1830,019522,,5,2,4,0709,0,1,1,,2,682,"I-680 N/B","CONTRA COSTA BLVD. OVERCROSS",250.00,S,N,A,-,Y,,,,,,,,,,N,4,0,1,3,A,-,03,22350,,N,C,C,A,A,H,-,C,D,0,,,,,Y,,A,01,0,0,1,0,0,0,0,0,0,"- ","- ",,,"CONTRA COSTA","PLEASANT HILL",,
90098952,2016,2016-01-20,9390,2016-01-06,1004,017815,,3,1,4,0790,0,1,1,,2,069,"N/B I-680","DIABLO  ROAD U/C",1584.00,S,N,B,C,Y,,,,,,,,,,Y,3,0,1,1,A,-,01,23152,A,N,E,I,A,B,H,-,A,D,0,,,,,Y,Y,D,22,0,1,0,0,0,0,0,0,0,"- ","- ",,,"CONTRA COSTA",DANVILLE,,
90099048,2016,2016-01-20,9320,2016-01-16,1051,019195,,6,1,9,0700,0,3,5,,2,075,"ALVES LANE","WINTERBROOK DRIVE",0.00,,Y,C,-,Y,,,,,,,,,,Y,4,0,1,4,A,-,09,21802,B,N,D,C,A,B,H,-,A,D,0,,,,,Y,,A,01,0,0,1,0,0,0,0,0,0,"- ","- ",,,"CONTRA COSTA",UNINCORPORATED,-121.95120986000001,38.021929970000002
90099075,2016,2016-01-20,9320,2016-01-16,0001,019535,,6,3,6,0704,0,1,3,,2,402,"SR-4 E/B","PORT CHICAGO HIGHWAY",200.00,E,N,B,C,Y,,,,,,,,,,Y,3,0,1,2,A,-,07,21658,A,F,B,C,A,B,H,-,C,D,0,,,,,Y,,-,99,0,1,0,0,0,0,0,0,0,"- ","- ",,,"CONTRA COSTA",CONCORD,-122.02213833,38.009594499999999
90099109,2016,2016-01-20,9320,2016-01-17,1950,019465,,7,2,3,0715,0,1,3,,2,241,"SR-24 W/B","ACALANES ROAD",528.00,E,N,B,C,Y,,,,,,,,,,Y,4,0,1,1,A,-,08,22107,,N,E,I,A,B,H,-,C,D,0,,,,,Y,,A,01,0,0,1,0,0,0,0,0,0,"- ","- ",,,"CONTRA COSTA",LAFAYETTE,-122.15272265999999,37.891976300000003
90099110,2016,2016-01-20,9320,2016-01-17,1357,020667,,7,1,9,0700,0,2,4,,2,077,"MARSH CREEK RD (E/B)","MORGAN TERRITORY RD",5280.00,E,N,C,-,N,,,,,,,,,,Y,4,0,2,1,A,-,08,22107,,N,F,A,A,B,H,-,A,D,0,,,,,Y,,A,01,0,0,2,0,0,0,0,0,0,"- ","- ",37.899889999999999,-121.86145999999999,"CONTRA COSTA",UNINCORPORATED,-121.86030439,37.897853159999997
90099129,2016,2016-01-20,9320,2016-01-17,2345,020835,,7,3,3,0792,0,1,3,,2,241,"SR-24 EASTBOUND","CAMINO PABLO",2300.00,E,N,B,C,Y,,,24,,,,,,E,Y,4,0,1,2,A,-,03,22350,,N,C,C,A,B,H,-,C,D,0,,,,,Y,,A,01,0,0,1,0,0,0,0,0,0,"- ","- ",37.885489999999997,-122.17849,"CONTRA COSTA",ORINDA,-122.17849871999999,37.885495280000001
90099140,2016,2016-01-20,9320,2016-01-18,0200,020835,,1,3,5,0712,0,1,1,,2,682,"I-680 NORTHBOUND","N. MAIN STREET",1000.00,N,N,B,C,Y,,,,,,,,,,Y,4,0,1,2,A,-,03,22350,,M,C,C,A,B,H,-,C,D,0,,,,,Y,,-,99,0,0,1,0,0,0,0,0,0,"- ","- ",37.393900000000002,-122.93289,"CONTRA COSTA","WALNUT CREEK",-122.06377046999999,37.917601750000003
90099447,2016,2016-01-21,9320,2016-01-12,0106,019559,,2,3,9,0700,0,1,1,,2,682,"I-680 N/B","N. MAIN ST. OC",2620.00,S,N,A,-,Y,,,,,,,,,,Y,3,0,1,2,A,-,01,23152,A,N,B,C,A,A,H,-,D,D,0,,,,,Y,Y,A,01,0,1,0,0,0,0,0,0,0,"- ","- ",,,"CONTRA COSTA",UNINCORPORATED,,
90099452,2016,2016-01-21,9320,2016-01-19,0950,016970,9320,2,1,9,0700,0,1,3,,2,400,"SR-4 E/B","RODEO CREEK BRIDGE",2640.00,E,N,C,-,Y,,,,,,,,,,Y,4,0,1,1,A,-,08,22107,,N,E,I,A,B,H,-,A,D,0,,,,,Y,,A,07,0,0,1,0,0,0,0,0,0,"- ","- ",,,"CONTRA COSTA",UNINCORPORATED,,
90099553,2016,2016-01-21,9320,2016-01-19,2320,019747,,2,3,4,0714,0,1,1,,2,683,"I-680 S/B","BNSF RAILROAD",580.00,S,N,A,-,Y,,,,,,,,,,Y,4,0,1,1,A,-,08,22107,,N,F,I,A,A,H,-,D,D,0,,,,,Y,,A,01,0,0,1,0,0,0,0,0,0,"- ","- ",,,"CONTRA COSTA",MARTINEZ,,
90100349,2016,2016-01-21,9370,2016-01-11,1345,020146,,1,1,5,0710,0,1,1,,2,057,"I-580 W/B","CENTRAL AVE",750.00,E,N,A,-,Y,,,,,,,,,,Y,4,0,1,2,A,-,03,22350,,N,C,C,A,A,H,-,A,D,0,,,,,Y,,D,22,0,0,1,0,0,0,0,0,0,"- ","- ",37.898739999999997,-122.30988000000001,"CONTRA COSTA",RICHMOND,-122.31385,37.900019999999998
90100589,2016,2016-01-22,9320,2016-01-09,0300,017508,,6,3,4,0714,0,1,3,,2,401,"SR-4 E/B","ALHAMBRA AVENUE OFF RAMP",5280.00,W,N,C,-,Y,,,4,,,,,,E,Y,3,0,1,1,A,-,08,22107,,N,E,I,A,B,H,-,B,D,0,,,,,Y,,A,01,0,1,0,0,0,0,0,0,0,"- ","- ",37.99944,-122.14700000000001,"CONTRA COSTA",MARTINEZ,-122.14701255,37.999428700000003
90100590,2016,2016-01-22,9320,2016-01-14,1720,016788,,4,2,9,0700,0,2,4,,2,077,"MARSH CREEK RD","CAMINO DIABLO RD",8976.00,W,N,B,C,N,,,,,,,,,,Y,2,0,3,2,A,-,05,21460,A,N,A,C,A,B,H,-,B,D,0,,,,,Y,,A,07,1,1,1,0,0,0,0,0,0,"- ","- ",,,"CONTRA COSTA",UNINCORPORATED,-121.75358663999999,37.870723249999998
90100610,2016,2016-01-22,9320,2016-01-17,2200,020009,,7,3,9,0700,0,1,3,,2,402,"SR-4 E/B","WILLOW PASS RD",500.00,W,N,C,-,Y,,,,,,,,,,Y,4,0,1,2,A,-,08,22107,,N,B,C,A,B,H,-,C,D,0,,,,,Y,,A,01,0,0,1,0,0,0,0,0,0,"- ","- ",38.011040000000001,-122.01326,"CONTRA COSTA",UNINCORPORATED,-121.99910188,38.013124519999998
90100827,2016,2016-01-22,9320,2016-01-20,1750,016788,,3,2,6,0704,0,1,3,,2,402,"SR-4 E/B","GRAYSON CREEK BRIDGE",528.00,E,N,A,-,Y,,,,,,,,,,N,4,0,1,2,A,-,03,22350,,N,C,C,A,A,H,-,D,D,0,,,,,Y,,D,22,0,0,1,0,0,0,0,0,0,"- ","- ",,,"CONTRA COSTA",CONCORD,,
90100835,2016,2016-01-22,9320,2016-01-21,0803,018449,,4,1,9,0700,0,1,1,,2,682,"WESTBOUND STATE ROUTE 4","WILLOW PASS ROAD",300.00,E,N,A,-,Y,,,,,,,,,,Y,4,0,2,2,A,-,03,22350,,N,C,C,A,A,H,-,A,D,0,,,,,Y,,D,22,0,0,2,0,0,0,0,0,0,"- ","- ",,,"CONTRA COSTA",UNINCORPORATED,-121.99751999999999,38.013930000000002
90102154,2016,2016-01-25,9370,2016-01-01,1945,017211,,5,2,5,0710,0,1,1,,2,058,"I-580 E/B","BAYVIEW AVENUE",1056.00,W,N,B,-,Y,,,580,,,,,,E,Y,4,0,2,2,A,-,03,22350,,N,C,C,A,A,H,-,D,D,0,,,,,Y,,A,01,0,0,2,0,0,0,0,0,0,"- ","- ",37.915399999999998,-122.32689999999999,"CONTRA COSTA",RICHMOND,-122.32693859,37.915360679999999
90102479,2016,2016-01-26,9320,2016-01-15,2354,020196,,5,3,3,0715,0,1,3,,2,241,"W/B SR-24","PLEASANT HILL RD",200.00,E,N,C,-,Y,,,24,,,,,,,Y,4,0,3,1,A,-,03,22350,,N,E,I,A,B,H,-,D,D,0,,,,,Y,,A,01,0,0,3,0,0,0,0,0,0,"- ","- ",37.898090000000003,-122.09229999999999,"CONTRA COSTA",LAFAYETTE,-122.092298,37.898005390000002
90102496,2016,2016-01-26,9320,2016-01-16,2240,019850,,6,3,3,0715,0,1,3,,2,241,"SR-24 E/B","EL NIDO RANCH RD",1000.00,E,N,B,C,Y,,,24,,,,,,E,Y,4,0,2,1,A,-,03,22350,,N,E,I,A,B,H,-,D,D,0,,,,,Y,,A,01,0,0,2,0,0,0,0,0,0,"- ","- ",37.891010000000001,-122.14095,"CONTRA COSTA",LAFAYETTE,-122.14093934,37.891066879999997
90102557,2016,2016-01-26,9320,2016-01-13,0800,014859,,3,1,9,0700,0,2,4,,2,088,"SELLERS RD","DELTA RD",0.00,,Y,B,-,N,,,,,,,,,,N,4,0,1,2,A,-,12,22450,A,N,D,C,A,A,H,-,A,A,0,,,,,Y,,A,07,0,0,1,0,0,0,0,0,0,"- ","- ",37.968859999999999,-121.67761,"CONTRA COSTA",UNINCORPORATED,-121.67764986,37.968859879999997
90102574,2016,2016-01-26,9320,2016-01-13,0145,019546,,3,3,9,0700,0,1,3,,2,241,"SR-24 W/B","PLEASANT HILL ROAD",528.00,W,N,B,C,Y,,,,,,,,,,Y,3,0,1,1,A,-,08,22107,,N,E,I,A,B,H,-,C,D,0,,,,,Y,,A,01,0,1,0,0,0,0,0,0,0,"- ","- ",37.8979,-122.09715,"CONTRA COSTA",UNINCORPORATED,-122.09778701,37.897837000000003
90102594,2016,2016-01-26,9320,2016-01-18,0908,019195,,1,1,9,0700,0,2,4,,2,077,"MARSH CREEK ROAD","DEER VALLEY ROAD",2856.00,E,N,B,-,N,,,,,,,,,,Y,3,0,1,1,A,-,08,22107,,N,E,I,A,B,H,-,A,D,0,,,,,Y,,D,22,0,1,0,0,0,0,0,0,0,"- ","- ",,,"CONTRA COSTA",UNINCORPORATED,-121.76866548,37.878362860000003
90102600,2016,2016-01-26,9320,2016-01-18,1835,019522,,1,2,9,0700,0,2,4,,2,094,"BYRON HWY.","HOLWAY RD.",300.00,S,N,B,-,N,,,,,,,,,,N,4,0,1,2,A,-,09,21804,A,N,D,C,A,A,H,-,C,D,0,,,,,Y,,A,01,0,0,1,0,0,0,0,0,0,"- ","- ",,,"CONTRA COSTA",UNINCORPORATED,-121.64099007999999,37.870766279999998
90102610,2016,2016-01-26,9320,2016-01-20,1730,016970,9320,3,2,6,0704,0,1,3,,2,402,"SR-4 E/B","SOLANO AVENUE",1056.00,E,N,A,-,Y,,,,,,,,,,Y,4,0,1,2,A,-,03,22350,,N,C,C,A,A,H,-,C,D,0,,,,,Y,,D,22,0,0,1,0,0,0,0,0,0,"- ","- ",,,"CONTRA COSTA",CONCORD,-122.04959289,38.00173977
90102647,2016,2016-01-26,9320,2016-01-22,1926,019465,,5,2,4,0714,0,1,3,,2,402,"SR-4 E/B","ALHAMBRA AVENUE",1400.00,E,N,B,C,Y,,,,,,,,,,Y,3,0,1,1,A,-,08,22107,,N,E,I,A,B,H,-,C,D,0,,,,,Y,,A,01,0,1,0,0,0,0,0,0,0,"- ","- ",,,"CONTRA COSTA",MARTINEZ,-122.12545785,37.991931899999997
90102651,2016,2016-01-26,9320,2016-01-18,0300,020026,,1,3,5,0701,0,1,3,,2,404,"WESTBOUND SR-4","A ST U/C",2112.00,E,N,C,-,Y,,,,,,,,,,Y,4,0,1,1,A,-,03,22350,,N,E,I,A,B,F,-,C,D,0,,,,,Y,,A,01,0,0,1,0,0,0,0,0,0,"- ","- ",,,"CONTRA COSTA",ANTIOCH,,
90102799,2016,2016-01-26,9320,2016-01-22,1932,020667,,5,2,9,0700,0,2,4,,2,074,"DEER VALLEY RD (N/B)","EMPIRE MINE RD",350.00,N,N,C,-,N,,,,,,,,,,Y,3,0,1,1,A,-,08,22107,,N,F,A,A,B,H,-,D,D,0,,,,,Y,,A,01,0,1,0,0,0,0,0,0,0,"- ","- ",37.934060000000002,-121.77771,"CONTRA COSTA",UNINCORPORATED,-121.7777122,37.934017439999998
90102825,2016,2016-01-26,9320,2016-01-22,1518,020667,,5,2,9,0700,0,1,3,,2,403,"SR-4 (W/B)","WILLOW PASS RD",6864.00,E,N,B,-,Y,,,4,,,,,,,Y,4,0,1,3,A,-,17,23114,A,N,E,J,A,A,H,-,A,D,0,,,,,Y,,-,99,0,0,1,0,0,0,0,0,0,"- ","- ",38.023569999999999,-121.97619,"CONTRA COSTA",UNINCORPORATED,-121.9761939,38.02358701
90102845,2016,2016-01-26,9320,2016-01-23,1018,017342,,6,1,3,0715,0,1,3,,2,241,"SR-24 W/B","ACALANES RD U/C",1260.00,E,N,C,-,Y,,,,,,,,,,N,4,0,1,2,A,-,03,22350,,N,B,C,A,B,H,-,A,D,0,,,,,Y,,A,01,0,0,1,0,0,0,0,0,0,"- ","- ",,,"CONTRA COSTA",LAFAYETTE,-122.15022902,37.891604989999998
9010291,2019,2020-02-15,0704,2019-12-09,1222,0589,NORTH,1,5,6,0704,0,0,0,,0,004,"PORT CHICAGO HWY","SALVIO ST",0.00,,Y,B,-,N,,,,,,,,,,Y,4,0,1,2,A,-,12,21453,A,N,D,C,A,B,H,-,A,A,0,,,,,Y,,D,22,0,0,1,0,0,0,0,0,0,"- ","- ",,,"CONTRA COSTA",CONCORD,-122.03015899658203,37.979698181152344
9010299,2019,2020-02-20,0704,2019-12-13,0933,550,,5,5,6,0704,0,0,0,,0,001,"OLIVERA RD","NORTHWOOD DR",0.00,,Y,C,-,N,,,,,,,,,,Y,4,0,2,3,A,-,17,21461,A,N,D,C,A,B,H,-,A,A,0,,,,Y,Y,,A,07,0,0,2,0,0,0,0,0,0,"- ","- ",,,"CONTRA COSTA",CONCORD,-122.04206499999999,37.997711000000002