CASE_ID,ACCIDENT_YEAR,PROC_DATE,JURIS,COLLISION_DATE,COLLISION_TIME,OFFICER_ID,REPORTING_DISTRICT,DAY_OF_WEEK,CHP_SHIFT,POPULATION,CNTY_CITY_LOC,SPECIAL_COND,BEAT_TYPE,CHP_BEAT_TYPE,CITY_DIVISION_LAPD,CHP_BEAT_CLASS,BEAT_NUMBER,PRIMARY_RD,SECONDARY_RD,DISTANCE,DIRECTION,INTERSECTION,WEATHER_1,WEATHER_2,STATE_HWY_IND,CALTRANS_COUNTY,CALTRANS_DISTRICT,STATE_ROUTE,ROUTE_SUFFIX,POSTMILE_PREFIX,POSTMILE,LOCATION_TYPE,RAMP_INTERSECTION,SIDE_OF_HWY,TOW_AWAY,COLLISION_SEVERITY,NUMBER_KILLED,NUMBER_INJURED,PARTY_COUNT,PRIMARY_COLL_FACTOR,PCF_CODE_OF_VIOL,PCF_VIOL_CATEGORY,PCF_VIOLATION,PCF_VIOL_SUBSECTION,HIT_AND_RUN,TYPE_OF_COLLISION,MVIW,PED_ACTION,ROAD_SURFACE,ROAD_COND_1,ROAD_COND_2,LIGHTING,CONTROL_DEVICE,CHP_ROAD_TYPE,PEDESTRIAN_ACCIDENT,BICYCLE_ACCIDENT,MOTORCYCLE_ACCIDENT,TRUCK_ACCIDENT,NOT_PRIVATE_PROPERTY,ALCOHOL_INVOLVED,STWD_VEHTYPE_AT_FAULT,CHP_VEHTYPE_AT_FAULT,COUNT_SEVERE_INJ,COUNT_VISIBLE_INJ,COUNT_COMPLAINT_PAIN,COUNT_PED_KILLED,COUNT_PED_INJURED,COUNT_BICYCLIST_KILLED,COUNT_BICYCLIST_INJURED,COUNT_MC_KILLED,COUNT_MC_INJURED,PRIMARY_RAMP,SECONDARY_RAMP,LATITUDE,LONGITUDE,COUNTY,CITY,POINT_X,POINT_Y
90222065,2016,2016-07-13,9320,2016-07-09,0054,020192,,6,3,9,0700,0,1,3,,2,404,"SR-4 E/B","BAY POINT BART OVER CROSSING",315.00,E,N,A,-,Y,,,4,,,,,,E,Y,4,0,1,2,A,-,03,22350,,N,C,E,A,A,H,-,C,D,0,,,,,Y,,A,01,0,0,1,0,0,0,0,0,0,"- ","- ",38.018970000000003,-121.94172,"CONTRA COSTA",UNINCORPORATED,-121.94171948,38.018779760000001
90222511,2016,2016-07-14,9320,2016-05-31,1415,016636,,2,2,5,0701,0,1,3,,2,160,"SR-160 NB","E 18 TH ST U/C",1272.00,S,N,A,-,Y,,,,,,,,,,Y,3,0,6,5,A,-,03,22350,,N,C,C,A,A,H,-,A,D,0,,,Y,Y,Y,,A,07,0,4,2,0,0,0,0,0,1,"- ","- ",,,"CONTRA COSTA",ANTIOCH,-121.75440614999999,38.001640270000003
90222514,2016,2016-08-24,9320,2016-06-30,2120,020009,,4,2,5,0712,0,1,1,,2,682,"I-680 S/B","TREAT BLVD",20.00,N,N,A,-,Y,,,680,,,,,,S,Y,4,0,3,2,A,-,07,21658,A,N,B,C,A,A,H,-,C,D,0,,,,,Y,,A,01,0,0,3,0,0,0,0,0,0,"- ","- ",37.926769999999998,-122.06064000000001,"CONTRA COSTA","WALNUT CREEK",-122.06076827,37.926784699999999
90222535,2016,2016-07-14,9320,2016-06-25,2040,020835,,6,2,3,0702,0,3,5,,2,090,"ORWOOD ROAD","FALLMAN ROAD",2000.00,E,N,A,-,Y,,,,,,,,,,Y,4,0,1,1,A,-,01,23152,A,N,E,I,A,A,H,-,D,D,0,,,,,Y,Y,D,22,0,0,1,0,0,0,0,0,0,"- ","- ",38.208849999999998,-122.09983,"CONTRA COSTA",BRENTWOOD,,
90222545,2016,2016-07-14,9320,2016-07-01,1529,019238,,5,2,9,0700,0,3,5,,2,050,"SOUTH GATE RD","MT DIABLO SCENIC",8976.00,N,N,A,-,N,,,,,,,,,,N,3,0,1,2,A,-,05,21650,,N,A,G,A,A,H,-,A,A,0,,Y,,,Y,,A,01,0,1,0,0,0,0,1,0,0,"- ","- ",37.841419999999999,-121.93183999999999,"CONTRA COSTA",UNINCORPORATED,-121.92791416,37.852808680000003
90222620,2016,2016-07-14,9320,2016-07-08,2305,019151,,5,3,5,0708,0,1,3,,2,403,"SR-4 EB","RAILROAD AVE O/C",7920.00,W,N,A,-,Y,,,,,,,,,,Y,4,0,1,1,A,-,01,23152,A,N,F,A,A,A,H,-,D,D,0,,,Y,,Y,Y,C,02,0,0,1,0,0,0,0,0,1,"- ","- ",,,"CONTRA COSTA",PITTSBURG,-121.91657732,38.019935009999998
90223145,2016,2016-07-14,9365,2016-07-09,0035,019825,,6,3,9,0700,0,1,S,,2,904,"I-80 E/B","CUMMINGS SKYWAY",2640.00,E,N,A,-,Y,,,80,,,,,,E,Y,4,0,1,2,A,-,03,22350,,N,E,I,A,A,D,-,D,A,0,,,Y,,Y,Y,O,05,0,0,1,0,0,0,0,0,1,"- ","- ",38.049230000000001,-122.23206999999999,"CONTRA COSTA",UNINCORPORATED,-122.23214209,38.049332819999997
90223607,2016,2016-07-15,9370,2016-07-06,1830,020633,,3,2,5,0710,0,1,1,,2,083,"I-80 E/B","HILLTOP DRIVE",20.00,W,N,A,-,Y,,,,,,,,,,Y,4,0,2,3,A,-,03,22350,,N,C,C,A,A,H,-,A,D,0,,,,,Y,,D,22,0,0,2,0,0,0,0,0,0,"- ","- ",37.984720000000003,-122.31958,"CONTRA COSTA",RICHMOND,-122.31836853,37.976127050000002
90223949,2016,2016-07-15,9370,2016-07-07,1325,019783,,4,1,9,0700,0,3,5,,2,012,"RICHMOND PARKWAY S/B","PARR BLVD.",145.00,N,N,A,-,N,,,,,,,,,,Y,3,0,1,1,A,-,08,22107,,N,E,I,A,A,H,-,A,D,0,,,,,Y,,A,01,0,1,0,0,0,0,0,0,0,"- ","- ",37.968359999999997,-122.37385,"CONTRA COSTA",UNINCORPORATED,-122.37374591,37.96814827
90224154,2016,2016-07-18,9370,2016-07-10,1653,020235,,7,2,5,0710,0,1,1,,2,057,"I-580 W/B","CENTRAL AVE",700.00,E,N,A,-,Y,,,580,,,,,,W,Y,3,0,1,1,C,-,18,,,N,E,I,A,A,H,-,A,D,0,,,,,Y,,-,"- ",0,1,0,0,0,0,0,0,0,"- ","- ",37.898339999999997,-122.3126,"CONTRA COSTA",RICHMOND,-122.31255527,37.898376339999999
90224187,2016,2016-07-18,9370,2016-06-22,1820,020633,,3,2,9,0700,0,3,5,,2,010,"1ST STREET (1800 BLOCK)","MARKET AVENUE",81.00,N,N,A,-,N,,,,,,,,,,N,3,0,1,2,A,-,05,21650,,F,D,C,A,A,H,-,A,D,0,,,Y,,Y,,A,08,0,1,0,0,0,0,0,0,1,"- ","- ",37.95919,-122.36875000000001,"CONTRA COSTA",UNINCORPORATED,-122.36873668,37.958902500000001
90224305,2016,2016-07-18,9320,2016-05-28,0135,019151,,6,3,3,0706,0,1,1,,2,180,"I-80 W/B","SR-4 U/C WEST EDGE",20.00,W,N,A,-,Y,,,,,,,,,,Y,2,0,1,2,A,-,03,22350,,F,C,C,A,A,H,-,C,D,0,,,Y,,Y,,A,07,1,0,0,0,0,0,0,0,1,"- ","- ",,,"CONTRA COSTA",HERCULES,-122.26951995,38.015025059999999
90224391,2016,2016-07-18,9320,2016-06-28,1718,017906,,2,2,3,0715,0,1,3,,2,241,"DEERHILL RD","ORCHARD RD",0.00,,Y,A,-,Y,,,,,,,,,,Y,4,0,1,2,A,-,03,22350,,N,C,C,A,A,H,-,A,D,0,,,,,Y,,J,49,0,0,1,0,0,0,0,0,0,"- ","- ",,,"CONTRA COSTA",LAFAYETTE,-122.12061997000001,37.895289900000002
90224423,2016,2016-07-18,9320,2016-06-29,1540,019458,,3,2,9,0700,0,2,4,,1,042,"PACHECO BLVD","ADELAIDE DR.",150.00,E,N,A,-,Y,,,,,,,,,,N,4,0,1,2,A,-,03,22350,,N,C,C,A,A,H,-,A,D,0,,,,,Y,,A,01,0,0,1,0,0,0,0,0,0,"- ","- ",,,"CONTRA COSTA",UNINCORPORATED,-122.09803967000001,38.009243089999998
90224456,2016,2016-07-18,9320,2016-06-29,0207,019850,,3,3,9,0700,0,1,1,,2,681,"I-680 S/B","LIVORNA RD",1584.00,S,N,A,-,Y,,,,,,,,,,Y,3,0,1,1,A,-,01,23152,A,N,E,I,A,A,D,-,C,D,0,,,,,Y,Y,A,07,0,1,0,0,0,0,0,0,0,"- ","- ",,,"CONTRA COSTA",UNINCORPORATED,-122.03240108,37.859775980000002
90224573,2016,2016-07-18,9320,2016-07-02,1008,019195,,6,1,4,0714,0,1,1,,2,683,"I-680 N/B","MARINA VISTA ROAD",2145.00,S,N,A,-,Y,,,,,,,,,,Y,4,0,3,2,A,-,03,22350,,N,C,C,A,A,H,-,A,D,0,,,,,Y,,A,07,0,0,3,0,0,0,0,0,0,"- ","- ",,,"CONTRA COSTA",MARTINEZ,,
90224659,2016,2016-07-18,9320,2016-07-10,0220,020295,,7,3,9,0700,0,2,4,,2,096,"VASCO ROAD","CAMINO DIABLO",22704.00,S,N,A,-,N,,,,,,,,,,Y,3,0,1,1,A,-,08,22107,,N,E,I,A,A,H,-,D,D,0,,,,,Y,,A,01,0,1,0,0,0,0,0,0,0,"- ","- ",,,"CONTRA COSTA",UNINCORPORATED,-121.66764000000001,37.865209999999998
90224990,2016,2016-07-18,9320,2016-07-02,1555,019559,,6,2,9,0700,0,3,5,,2,075,"WILLOW PASS RD.","PORT CHICAGO HIGHWAY",0.00,,Y,A,-,N,,,,,,,,,,Y,3,0,3,2,D,-,00,,,N,D,C,A,A,H,-,A,A,0,,,,,Y,,-,"- ",0,1,2,0,0,0,0,0,0,"- ","- ",38.026949999999999,-121.96055,"CONTRA COSTA",UNINCORPORATED,-122.02959993,37.978579930000002
90225241,2016,2016-07-19,9320,2016-06-24,1705,019458,,5,2,9,0700,0,1,1,,2,681,"I-680 N/B","LIVORNA ROAD U/C",30.00,S,N,A,-,Y,,,,,,,,,,Y,2,0,1,3,A,-,07,21658,A,N,B,C,A,A,H,-,A,D,0,,,Y,,Y,,C,02,1,0,0,0,0,0,0,0,1,"- ","- ",,,"CONTRA COSTA",UNINCORPORATED,-122.0352455,37.863322529999998
90225246,2016,2016-07-19,9320,2016-06-30,1630,019458,,4,2,9,0700,0,2,4,,1,061,"DANVILLE BLVD.","CREEK TREE RD.",0.00,,Y,A,-,Y,,,,,,,,,,N,3,0,1,2,A,-,08,22107,,N,D,G,A,A,H,-,A,D,0,,Y,,,Y,,A,07,0,1,0,0,0,0,1,0,0,"- ","- ",,,"CONTRA COSTA",UNINCORPORATED,-122.02995989999999,37.846319919999999
90225389,2016,2016-07-19,9320,2016-07-08,0900,017271,,5,1,6,0704,0,1,3,,2,402,"SR-4 W/B","PORT CHICAGO HIGHWAY",300.00,E,N,G,-,Y,,,4,,,,,,W,Y,4,0,1,3,A,-,03,22350,,N,C,C,A,A,H,-,A,D,0,,,,,Y,,A,01,0,0,1,0,0,0,0,0,0,"- ","- ",38.010809999999999,-122.01715,"CONTRA COSTA",CONCORD,-122.01714384,38.010769340000003
90225472,2016,2016-07-19,9320,2016-07-08,0630,019522,,5,1,9,0700,0,1,3,,2,403,"SR-4 W/B","BAILEY RD.",300.00,W,N,A,-,Y,,,,,,,,,,N,4,0,1,2,A,-,03,22350,,N,C,C,A,A,H,-,A,D,0,,,,,Y,,A,01,0,0,1,0,0,0,0,0,0,"- ","- ",,,"CONTRA COSTA",UNINCORPORATED,-121.94292165,38.01911844
90225521,2016,2016-07-19,9320,2016-07-12,1530,016584,,2,2,3,0707,0,1,1,,2,180,"I-80 E/B","APPIAN WAY",2112.00,E,N,A,-,Y,,,80,,,,,,E,N,4,0,1,4,A,-,03,22350,,N,C,C,A,A,H,-,A,D,0,,,,Y,Y,,F,26,0,0,1,0,0,0,0,0,0,"- ","- ",37.994300000000003,-122.29492,"CONTRA COSTA",PINOLE,-122.29491636,37.994269850000002
90225591,2016,2016-07-19,9320,2016-07-13,1235,016503,,3,1,9,0700,0,2,4,,2,094,"BYRON HIGHWAY","CLIFTON CT.",0.00,,Y,A,-,N,,,,,,,,,,Y,4,0,3,3,A,-,09,21801,A,N,A,C,A,A,H,-,A,D,0,,,,,Y,,A,07,0,0,3,0,0,0,0,0,0,"- ","- ",,,"CONTRA COSTA",UNINCORPORATED,-121.61224996999999,37.838349890000003
90225597,2016,2016-07-19,9320,2016-07-13,1730,016788,,3,2,5,0701,0,1,3,,2,404,"SR-4 E/B","CAVALLO RD U/C",100.00,E,N,A,-,Y,,,,,,,,,,N,4,0,5,2,A,-,03,22350,,N,C,C,A,A,D,-,A,D,0,,,,,Y,,A,07,0,0,5,0,0,0,0,0,0,"- ","- ",,,"CONTRA COSTA",ANTIOCH,-121.79763459,37.998062910000002
90225602,2016,2016-07-19,9320,2016-07-13,2317,020222,,3,3,9,0700,0,1,3,,2,403,"SR-4 E/B","BAILEY RD",2640.00,W,N,A,-,Y,,,4,,,,,,E,Y,4,0,1,2,A,-,07,21658,A,N,B,C,A,A,H,-,D,D,0,,,,,Y,,A,07,0,0,1,0,0,0,0,0,0,"- ","- ",38.019730000000003,-121.95193,"CONTRA COSTA",UNINCORPORATED,-121.95187376,38.019919399999999
90225607,2016,2016-07-19,9320,2016-07-13,2318,020222,,3,3,9,0700,0,1,3,,2,403,"SR-4 E/B","BAILEY RD",2640.00,W,N,A,-,Y,,,4,,,,,,E,Y,4,0,1,4,A,-,03,22350,,N,C,C,A,A,H,-,D,D,0,,,,,Y,,A,07,0,0,1,0,0,0,0,0,0,"- ","- ",38.019730000000003,-121.95193,"CONTRA COSTA",UNINCORPORATED,-121.95187376,38.019919399999999
90225629,2016,2016-07-19,9320,2016-07-14,0810,018042,,4,1,5,0708,0,1,3,,2,400,"SR-4 W/B","BAILEY ROAD",1000.00,E,N,A,-,Y,,,,,,,,,,Y,4,0,3,4,A,-,03,22350,,N,C,C,A,A,H,-,A,D,0,,,,,Y,,A,07,0,0,3,0,0,0,0,0,0,"- ","- ",,,"CONTRA COSTA",PITTSBURG,-121.93840785,38.019124900000001
90225701,2016,2016-07-19,9320,2016-07-18,0825,020498,,1,1,9,0700,0,1,1,,2,681,"I 680 N/B","STONE VALLEY",1056.00,S,N,A,-,Y,,,,,,,,,,Y,3,0,1,2,A,-,03,22350,,N,C,C,A,A,H,-,A,D,0,,,,,Y,,A,01,0,1,0,0,0,0,0,0,0,"- ","- ",,,"CONTRA COSTA",UNINCORPORATED,-122.02808734,37.848687589999997
90225704,2016,2016-07-19,9320,2016-07-18,0855,020498,,1,1,9,0700,0,1,1,,2,681,"I-680 N/B","STONE VALLEY RD",2640.00,S,N,B,-,Y,,,,,,,,,,Y,3,0,1,2,A,-,03,22350,,N,C,C,A,A,H,-,A,D,0,,,,,Y,,A,07,0,1,0,0,0,0,0,0,0,"- ","- ",,,"CONTRA COSTA",UNINCORPORATED,-122.02471607,37.845312049999997
90225800,2016,2016-07-19,9320,2016-07-14,2213,020222,,4,3,5,0701,0,1,3,,2,404,"SR-4 W/B","L ST",1000.00,E,N,A,-,Y,,,4,,,,,,W,Y,4,0,1,2,A,-,01,23152,A,N,B,C,A,A,H,-,D,D,0,,,,,Y,Y,A,01,0,0,1,0,0,0,0,0,0,"- ","- ",37.998519999999999,-121.81686000000001,"CONTRA COSTA",ANTIOCH,-121.81689201,37.998345620000002
90225942,2016,2016-07-19,9320,2016-07-07,1430,016788,,4,2,5,0701,0,1,3,,2,405,"SR-4 E/B TO LONE TREE WAY (OFF-RAMP)","LONE TREE WAY",348.00,W,N,A,-,Y,,,,,,,,,,Y,3,0,1,1,A,-,08,22107,,N,F,A,A,A,H,-,A,D,0,,,Y,,Y,,C,02,0,1,0,0,0,0,0,0,1,"- ","- ",,,"CONTRA COSTA",ANTIOCH,-121.80727793,37.99812
90226327,2016,2016-07-20,9320,2016-07-08,1510,020606,,5,2,9,0700,0,1,3,,2,403,"SR-4 W/B","WILLOW PASS ROAD (CONCORD)",4224.00,E,N,A,-,Y,,,4,,,,,,W,Y,4,0,1,2,A,-,08,22107,,N,B,C,A,A,H,-,A,D,0,,,,,Y,,A,01,0,0,1,0,0,0,0,0,0,"- ","- ",38.017270000000003,-121.99054,"CONTRA COSTA",UNINCORPORATED,-121.99059959,38.017370120000002
90226497,2016,2016-07-20,9320,2016-07-13,1740,016636,,3,2,5,0701,0,1,3,,2,404,"SR-4 EB","HILLCREST AVE O/C",2112.00,W,N,A,-,Y,,,,,,,,,,Y,3,0,4,3,A,-,03,22350,,N,C,C,A,A,D,-,A,D,0,,,,,Y,,A,01,0,1,3,0,0,0,0,0,0,"- ","- ",,,"CONTRA COSTA",ANTIOCH,-121.79244195,37.997267379999997
90226502,2016,2016-07-20,9320,2016-07-14,1635,016788,,4,2,9,0700,0,1,3,,1,406,SR-4,"WALNUT BLVD",300.00,E,N,A,-,Y,,,,,,,,,,N,4,0,1,2,A,-,03,22350,,N,C,C,A,A,H,-,A,A,0,,,,,Y,,A,01,0,0,1,0,0,0,0,0,0,"- ","- ",,,"CONTRA COSTA",UNINCORPORATED,,
90226565,2016,2016-07-20,9320,2016-07-16,0430,019535,,6,3,5,0708,0,1,3,,2,404,"SR-4 E/B","LOVERIDGE RD",1000.00,W,N,A,-,Y,,,,,,,,,,N,4,0,1,2,A,-,03,22350,,M,C,C,A,A,H,-,C,D,0,,,,,Y,,-,99,0,0,1,0,0,0,0,0,0,"- ","- ",,,"CONTRA COSTA",PITTSBURG,-121.8710107,38.012478989999998
90226600,2016,2016-07-20,9320,2016-07-16,1515,020834,,6,2,9,0700,0,3,5,,2,010,"3RD ST","LAKE AVE",70.00,E,N,A,-,N,,,,,,,,,,N,4,0,1,2,A,-,11,21954,A,N,G,B,D,A,H,-,A,D,0,Y,,,,Y,,N,60,0,0,1,0,1,0,0,0,0,"- ","- ",38.034260000000003,-122.26964,"CONTRA COSTA",UNINCORPORATED,-122.26939165,38.03428787
90226606,2016,2016-07-20,9320,2016-07-19,0836,018959,,2,1,9,0700,0,1,1,,2,681,"I-680 NB","EL CERRO BLVD",450.00,N,N,A,-,Y,,,,,,,,,,Y,4,0,1,3,A,-,03,22350,,N,C,C,A,A,H,-,A,D,0,,,,,Y,,A,07,0,0,1,0,0,0,0,0,0,"- ","- ",,,"CONTRA COSTA",UNINCORPORATED,-122.00198761,37.830521400000002
90226625,2016,2016-07-20,9320,2016-07-19,2205,020579,,2,3,9,0700,0,1,1,,2,180,"I-80 E/B","CUMMINGS SKYWAY O/C",2376.00,E,N,A,-,Y,,,80,,,,,,E,N,4,0,1,4,A,-,03,22350,,N,C,C,A,A,D,-,D,D,0,,,,,Y,,A,01,0,0,1,0,0,0,0,0,0,"- ","- ",38.049300000000002,-122.23224,"CONTRA COSTA",UNINCORPORATED,-122.23222316,38.049275979999997
90226638,2016,2016-07-20,9320,2016-07-07,1845,020606,,4,2,9,0700,0,2,4,,2,012,"SAN PABLO DAM ROAD","VALLEY VIEW ROAD",300.00,N,N,A,-,N,,,,,,,,,,Y,3,0,1,1,A,-,01,23152,A,N,E,I,A,A,H,-,A,D,0,,,,,Y,Y,A,01,0,1,0,0,0,0,0,0,0,"- ","- ",37.961030000000001,-122.28474,"CONTRA COSTA",UNINCORPORATED,-122.28401777000001,37.960587859999997
90227841,2016,2016-07-21,9320,2016-07-06,1055,018148,,3,1,9,0700,0,1,1,,2,180,"INTERSTATE 80 EASTBOUND","POMONA STREET",1000.00,W,N,A,-,Y,,,80,,,,,,E,Y,4,0,3,2,A,-,07,21658,A,F,B,C,A,A,H,-,A,D,0,,,,,Y,,D,22,0,0,3,0,0,0,0,0,0,"- ","- ",38.05104,-122.22960999999999,"CONTRA COSTA",UNINCORPORATED,-122.22964322,38.051087279999997
90227864,2016,2016-07-21,9320,2016-07-07,1155,018148,,4,1,9,0700,0,1,3,,2,401,"EASTBOUND SR-4","ALHAMBRA AVENUE",3960.00,W,N,A,-,Y,,,4,,,,,,,Y,3,0,2,1,A,-,08,22107,,N,E,I,A,A,H,-,A,D,0,,,,,Y,,A,01,0,2,0,0,0,0,0,0,0,"- ","- ",37.992159999999998,-122.14267,"CONTRA COSTA",UNINCORPORATED,-122.14266387000001,37.992164619999997
90227867,2016,2016-07-21,9320,2016-07-08,1207,016824,,5,1,9,0700,0,2,4,,2,046,"TREAT BLVD. W/B","JONES ROAD",0.00,,Y,A,-,N,,,,,,,,,,Y,4,0,1,3,A,-,12,21453,A,N,D,C,A,A,H,-,A,A,0,,,,,Y,,A,01,0,0,1,0,0,0,0,0,0,"- ","- ",,,"CONTRA COSTA",UNINCORPORATED,-122.05477994,37.926629910000003
90227873,2016,2016-07-21,9320,2016-07-12,0803,016824,,2,1,3,0715,0,1,3,,2,241,"SR-24 E/B","ACALANES ROAD U/C",0.00,,N,A,-,Y,,,,,,,,,,Y,2,0,1,3,A,-,03,22350,,N,C,C,A,A,H,-,A,D,0,,,,,Y,,A,01,1,0,0,0,0,0,0,0,0,"- ","- ",,,"CONTRA COSTA",LAFAYETTE,-122.15439999,37.89182993
90227886,2016,2016-07-21,9320,2016-07-13,1844,016636,,3,2,9,0700,0,3,5,,2,075,"AZORES CIRCLE, 707 BLOCK","BUSTOS WAY",57.00,E,N,A,-,N,,,,,,,,,,Y,4,0,1,1,A,-,08,22107,,N,E,I,A,A,H,-,A,D,0,,,,,Y,,A,01,0,0,1,0,0,0,0,0,0,"- ","- ",,,"CONTRA COSTA",UNINCORPORATED,-121.97580252,38.030256309999999
90227896,2016,2016-07-21,9320,2016-07-19,1820,020606,,2,2,5,0712,0,1,1,,2,681,"I-680 N/B","LIVORNA ROAD",150.00,N,N,A,-,Y,,,680,,,,,,N,N,4,0,1,2,A,-,03,22350,,N,C,C,A,A,H,-,A,D,0,,,,,Y,,A,01,0,0,1,0,0,0,0,0,0,"- ","- ",37.863939999999999,-122.03604,"CONTRA COSTA","WALNUT CREEK",-122.03607611,37.863892569999997
90227910,2016,2016-07-21,9320,2016-07-20,0340,020222,,3,3,5,0701,0,1,3,,2,404,"SR-4 E/B","L ST",1000.00,W,N,A,-,Y,,,4,,,,,,E,Y,4,0,1,2,A,-,03,22350,,N,C,C,A,A,H,-,D,D,0,,,,,Y,,A,01,0,0,1,0,0,0,0,0,0,"- ","- ",38.000819999999997,-121.82727,"CONTRA COSTA",ANTIOCH,-121.82721632000001,38.001011890000001
90228438,2016,2016-07-22,9370,2016-07-14,1052,020235,,4,1,5,0710,0,1,1,,2,058,"I-580 W/B","CANAL BOULEVARD",1100.00,E,N,A,-,Y,,,580,,,,,,W,Y,3,0,2,2,A,-,03,22350,,N,C,C,A,A,H,-,A,D,0,,,,,Y,,A,07,0,1,1,0,0,0,0,0,0,"- ","- ",37.927199999999999,-122.37421000000001,"CONTRA COSTA",RICHMOND,-122.3742101,37.927248290000001
90228751,2016,2016-07-25,9370,2016-07-11,0259,021136,,1,3,3,0705,0,2,S,,2,901,"ARLINGTON AVENUE, 5800 BLOCK","MCBRYDE AVENUE",150.00,E,N,A,-,N,,,,,,,,,,Y,3,0,1,2,A,-,03,22350,,M,B,C,A,A,H,-,D,D,0,,,,,Y,,A,07,0,1,0,0,0,0,0,0,0,"- ","- ",37.570230000000002,-122.19177999999999,"CONTRA COSTA","EL CERRITO",-122.32138,37.951099999999997
90228878,2016,2016-07-25,9370,2016-07-15,1555,020657,,5,2,4,0711,0,1,1,,2,083,"I-80 EASTBOUND","SAN PABLO DAM ROAD",500.00,E,N,A,-,Y,,,,,,,,,,Y,3,0,1,2,A,-,07,21658,A,N,B,C,A,A,H,-,A,D,0,,,Y,,Y,,A,01,0,1,0,0,0,0,0,0,1,"- ","- ",37.587989999999998,-122.19157,"CONTRA COSTA","SAN PABLO",-122.32911942,37.954794309999997
90229136,2016,2016-07-25,9320,2016-07-07,1416,017906,,4,2,4,0790,0,1,1,,2,681,"I-680 S/B","LIVORNA RD U/C",1003.00,N,N,A,-,Y,,,,,,,,,,N,3,0,2,3,A,-,07,21658,A,N,B,C,A,A,H,-,A,D,0,,,,,Y,,A,01,0,1,1,0,0,0,0,0,0,"- ","- ",,,"CONTRA COSTA",DANVILLE,-122.03791389,37.865293639999997
90229187,2016,2016-07-25,9320,2016-06-30,1750,019458,,4,2,9,0700,0,2,4,,2,046,"OAK RD.","WAYNE DR.",100.00,S,N,A,-,Y,,,,,,,,,,Y,4,0,2,4,A,-,03,22350,,N,C,C,A,A,H,-,A,A,0,,,,,Y,,A,01,0,0,2,0,0,0,0,0,0,"- ","- ",,,"CONTRA COSTA",UNINCORPORATED,-122.05753976,37.928739819999997
90229209,2016,2017-01-19,9320,2016-07-05,0250,020192,,2,3,5,0701,0,1,3,,2,404,"SR-4 E/B","HILLCREST AVE",0.00,,N,A,-,Y,,,,,,,,,,Y,2,0,2,1,A,-,08,22107,,N,E,I,A,A,H,-,C,D,0,,,,,Y,,A,01,2,0,0,0,0,0,0,0,0,"- ","- ",,,"CONTRA COSTA",ANTIOCH,-121.78527993,37.996029960000001
90229234,2016,2016-07-25,9320,2016-07-11,1548,020835,,1,2,9,0700,0,2,4,,2,094,"BYRON HIGHWAY","MARSH CREEK ROAD",0.00,,Y,A,-,Y,,,,,,,,,,Y,4,0,2,3,A,-,09,21453,C,N,D,C,A,A,H,-,A,A,0,,,,,Y,,A,07,0,0,2,0,0,0,0,0,0,"- ","- ",38.837380000000003,-122.87365,"CONTRA COSTA",UNINCORPORATED,-121.64138998999999,37.896430000000002
90229268,2016,2016-07-25,9320,2016-07-12,1235,016713,,2,1,9,0700,0,2,4,,2,046,"TREAT BLVD W/B","CHERRY LN",50.00,E,N,A,-,N,,,,,,,,,,N,4,0,1,3,A,-,03,22350,,N,C,C,A,A,H,-,A,A,0,,,,,Y,,A,01,0,0,1,0,0,0,0,0,0,"- ","- ",,,"CONTRA COSTA",UNINCORPORATED,-122.05087211,37.92649566
90229279,2016,2016-07-25,9320,2016-07-13,1925,016636,,3,2,5,0701,0,1,3,,2,404,"SR-4 WB","SOMERSVILLE RD U/C",3696.00,W,N,A,-,Y,,,,,,,,,,Y,4,0,1,1,A,-,08,22107,,N,E,I,A,A,H,-,A,D,0,,,,,Y,,A,01,0,0,1,0,0,0,0,0,0,"- ","- ",,,"CONTRA COSTA",ANTIOCH,,
90229287,2016,2016-07-25,9320,2016-07-13,1215,016824,,3,1,3,0707,0,1,3,,2,401,"SR-4 W/B TO I-80 W/B",I-80,395.00,E,N,A,-,Y,,,,,,,,,,N,4,0,1,2,A,-,03,22350,,N,C,C,A,A,H,-,A,D,0,,,,,Y,,A,01,0,0,1,0,0,0,0,0,0,"- ","- ",,,"CONTRA COSTA",PINOLE,-122.26917,38.015149999999998
90229295,2016,2016-07-25,9320,2016-07-14,1645,016788,,4,2,9,0700,0,2,4,,2,096,"VASCO RD","ALAMEDA COUNTY LINE",13200.00,N,N,A,-,N,,,,,,,,,,Y,3,0,1,1,A,-,08,22107,,N,E,I,A,A,H,-,A,D,0,,,Y,,Y,,C,02,0,1,0,0,0,0,0,0,1,"- ","- ",,,"CONTRA COSTA",UNINCORPORATED,,
90229314,2016,2016-07-25,9320,2016-07-14,1505,020984,,4,2,9,0700,0,3,5,,2,040,"CONCORD AVE","NEW DRIVE",0.00,,Y,A,-,N,,,,,,,,,,N,3,0,1,2,A,-,09,21801,A,N,H,G,A,A,H,-,A,A,0,,Y,,,Y,,A,01,0,1,0,0,0,0,1,0,0,"- ","- ",37.981299999999997,-122.054,"CONTRA COSTA",UNINCORPORATED,-122.0537999,37.980939960000001
90229347,2016,2016-07-25,9320,2016-07-15,1545,019914,,5,2,6,0704,0,1,3,,2,242,"SB 242 TO CONCORD AVENUE (OFF-RAMP)","CONCORD AVENUE",80.00,N,N,A,-,Y,,,,,,,,,,Y,4,0,2,3,A,-,08,22107,,N,F,A,A,A,H,-,A,A,0,,,,,Y,,A,08,0,0,2,0,0,0,0,0,0,"- ","- ",,,"CONTRA COSTA",CONCORD,-122.04338858,37.97915476
90229415,2016,2016-07-25,9320,2016-07-17,2243,020295,,7,3,9,0700,0,2,4,,2,093,"CAMINO DIABLO","HOLWAY DR.",0.00,,Y,A,-,N,,,,,,,,,,Y,4,0,1,2,A,-,12,22450,A,N,D,C,A,A,H,-,D,D,0,,,,,Y,,A,01,0,0,1,0,0,0,0,0,0,"- ","- ",,,"CONTRA COSTA",UNINCORPORATED,-121.64159997,37.867469980000003