CASE_ID,ACCIDENT_YEAR,PROC_DATE,JURIS,COLLISION_DATE,COLLISION_TIME,OFFICER_ID,REPORTING_DISTRICT,DAY_OF_WEEK,CHP_SHIFT,POPULATION,CNTY_CITY_LOC,SPECIAL_COND,BEAT_TYPE,CHP_BEAT_TYPE,CITY_DIVISION_LAPD,CHP_BEAT_CLASS,BEAT_NUMBER,PRIMARY_RD,SECONDARY_RD,DISTANCE,DIRECTION,INTERSECTION,WEATHER_1,WEATHER_2,STATE_HWY_IND,CALTRANS_COUNTY,CALTRANS_DISTRICT,STATE_ROUTE,ROUTE_SUFFIX,POSTMILE_PREFIX,POSTMILE,LOCATION_TYPE,RAMP_INTERSECTION,SIDE_OF_HWY,TOW_AWAY,COLLISION_SEVERITY,NUMBER_KILLED,NUMBER_INJURED,PARTY_COUNT,PRIMARY_COLL_FACTOR,PCF_CODE_OF_VIOL,PCF_VIOL_CATEGORY,PCF_VIOLATION,PCF_VIOL_SUBSECTION,HIT_AND_RUN,TYPE_OF_COLLISION,MVIW,PED_ACTION,ROAD_SURFACE,ROAD_COND_1,ROAD_COND_2,LIGHTING,CONTROL_DEVICE,CHP_ROAD_TYPE,PEDESTRIAN_ACCIDENT,BICYCLE_ACCIDENT,MOTORCYCLE_ACCIDENT,TRUCK_ACCIDENT,NOT_PRIVATE_PROPERTY,ALCOHOL_INVOLVED,STWD_VEHTYPE_AT_FAULT,CHP_VEHTYPE_AT_FAULT,COUNT_SEVERE_INJ,COUNT_VISIBLE_INJ,COUNT_COMPLAINT_PAIN,COUNT_PED_KILLED,COUNT_PED_INJURED,COUNT_BICYCLIST_KILLED,COUNT_BICYCLIST_INJURED,COUNT_MC_KILLED,COUNT_MC_INJURED,PRIMARY_RAMP,SECONDARY_RAMP,LATITUDE,LONGITUDE,COUNTY,CITY,POINT_X,POINT_Y
90229937,2016,2016-07-25,9370,2016-07-18,0727,019469,,1,1,3,0705,0,1,1,,2,082,"I-80 W/B (EASTSHORE FREEWAY)","CUTTING BOULEVARD",700.00,W,N,B,-,Y,,,80,,,,,,W,Y,3,0,1,2,A,-,07,21658,A,N,F,I,A,A,H,-,A,D,0,,,Y,,Y,,A,01,0,1,0,0,0,0,0,0,1,"- ","- ",37.923670000000001,-122.31975,"CONTRA COSTA","EL CERRITO",-122.3197928,37.923637620000001
90230238,2016,2016-07-26,9320,2016-07-01,2500,019458,,5,4,9,0700,0,1,3,,2,403,"SR-4 E/B SAN MARCO BLVD. OFFRAMP","SAN MARCO BLVD.",1056.00,W,N,A,-,Y,,,,,,,,,,Y,3,0,1,1,A,-,08,22107,,N,F,I,A,A,H,-,A,D,0,,,,,Y,,A,01,0,1,0,0,0,0,0,0,0,"- ","- ",,,"CONTRA COSTA",UNINCORPORATED,,
90230275,2016,2016-07-26,9320,2016-07-25,1630,019465,,1,2,5,0712,0,1,1,,2,681,"I-680 N/B","RUDGEAR ROAD",300.00,S,N,A,-,Y,,,,,,,,,,Y,4,0,1,3,A,-,03,22350,,N,C,C,A,A,H,-,A,D,0,,,,,Y,,A,01,0,0,1,0,0,0,0,0,0,"- ","- ",,,"CONTRA COSTA","WALNUT CREEK",-122.04854690000001,37.878612699999998
90230305,2016,2016-07-26,9320,2016-07-25,1738,019465,,1,2,5,0712,0,1,1,,2,682,"I-680 N/B","YGNACIO VALLEY ROAD",10.00,S,N,A,-,Y,,,,,,,,,,Y,3,0,1,3,A,-,07,21658,A,N,B,C,A,A,H,-,A,D,0,,,,,Y,,A,01,0,1,0,0,0,0,0,0,0,"- ","- ",,,"CONTRA COSTA","WALNUT CREEK",-122.06941614,37.905332960000003
90230403,2016,2016-07-26,9370,2016-06-28,0818,019695,,2,1,5,0710,0,1,1,,2,082,"I-80 E/B","SAN PABLO AVE",940.00,W,N,A,-,Y,,,80,,,,,,E,Y,3,0,1,1,A,-,08,22107,,N,F,A,A,A,H,-,A,D,0,,,,,Y,,A,07,0,1,0,0,0,0,0,0,0,"- ","- ",37.933840000000004,-122.32649000000001,"CONTRA COSTA",RICHMOND,-122.32659645,37.933802800000002
9023042,2020,2020-05-14,0700,2020-01-03,1755,OA032,OAK,5,5,3,0734,0,0,0,,0,051,"OAKLEY RD","NEROLY RD",0.00,,Y,A,-,N,,,,,,,,,,Y,4,0,2,2,A,-,09,21802,A,N,D,C,A,A,H,-,D,A,0,,,,Y,Y,,A,01,0,0,2,0,0,0,0,0,0,"- ","- ",,,"CONTRA COSTA",OAKLEY,-121.75080108642578,37.997821807861328
90231239,2016,2016-07-27,9320,2016-07-16,0843,019195,,6,1,9,0700,0,2,4,,2,093,"CAMINO DIABLO","HOLWAY DRIVE",20.00,E,N,A,-,N,,,,,,,,,,Y,4,0,1,2,A,-,01,23152,A,N,A,C,A,A,H,-,A,D,0,,,,,Y,Y,A,01,0,0,1,0,0,0,0,0,0,"- ","- ",,,"CONTRA COSTA",UNINCORPORATED,-121.64153071,37.867470599999997
90231341,2016,2016-07-27,9320,2016-07-02,1500,019914,,6,2,4,0709,0,1,1,,2,683,"SB 680 TO MONUMENT BLVD","MONUMENT BLVD",40.00,N,N,A,-,Y,,,,,,,,,,Y,3,0,1,3,A,-,01,23152,E,N,C,C,A,A,H,-,A,A,0,,,,,Y,,A,07,0,1,0,0,0,0,0,0,0,"- ","- ",,,"CONTRA COSTA","PLEASANT HILL",-122.05829371999999,37.945443580000003
90231353,2016,2016-07-27,9320,2016-07-09,0005,020295,,6,3,9,0700,0,1,3,,2,403,"SR-4 E/B","BAILEY RD.",820.00,W,N,A,-,Y,,,,,,,,,,Y,3,0,1,2,A,-,03,22350,,N,C,C,A,A,H,-,C,D,0,,,,,Y,Y,A,01,0,1,0,0,0,0,0,0,0,"- ","- ",,,"CONTRA COSTA",UNINCORPORATED,-121.94475711,38.018729999999998
90231447,2016,2016-07-27,9320,2016-07-24,1535,019465,,7,2,9,0700,0,1,1,,2,681,"I-680 S/B","LIVORNA ROAD",762.00,N,N,A,-,Y,,,,,,,,,,Y,3,0,1,1,A,-,08,22107,,N,E,I,A,A,H,-,A,D,0,,,,,Y,,A,07,0,1,0,0,0,0,0,0,0,"- ","- ",,,"CONTRA COSTA",UNINCORPORATED,-122.03740906,37.86476716
90231516,2016,2016-07-27,9320,2016-07-22,1835,020606,,5,2,3,0707,0,1,1,,2,180,"I-80 E/B","APPIAN WAY",50.00,W,N,A,-,Y,,,80,,,,,,E,Y,4,0,1,2,A,-,08,22107,,N,E,I,A,A,H,-,A,D,0,,,,,Y,,A,01,0,0,1,0,0,0,0,0,0,"- ","- ",37.993380000000002,-122.30105,"CONTRA COSTA",PINOLE,-122.30105654,37.99342824
90231536,2016,2016-07-27,9320,2016-07-22,1239,018449,,5,1,9,0700,0,3,5,,2,040,"ARTHUR ROAD","ANDERSON WAY",70.00,W,N,A,-,N,,,,,,,,,,N,3,0,1,2,A,-,09,21804,A,N,D,C,A,A,H,-,A,D,0,,,Y,,Y,,A,01,0,1,0,0,0,0,0,0,1,"- ","- ",,,"CONTRA COSTA",UNINCORPORATED,-122.08968422,38.009196299999999
90231572,2016,2016-07-27,9320,2016-07-14,1120,016713,,4,1,9,0700,0,3,5,,2,040,"MARSH DR","ARIA DR",30.00,N,N,A,-,N,,,,,,,,,,Y,3,0,1,2,A,-,08,22107,,N,C,E,A,A,H,-,A,D,0,,,,,Y,,A,01,0,1,0,0,0,0,0,0,0,"- ","- ",,,"CONTRA COSTA",UNINCORPORATED,-122.06309401,37.991522349999997
90231597,2016,2016-07-27,9320,2016-07-25,0800,020498,,1,1,9,0700,0,1,3,,2,403,"SR-4 W/B","WILLOW PASS RD",3696.00,E,N,A,-,Y,,,,,,,,,,Y,4,0,1,4,A,-,03,22350,,N,C,C,A,A,H,-,A,D,0,,,,,Y,,A,01,0,0,1,0,0,0,0,0,0,"- ","- ",,,"CONTRA COSTA",UNINCORPORATED,-121.99751999999999,38.013930000000002
90231611,2016,2016-07-27,9320,2016-07-26,0720,020498,,2,1,9,0700,0,1,3,,2,403,"SR-4 W/B","BAILEY RD",655.00,W,N,A,-,Y,,,,,,,,,,Y,3,0,1,4,A,-,07,21658,A,N,B,C,A,A,H,-,A,D,0,,,Y,,Y,,D,22,0,1,0,0,0,0,0,0,1,"- ","- ",,,"CONTRA COSTA",UNINCORPORATED,-121.94415426,38.019114819999999
90231824,2016,2016-07-27,9390,2016-06-19,2319,020071,,7,3,4,0790,0,1,1,,2,069,"I-680 N/B","SYCAMORE VALLEY ROAD",1584.00,S,N,A,-,Y,,,,,,,,,,Y,4,0,1,2,A,-,03,22350,,N,A,C,A,A,C,-,D,D,0,,,,Y,Y,,G,25,0,0,1,0,0,0,0,0,0,"- ","- ",,,"CONTRA COSTA",DANVILLE,-121.99103137,37.807235609999999
9023206,2019,2020-02-13,0711,2019-12-31,0315,S1063,,2,5,4,0711,0,0,0,,0,002,"SAN PABLO DAM RD","VENTURA AV",48.00,W,N,A,-,N,,,,,,,,,,Y,2,0,2,1,A,-,08,22107,,N,E,I,A,A,H,-,C,A,0,,,,,Y,,A,01,1,0,1,0,0,0,0,0,0,"- ","- ",,,"CONTRA COSTA","SAN PABLO",-122.33111572265625,37.954681396484375
9023210,2019,2020-02-06,0711,2019-12-28,1857,S1110,,6,5,4,0711,0,0,0,,0,002,"SAN PABLO AV","VALE RD",237.00,N,N,A,-,N,,,,,,,,,,Y,3,0,1,2,A,-,03,22350,,N,C,C,A,A,H,-,C,A,0,,,,,Y,,A,01,0,1,0,0,0,0,0,0,0,"- ","- ",,,"CONTRA COSTA","SAN PABLO",-122.33635711669922,37.955986022949219
9023214,2019,2020-02-06,0711,2019-12-18,0450,1033,,3,5,4,0711,0,0,0,,0,003,"CHURCH LN","SAN PABLO AV",0.00,,Y,C,-,N,,,,,,,,,,Y,4,0,1,2,A,-,12,21453,A,N,D,C,A,B,H,-,C,A,0,,,,,Y,,-,,0,0,1,0,0,0,0,0,0,"- ","- ",,,"CONTRA COSTA","SAN PABLO",-122.34024047851562,37.958759307861328
9023218,2019,2020-02-06,0711,2019-12-16,1336,1085,BAY,1,5,4,0711,0,0,0,,0,THREE,"RUMRILL BL","BROOKSIDE DR",0.00,,Y,A,-,N,,,,,,,,,,N,4,0,2,2,A,-,12,21453,A,N,D,C,A,-,A,H,A,A,0,,,,,Y,,A,01,0,0,2,0,0,0,0,0,0,"- ","- ",,,"CONTRA COSTA","SAN PABLO",-122.35518646240234,37.963218688964844
9023222,2019,2020-02-06,0711,2019-12-17,1626,1142,,2,5,4,0711,0,0,0,,0,001,"CHURCH LN","WILLOW RD",34.00,E,N,A,-,N,,,,,,,,,,Y,4,0,1,2,A,-,04,21703,,N,C,C,A,A,H,-,A,D,0,,,,,Y,,A,07,0,0,1,0,0,0,0,0,0,"- ","- ",37.959941864013672,-122.33891296386719,"CONTRA COSTA","SAN PABLO",-122.33894348144531,37.959892272949219
90232253,2016,2016-07-28,9320,2016-07-15,1625,016584,,5,2,3,0715,0,1,3,,2,241,"SR-24 E/B","HAPPY VALLEY RD.",1584.00,W,N,A,-,Y,,,24,,,,,,E,N,4,0,1,2,A,-,04,21703,,N,C,C,A,A,H,-,A,D,0,,,,,Y,,A,01,0,0,1,0,0,0,0,0,0,"- ","- ",37.891030000000001,-122.13233,"CONTRA COSTA",LAFAYETTE,-122.13234464999999,37.891090120000001
9023254,2019,2020-02-06,0700,2019-12-20,1713,OA032,OAK,5,5,3,0734,0,0,0,,0,052,"EAST CYPRESS RD","MAIN ST",133.00,E,N,A,-,N,,,,,,,,,,N,4,0,1,2,A,-,05,21650,,N,H,G,A,A,H,-,B,A,0,,Y,,,Y,,L,04,0,0,1,0,0,0,1,0,0,"- ","- ",,,"CONTRA COSTA",OAKLEY,-121.69682312011719,37.990589141845703
9023258,2019,2020-02-06,0700,2019-12-28,0919,OA032,OAK,6,5,3,0734,0,0,0,,0,053,"ORCHARD PARK DR","ALMOND DR",0.00,,Y,A,-,N,,,,,,,,,,Y,4,0,2,2,A,-,09,21800,A,N,D,C,A,A,H,-,A,D,0,,,,,Y,,A,01,0,0,2,0,0,0,0,0,0,"- ","- ",,,"CONTRA COSTA",OAKLEY,-121.71121215820312,37.991279602050781
90232629,2016,2016-07-28,9320,2016-07-14,0525,016713,,4,3,4,0714,0,1,1,,2,683,"I-680 S/B","ARTHUR RD U/C",2640.00,N,N,A,-,Y,,,,,,,,,,Y,3,0,1,2,A,-,07,21658,A,N,B,C,A,A,H,-,B,D,0,,,,,Y,,-,"- ",0,1,0,0,0,0,0,0,0,"- ","- ",,,"CONTRA COSTA",MARTINEZ,-122.09420751,38.016712589999997
9023335,2020,2020-03-18,0711,2020-01-09,0835,1053,BAY,4,5,4,0711,0,0,0,,0,001,"RUMRILL BL","ROAD 20",0.00,,Y,A,-,N,,,,,,,,,,Y,4,0,1,2,A,-,09,21802,,N,A,C,A,A,H,-,A,D,0,,,,Y,Y,,A,01,0,0,1,0,0,0,0,0,0,"- ","- ",,,"CONTRA COSTA","SAN PABLO",-122.35389709472656,37.965198516845703
90234288,2016,2016-08-01,9320,2016-07-02,0220,020010,,6,3,9,0700,0,1,1,,2,180,"I-80 E/B","CUMMINGS SKYWAY O/C",528.00,W,N,A,-,Y,,,80,,,,,,E,N,3,0,1,1,A,-,01,23152,A,N,E,I,A,A,H,-,C,D,0,,,,,Y,Y,A,01,0,1,0,0,0,0,0,0,0,"- ","- ",38.043950000000002,-122.23954999999999,"CONTRA COSTA",UNINCORPORATED,-122.23963153,38.044066770000001
90234295,2016,2016-08-01,9320,2016-07-09,0000,020295,,6,3,9,0700,0,1,3,,2,403,"SR-4 E/B","BAILEY RD.",800.00,W,N,A,-,Y,,,,,,,,,,Y,4,0,1,2,A,-,01,23152,A,M,B,C,A,A,H,-,C,D,0,,,,,Y,Y,A,01,0,0,1,0,0,0,0,0,0,"- ","- ",,,"CONTRA COSTA",UNINCORPORATED,-121.94468766,38.018729999999998
90234301,2016,2016-08-01,9320,2016-07-17,1158,018449,,7,1,9,0700,0,1,1,,2,681,"INTERSTATE 680 N/B","EL CERRO BOULEVARD",599.00,S,N,A,-,Y,,,,,,,,,,Y,4,0,1,2,A,-,01,23152,E,N,E,J,A,A,D,H,A,D,0,,,,,Y,,A,07,0,0,1,0,0,0,0,0,0,"- ","- ",,,"CONTRA COSTA",UNINCORPORATED,-121.99917194,37.828700490000003
90234307,2016,2016-08-01,9320,2016-07-23,2055,020606,,6,2,9,0700,0,2,4,,1,042,"PACHECO BOULEVARD","CAMINO DEL SOL",50.00,E,N,A,-,N,,,,,,,,,,Y,4,0,1,2,C,-,18,,,N,D,C,A,A,H,-,C,D,0,,,,,Y,,-,"- ",0,0,1,0,0,0,0,0,0,"- ","- ",38.008330000000001,-122.09567,"CONTRA COSTA",UNINCORPORATED,-122.09570467,38.008358690000001
90234322,2016,2016-08-01,9320,2016-07-24,1737,020835,,7,2,9,0700,0,2,4,,2,093,"BYER ROAD","BYRON HIGHWAY",1468.00,E,N,A,-,Y,,,,,,,,,,Y,3,0,3,1,A,-,08,22107,,N,E,I,A,A,H,-,A,D,0,,,,,Y,,D,22,0,1,2,0,0,0,0,0,0,"- ","- ",37.874639999999999,-121.63638,"CONTRA COSTA",UNINCORPORATED,-121.63644321,37.87467908
90234340,2016,2016-08-01,9320,2016-06-30,1602,016788,,4,2,9,0700,0,3,5,,2,090,"SELLERS AVE","BRENTWOOD BLVD",125.00,N,N,A,-,N,,,,,,,,,,Y,4,0,1,2,A,-,01,23152,A,N,C,C,A,A,H,-,A,A,0,,,,,Y,Y,A,07,0,0,1,0,0,0,0,0,0,"- ","- ",,,"CONTRA COSTA",UNINCORPORATED,-121.67798978,37.912173340000002
90234481,2016,2016-08-01,9320,2016-07-17,0610,019086,,7,1,9,0700,0,1,1,,2,180,"I-80 E/B TO SR-4 E/B",SR-4,205.00,S,N,A,-,Y,,,,,,,,,,Y,3,0,1,1,A,-,08,22107,,N,E,I,A,A,H,-,A,D,0,,,,,Y,,A,01,0,1,0,0,0,0,0,0,0,"- ","- ",38.014389999999999,-122.26925,"CONTRA COSTA",UNINCORPORATED,-122.26971514,38.014562580000003
90234498,2016,2016-08-01,9320,2016-07-17,1832,019465,,7,2,9,0700,0,1,1,,2,683,"I-680 S/B","BNSF OVER-CROSSING",1313.00,N,N,A,-,Y,,,,,,,,,,Y,3,0,1,1,A,-,08,22107,,N,E,I,A,A,H,-,A,D,0,,,,,Y,,D,22,0,1,0,0,0,0,0,0,0,"- ","- ",,,"CONTRA COSTA",UNINCORPORATED,,
90234511,2016,2016-08-01,9320,2016-07-18,1342,016636,,1,1,9,0700,0,1,3,,2,403,"SR-4 WB","BAILEY RD U/C",130.00,W,N,A,-,Y,,,,,,,,,,Y,4,0,2,2,A,-,07,21658,A,N,C,C,A,A,H,-,A,D,0,,,,,Y,,A,07,0,0,2,0,0,0,0,0,0,"- ","- ",,,"CONTRA COSTA",UNINCORPORATED,-121.94233138,38.019120000000001
90234566,2016,2016-08-01,9320,2016-07-18,0920,019458,,1,1,3,0702,0,1,3,,2,405,"SR-4 W/B","SANDCREEK RD. U/C",3168.00,W,N,A,-,Y,,,4,,,,,,W,Y,3,0,2,3,A,-,07,21658,A,N,B,C,A,A,H,-,A,D,0,,,,,Y,,D,22,0,2,0,0,0,0,0,0,0,"- ","- ",37.95234,-121.74489,"CONTRA COSTA",BRENTWOOD,-121.74443918999999,37.952339360000003
90234654,2016,2016-08-01,9320,2016-07-19,0935,016713,,2,1,5,0712,0,1,1,,2,682,"I-680 S/B","N. MAIN ST. O/C",528.00,N,N,A,-,Y,,,,,,,,,,Y,3,0,1,1,C,-,18,,,N,E,J,A,A,H,-,A,D,0,,,,,Y,,-,"- ",0,1,0,0,0,0,0,0,0,"- ","- ",,,"CONTRA COSTA","WALNUT CREEK",-122.06470006000001,37.91696898
90234724,2016,2016-08-01,9320,2016-07-23,1620,020984,,6,2,5,0708,0,1,3,,2,404,"SR-4 W/B","HARBOR ST.",1000.00,E,N,A,-,Y,,,4,,,,,,W,Y,4,0,1,1,A,-,08,22107,,N,E,I,A,A,H,-,A,D,0,,,,,Y,,A,01,0,0,1,0,0,0,0,0,0,"- ","- ",38.0139,-121.8762,"CONTRA COSTA",PITTSBURG,-121.87618216,38.013999949999999
90234845,2016,2016-08-01,9390,2016-07-19,1810,018603,,2,2,4,0790,0,1,1,,2,068,"I-680 NORTHBOUND","SYCAMORE VALLEY ROAD",2640.00,S,N,A,-,Y,,,,,,,,,,N,4,0,1,3,A,-,03,22350,,N,C,C,A,A,H,-,A,D,0,,,,,Y,,A,01,0,0,1,0,0,0,0,0,0,"- ","- ",,,"CONTRA COSTA",DANVILLE,-121.98985148,37.804490059999999
90235056,2016,2016-08-01,9350,2016-07-24,2225,021075,,7,3,9,0700,0,1,1,,2,115,"I-580 E/B","WESTERN AVENUE",8818.00,W,N,B,-,Y,,,,,,,,,,Y,4,0,2,3,A,-,03,22350,,N,C,C,A,A,D,-,C,D,0,,,,,Y,Y,A,07,0,0,2,0,0,0,0,0,0,"- ","- ",37.934060000000002,-122.42834000000001,"CONTRA COSTA",UNINCORPORATED,,
90235108,2016,2016-08-02,9350,2016-07-30,1050,019651,,6,1,5,0710,0,1,1,,2,115,"I-580 W/B","EAST EDGE OF RSRB ADMIN BUILDING",5280.00,W,N,A,-,Y,,,580,,,,,,W,Y,4,0,1,2,A,-,03,22350,,N,C,C,A,A,H,-,A,D,0,,,,,Y,,A,01,0,0,1,0,0,0,0,0,0,"- ","- ",37.93365,-122.42332999999999,"CONTRA COSTA",RICHMOND,-122.42332851,37.93367525
90235350,2016,2016-08-02,9320,2016-07-21,0440,020009,,4,3,9,0700,0,1,1,,2,180,"I-80 WESTBOUND","WILLOW AVENUE",1000.00,E,N,A,-,Y,,,80,,,,,,W,Y,4,0,1,2,A,-,07,21658,A,N,B,C,A,A,H,-,B,D,0,,,,Y,Y,,A,01,0,0,1,0,0,0,0,0,0,"- ","- ",38.02422,-122.26116,"CONTRA COSTA",UNINCORPORATED,-122.26104616000001,38.024111329999997
90235448,2016,2016-08-02,9320,2016-07-24,2335,019535,,7,3,9,0700,0,2,4,,2,074,"DEER VALLEY RD N/B","CHADBOURNE RD",3000.00,S,N,A,-,N,,,,,,,,,,Y,3,0,2,1,C,-,18,,,N,E,J,A,A,H,-,D,D,0,,,,,Y,,-,"- ",0,2,0,0,0,0,0,0,0,"- ","- ",,,"CONTRA COSTA",UNINCORPORATED,-121.76956839,37.914561050000003
90235527,2016,2016-08-02,9320,2016-07-26,0745,016713,,2,1,9,0700,0,3,5,,2,040,"MARSH DRIVE","VISTA GRANDE",400.00,E,N,A,-,N,,,,,,,,,,Y,3,0,2,2,A,-,08,22107,,N,A,C,A,A,H,-,A,D,0,,,,,Y,,D,22,0,1,1,0,0,0,0,0,0,"- ","- ",,,"CONTRA COSTA",UNINCORPORATED,-122.06323999999999,37.994520000000001
90235536,2016,2016-08-02,9320,2016-07-26,2220,018973,,2,3,6,0704,0,1,3,,2,403,"SR-4 EASTBOUND","WILLOW PASS ROAD",50.00,E,N,A,-,Y,,,4,,,,,,E,Y,4,0,2,2,A,-,08,22107,,N,E,I,A,A,H,-,C,D,0,,,,,Y,,A,01,0,0,2,0,0,0,0,0,0,"- ","- ",38.013590000000001,-121.99701,"CONTRA COSTA",CONCORD,-121.99704029999999,38.013693600000003
9023555,2019,2020-01-21,0714,2019-03-08,1508,118,02,5,5,4,0714,0,0,0,,0,001,"ALHAMBRA AV","ESCOBAR ST",0.00,,Y,A,-,N,,,,,,,,,,N,3,0,1,2,A,-,22,23123,5,N,D,H,A,A,H,-,A,D,0,,,,,Y,,A,01,0,1,0,0,0,0,0,0,0,"- ","- ",38.016941070556641,-122.13809204101562,"CONTRA COSTA",MARTINEZ,-122.13871765136719,38.016948699951172
90235564,2016,2016-08-02,9320,2016-07-13,0753,018148,,3,1,9,0700,0,1,3,,2,403,"SR-4 W/B","SAN MARCO BLVD",100.00,W,N,A,-,Y,,,4,,,,,,W,N,4,0,1,2,A,-,03,22350,,N,C,C,A,A,H,-,A,D,0,,,,,Y,,A,01,0,0,1,0,0,0,0,0,0,"- ","- ",38.023150000000001,-121.96602,"CONTRA COSTA",UNINCORPORATED,-121.96602116,38.023143730000001
90235725,2016,2016-08-02,9320,2016-07-23,2124,019465,,6,2,9,0700,0,1,1,,2,681,"I-680 N/B","STONE VALLEY ROAD",770.00,N,N,A,-,Y,,,,,,,,,,Y,4,0,3,1,A,-,03,22350,,N,F,A,A,A,H,-,A,D,0,,,,,Y,,A,08,0,0,3,0,0,0,0,0,0,"- ","- ",,,"CONTRA COSTA",UNINCORPORATED,-122.02894067,37.853637730000003
90235792,2016,2016-08-02,9320,2016-07-28,1805,020984,,4,2,6,0704,0,1,3,,2,402,"SR-4 E/B","WILLOW PASS RD",3168.00,W,N,A,-,Y,,,4,,,,,,E,Y,4,0,1,3,A,-,03,22350,,N,C,C,A,A,H,-,A,D,0,,,,,Y,,A,01,0,0,1,0,0,0,0,0,0,"- ","- ",38.011600000000001,-122.0097,"CONTRA COSTA",CONCORD,-122.00969289,38.011553960000001
90235937,2016,2016-08-02,9370,2016-07-25,1935,021281,,1,2,3,0707,0,1,1,,2,083,"I-80 E/B","APPIAN WAY",1362.00,W,N,B,-,Y,,,,,,,,,,Y,3,0,1,2,C,-,18,,,N,E,A,A,A,H,-,B,D,0,,,,,Y,,-,"- ",0,1,0,0,0,0,0,0,0,"- ","- ",37.59328,-122.18241,"CONTRA COSTA",PINOLE,-122.30654878999999,37.992387190000002
9023595,2019,2020-01-21,0714,2019-06-16,1712,128,112,7,5,4,0714,0,0,0,,0,002,"VISTA WY","VISTA WY 315",0.00,,Y,A,-,N,,,,,,,,,,N,4,0,1,2,A,-,08,22107,,M,B,C,A,A,H,-,A,D,0,,,,,Y,,A,07,0,0,1,0,0,0,0,0,0,"- ","- ",38.00048828125,-122.12415313720703,"CONTRA COSTA",MARTINEZ,-122.12430500000001,38.000314000000003
90236418,2016,2016-08-03,9320,2016-07-26,1245,016713,,2,1,6,0704,0,1,3,,2,402,"SR-4 W/B","PORT CHICAGO HWY U/C",125.00,E,N,A,-,Y,,,,,,,,,,Y,3,0,1,2,A,-,08,22107,,N,D,C,A,A,H,-,A,D,0,,,,Y,Y,,A,07,0,1,0,0,0,0,0,0,0,"- ","- ",,,"CONTRA COSTA",CONCORD,-122.02245173,38.010015320000001
90236486,2016,2016-08-03,9320,2016-07-27,0055,020579,,3,3,9,0700,0,1,3,,2,405,"SR-4 W/B","SR-160 O/C",905.00,W,N,A,-,Y,,,,,,,,,,Y,2,0,1,2,A,-,05,21651,B,N,A,C,A,A,D,-,D,D,0,,,Y,,Y,,C,02,1,0,0,0,0,0,0,0,1,"- ","- ",37.991079999999997,-121.76228999999999,"CONTRA COSTA",UNINCORPORATED,-121.76695315000001,37.99241559
90236512,2016,2016-11-17,9320,2016-07-20,1255,018148,,3,1,9,0700,0,1,3,,2,403,"SR-4 EASTBOUND","SAN MARCO BLVD",1320.00,W,N,A,-,Y,,,4,,,,,,E,Y,4,0,1,2,A,-,03,22350,,M,C,C,A,A,H,-,A,D,0,,,,,Y,,A,01,0,0,1,0,0,0,0,0,0,"- ","- ",38.02366,-121.97323,"CONTRA COSTA",UNINCORPORATED,-121.97323573,38.023729959999997
90236640,2016,2016-08-03,9320,2016-08-01,1450,016636,,1,2,9,0700,0,1,3,,2,403,"SR-4 EB","BAILEY RD U/C",120.00,E,N,A,-,Y,,,,,,,,,,Y,3,0,1,2,A,-,03,22350,,N,C,C,A,A,H,-,A,D,0,,,,Y,Y,,A,01,0,1,0,0,0,0,0,0,0,"- ","- ",,,"CONTRA COSTA",UNINCORPORATED,-121.94149333999999,38.018740000000001
90236757,2016,2016-08-03,9320,2016-07-30,1147,018959,,6,1,9,0700,0,1,1,,2,683,"I-680 S/B","WILLOW PASS RD.",500.00,N,N,A,-,Y,,,,,,,,,,Y,4,0,2,3,A,-,03,22350,,N,B,C,A,A,H,-,A,D,0,,,,Y,Y,,A,01,0,0,2,0,0,0,0,0,0,"- ","- ",,,"CONTRA COSTA",UNINCORPORATED,-122.05710947999999,37.967219380000003
90236919,2016,2016-08-03,9390,2016-07-18,1630,020368,,1,2,4,0791,0,1,1,,2,068,"I-680 SOUTHBOUND","ALCOSTA BOULEVARD",0.00,,N,A,-,Y,,,680,,,,,,S,Y,4,0,1,2,A,-,03,22350,,N,C,C,A,A,H,-,A,D,0,,,,,Y,,A,01,0,0,1,0,0,0,0,0,0,"- ","- ",37.742699999999999,-121.95465,"CONTRA COSTA","SAN RAMON",-121.95459215,37.742740140000002
90236946,2016,2016-08-03,9320,2016-07-30,0241,020192,,6,3,5,0701,0,1,3,,2,404,"SR-4 E/B","A STREET",400.00,W,N,A,-,Y,,,4,,,,,,E,Y,3,0,1,1,A,-,08,22107,,N,E,I,A,A,D,H,C,D,0,,,,,Y,,A,01,0,1,0,0,0,0,0,0,0,"- ","- ",37.998130000000003,-121.81054,"CONTRA COSTA",ANTIOCH,-121.81053980999999,37.998110279999999
90237061,2016,2016-08-03,9320,2016-07-31,0920,018959,,7,1,9,0700,0,1,3,,2,242,"SR-242 S/B","CONCORD AVE",500.00,S,N,A,-,Y,,,,,,,,,,Y,4,0,1,1,A,-,08,22107,,N,E,I,A,A,H,-,A,D,0,,,,,Y,,A,01,0,0,1,0,0,0,0,0,0,"- ","- ",,,"CONTRA COSTA",UNINCORPORATED,-122.04386402999999,37.977818339999999
90237315,2016,2016-08-04,9320,2016-07-28,1818,018371,,4,2,3,0706,0,1,1,,2,180,"I-80 E/B TO SR-4 E/B TRANSITION","I-80 OVERCROSSING",397.00,E,N,A,-,Y,,,,,,,,,,Y,2,0,1,1,C,-,18,,,N,E,I,A,D,H,-,A,D,0,,,Y,,Y,,-,"- ",1,0,0,0,0,0,0,0,1,"- ","- ",,,"CONTRA COSTA",HERCULES,-122.27903288,38.004548219999997
90237336,2016,2016-08-04,9320,2016-07-28,2055,018371,,4,2,3,0706,0,1,1,,2,180,"INTERSTATE 80 EASTBOUND (I-80 E/B)","PINOLE VALLEY ROAD",2640.00,E,N,A,-,Y,,,,,,,,,,Y,3,0,1,2,A,-,07,21658,A,N,F,I,A,A,H,-,D,D,0,,,,,Y,,D,22,0,1,0,0,0,0,0,0,0,"- ","- ",,,"CONTRA COSTA",HERCULES,,