CASE_ID,ACCIDENT_YEAR,PROC_DATE,JURIS,COLLISION_DATE,COLLISION_TIME,OFFICER_ID,REPORTING_DISTRICT,DAY_OF_WEEK,CHP_SHIFT,POPULATION,CNTY_CITY_LOC,SPECIAL_COND,BEAT_TYPE,CHP_BEAT_TYPE,CITY_DIVISION_LAPD,CHP_BEAT_CLASS,BEAT_NUMBER,PRIMARY_RD,SECONDARY_RD,DISTANCE,DIRECTION,INTERSECTION,WEATHER_1,WEATHER_2,STATE_HWY_IND,CALTRANS_COUNTY,CALTRANS_DISTRICT,STATE_ROUTE,ROUTE_SUFFIX,POSTMILE_PREFIX,POSTMILE,LOCATION_TYPE,RAMP_INTERSECTION,SIDE_OF_HWY,TOW_AWAY,COLLISION_SEVERITY,NUMBER_KILLED,NUMBER_INJURED,PARTY_COUNT,PRIMARY_COLL_FACTOR,PCF_CODE_OF_VIOL,PCF_VIOL_CATEGORY,PCF_VIOLATION,PCF_VIOL_SUBSECTION,HIT_AND_RUN,TYPE_OF_COLLISION,MVIW,PED_ACTION,ROAD_SURFACE,ROAD_COND_1,ROAD_COND_2,LIGHTING,CONTROL_DEVICE,CHP_ROAD_TYPE,PEDESTRIAN_ACCIDENT,BICYCLE_ACCIDENT,MOTORCYCLE_ACCIDENT,TRUCK_ACCIDENT,NOT_PRIVATE_PROPERTY,ALCOHOL_INVOLVED,STWD_VEHTYPE_AT_FAULT,CHP_VEHTYPE_AT_FAULT,COUNT_SEVERE_INJ,COUNT_VISIBLE_INJ,COUNT_COMPLAINT_PAIN,COUNT_PED_KILLED,COUNT_PED_INJURED,COUNT_BICYCLIST_KILLED,COUNT_BICYCLIST_INJURED,COUNT_MC_KILLED,COUNT_MC_INJURED,PRIMARY_RAMP,SECONDARY_RAMP,LATITUDE,LONGITUDE,COUNTY,CITY,POINT_X,POINT_Y
90242576,2016,2016-08-11,9320,2016-07-21,2025,016636,,4,2,9,0700,0,2,4,,2,072,"SR-4 EB TO BAILEY RD SB","BAILEY RD SB",5.00,W,N,A,-,Y,,,,,,,,,,N,3,0,1,2,A,-,05,21650,,N,D,G,A,A,H,-,B,A,0,,Y,,,Y,,L,04,0,1,0,0,0,0,1,0,0,"- ","- ",,,"CONTRA COSTA",UNINCORPORATED,-121.94192735999999,38.018740000000001
90242608,2016,2016-08-11,9320,2016-06-23,1035,016713,,4,1,6,0704,0,1,3,,2,242,"S/B SR-242","CLAYTON RD. / MARKET ST.  ON-RAMP U/C",20.00,S,N,A,-,Y,,,,,,,,,,Y,3,0,3,5,A,-,03,22350,,N,C,C,A,A,H,-,A,D,0,,,,,Y,,A,01,0,1,2,0,0,0,0,0,0,"- ","- ",,,"CONTRA COSTA",CONCORD,,
90242612,2016,2016-08-11,9320,2016-08-04,0700,017508,,4,1,9,0700,0,1,1,,2,180,"I-80 WB","POMONA ONRAMP",200.00,W,N,B,-,Y,,,80,,,,,,W,Y,3,0,1,2,A,-,08,22107,,N,C,C,A,A,H,-,A,D,0,,,,Y,Y,,A,01,0,1,0,0,0,0,0,0,0,"- ","- ",38.051180000000002,-122.22975,"CONTRA COSTA",UNINCORPORATED,-122.22985169,38.051311130000002
90242659,2016,2016-09-05,9320,2016-08-01,1405,019914,,1,2,9,0700,0,1,1,,2,681,"I-680 SB","LIVORNA U/C",0.00,,N,A,-,Y,,,,,,,,,,Y,4,0,2,3,A,-,07,21658,A,N,C,C,A,A,H,-,A,D,0,,,,,Y,Y,-,"- ",0,0,2,0,0,0,0,0,0,"- ","- ",,,"CONTRA COSTA",UNINCORPORATED,-122.03553997,37.863289960000003
90242679,2016,2016-08-11,9320,2016-08-05,1220,017342,,5,1,9,0700,0,2,4,,2,046,"TREAT BLVD W/B","BUSKIRK AVE",270.00,E,N,A,-,N,,,,,,,,,,N,4,0,1,2,A,-,07,21658,A,N,B,C,A,A,H,-,A,D,0,,,,,Y,,A,01,0,0,1,0,0,0,0,0,0,"- ","- ",,,"CONTRA COSTA",UNINCORPORATED,-122.05910262,37.926401499999997
90242700,2016,2016-08-11,9320,2016-08-08,1815,016788,,1,2,9,0700,0,2,4,,2,091,"BIXLER RD","MARSH CREEK RD",8.00,N,N,A,-,N,,,,,,,,,,Y,4,0,2,2,A,-,09,21802,A,N,D,C,A,A,H,-,A,A,0,,,,,Y,,A,07,0,0,2,0,0,0,0,0,0,"- ","- ",,,"CONTRA COSTA",UNINCORPORATED,-121.62303903999999,37.896411960000002
90243550,2016,2016-08-12,9320,2016-07-26,2040,016636,,2,2,5,0701,0,1,3,,2,404,"SR-4 EB","SOMERSVILLE RD U/C",1584.00,W,N,A,-,Y,,,,,,,,,,Y,4,0,1,2,A,-,03,22350,,N,C,C,A,A,D,-,D,D,0,,,,,Y,,D,22,0,0,1,0,0,0,0,0,0,"- ","- ",,,"CONTRA COSTA",ANTIOCH,,
90243585,2016,2016-08-12,9320,2016-08-11,0735,016713,,4,1,6,0704,0,1,1,,2,683,"I-680 N/B","JUNCTION SR-242",200.00,S,N,A,-,Y,,,,,,,,,,Y,3,0,1,2,A,-,08,22107,,N,E,I,A,A,H,-,A,D,0,,,,,Y,,A,01,0,1,0,0,0,0,0,0,0,"- ","- ",,,"CONTRA COSTA",CONCORD,,
90243599,2016,2016-08-12,9320,2016-08-04,1527,016788,,4,2,3,0702,0,1,3,,1,406,"SR-4 E/B","BALFOUR RD",500.00,E,N,A,-,Y,,,,,,,,,,N,4,0,2,2,A,-,08,22107,,N,B,C,A,A,H,-,A,D,0,,,,Y,Y,,G,25,0,0,2,0,0,0,0,0,0,"- ","- ",,,"CONTRA COSTA",BRENTWOOD,-121.73254666,37.923986659999997
90244702,2016,2016-08-15,9370,2016-08-13,2225,017211,,6,3,4,0711,0,1,1,,2,083,"I-80 E/B","SAN PABLO DAM ROAD",100.00,E,N,B,-,Y,,,80,,,,,,E,N,4,0,1,3,A,-,07,21658,A,N,B,C,A,A,H,-,D,D,0,,,,,Y,,A,01,0,0,1,0,0,0,0,0,0,"- ","- ",37.956299999999999,-122.33001,"CONTRA COSTA","SAN PABLO",-122.32997582,37.95631625
90245489,2016,2016-08-16,9370,2016-08-04,0253,019156,,4,3,5,0710,0,1,1,,2,082,"I-80 W/B FROM SAN PABLO DAM ROAD","SAN PABLO DAM ROAD",400.00,W,N,A,-,Y,,,,,,,,,,Y,3,0,2,2,A,-,03,22350,,N,C,C,A,A,H,-,C,D,0,,,,,Y,,A,01,0,2,0,0,0,0,0,0,0,"- ","- ",37.954659999999997,-122.32940000000001,"CONTRA COSTA",RICHMOND,-122.33049852000001,37.956928040000001
90245860,2016,2016-08-16,9370,2016-08-11,1755,021050,,4,2,3,0707,0,1,1,,2,083,"I-80 E/B","APPIAN WAY",2400.00,W,N,A,-,Y,,,80,,,,,,E,Y,4,0,1,3,A,-,03,22350,,N,C,C,A,A,H,-,A,D,0,,,,,Y,,A,07,0,0,1,0,0,0,0,0,0,"- ","- ",37.990920000000003,-122.3099,"CONTRA COSTA",PINOLE,-122.30987229999999,37.990861860000003
90246458,2016,2016-08-17,9320,2016-08-10,1650,016788,,3,2,9,0700,0,1,3,,1,406,"SR-4 W/B","DISCOVERY BAY BLVD",528.00,E,N,A,-,Y,,,,,,,,,,Y,4,0,1,2,A,-,03,22350,,N,C,C,A,A,H,-,A,A,0,,,,,Y,,A,01,0,0,1,0,0,0,0,0,0,"- ","- ",,,"CONTRA COSTA",UNINCORPORATED,-121.60046010000001,37.89011
90246520,2016,2016-08-17,9320,2016-07-30,0110,020010,,6,3,9,0700,0,1,1,,2,180,"I-80 E/B","CALIFORNIA STREET O/C",50.00,E,N,A,-,Y,,,80,,,,,,E,N,4,0,3,2,A,-,01,23152,A,N,C,C,A,A,H,-,D,D,0,,,,,Y,Y,A,07,0,0,3,0,0,0,0,0,0,"- ","- ",38.030079999999998,-122.25524,"CONTRA COSTA",UNINCORPORATED,-122.25527391,38.03011188
90246556,2016,2016-08-17,9320,2016-08-11,0805,016503,,4,1,9,0700,0,2,4,,2,095,"MARSH CREEK RD.","BYRON HIGHWAY",40.00,E,N,A,-,N,,,,,,,,,,N,4,0,1,2,A,-,21,22106,,N,C,C,A,A,H,-,A,D,0,,,,,Y,,A,07,0,0,1,0,0,0,0,0,0,"- ","- ",,,"CONTRA COSTA",UNINCORPORATED,-121.64125180000001,37.896438779999997
90246569,2016,2016-08-17,9320,2016-08-09,1805,016584,,2,2,5,0712,0,1,1,,2,681,"I-680 N/B","RUDGEAR RD.",2640.00,S,N,A,-,Y,,,680,,,,,,N,N,4,0,1,2,A,-,07,21658,A,N,C,C,A,A,H,-,A,D,0,,,Y,,Y,,A,01,0,0,1,0,0,0,0,0,1,"- ","- ",37.873620000000003,-122.04382,"CONTRA COSTA","WALNUT CREEK",-122.04389904,37.873561369999997
90246584,2016,2016-08-17,9320,2016-08-10,1820,016584,,3,2,3,0715,0,1,3,,2,241,"SR-24 E/B","PLEASANT HILL RD.",528.00,E,N,A,-,Y,,,24,,,,,,E,N,4,0,1,2,A,-,03,22350,,N,C,C,A,A,H,-,A,D,0,,,,,Y,,A,01,0,0,1,0,0,0,0,0,0,"- ","- ",37.897590000000001,-122.09350999999999,"CONTRA COSTA",LAFAYETTE,-122.0935108,37.897610659999998
90246598,2016,2016-08-17,9320,2016-08-11,1610,016788,,4,2,9,0700,0,2,4,,2,094,"BYRON HWY (J-4)",SR-4,500.00,S,N,A,-,N,,,,,,,,,,Y,4,0,2,2,A,-,03,22350,,N,C,C,A,A,H,-,A,D,0,,,,,Y,,A,07,0,0,2,0,0,0,0,0,0,"- ","- ",,,"CONTRA COSTA",UNINCORPORATED,-121.64143005,37.88915059
90246609,2016,2016-08-17,9320,2016-08-16,1903,017219,,2,2,9,0700,0,1,3,,2,403,"EB SR-4","BAILEY RD",2640.00,E,N,A,-,Y,,,,,,,,,,N,4,0,1,2,A,-,03,22350,,N,C,C,A,A,H,-,A,D,0,,,,,Y,,A,01,0,0,1,0,0,0,0,0,0,"- ","- ",,,"CONTRA COSTA",UNINCORPORATED,-121.93274373,38.01876
90246824,2016,2016-08-17,9390,2016-07-06,0705,017966,,3,1,4,0790,0,1,1,,2,069,"I-680 NORTHBOUND","DIABLO ROAD",940.00,S,N,A,-,Y,,,680,,,,,,N,Y,3,0,1,2,A,-,01,23152,A,N,E,I,A,A,H,-,A,D,0,,,,,Y,Y,D,22,0,1,0,0,0,0,0,0,0,"- ","- ",37.81964,-121.99307,"CONTRA COSTA",DANVILLE,-121.99318839,37.819641969999999
90246942,2016,2016-08-17,9320,2016-08-10,1915,020606,,3,2,5,0712,0,1,1,,2,681,"N/B I-680","RUDGEAR ROAD",300.00,N,N,A,-,Y,,,680,,,,,,,N,4,0,1,2,A,-,03,22350,,N,C,C,A,A,H,-,A,D,0,,,,,Y,,A,01,0,0,1,0,0,0,0,0,0,"- ","- ",37.881230000000002,-122.05043999999999,"CONTRA COSTA","WALNUT CREEK",-122.05039705,37.881263050000001
90246984,2016,2016-08-17,9320,2016-08-05,0925,019086,,5,1,4,0790,0,1,1,,2,681,"I-680 N/B","EL PINTADO",100.00,N,N,A,-,Y,,,680,,,,,,N,Y,3,0,7,3,A,-,08,22107,,N,B,C,A,A,H,-,A,D,0,,,,,Y,,A,01,0,1,6,0,0,0,0,0,0,"- ","- ",37.835230000000003,-122.00939,"CONTRA COSTA",DANVILLE,-122.00941595,37.835186819999997
90247031,2016,2016-08-17,9320,2016-08-05,0040,019546,,5,3,9,0700,0,2,4,,2,012,"SAN PABLO DAM ROAD","VALLEY VIEW DRIVE",545.00,S,N,F,-,N,,,,,,,,,,Y,3,0,1,2,A,-,01,23152,A,N,C,C,A,B,H,-,D,D,0,,,,,Y,Y,A,01,0,1,0,0,0,0,0,0,0,"- ","- ",37.959310000000002,-122.28171,"CONTRA COSTA",UNINCORPORATED,-122.28164842,37.959221839999998
90247058,2016,2016-08-17,9320,2016-08-05,2000,020835,,5,2,5,0708,0,1,3,,2,404,"SR-4 WESTBOUND","CONTRA LOMA BOULEVARD",500.00,W,N,A,-,Y,,,,,,,,,,Y,4,0,1,2,A,-,08,22107,,N,E,C,A,A,H,-,A,D,0,,,,,Y,,A,01,0,0,1,0,0,0,0,0,0,"- ","- ",38.837359999999997,-122.88384000000001,"CONTRA COSTA",PITTSBURG,-121.82316436000001,38.000061889999998
90247098,2016,2016-08-17,9320,2016-08-07,0140,020196,,7,3,5,0701,0,1,3,,2,404,"SR-4 E/B","RAILROAD AVE",8.00,W,N,A,-,Y,,,,,,,,,,N,4,0,1,2,A,-,03,22350,,M,C,C,A,A,H,-,E,D,0,,,,,Y,,A,01,0,0,1,0,0,0,0,0,0,"- ","- ",38.016489999999997,-121.88983,"CONTRA COSTA",ANTIOCH,-121.88966668,38.016816110000001
90247132,2016,2016-08-17,9320,2016-08-08,2255,020196,,1,3,9,0700,0,1,3,,2,242,"SR-242 N/B","CLAYTON RD",528.00,S,N,A,-,Y,,,,,,,,,,N,4,0,4,2,A,-,03,22350,,N,C,C,A,A,H,-,E,D,0,,,,,Y,,A,01,0,0,4,0,0,0,0,0,0,"- ","- ",37.957999999999998,-122.0522,"CONTRA COSTA",UNINCORPORATED,,
90247142,2016,2016-08-17,9320,2016-08-09,0420,019559,,2,3,5,0712,0,1,1,,2,682,"I-680 S/B","NORTH MAIN ST.",1584.00,N,N,A,-,Y,,,,,,,,,,Y,3,0,1,2,A,-,07,21658,A,N,B,C,A,A,H,-,C,D,0,,,,Y,Y,,A,07,0,1,0,0,0,0,0,0,0,"- ","- ",,,"CONTRA COSTA","WALNUT CREEK",-122.06285552999999,37.919458949999999
90247161,2016,2016-08-17,9320,2016-08-09,1655,020984,,2,2,9,0700,0,2,4,,1,061,"DANVILLE BLVD","HILLGRADE AVE",0.00,,Y,A,-,N,,,,,,,,,,N,3,0,1,2,A,-,09,21801,A,N,D,G,A,A,H,-,A,D,0,,Y,,,Y,,A,01,0,1,0,0,0,0,1,0,0,"- ","- ",37.869399999999999,-122.0445,"CONTRA COSTA",UNINCORPORATED,-122.04441997000001,37.869379940000002
90247411,2016,2016-08-18,9320,2016-08-10,1650,020984,,3,2,4,0714,0,1,3,,2,402,"SR-4 E/B","MORELLO AVE",100.00,W,N,A,-,Y,,,4,,,,,,E,N,4,0,1,3,A,-,03,22350,,N,C,C,A,A,H,-,A,A,0,,,,,Y,,A,01,0,0,1,0,0,0,0,0,0,"- ","- ",37.991500000000002,-122.10120000000001,"CONTRA COSTA",MARTINEZ,-122.10106118,37.9918494
90247428,2016,2016-08-18,9320,2016-08-11,2125,020009,,4,2,9,0700,0,1,1,,2,683,"I-680 N/B","MONUMENT BLVD",1000.00,N,N,A,-,Y,,,,,,,,,,Y,4,0,4,3,A,-,07,21658,A,N,D,C,A,A,H,-,C,D,0,,,,,Y,,A,01,0,0,4,0,0,0,0,0,0,"- ","- ",37.953200000000002,-122.05399,"CONTRA COSTA",UNINCORPORATED,-122.05686914,37.947931330000003
90247545,2016,2016-08-18,9320,2016-08-11,1710,016584,,4,2,3,0715,0,1,3,,2,241,"SR-24 E/B","PLEASANT HILL RD.",2640.00,W,N,A,-,Y,,,24,,,,,,E,Y,4,0,1,4,A,-,03,22350,,F,C,C,A,A,H,-,A,D,0,,,,,Y,,A,07,0,0,1,0,0,0,0,0,0,"- ","- ",37.896459999999998,-122.10492000000001,"CONTRA COSTA",LAFAYETTE,-122.10491254,37.896415869999998
90247581,2016,2016-08-18,9320,2016-08-14,2240,019559,,7,3,9,0700,0,1,3,,2,403,"SR-4 E/B","BAILEY RD.",2640.00,E,N,A,-,Y,,,,,,,,,,Y,3,0,1,1,A,-,08,22107,,N,E,I,A,A,H,-,D,D,0,,,,,Y,,A,01,0,1,0,0,0,0,0,0,0,"- ","- ",,,"CONTRA COSTA",UNINCORPORATED,-121.93274373,38.01876
90247587,2016,2016-08-18,9320,2016-08-15,0750,018042,,1,1,9,0700,0,2,4,,2,093,"CAMINO DIABLO E/B","HOLWAY DR",300.00,W,N,A,-,N,,,,,,,,,,N,4,0,1,3,A,-,03,22350,,N,C,C,A,A,H,-,A,D,0,,,,,Y,,D,22,0,0,1,0,0,0,0,0,0,"- ","- ",37.940049999999999,-121.64104,"CONTRA COSTA",UNINCORPORATED,-121.64263944,37.867470009999998
90247756,2016,2016-08-18,9320,2016-08-16,0751,018959,,2,1,9,0700,0,1,1,,2,683,"I-680 SOUTHBOUND","CONCORD AVE",350.00,N,N,A,-,Y,,,,,,,,,,Y,4,0,2,4,A,-,03,22350,,N,C,C,A,A,H,-,A,D,0,,,,,Y,,A,01,0,0,2,0,0,0,0,0,0,"- ","- ",,,"CONTRA COSTA",UNINCORPORATED,-122.06466725999999,37.977010460000002
90247772,2016,2016-08-18,9390,2016-08-09,0915,018628,,2,1,9,0700,0,2,4,,2,112,"CAMINO TASSAJARA","WINDEMERE PKWY",2640.00,N,N,A,-,N,,,,,,,,,,Y,3,0,1,1,A,-,03,22350,,N,E,I,A,A,D,-,A,D,0,,,Y,,Y,,C,02,0,1,0,0,0,0,0,0,1,"- ","- ",37.755409999999998,-121.86873,"CONTRA COSTA",UNINCORPORATED,-121.86832132000001,37.75574847
90248295,2016,2016-08-19,9320,2016-07-28,1825,016636,,4,2,5,0708,0,1,3,,2,404,"SR-4 WB","HARBOR ST O/C",1584.00,E,N,A,-,Y,,,,,,,,,,Y,3,0,2,2,A,-,03,22350,,N,C,C,A,A,H,-,A,D,0,,,,,Y,,A,01,0,1,1,0,0,0,0,0,0,"- ","- ",,,"CONTRA COSTA",PITTSBURG,-121.87763252000001,38.014263440000001
90248311,2016,2016-08-19,9320,2016-08-11,1720,016788,,4,2,9,0700,0,2,4,,2,091,"BIXLER RD","NEWPORT DR",0.00,,Y,A,-,N,,,,,,,,,,Y,4,0,1,2,A,-,09,21802,A,N,D,C,A,A,H,-,A,A,0,,,,,Y,,A,01,0,0,1,0,0,0,0,0,0,"- ","- ",,,"CONTRA COSTA",UNINCORPORATED,-121.62286989,37.908169940000001
90248321,2016,2016-10-31,9320,2016-08-11,1130,018371,,4,1,9,0700,0,1,1,,2,180,"POMONA ST","DUPERU DR",0.00,,Y,A,-,N,,,,,,,,,,N,3,0,1,2,A,-,12,22450,A,F,B,B,B,A,H,-,A,A,0,Y,,,,Y,,D,22,0,1,0,0,1,0,0,0,0,"- ","- ",,,"CONTRA COSTA",UNINCORPORATED,-122.21612994,38.052840000000003
90248361,2016,2016-08-19,9320,2016-08-18,0925,018449,,4,1,9,0700,0,1,3,,2,403,"WESTBOUND STATE ROUTE 4","WILLOW PASS ROAD (CONCORD)",1056.00,E,N,A,-,Y,,,,,,,,,,Y,4,0,1,3,A,-,03,22350,,N,C,C,A,A,H,-,A,D,0,,,,,Y,,A,01,0,0,1,0,0,0,0,0,0,"- ","- ",,,"CONTRA COSTA",UNINCORPORATED,-121.99751999999999,38.013930000000002
90248544,2016,2016-08-19,9390,2016-08-13,0630,017392,,6,1,9,0700,0,2,4,,2,112,"CAMINO TASSAJARA","HIGHLAND ROAD",0.00,,Y,A,-,N,,,,,,,,,,N,3,0,1,1,A,-,03,22350,,N,F,A,A,A,H,-,A,D,0,,Y,,,Y,,L,04,0,1,0,0,0,0,1,0,0,"- ","- ",37.775829999999999,-121.86172999999999,"CONTRA COSTA",UNINCORPORATED,-121.86172995,37.775849999999998
90248688,2016,2016-08-19,9350,2016-08-13,1440,019651,,6,2,5,0710,0,1,1,,2,115,"I-580 W/B","EAST EDGE OF RSRB ADMIN BUILDING",700.00,W,N,A,-,Y,,,580,,,,,,W,N,4,0,1,2,A,-,03,22350,,M,C,C,A,A,H,-,A,D,0,,,,,Y,,-,99,0,0,1,0,0,0,0,0,0,"- ","- ",37.932600000000001,-122.40577999999999,"CONTRA COSTA",RICHMOND,-122.40577948000001,37.932562089999998
90249072,2016,2016-08-22,9390,2016-08-20,1943,019285,,6,2,4,0791,0,1,1,,2,068,"I-680 S/B","BOLLINGER CANYON ROAD",204.00,S,N,A,-,Y,,,680,,,,,,S,Y,4,0,2,1,A,-,08,22107,,N,E,I,A,A,H,-,B,D,0,,,,,Y,,A,01,0,0,2,0,0,0,0,0,0,"- ","- ",37.759,-121.965,"CONTRA COSTA","SAN RAMON",-121.96494623,37.759033840000001
90249497,2016,2016-08-22,9320,2016-08-19,0915,018449,,5,1,9,0700,0,1,3,,2,401,"SR 4 W/B FROM ALHAMBRA AVE.","ALHAMBRA AVENUE",700.00,W,N,A,-,Y,,,,,,,,,,N,4,0,2,2,A,-,03,22350,,N,C,C,A,A,H,-,A,A,0,,,,,Y,,A,08,0,0,2,0,0,0,0,0,0,"- ","- ",,,"CONTRA COSTA",UNINCORPORATED,-122.13238737,37.990264449999998
90249637,2016,2016-08-22,9320,2016-08-13,1715,020984,,6,2,6,0704,0,1,1,,2,683,"I-680 N/B","WILLOW PASS RD",269.00,N,N,A,-,Y,,,680,,,,,,N,Y,3,0,2,2,A,-,07,21658,A,N,B,C,A,A,H,-,A,D,0,,,,,Y,,E,22,0,1,1,0,0,0,0,0,0,"- ","- ",37.9666,-122.0565,"CONTRA COSTA",CONCORD,-122.05644691000001,37.966640130000002
90249645,2016,2016-08-22,9320,2016-08-20,1510,020026,,6,2,9,0700,0,1,1,,2,180,"EASTBOUND I-80","CUMMINGS SKWY O/C",2112.00,W,N,A,-,Y,,,,,,,,,,Y,4,0,1,2,A,-,03,22350,,N,C,C,A,A,H,-,A,D,0,,,,,Y,,A,01,0,0,1,0,0,0,0,0,0,"- ","- ",,,"CONTRA COSTA",UNINCORPORATED,-122.24377753,38.04131194
90249668,2016,2016-08-22,9320,2016-08-15,0749,018042,,1,1,3,0702,0,2,4,,2,094,"BYRON HWY","ORWOOD ROAD",0.00,,Y,A,-,Y,,,,,,,,,,Y,3,0,1,2,A,-,09,21801,A,N,D,C,A,A,H,-,A,D,0,,,,,Y,,A,07,0,1,0,0,0,0,0,0,0,"- ","- ",,,"CONTRA COSTA",BRENTWOOD,-121.64106999000001,37.940049989999999
90249754,2016,2016-08-22,9320,2016-08-06,1810,019914,,6,2,9,0700,0,1,3,,2,240,"SR-24 EB","WILDER O/C",1000.00,W,N,A,-,Y,,,,,,,,,,Y,4,0,1,2,A,-,01,23152,A,N,B,C,A,A,H,-,A,D,0,,,,,Y,Y,A,01,0,0,1,0,0,0,0,0,0,"- ","- ",,,"CONTRA COSTA",UNINCORPORATED,,
90250409,2016,2016-08-23,9320,2016-08-06,1530,020984,,6,2,9,0700,0,2,4,,2,077,"MARSH CREEK RD","DEER VALLEY RD",8448.00,W,N,A,-,N,,,,,,,,,,Y,3,0,3,2,A,-,05,21651,A,N,A,C,A,A,H,-,A,D,0,,,,,Y,,A,07,0,1,2,0,0,0,0,0,0,"- ","- ",37.891100000000002,-121.79989999999999,"CONTRA COSTA",UNINCORPORATED,-121.79926596999999,37.89221405
90250416,2016,2016-08-23,9320,2016-08-09,2140,020192,,2,2,9,0700,0,1,3,,1,406,"SR-4 E/B","WALNUT BLVD",30.00,W,N,A,-,Y,,,4,,,,,,E,Y,4,0,1,3,A,-,03,22350,,N,C,C,A,A,H,-,D,D,0,,,,,Y,,A,01,0,0,1,0,0,0,0,0,0,"- ","- ",37.896050000000002,-121.69619,"CONTRA COSTA",UNINCORPORATED,-121.69619211,37.89636136
90250434,2016,2016-08-23,9320,2016-08-16,0740,018042,,2,1,9,0700,0,1,3,,2,403,"SR-4 W/B","BAILEY ROAD",5280.00,E,N,A,-,Y,,,,,,,,,,Y,4,0,2,3,A,-,03,22350,,N,C,C,A,A,H,-,A,D,0,,,,,Y,,A,07,0,0,2,0,0,0,0,0,0,"- ","- ",,,"CONTRA COSTA",UNINCORPORATED,-121.92362325000001,38.01981112
90250580,2016,2016-08-23,9320,2016-07-21,2230,019546,,4,3,9,0700,0,3,5,,2,090,"MARSH CREEK ROAD","MORGAN TERRITORY ROAD",1056.00,E,N,A,-,N,,,,,,,,,,Y,3,0,1,1,A,-,01,23152,A,N,E,I,A,A,H,-,D,D,0,,,,,Y,Y,A,01,0,1,0,0,0,0,0,0,0,"- ","- ",37.904560000000004,-121.87235,"CONTRA COSTA",UNINCORPORATED,-121.87176148,37.90382864
90250639,2016,2016-08-23,9320,2016-08-10,1220,018553,,3,1,9,0700,0,2,4,,2,031,"PARKER AVE.","4TH ST.",150.00,S,N,A,-,N,,,,,,,,,,N,4,0,1,2,A,-,03,22350,,M,C,C,A,A,H,-,A,D,0,,,,,Y,,A,01,0,0,1,0,0,0,0,0,0,"- ","- ",,,"CONTRA COSTA",UNINCORPORATED,-122.26701645999999,38.03250465
90251021,2016,2016-09-07,9320,2016-04-05,1238,018553,,2,1,5,0712,0,1,1,,2,682,"I-680 NORTHBOUND","TREAT BLVD. OVERCROSSING",1136.00,S,N,A,-,Y,,,,,,,,,,Y,1,1,1,4,A,-,08,22107,,N,D,C,A,A,H,-,A,D,0,,,Y,,Y,,A,01,0,1,0,0,0,0,0,1,0,"- ","- ",,,"CONTRA COSTA","WALNUT CREEK",-122.06100231000001,37.9233519
90251039,2016,2016-08-23,9370,2016-08-16,2120,020508,,2,2,4,0711,0,1,1,,2,083,"I-80 W/B","SAN PABLO DAM RD",150.00,E,N,A,-,Y,,,,,,,,,,Y,4,0,2,4,A,-,03,22350,,M,C,C,A,A,H,-,D,D,0,,,,,Y,,A,07,0,0,2,0,0,0,0,0,0,"- ","- ",37.572180000000003,-122.19485,"CONTRA COSTA","SAN PABLO",-122.32976384,37.955535169999997
90251061,2016,2016-08-23,9320,2016-08-13,2216,020196,,6,3,9,0700,0,1,3,,2,404,SR-4,"MARSH CREEK ROAD",0.00,,Y,A,-,Y,,,4,,,,,,,Y,3,0,2,2,A,-,12,21453,A,N,A,C,A,A,H,-,C,A,0,,,,,Y,,D,22,0,1,1,0,0,0,0,0,0,"- ","- ",37.895099999999999,-121.71250000000001,"CONTRA COSTA",UNINCORPORATED,-121.71266099,37.89584421
90251088,2016,2016-08-23,9320,2016-08-16,1355,016584,,2,1,9,0700,0,1,3,,2,400,"SR-4 E/B","CLAEYS RD.",2640.00,E,N,A,-,Y,,,4,,,,,,E,Y,4,0,1,1,A,-,08,22107,,N,F,A,A,A,H,-,A,D,0,,,,,Y,,A,01,0,0,1,0,0,0,0,0,0,"- ","- ",38.012770000000003,-122.23546,"CONTRA COSTA",UNINCORPORATED,-122.23543393,38.012818119999999
90251099,2016,2016-08-23,9320,2016-08-15,0419,020295,,1,3,9,0700,0,1,1,,2,683,"I-680 N/B","WILLOW PASS RD.",2112.00,S,N,A,-,Y,,,,,,,,,,Y,2,0,1,1,A,-,08,22107,,N,E,I,A,A,H,-,C,D,0,,,,,Y,,A,01,1,0,0,0,0,0,0,0,0,"- ","- ",37.960619999999999,-122.05305,"CONTRA COSTA",UNINCORPORATED,-122.05307849,37.960855909999999
90251401,2016,2016-08-24,9320,2016-08-10,1353,017219,,3,1,9,0700,0,3,5,,2,075,"DRIFTWOOD DR","STEFFA ST",0.00,,Y,A,-,N,,,,,,,,,,Y,3,0,2,2,A,-,09,21802,A,N,D,C,A,A,H,-,A,A,0,,,,,Y,,A,01,0,1,1,0,0,0,0,0,0,"- ","- ",,,"CONTRA COSTA",UNINCORPORATED,-121.97896987,38.029969989999998
90251407,2016,2016-08-24,9320,2016-08-18,0517,020222,,4,3,5,0708,0,1,3,,2,404,"SR-4 W/B","RAILROAD AVE",5280.00,W,N,A,-,Y,,,4,,,,,,W,Y,3,0,3,2,A,-,03,22350,,N,C,C,A,A,H,-,D,D,0,,,,,Y,,A,01,0,1,2,0,0,0,0,0,0,"- ","- ",38.020159999999997,-121.9102,"CONTRA COSTA",PITTSBURG,-121.91020019,38.020116219999998
90251419,2016,2016-08-24,9320,2016-07-28,0405,018525,,4,3,9,0700,0,2,4,,2,095,"MARSH CREEK RD","SELLERS AVE",1250.00,W,N,A,-,N,,,,,,,,,,Y,3,0,2,2,A,-,01,23152,A,N,C,C,A,A,H,-,C,D,0,,,,,Y,Y,A,01,0,1,1,0,0,0,0,0,0,"- ","- ",,,"CONTRA COSTA",UNINCORPORATED,-121.682391,37.896449680000003