CASE_ID,ACCIDENT_YEAR,PROC_DATE,JURIS,COLLISION_DATE,COLLISION_TIME,OFFICER_ID,REPORTING_DISTRICT,DAY_OF_WEEK,CHP_SHIFT,POPULATION,CNTY_CITY_LOC,SPECIAL_COND,BEAT_TYPE,CHP_BEAT_TYPE,CITY_DIVISION_LAPD,CHP_BEAT_CLASS,BEAT_NUMBER,PRIMARY_RD,SECONDARY_RD,DISTANCE,DIRECTION,INTERSECTION,WEATHER_1,WEATHER_2,STATE_HWY_IND,CALTRANS_COUNTY,CALTRANS_DISTRICT,STATE_ROUTE,ROUTE_SUFFIX,POSTMILE_PREFIX,POSTMILE,LOCATION_TYPE,RAMP_INTERSECTION,SIDE_OF_HWY,TOW_AWAY,COLLISION_SEVERITY,NUMBER_KILLED,NUMBER_INJURED,PARTY_COUNT,PRIMARY_COLL_FACTOR,PCF_CODE_OF_VIOL,PCF_VIOL_CATEGORY,PCF_VIOLATION,PCF_VIOL_SUBSECTION,HIT_AND_RUN,TYPE_OF_COLLISION,MVIW,PED_ACTION,ROAD_SURFACE,ROAD_COND_1,ROAD_COND_2,LIGHTING,CONTROL_DEVICE,CHP_ROAD_TYPE,PEDESTRIAN_ACCIDENT,BICYCLE_ACCIDENT,MOTORCYCLE_ACCIDENT,TRUCK_ACCIDENT,NOT_PRIVATE_PROPERTY,ALCOHOL_INVOLVED,STWD_VEHTYPE_AT_FAULT,CHP_VEHTYPE_AT_FAULT,COUNT_SEVERE_INJ,COUNT_VISIBLE_INJ,COUNT_COMPLAINT_PAIN,COUNT_PED_KILLED,COUNT_PED_INJURED,COUNT_BICYCLIST_KILLED,COUNT_BICYCLIST_INJURED,COUNT_MC_KILLED,COUNT_MC_INJURED,PRIMARY_RAMP,SECONDARY_RAMP,LATITUDE,LONGITUDE,COUNTY,CITY,POINT_X,POINT_Y
90352075,2016,2016-12-27,9320,2016-12-20,1853,021423,,2,2,9,0700,0,1,3,,2,402,"SR-4 E/B","PACHECO  BLVD U/C",100.00,E,N,A,-,Y,,,,,,,,,,Y,4,0,1,2,A,-,03,22350,,N,C,C,A,A,H,-,C,D,0,,,,,Y,,A,01,0,0,1,0,0,0,0,0,0,"- ","- ",,,"CONTRA COSTA",UNINCORPORATED,-122.07387,37.993099999999998
90352091,2016,2016-12-27,9320,2016-12-15,1341,019238,,4,1,3,0715,0,1,3,,2,240,"SR-24 W/B","SAINT STEPHENS DR O/C",1320.00,E,N,B,C,Y,,,,,,,,,,Y,4,0,1,1,A,-,03,22350,,N,E,I,A,B,H,-,A,D,0,,,,,Y,,A,01,0,0,1,0,0,0,0,0,0,"- ","- ",,,"CONTRA COSTA",LAFAYETTE,-122.1669227,37.892865579999999
90352135,2016,2016-12-27,9320,2016-12-08,0703,014859,,4,1,9,0700,0,2,4,,2,093,"CAMINO DIABLO RD","MARSH CREEK RD",40.00,E,N,C,-,N,,,,,,,,,,Y,4,0,1,3,A,-,03,22350,,N,C,C,A,B,H,-,A,D,0,,,,,Y,,A,01,0,0,1,0,0,0,0,0,0,"- ","- ",37.874200000000002,-121.7443,"CONTRA COSTA",UNINCORPORATED,-121.72414449,37.874186620000003
90352223,2016,2016-12-27,9320,2016-12-19,0730,019458,,1,1,9,0700,0,1,1,,2,681,"I-680 S/B FROM LIVORNA ROAD","LIVORNA RD.",700.00,S,N,A,-,Y,,,,,,,,,,N,4,0,1,2,A,-,03,22350,,N,C,A,A,A,H,-,A,D,0,,,,,Y,,A,01,0,0,1,0,0,0,0,0,0,"- ","- ",,,"CONTRA COSTA",UNINCORPORATED,-122.03385754999999,37.861907549999998
9035240,2020,2020-08-03,0740,2020-01-06,1255,SR096,SR72,1,5,4,0791,0,0,0,,0,006,"HARCOURT WY","BOLLINGER CANYON RD",0.00,,Y,A,-,N,,,,,,,,,,Y,3,0,1,1,B,-,22,,,N,E,I,A,A,H,-,A,A,0,,,,,Y,,A,01,0,1,0,0,0,0,0,0,0,"- ","- ",37.759220123291016,-121.90540313720703,"CONTRA COSTA","SAN RAMON",-121.90550231933594,37.759269714355469
90352561,2016,2016-12-27,9320,2016-12-19,0730,021496,,1,1,6,0704,0,1,1,,2,683,"I-680 SOUTHBOUND","SR-242 O/C",400.00,S,N,A,-,Y,,,,,,,,,,Y,3,0,1,2,A,-,03,22350,,N,C,C,A,A,H,-,A,D,0,,,,Y,Y,,F,27,0,1,0,0,0,0,0,0,0,"- ","- ",,,"CONTRA COSTA",CONCORD,-122.05245124,37.957896939999998
90352636,2016,2016-12-27,9320,2016-12-19,1510,020606,,1,2,9,0700,0,2,4,,2,091,"BIXLER ROAD",SR-4,300.00,N,N,A,-,Y,,,,,,,,,,Y,4,0,1,2,A,-,09,21804,A,N,D,C,A,A,H,-,A,D,0,,,,,Y,,A,01,0,0,1,0,0,0,0,0,0,"- ","- ",37.890439999999998,-121.62294,"CONTRA COSTA",UNINCORPORATED,-121.62308393000001,37.890273729999997
90352747,2016,2016-12-27,9390,2016-12-20,1541,021478,,2,2,4,0791,0,1,1,,2,068,"I-680 NORTHBOUND","GREENBROOK DRIVE OVERCROSSING",200.00,S,N,A,-,Y,,,,,,,,,,Y,4,0,2,3,A,-,03,22350,,N,C,C,A,A,H,-,A,D,0,,,,,Y,,A,01,0,0,2,0,0,0,0,0,0,"- ","- ",37.791840000000001,-121.98281,"CONTRA COSTA","SAN RAMON",-121.98279178,37.792041320000003
90353175,2016,2016-12-27,9390,2016-12-22,1415,017135,,4,2,4,0790,0,1,1,,2,069,"I-680 NORTHBOUND","SYCAMORE VALLEY ROAD",2112.00,S,N,A,-,Y,,,,,,,,,,N,4,0,1,2,A,-,03,22350,,N,C,C,A,A,H,-,A,D,0,,,,,Y,,D,22,0,0,1,0,0,0,0,0,0,"- ","- ",,,"CONTRA COSTA",DANVILLE,-121.99044728,37.80586126
90353995,2016,2016-12-27,9320,2016-12-17,0812,018959,,6,1,4,0790,0,1,1,,2,681,"I-680 S/B","EL PINTADO RD.",950.00,N,N,A,-,Y,,,,,,,,,,Y,4,0,2,1,A,-,08,22107,,N,E,I,A,A,H,-,A,D,0,,,,,Y,,A,07,0,0,2,0,0,0,0,0,0,"- ","- ",,,"CONTRA COSTA",DANVILLE,-122.01172176999999,37.836366859999998
90354002,2016,2016-12-27,9320,2016-12-17,1308,019195,,6,1,5,0712,0,1,3,,2,241,"SR-24 W/B","EL CURTOLA WAY O/C",877.00,E,N,A,-,Y,,,24,,,,,,W,N,4,0,1,4,A,-,07,21658,A,N,B,C,A,A,H,-,A,D,0,,,,,Y,,A,01,0,0,1,0,0,0,0,0,0,"- ","- ",37.897739999999999,-122.08214,"CONTRA COSTA","WALNUT CREEK",-122.08214426000001,37.897722620000003
90354024,2016,2016-12-27,9320,2016-12-18,1720,019759,,7,2,9,0700,0,2,4,,2,083,"BETHEL ISLAND RD. N/B","TAYLOR RD.",3.00,S,N,A,-,Y,,,,,,,,,,N,4,0,1,2,A,-,08,22107,,N,D,C,A,A,H,-,C,D,0,,,Y,,Y,,A,01,0,0,1,0,0,0,0,0,1,"- ","- ",,,"CONTRA COSTA",UNINCORPORATED,-121.64058,38.014801759999997
90354025,2016,2016-12-27,9320,2016-12-18,1950,019759,,7,2,9,0700,0,2,4,,2,094,"SR-4 E/B","BYRON HIGHWAY",0.00,,Y,A,-,Y,,,,,,,,,,Y,4,0,2,2,A,-,12,21453,A,N,D,C,A,A,H,-,D,D,0,,,,,Y,,A,01,0,0,2,0,0,0,0,0,0,"- ","- ",,,"CONTRA COSTA",UNINCORPORATED,-121.64093,37.890389919999997
90354031,2016,2016-12-27,9320,2016-12-18,1045,021352,,7,1,5,0701,0,1,3,,2,404,"SR-4 E/B TO LONE TREE WAY OFF RAMP","LONE TREE WAY",50.00,W,N,A,-,Y,,,4,,,,R,,E,N,4,0,1,2,A,-,03,22350,,N,C,C,A,A,H,-,A,D,0,,,,,Y,,A,01,0,0,1,0,0,0,0,0,0,"- ","- ",37.997639999999997,-121.80625000000001,"CONTRA COSTA",ANTIOCH,-121.80625000000001,37.997639999999997
90354045,2016,2016-12-27,9320,2016-12-18,0104,021373,,7,3,9,0700,0,1,3,,1,406,"BYRON HWY.",SR-4,120.00,S,N,A,-,Y,,,,,,,,,,Y,3,0,2,2,A,-,03,22350,,N,D,C,A,A,H,-,C,A,0,,,,,Y,,A,01,0,1,1,0,0,0,0,0,0,"- ","- ",37.890070000000001,-121.64118000000001,"CONTRA COSTA",UNINCORPORATED,-121.64122412,37.890161169999999
90354059,2016,2016-12-27,9320,2016-12-19,1915,019914,,1,2,6,0704,0,1,3,,2,242,"SR 242 N/B","OLIVERA ROAD U/C",0.00,,N,A,-,Y,,,,,,,,,,N,4,0,1,2,A,-,03,22350,,N,C,C,A,A,H,-,C,D,0,,,,,Y,,D,22,0,0,1,0,0,0,0,0,0,"- ","- ",,,"CONTRA COSTA",CONCORD,-122.03840996,37.997449879999998
90354079,2016,2016-12-27,9320,2016-12-19,1010,021352,,1,1,9,0700,0,3,5,,2,060,"LIVORNA ROAD","TROTTER WAY",0.00,,Y,A,-,N,,,,,,,,,,N,4,0,1,2,A,-,08,22107,,N,G,B,E,A,H,-,A,D,0,Y,,,,Y,,A,01,0,0,1,0,1,0,0,0,0,"- ","- ",37.866050000000001,-122.0279,"CONTRA COSTA",UNINCORPORATED,-122.02800999,37.866019909999999
90354082,2016,2016-12-27,9320,2016-12-20,1435,019238,,2,2,3,0715,0,1,3,,2,241,"SR-24 E/B","ACALANES RD U/C",5280.00,E,N,A,-,Y,,,,,,,,,,Y,4,0,2,4,A,-,03,22350,,N,C,C,A,A,H,-,A,D,0,,,,,Y,,A,07,0,0,2,0,0,0,0,0,0,"- ","- ",,,"CONTRA COSTA",LAFAYETTE,-122.13636068,37.890391270000002
90354157,2016,2016-12-27,9320,2016-12-14,1816,019465,,3,2,9,0700,0,3,5,,2,020,"RELIEZ VALLEY ROAD","ALHAMBRA VALLEY ROAD",470.00,E,N,B,C,N,,,,,,,,,,Y,3,0,1,1,A,-,01,23152,A,N,E,I,A,B,H,-,D,D,0,,,,,Y,Y,A,01,0,1,0,0,0,0,0,0,0,"- ","- ",,,"CONTRA COSTA",UNINCORPORATED,-122.12462791,37.967103229999999
90354176,2016,2016-12-27,9320,2016-12-21,1620,021423,,3,2,3,0702,0,1,3,,2,405,"SR-4 W/B","BALFOUR RD",1584.00,E,N,A,-,Y,,,4,,,,,,W,Y,4,0,1,2,A,-,03,22350,,N,C,C,A,A,H,-,B,D,0,,,,,Y,,A,01,0,0,1,0,0,0,0,0,0,"- ","- ",37.919930000000001,-121.73208,"CONTRA COSTA",BRENTWOOD,-121.73213121000001,37.919930399999998
90354181,2016,2016-12-27,9320,2016-12-22,0940,017508,,4,1,9,0700,0,1,1,,2,180,"I-80 E/B","POMONA ST. OFF RAMP",50.00,E,N,A,-,Y,,,80,,,,,,E,Y,4,0,2,5,A,-,03,22350,,N,C,C,A,A,D,-,A,A,0,,,,,Y,,A,07,0,0,2,0,0,0,0,0,0,"- ","- ",38.052210000000002,-122.2282,"CONTRA COSTA",UNINCORPORATED,-122.22814884,38.052137180000003
90354224,2016,2016-12-27,9320,2016-12-23,0650,019522,,5,1,9,0700,0,1,3,,2,403,"SR-4 W/B","BAILEY RD.",2640.00,W,N,C,-,Y,,,,,,,,,,N,4,0,1,2,A,-,03,22350,,N,C,C,A,B,H,-,C,D,0,,,,,Y,,A,01,0,0,1,0,0,0,0,0,0,"- ","- ",,,"CONTRA COSTA",UNINCORPORATED,-121.95091388,38.019836840000004
90354241,2016,2016-12-27,9320,2016-12-24,1455,019914,,6,2,4,0714,0,1,1,,2,683,"I-680 NB","SR-4 O/C",0.00,,N,A,-,Y,,,,,,,,,,N,4,0,1,2,A,-,03,22350,,N,C,C,A,A,H,-,A,D,0,,,,,Y,,A,01,0,0,1,0,0,0,0,0,0,"- ","- ",,,"CONTRA COSTA",MARTINEZ,-122.0698799,37.994669930000001
90354556,2016,2016-12-27,9320,2016-12-16,1355,020984,,5,1,3,0706,1,4,S,,2,901,"REFUGIO VALLEY RD.","COMMUNITY CENTER DR.",50.00,S,N,A,-,N,,,,,,,,,,N,4,0,1,2,A,-,21,22106,,N,C,C,A,A,H,-,A,A,0,,,,,Y,,A,08,0,0,1,0,0,0,0,0,0,"- ","- ",37.998399999999997,-122.2492,"CONTRA COSTA",HERCULES,-122.24898577,37.998184780000003
90354759,2016,2016-12-27,9320,2016-12-24,0045,020196,,6,3,9,0700,0,1,1,,2,681,"S/B I-680","EL CERRO BLVD",10.00,N,N,B,-,Y,,,,,,,,,,N,4,0,2,2,A,-,03,22350,,N,C,C,A,B,H,-,D,D,0,,,,,Y,,A,01,0,0,2,0,0,0,0,0,0,"- ","- ",37.829599999999999,-122.00109999999999,"CONTRA COSTA",UNINCORPORATED,,
90355266,2016,2016-12-27,9320,2016-12-20,2359,021546,,2,3,4,0714,0,1,3,,2,402,"SR-4 E/B",PACHECO,2112.00,W,N,A,-,Y,,,4,,,,,,E,Y,4,0,3,1,A,-,08,22107,,N,E,I,A,A,H,-,C,D,0,,,,,Y,,A,01,0,0,3,0,0,0,0,0,0,"- ","- ",37.991219999999998,-122.08280000000001,"CONTRA COSTA",MARTINEZ,-122.08280241,37.991252500000002
90355515,2016,2016-12-27,9320,2016-12-21,1956,021433,,3,2,6,0704,0,1,3,,2,242,"N/B SR-242","OLIVERA RD. O/C",900.00,N,N,A,-,Y,,,,,,,,,,Y,3,0,2,3,A,-,03,22350,,N,C,C,A,A,H,-,D,D,0,,,,,Y,,A,01,0,2,0,0,0,0,0,0,0,"- ","- ",,,"CONTRA COSTA",CONCORD,,
90355552,2016,2016-12-27,9320,2016-12-22,1617,019465,,4,2,6,0704,0,1,3,,2,402,"SR-4 E/B","WILLOW PASS ROAD",1500.00,W,N,A,-,Y,,,,,,,,,,Y,4,0,1,2,A,-,01,23152,A,N,C,C,A,A,H,-,A,D,0,,,,,Y,Y,A,01,0,0,1,0,0,0,0,0,0,"- ","- ",,,"CONTRA COSTA",CONCORD,-122.00250681999999,38.012589630000001
90356030,2016,2016-12-28,9370,2016-12-23,1940,021271,,5,2,5,0710,0,1,1,,2,083,"I-80 E/B","HILLTOP DR",1500.00,E,N,B,-,Y,,,80,,,,,,E,Y,4,0,1,2,A,-,03,22350,,N,C,C,A,B,H,-,D,D,0,,,,,Y,,A,01,0,0,1,0,0,0,0,0,0,"- ","- ",37.970489999999998,-122.32023,"CONTRA COSTA",RICHMOND,-122.32036563,37.970534929999999
90356042,2016,2016-12-28,9320,2016-12-22,0845,021460,,4,1,9,0700,0,1,3,,2,403,"SR-4 W/B TO BAILEY RD. S/B","BAILEY ROAD",300.00,W,N,A,-,Y,,,,,,,,,,Y,4,0,1,1,A,-,08,22107,,N,E,I,A,A,H,-,A,D,0,,,,,Y,,A,01,0,0,1,0,0,0,0,0,0,"- ","- ",,,"CONTRA COSTA",UNINCORPORATED,-121.94292165,38.01911844
90356075,2016,2016-12-28,9320,2016-12-21,1610,019238,,3,2,5,0712,0,1,1,,2,682,"I-680 N/B","OAKVALE RD O/C",500.00,N,N,A,-,Y,,,,,,,,,,Y,3,0,1,2,A,-,03,22350,,N,C,C,A,A,H,-,A,D,0,,,,,Y,,A,07,0,1,0,0,0,0,0,0,0,"- ","- ",,,"CONTRA COSTA","WALNUT CREEK",-122.06997402,37.902836239999999
90356448,2016,2016-12-28,9320,2016-12-21,1722,021433,,3,2,6,0704,0,1,1,,2,683,"I-680 S/B","WILLOW PASS BLVD O/C",3330.00,N,N,A,-,Y,,,680,,,,,,S,N,4,0,1,3,A,-,03,22350,,N,C,C,A,A,H,-,D,D,0,,,,,Y,,A,08,0,0,1,0,0,0,0,0,0,"- ","- ",37.973750000000003,-122.06272,"CONTRA COSTA",CONCORD,-122.06264369,37.973812199999998
90356463,2016,2016-12-28,9320,2016-12-20,1745,021433,,2,2,3,0792,0,1,3,,2,240,"SR-24 E/B","WILDER RD. O/C",1700.00,E,N,A,-,Y,,,24,,,,,,E,N,4,0,1,3,A,-,03,22350,,N,C,C,A,A,H,-,D,D,0,,,,,Y,,A,07,0,0,1,0,0,0,0,0,0,"- ","- ",37.86992,-122.19296,"CONTRA COSTA",ORINDA,-122.19296979000001,37.869933209999999
90356605,2016,2016-12-28,9320,2016-12-23,1225,016964,,5,1,3,0715,0,1,3,,2,241,"SR-24 W/B FROM ACALANES","ACALANES U/C",5.00,W,N,C,-,Y,,,,,,,,,,Y,3,0,1,1,A,-,03,22350,,N,E,I,A,B,H,-,A,D,0,,,,,Y,,A,07,0,1,0,0,0,0,0,0,0,"- ","- ",,,"CONTRA COSTA",LAFAYETTE,-122.15453702000001,37.892252579999997
90356638,2016,2016-12-28,9320,2016-12-23,1429,019465,,5,2,9,0700,0,1,1,,2,683,"SR-4 E/B TO I-680 S/B",SR-4,528.00,S,N,B,-,Y,,,,,,,,,,Y,4,0,1,1,A,-,08,22107,,N,E,I,A,B,H,-,A,D,0,,,,,Y,,A,01,0,0,1,0,0,0,0,0,0,"- ","- ",,,"CONTRA COSTA",UNINCORPORATED,,
90356664,2016,2016-12-28,9320,2016-12-21,0945,018042,,3,1,9,0700,0,2,4,,2,073,"KIRKER PASS ROAD S/B","NORTONVILLE RD",5280.00,S,N,A,-,N,,,,,,,,,,Y,4,0,1,1,A,-,08,22107,,N,E,I,A,A,H,-,A,D,0,,,,,Y,,A,07,0,0,1,0,0,0,0,0,0,"- ","- ",37.974789999999999,-121.91231999999999,"CONTRA COSTA",UNINCORPORATED,-121.91231999999999,37.974789999999999
90356727,2016,2016-12-28,9320,2016-12-25,2240,020835,,7,3,9,0700,0,1,3,,2,405,"VASCO ROAD SOUTHBOUND","CAMINO DIABLO",20.00,N,N,A,-,Y,,,,,,,,,,Y,4,0,1,2,A,-,03,22350,,N,C,C,A,A,H,-,C,D,0,,,,,Y,,A,01,0,0,1,0,0,0,0,0,0,"- ","- ",37.865310000000001,-121.66777,"CONTRA COSTA",UNINCORPORATED,-121.66769068000001,37.865247459999999
90356959,2016,2016-12-29,9370,2016-12-15,1415,021426,,4,2,5,0710,0,1,1,,2,082,"I-80 EASTBOUND FROM CARLSON BOULEVARD","CARLSON BOULEVARD",560.00,E,N,B,C,Y,,,,,,,,,,Y,3,0,2,2,A,-,03,22350,,N,C,C,A,B,H,-,A,A,0,,,,,Y,,A,01,0,2,0,0,0,0,0,0,0,"- ","- ",37.544440000000002,-122.19156,"CONTRA COSTA",RICHMOND,-122.31651299000001,37.909426779999997
90357676,2016,2016-12-29,9320,2016-12-27,1540,019238,,2,2,3,0715,0,1,3,,2,241,"SR-24 E/B","EL CURTOLA O/C",500.00,W,N,A,-,Y,,,,,,,,,,Y,4,0,3,3,A,-,03,22350,,N,C,C,A,A,H,-,A,D,0,,,,,Y,,A,01,0,0,3,0,0,0,0,0,0,"- ","- ",,,"CONTRA COSTA",LAFAYETTE,-122.08673287000001,37.897810929999999
90358711,2016,2016-12-30,9320,2016-12-28,0930,017342,,3,1,6,0704,0,1,3,,2,242,"SR-242 S/B","CONCORD AVE U/C",430.00,S,N,A,-,Y,,,,,,,,,,Y,4,0,1,3,A,-,07,21658,A,N,B,C,A,A,H,-,A,D,0,,,,,Y,,A,01,0,0,1,0,0,0,0,0,0,"- ","- ",,,"CONTRA COSTA",CONCORD,-122.04376793,37.977994940000002
90358864,2016,2017-01-02,9320,2016-12-21,1525,017906,,3,2,3,0702,0,1,3,,2,405,"VASCO RD","CAMINO DIABLO",0.00,,Y,A,-,N,,,,,,,,,,Y,3,0,1,2,A,-,03,22350,,N,C,C,A,A,H,-,A,D,0,,,,Y,Y,,A,01,0,1,0,0,0,0,0,0,0,"- ","- ",,,"CONTRA COSTA",BRENTWOOD,-121.66763989,37.865209899999996
90359094,2016,2017-01-02,9320,2016-12-25,1535,020606,,7,2,5,0708,0,1,3,,2,404,"E/B SR-4","RAILROAD AVE",1056.00,E,N,A,-,Y,,,4,,,,,,,Y,3,0,1,1,A,-,08,22107,,N,E,I,A,A,H,-,C,D,0,,,,,Y,,A,01,0,1,0,0,0,0,0,0,0,"- ","- ",38.015509999999999,-121.88467,"CONTRA COSTA",PITTSBURG,-121.88464168,38.015628499999998
90359108,2016,2017-01-02,9370,2016-12-18,0429,020881,,7,3,5,0710,0,1,1,,2,082,"I-80 W/B","SACRAMENTO AVE PEDESTRIAN OVERCROSSING",135.00,W,N,A,-,Y,,,80,,,,,,W,Y,2,0,4,2,A,-,01,23152,F,N,A,C,A,A,H,-,D,D,0,,,,,Y,Y,A,01,3,0,1,0,0,0,0,0,0,"- ","- ",37.903910000000003,-122.31273,"CONTRA COSTA",RICHMOND,-122.31289939,37.903791730000002
90359165,2016,2017-01-02,9320,2016-12-28,1325,021496,,3,1,9,0700,0,3,5,,2,075,"LOFTUS ROAD","WILLOW PASS ROAD",150.00,S,N,A,-,N,,,,,,,,,,N,4,0,1,2,A,-,21,22106,,N,D,C,A,A,H,-,A,D,0,,,,,Y,,A,01,0,0,1,0,0,0,0,0,0,"- ","- ",,,"CONTRA COSTA",UNINCORPORATED,-121.9283533,38.026388009999998
90359195,2016,2017-01-02,9320,2016-12-19,0750,019086,,1,1,9,0700,0,2,4,,2,071,"EVORA RD","POMO ST",0.00,,Y,A,-,N,,,,,,,,,,Y,3,0,7,3,A,-,09,21802,A,N,D,C,A,A,H,-,A,A,0,,,,,Y,,A,07,0,1,6,0,0,0,0,0,0,"- ","- ",38.024639999999998,-121.96601,"CONTRA COSTA",UNINCORPORATED,-121.96596988,38.02458996
90359282,2016,2017-01-02,9370,2016-12-26,2120,019160,,1,2,5,0710,0,1,1,,2,082,"I-80 E/B","CARLSON BLVD.",5.00,E,N,A,-,Y,,,80,,,,,,E,Y,3,0,2,1,A,-,08,22107,,N,E,I,A,A,H,-,D,D,0,,,,,Y,,A,07,0,2,0,0,0,0,0,0,0,"- ","- ",37.911070000000002,-122.3173,"CONTRA COSTA",RICHMOND,-122.31726539,37.91107521
90359598,2016,2017-01-03,9320,2016-12-27,1140,021496,,2,1,9,0700,0,2,4,,2,012,"SAN PABLO DAM ROAD","MAY ROAD",489.00,W,N,A,-,N,,,,,,,,,,Y,4,0,1,2,A,-,08,22107,,N,B,E,A,A,H,-,A,D,0,,,,,Y,,A,01,0,0,1,0,0,0,0,0,0,"- ","- ",,,"CONTRA COSTA",UNINCORPORATED,-122.29853112000001,37.965135789999998
90359602,2016,2017-01-03,9320,2016-12-28,0935,021496,,3,1,9,0700,0,2,4,,2,043,"BERRY DRIVE","CENTER AVE",0.00,,Y,A,-,N,,,,,,,,,,N,4,0,1,2,A,-,09,21802,A,N,D,G,A,A,H,-,A,A,0,,Y,,,Y,,I,11,0,0,1,0,0,0,1,0,0,"- ","- ",,,"CONTRA COSTA",UNINCORPORATED,-122.0656899,37.983549920000002
90359690,2016,2017-01-03,9320,2016-12-24,0215,021415,,6,3,3,0792,0,1,3,,2,241,"SR 24 WB","WILDER RD",100.00,E,N,A,-,Y,,,24,,,,,,W,N,4,0,1,1,A,-,08,22107,,N,E,I,A,A,H,-,C,D,0,,,,,Y,,A,01,0,0,1,0,0,0,0,0,0,"- ","- ",37.86842,-122.19552,"CONTRA COSTA",ORINDA,-122.19547838,37.868355680000001
90359694,2016,2017-01-03,9370,2016-12-29,1812,021046,,4,2,5,0710,0,1,1,,2,083,"I-80 E/B","EL PORTAL DRIVE",1085.00,E,N,A,-,Y,,,80,,,,,,E,Y,4,0,1,2,A,-,03,22350,,N,C,C,A,A,H,-,C,D,0,,,,,Y,,A,08,0,0,1,0,0,0,0,0,0,"- ","- ",37.969090000000001,-122.32092,"CONTRA COSTA",RICHMOND,-122.32086197,37.969071030000002
90359971,2016,2017-01-03,9370,2016-12-31,1435,020949,,6,2,4,0711,0,1,1,,2,082,"I-80 E/B","SAN PABLO DAM ROAD",1800.00,W,N,B,-,Y,,,80,,,,,,E,Y,4,0,2,2,A,-,03,22350,,N,C,C,A,A,H,-,A,D,0,,,,,Y,,A,01,0,0,2,0,0,0,0,0,0,"- ","- ",37.951360000000001,-122.32706,"CONTRA COSTA","SAN PABLO",-122.32722625,37.951281020000003
9036001,2019,2020-03-02,0709,2019-12-09,2043,423,3001,1,5,4,0709,0,0,0,,0,002,"CONTRA COSTA BL","CHILPANCINGO PKWY",0.00,,Y,-,-,N,,,,,,,,,,Y,4,0,3,3,A,-,03,22350,,N,C,C,A,B,H,-,C,A,0,,,,,Y,,A,01,0,0,3,0,0,0,0,0,0,"- ","- ",37.976058959960938,-122.06555938720703,"CONTRA COSTA","PLEASANT HILL",-122.06494903564453,37.975719451904297
9036005,2019,2020-01-29,0709,2019-12-16,0000,401,3020,1,5,4,0709,0,0,0,,0,002,"CONTRA COSTA BL","CONCORD AV",0.00,,Y,A,-,N,,,,,,,,,,Y,4,0,2,3,A,-,12,21453,A,N,B,C,A,A,H,-,A,A,0,,,,,Y,,A,01,0,0,2,0,0,0,0,0,0,"- ","- ",37.975479125976562,-122.06468963623047,"CONTRA COSTA","PLEASANT HILL",-122.06484222412109,37.975761413574219
9036043,2020,2020-03-16,0709,2020-01-08,0956,412,3130,3,5,4,0709,0,0,0,,0,001,"PLEASANT HILL RD","GRAYSON RD",0.00,,Y,A,-,N,,,,,,,,,,Y,3,0,1,2,A,-,12,21453,A,N,A,C,A,A,H,-,A,A,0,,,,,Y,,-,,0,1,0,0,0,0,0,0,0,"- ","- ",37.948070526123047,-122.08144378662109,"CONTRA COSTA","PLEASANT HILL",-122.0823974609375,37.947921752929688
9036047,2020,2020-03-16,0709,2020-01-11,2036,436,3020,6,5,4,0709,0,0,0,,0,002,"CONTRA COSTA BL","GOLF CLUB RD",0.00,,Y,A,-,N,,,,,,,,,,Y,3,0,2,2,A,-,01,23153,A,N,D,C,A,A,H,-,C,A,0,,,,,Y,Y,A,01,0,1,1,0,0,0,0,0,0,"- ","- ",37.971549987792969,-122.06352996826172,"CONTRA COSTA","PLEASANT HILL",-122.06369018554688,37.971588134765625
90360526,2017,2017-01-04,9370,2017-01-02,1715,021526,,1,2,4,0711,0,1,1,,2,082,"I-80 W/B","MCBRYDE AVENUE",106.00,E,N,B,-,Y,,,80,,,,,,W,N,4,0,1,2,A,-,04,21703,,N,C,C,A,B,H,-,C,D,0,,,,,Y,,A,01,0,0,1,0,0,0,0,0,0,"- ","- ",37.951430000000002,-122.32756999999999,"CONTRA COSTA","SAN PABLO",-122.32750845,37.951458989999999
90360564,2016,2017-01-04,9365,2016-12-22,1400,019749,,4,2,9,0700,0,1,S,,2,904,"I-80 E/B","DOWRELIO DR.",1056.00,E,N,A,-,Y,,,80,,,,,,E,Y,4,0,2,4,A,-,03,22350,,N,C,C,A,A,H,-,A,D,0,,,,,Y,,A,07,0,0,2,0,0,0,0,0,0,"- ","- ",38.057139999999997,-122.22485,"CONTRA COSTA",UNINCORPORATED,-122.22485484000001,38.057139640000003
90360813,2017,2017-01-04,9320,2017-01-02,1745,017219,,1,2,9,0700,0,2,4,,2,094,"BYRON HIGHWAY","SR-4 (MARSH CREEK RD)",0.00,,Y,B,-,Y,,,,,,,,,,Y,4,0,1,2,A,-,12,21453,A,N,A,C,A,A,H,-,D,A,0,,,,,Y,,A,07,0,0,1,0,0,0,0,0,0,"- ","- ",,,"CONTRA COSTA",UNINCORPORATED,-121.64093,37.890389919999997
90361773,2016,2017-01-05,9390,2016-12-24,1959,020368,,6,2,4,0790,0,1,1,,2,069,"I-680 SOUTHBOUND","SYCAMORE VALLEY ROAD",550.00,N,N,A,-,Y,,,680,,,,,,S,Y,3,0,1,1,A,-,01,23152,A,N,E,I,A,A,H,-,C,D,0,,,,,Y,Y,A,01,0,1,0,0,0,0,0,0,0,"- ","- ",37.813429999999997,-121.99357000000001,"CONTRA COSTA",DANVILLE,-121.99344709,37.813441310000002