CASE_ID,ACCIDENT_YEAR,PROC_DATE,JURIS,COLLISION_DATE,COLLISION_TIME,OFFICER_ID,REPORTING_DISTRICT,DAY_OF_WEEK,CHP_SHIFT,POPULATION,CNTY_CITY_LOC,SPECIAL_COND,BEAT_TYPE,CHP_BEAT_TYPE,CITY_DIVISION_LAPD,CHP_BEAT_CLASS,BEAT_NUMBER,PRIMARY_RD,SECONDARY_RD,DISTANCE,DIRECTION,INTERSECTION,WEATHER_1,WEATHER_2,STATE_HWY_IND,CALTRANS_COUNTY,CALTRANS_DISTRICT,STATE_ROUTE,ROUTE_SUFFIX,POSTMILE_PREFIX,POSTMILE,LOCATION_TYPE,RAMP_INTERSECTION,SIDE_OF_HWY,TOW_AWAY,COLLISION_SEVERITY,NUMBER_KILLED,NUMBER_INJURED,PARTY_COUNT,PRIMARY_COLL_FACTOR,PCF_CODE_OF_VIOL,PCF_VIOL_CATEGORY,PCF_VIOLATION,PCF_VIOL_SUBSECTION,HIT_AND_RUN,TYPE_OF_COLLISION,MVIW,PED_ACTION,ROAD_SURFACE,ROAD_COND_1,ROAD_COND_2,LIGHTING,CONTROL_DEVICE,CHP_ROAD_TYPE,PEDESTRIAN_ACCIDENT,BICYCLE_ACCIDENT,MOTORCYCLE_ACCIDENT,TRUCK_ACCIDENT,NOT_PRIVATE_PROPERTY,ALCOHOL_INVOLVED,STWD_VEHTYPE_AT_FAULT,CHP_VEHTYPE_AT_FAULT,COUNT_SEVERE_INJ,COUNT_VISIBLE_INJ,COUNT_COMPLAINT_PAIN,COUNT_PED_KILLED,COUNT_PED_INJURED,COUNT_BICYCLIST_KILLED,COUNT_BICYCLIST_INJURED,COUNT_MC_KILLED,COUNT_MC_INJURED,PRIMARY_RAMP,SECONDARY_RAMP,LATITUDE,LONGITUDE,COUNTY,CITY,POINT_X,POINT_Y
90474738,2017,2017-06-09,9320,2017-06-05,1740,020981,,1,2,9,0700,0,1,3,,2,402,"SR-4 W/B","PACHECO BOULEVARD",5.00,E,N,A,-,Y,,,4,,,,,,W,Y,4,0,1,2,A,-,03,22350,,N,C,C,A,A,H,-,A,D,0,,,,,Y,,A,01,0,0,1,0,0,0,0,0,0,"- ","- ",37.994489999999999,-122.07052,"CONTRA COSTA",UNINCORPORATED,-122.07050531,37.994447219999998
90474762,2017,2017-06-09,9320,2017-05-26,1525,016788,,5,2,3,0715,0,1,3,,2,241,"SR-24 E/B","PLEASANT HILL RD U/C",200.00,W,N,A,-,Y,,,,,,,,,,Y,4,0,1,2,A,-,01,23152,A,N,C,C,A,A,H,-,A,D,0,,,,,Y,Y,A,01,0,0,1,0,0,0,0,0,0,"- ","- ",,,"CONTRA COSTA",LAFAYETTE,-122.09656237999999,37.897542659999999
90474774,2017,2017-06-09,9320,2017-05-31,2327,018803,,3,3,9,0700,0,2,4,,2,072,"BAILEY ROAD","LELAND RD",8976.00,S,N,A,-,N,,,,,,,,,,Y,3,0,1,1,A,-,01,23152,A,N,E,I,A,A,H,-,D,D,0,,,,,Y,Y,A,01,0,1,0,0,0,0,0,0,0,"- ","- ",37.994140000000002,-121.94822000000001,"CONTRA COSTA",UNINCORPORATED,-121.9484446,37.993236430000003
90474839,2017,2017-06-09,9320,2017-06-04,1148,018449,,7,1,9,0700,0,2,4,,2,022,"WILDCAT CANYON RD.","SAN PABLO DAM RD.",2640.00,W,N,A,-,N,,,,,,,,,,N,3,0,1,1,A,-,08,22107,,N,F,A,A,A,H,-,A,A,0,,Y,,,Y,,L,04,0,1,0,0,0,0,1,0,0,"- ","- ",,,"CONTRA COSTA",UNINCORPORATED,-122.21779255,37.89907582
90474855,2017,2017-06-09,9320,2017-06-04,0018,021423,,7,3,9,0700,0,1,3,,2,404,"SR-4 E/B","SOMERSVILLE RD",1320.00,W,N,A,-,Y,,,,,,,,,,Y,4,0,2,2,A,-,07,21658,A,N,C,C,A,A,H,-,C,D,0,,,,,Y,,A,07,0,0,2,0,0,0,0,0,0,"- ","- ",38.0077,-121.85164,"CONTRA COSTA",UNINCORPORATED,,
90475301,2017,2017-06-12,9370,2017-06-01,0830,021185,,4,1,5,0710,0,1,1,,2,083,"I-80 W/B","EL PORTAL DRIVE",500.00,E,N,A,-,Y,,,80,,,,,,W,N,4,0,1,4,A,-,03,22350,,N,C,C,A,A,H,-,A,D,0,,,,,Y,,A,01,0,0,1,0,0,0,0,0,0,"- ","- ",37.969810000000003,-122.32069,"CONTRA COSTA",RICHMOND,-122.32062707,37.969789419999998
90475487,2017,2017-06-12,9390,2017-05-28,0410,021452,,7,3,4,0790,0,1,1,,2,069,"I-680 NORTHBOUND","SYCAMORE VALLEY ROAD",1056.00,S,N,A,-,Y,,,680,,,,,,N,Y,3,0,1,2,A,-,03,22350,,N,C,C,A,A,H,-,D,D,0,,,,,Y,Y,A,01,0,1,0,0,0,0,0,0,0,"- ","- ",37.807270000000003,-121.99104,"CONTRA COSTA",DANVILLE,-121.99105557,37.807264160000003
90475659,2017,2017-06-12,9320,2017-06-02,1145,019850,,5,1,9,0700,0,2,4,,1,061,"DANVILLE BLVD N/B","APPLETREE LN",100.00,S,N,A,-,N,,,,,,,,,,N,3,0,1,1,A,-,03,22350,,N,E,I,A,A,H,-,A,D,0,,Y,,,Y,,L,04,0,1,0,0,0,0,1,0,0,"- ","- ",37.847000000000001,-122.03043,"CONTRA COSTA",UNINCORPORATED,-122.03050807,37.846971519999997
90475683,2017,2017-06-12,9390,2017-06-09,1530,020931,,5,2,4,0790,0,1,1,,2,069,"I-680 NORTHBOUND","DIABLO ROAD",528.00,S,N,A,-,Y,,,680,,,,,,N,N,4,0,1,2,A,-,03,22350,,N,C,C,A,A,H,-,A,D,0,,,,,Y,,D,22,0,0,1,0,0,0,0,0,0,"- ","- ",37.820250000000001,-121.99318,"CONTRA COSTA",DANVILLE,-121.99317829,37.820249969999999
90475773,2017,2017-06-12,9320,2017-06-03,0855,019086,,6,1,6,0704,0,1,3,,2,242,"SR-242 S/B","OLIVERA RD",800.00,S,N,A,-,Y,,,242,,,,,,S,Y,4,0,1,2,A,-,08,22107,,N,D,C,A,A,H,-,A,D,0,,,,,Y,,A,01,0,0,1,0,0,0,0,0,0,"- ","- ",37.994140000000002,-122.03935,"CONTRA COSTA",CONCORD,-122.03935877000001,37.994141919999997
90475894,2017,2017-06-12,9370,2017-06-05,1030,021519,,1,1,5,0710,0,1,1,,2,082,"I-80 W/B","CARLSON BLVD",1320.00,E,N,A,-,Y,,,80,,,,,,W,N,4,0,2,4,A,-,03,22350,,N,C,C,A,A,H,-,A,D,0,,,,,Y,,A,08,0,0,2,0,0,0,0,0,0,"- ","- ",37.914700000000003,-122.31753,"CONTRA COSTA",RICHMOND,-122.31753123999999,37.914700009999997
90475959,2017,2017-06-12,9370,2017-06-06,0848,021519,,2,1,5,0710,0,1,1,,2,082,"I-80 W/B","SACRAMENTO ST PED O/C",160.00,E,N,A,-,Y,,,80,,,,,,W,N,4,0,1,2,A,-,03,22350,,N,C,C,A,A,H,-,A,D,0,,,,,Y,,A,01,0,0,1,0,0,0,0,0,0,"- ","- ",37.904620000000001,-122.31343,"CONTRA COSTA",RICHMOND,-122.31345801000001,37.904600979999998
90476006,2017,2017-06-12,9320,2017-06-04,1240,017508,,7,1,9,0700,0,2,4,,2,012,"SAN PABLO DAM ROAD W/B","PHEASANT LANE",90.00,W,N,A,-,N,,,,,,,,,,Y,4,0,4,3,A,-,09,21804,A,F,C,A,A,A,H,-,A,D,0,,,,,Y,,D,22,0,0,4,0,0,0,0,0,0,"- ","- ",37.963349999999998,-122.29298,"CONTRA COSTA",UNINCORPORATED,-122.29251175,37.963384390000002
90476560,2017,2017-06-13,9370,2017-06-05,0734,021519,,1,1,5,0710,0,1,1,,2,083,"I-80 W/B TO RICHMOND PARKWAY","RICHMOND PARKWAY",425.00,E,N,A,-,Y,,,80,,,,R,,W,N,4,0,2,2,A,-,03,22350,,N,C,C,A,A,H,-,A,D,0,,,,,Y,,-,35,0,0,2,0,0,0,0,0,0,"- ","- ",37.987589999999997,-122.31576,"CONTRA COSTA",RICHMOND,-122.31576,37.987589999999997
90476632,2017,2017-06-13,9320,2017-06-08,1530,020656,,4,2,4,0714,0,1,3,,2,402,"SR-4 E/B","MORELLO AVE",1570.00,W,N,A,-,Y,,,,,,,,,,Y,3,0,1,1,A,-,08,22107,,F,F,A,A,A,H,-,A,D,0,,,,,Y,,A,07,0,1,0,0,0,0,0,0,0,"- ","- ",37.593780000000002,-122.06207000000001,"CONTRA COSTA",MARTINEZ,-122.10560458,37.993622119999998
90476664,2017,2017-06-13,9320,2017-06-03,0230,021546,,6,3,9,0700,0,1,3,,2,404,"SR-4 E/B","BAILEY RD U/C",300.00,E,N,A,-,Y,,,,,,,,,,N,4,0,1,2,A,-,03,22350,,M,C,C,A,A,H,-,C,D,0,,,,,Y,,-,99,0,0,1,0,0,0,0,0,0,"- ","- ",,,"CONTRA COSTA",UNINCORPORATED,-121.94086836,38.018740010000002
90476691,2017,2017-06-13,9320,2017-05-28,2100,021546,,7,2,9,0700,0,1,1,,2,683,"I-680 N/B","JUNCTION SR 242",500.00,N,N,A,-,Y,,,,,,,,,,Y,4,0,1,1,A,-,08,22107,,N,F,A,A,A,H,-,B,D,0,,,,,Y,,A,01,0,0,1,0,0,0,0,0,0,"- ","- ",,,"CONTRA COSTA",UNINCORPORATED,,
90476704,2017,2017-06-13,9320,2017-06-02,1658,021440,,5,2,9,0700,0,1,1,,2,683,"I-680 N/B","WILLOW PASS RD U/C",0.00,,N,A,-,Y,,,,,,,,,,Y,3,0,2,1,A,-,08,22107,,N,F,A,A,A,H,-,A,D,0,,,,,Y,,A,01,0,2,0,0,0,0,0,0,0,"- ","- ",,,"CONTRA COSTA",UNINCORPORATED,-122.05605985,37.966149950000002
90476728,2017,2017-06-13,9320,2017-06-07,0810,014911,,3,1,3,0715,0,1,3,,2,241,"SR-24 W/B","FIRST STREET U/C",50.00,W,N,A,-,Y,,,,,,,,,,N,4,0,1,3,A,-,03,22350,,N,C,C,A,A,H,-,A,D,0,,,,,Y,,A,01,0,0,1,0,0,0,0,0,0,"- ","- ",,,"CONTRA COSTA",LAFAYETTE,-122.11684004,37.894893410000002
90476762,2017,2017-06-13,9320,2017-06-05,1750,016636,,1,2,6,0704,0,1,3,,2,402,"SR-4 EB",SR-242,1584.00,W,N,A,-,Y,,,,,,,,,,N,4,0,1,2,A,-,03,22350,,N,C,C,A,A,H,-,A,D,0,,,,,Y,,D,22,0,0,1,0,0,0,0,0,0,"- ","- ",,,"CONTRA COSTA",CONCORD,,
90477062,2017,2017-06-13,9320,2017-06-06,1700,020984,,2,2,9,0700,0,3,5,,2,040,"PACHECO BLVD.","ARNOLD DR.",350.00,S,N,A,-,N,,,,,,,,,,Y,3,0,1,2,A,-,09,21804,A,N,D,C,A,A,H,-,A,D,0,,,Y,,Y,,A,07,0,1,0,0,0,0,0,0,1,"- ","- ",37.9968,-122.07680000000001,"CONTRA COSTA",UNINCORPORATED,-122.07675501,37.996935960000002
90477112,2017,2017-06-13,9320,2017-06-04,1735,020984,,7,2,6,0704,0,1,1,,2,683,"I-680 N/B TO BURNETT AVENUE","I-680 N/B",65.00,E,N,A,-,Y,,,680,,,,R,,N,Y,3,0,1,1,A,-,01,23152,A,N,E,I,A,A,H,-,A,D,0,,,,,Y,Y,A,07,0,1,0,0,0,0,0,0,0,"- ","- ",37.975000000000001,-122.06270000000001,"CONTRA COSTA",CONCORD,-122.06270000000001,37.975000000000001
90477165,2017,2017-06-13,9320,2017-06-08,1750,020656,,4,2,9,0700,0,2,4,,1,042,"PACHECO BLVD W/B","GIANNINI RD",60.00,E,N,A,-,N,,,,,,,,,,Y,4,0,2,4,A,-,03,22350,,N,C,C,A,A,H,-,A,A,0,,,,,Y,,A,01,0,0,2,0,0,0,0,0,0,"- ","- ",38.002929999999999,-122.05421,"CONTRA COSTA",UNINCORPORATED,-122.09491177,38.008049409999998
90477492,2017,2017-06-14,9320,2017-06-03,1230,019850,,6,1,9,0700,0,2,4,,2,094,"BYRON HIGHWAY","CAMINO DIABLO",0.00,,Y,A,-,N,,,,,,,,,,Y,3,0,2,2,A,-,09,21802,A,N,D,C,A,A,H,-,A,A,0,,,,,Y,,A,01,0,1,1,0,0,0,0,0,0,"- ","- ",37.86748,-121.63834,"CONTRA COSTA",UNINCORPORATED,-121.63839998,37.867489990000003
90477518,2017,2017-06-14,9390,2017-05-23,1150,017135,,2,1,9,0700,0,2,4,,2,112,"CAMINO TASSAJARA","WINDEMERE PARKWAY",3696.00,N,N,A,-,N,,,,,,,,,,N,3,0,1,1,A,-,08,22107,,N,E,I,A,A,H,-,A,D,0,,,,,Y,,A,01,0,1,0,0,0,0,0,0,0,"- ","- ",37.760309999999997,-121.8676,"CONTRA COSTA",UNINCORPORATED,-121.86790947999999,37.758614690000002
90477527,2017,2017-06-14,9320,2017-06-01,1435,018449,,4,2,5,0712,0,1,1,,2,682,"I-680 N/B","N. MAIN ST.",528.00,N,N,A,-,Y,,,,,,,,,,N,4,0,2,2,A,-,03,22350,,M,C,C,A,A,H,-,A,D,0,,,,,Y,,A,07,0,0,2,0,0,0,0,0,0,"- ","- ",,,"CONTRA COSTA","WALNUT CREEK",-122.06475106000001,37.916564030000004
90477532,2017,2017-06-14,9390,2017-06-13,0808,017135,,2,1,4,0790,0,1,1,,2,069,"I-680 NORTHBOUND","SYCAMORE VALLEY ROAD",3696.00,S,N,A,-,Y,,,680,,,,,,N,Y,4,0,1,3,A,-,03,22350,,N,C,C,A,A,H,-,A,D,0,,,,,Y,,A,01,0,0,1,0,0,0,0,0,0,"- ","- ",37.798819999999999,-121.98712999999999,"CONTRA COSTA",DANVILLE,-121.98706272,37.798869920000001
90477552,2017,2017-06-14,9320,2017-06-05,0735,019850,,1,1,9,0700,0,2,4,,2,091,"POINT OF TIMBER RD","BIXLER RD",15.00,E,N,A,-,N,,,,,,,,,,N,4,0,1,2,A,-,21,22106,,N,C,C,A,A,H,-,A,D,0,,,,,Y,,D,22,0,0,1,0,0,0,0,0,0,"- ","- ",38.045290000000001,-121.63665,"CONTRA COSTA",UNINCORPORATED,-121.62283300999999,37.91095499
90477597,2017,2017-06-14,9320,2017-06-06,2115,020010,,2,2,5,0712,0,1,1,,2,682,"I-680 S/B","OAK PARK BLVD O/C",150.00,S,N,A,-,Y,,,680,,,,,,S,Y,2,0,3,3,A,-,08,22107,,N,D,C,A,A,H,-,C,D,0,,,,,Y,,A,01,1,0,2,0,0,0,0,0,0,"- ","- ",37.932659999999998,-122.06027,"CONTRA COSTA","WALNUT CREEK",-122.06038285,37.932656170000001
90477598,2017,2017-06-14,9320,2017-06-05,2105,018371,,1,2,3,0707,0,1,1,,2,180,"I-80 E/B FROM PINOLE VALLEY ROAD ONRAMP","PINOLE VALLEY ROAD",300.00,E,N,A,-,Y,,,,,,,,,,N,2,0,1,2,A,-,01,23152,A,N,C,C,A,A,H,-,D,D,0,,,Y,,Y,Y,C,02,1,0,0,0,0,0,0,0,1,"- ","- ",,,"CONTRA COSTA",PINOLE,-122.28538786999999,37.997692129999997
90477615,2017,2017-06-14,9320,2017-06-06,1930,016788,,2,2,6,0704,0,1,3,,2,402,"SR-4 E/B","PORT CHICAGO HWY U/C",50.00,W,N,A,-,Y,,,,,,,,,,N,4,0,1,2,A,-,03,22350,,N,C,C,A,A,H,-,A,D,0,,,,,Y,,A,01,0,0,1,0,0,0,0,0,0,"- ","- ",,,"CONTRA COSTA",CONCORD,-122.0229904,38.009463789999998
90477626,2017,2017-06-14,9320,2017-06-06,1422,017219,,2,2,9,0700,0,2,4,,2,094,"BYRON HIGHWAY","CLIFTON CT",550.00,N,N,A,-,N,,,,,,,,,,Y,3,0,1,2,A,-,05,21650,,N,B,C,A,A,H,-,A,D,0,,,,,Y,,A,01,0,1,0,0,0,0,0,0,0,"- ","- ",,,"CONTRA COSTA",UNINCORPORATED,-121.61335529,37.83958037
90477651,2017,2017-06-14,9320,2017-06-08,1705,016788,,4,2,9,0700,0,2,4,,2,013,"SAN PABLO DAM RD","BEAR CREEK RD",1056.00,N,N,A,-,N,,,,,,,,,,Y,4,0,1,1,A,-,08,22107,,N,E,I,A,A,H,-,A,D,0,,,,,Y,,A,01,0,0,1,0,0,0,0,0,0,"- ","- ",,,"CONTRA COSTA",UNINCORPORATED,-122.21365423,37.900930189999997
90477712,2017,2017-06-14,9320,2017-06-09,1755,016788,,5,2,5,0712,0,1,1,,2,681,"I-680 N/B","RUDGEAR RD U/C",3168.00,S,N,A,-,Y,,,,,,,,,,N,4,0,2,2,A,-,03,22350,,N,C,C,A,A,H,-,A,D,0,,,,,Y,,A,07,0,0,2,0,0,0,0,0,0,"- ","- ",,,"CONTRA COSTA","WALNUT CREEK",-122.0427806,37.872220429999999
90477771,2017,2017-06-14,9390,2017-06-06,1935,016137,,2,2,4,0790,0,1,1,,2,068,"I-680 SOUTHBOUND","FOSTORIA WAY OVERCROSSING",400.00,N,N,A,-,Y,,,680,,,,,,S,Y,2,0,1,2,A,-,07,21658,A,N,C,C,A,A,H,-,A,D,0,,,,Y,Y,,A,01,1,0,0,0,0,0,0,0,0,"- ","- ",37.783099999999997,-121.97790000000001,"CONTRA COSTA",DANVILLE,-121.97831913,37.782865200000003
90477890,2017,2017-06-14,9370,2017-06-08,1803,019160,,4,2,5,0710,0,1,1,,2,058,"I-580 EB FROM CANAL BLVD.","CANAL BLVD.",74.00,E,N,A,-,Y,,,580,,,,R,,E,Y,4,0,1,1,A,-,08,22107,,N,E,I,A,B,H,-,A,D,0,,,,,Y,,A,07,0,0,1,0,0,0,0,0,0,"- ","- ",37.926830000000002,-122.37779999999999,"CONTRA COSTA",RICHMOND,-122.37779999999999,37.926830000000002
90477908,2017,2017-06-28,9320,2017-06-10,1850,020656,,6,2,3,0715,0,1,3,,2,241,"SR-24 W/B","ACALANES RD",2480.00,E,N,A,-,Y,,,,,,,,,,Y,3,0,1,4,A,-,07,21658,A,M,B,C,A,A,H,-,A,D,0,,,,,Y,,-,99,0,1,0,0,0,0,0,0,0,"- ","- ",37.532910000000001,-122.08453,"CONTRA COSTA",LAFAYETTE,-122.14602271,37.891472239999999
90478191,2017,2017-06-14,9320,2017-05-25,1340,019195,,4,1,9,0700,0,2,4,,2,046,"OAK ROAD","TREAT BOULEVARD",30.00,S,N,B,-,N,,,,,,,,,,N,4,0,1,2,A,-,03,22350,,N,C,C,A,A,H,-,A,D,0,,,,,Y,,A,01,0,0,1,0,0,0,0,0,0,"- ","- ",37.926259999999999,-122.05732999999999,"CONTRA COSTA",UNINCORPORATED,-122.05747221,37.92633816
90478194,2017,2017-06-14,9320,2017-05-31,0916,019195,,3,1,9,0700,0,1,3,,2,400,"SR-4 W/B","CUMMINGS SKYWAY",4785.00,W,N,A,-,Y,,,4,,,,,,W,Y,4,0,1,2,A,-,06,21755,,N,D,C,A,A,H,-,A,D,0,,,,,Y,,A,01,0,0,1,0,0,0,0,0,0,"- ","- ",38.00956,-122.20519,"CONTRA COSTA",UNINCORPORATED,-122.2051866,38.009551600000002
90478271,2017,2017-06-14,9320,2017-06-01,1640,016788,,4,2,3,0715,0,1,3,,2,241,"SR-24 E/B","BROWN AVE U/C",1056.00,E,N,A,-,Y,,,,,,,,,,N,4,0,1,3,A,-,03,22350,,N,C,C,A,A,H,-,A,D,0,,,,,Y,,A,01,0,0,1,0,0,0,0,0,0,"- ","- ",,,"CONTRA COSTA",LAFAYETTE,-122.10707741,37.896085470000003
90478499,2017,2017-06-15,9320,2017-06-12,1825,018371,,1,2,3,0707,0,1,1,,2,180,"INTERSTATE 80 EASSTBOUND","PINOLE VALLEY ROAD",300.00,E,N,A,-,Y,,,,,,,,,,Y,3,0,1,3,A,-,03,22350,,N,C,C,A,A,H,-,A,D,0,,,,,Y,,A,01,0,1,0,0,0,0,0,0,0,"- ","- ",,,"CONTRA COSTA",PINOLE,,
90478516,2017,2017-06-15,9320,2017-06-06,1451,016636,,2,2,5,0701,0,1,3,,2,404,"SR-4 EB","HILLCREST AVE O/C",2640.00,W,N,A,-,Y,,,,,,,,,,Y,3,0,1,2,A,-,07,21658,A,N,B,C,A,A,H,-,A,D,0,,,,,Y,,D,22,0,1,0,0,0,0,0,0,0,"- ","- ",,,"CONTRA COSTA",ANTIOCH,-121.7942343,37.99756945
90478564,2017,2017-06-15,9390,2017-06-14,1720,016137,,3,2,4,0791,0,1,1,,2,068,"I-680 SOUTHBOUND","NORRIS CANYON ROAD OVERCROSSING",100.00,N,N,A,-,Y,,,680,,,,,,S,N,4,0,1,2,A,-,03,22350,,N,C,C,A,A,H,-,A,D,0,,,,,Y,,D,22,0,0,1,0,0,0,0,0,0,"- ","- ",37.7699,-121.9718,"CONTRA COSTA","SAN RAMON",-121.97175577,37.76992242
90478586,2017,2017-06-15,9320,2017-06-11,0110,017906,,7,3,3,0707,0,1,1,,2,180,"I-80 E/B","WILLOW AVE",250.00,E,N,A,-,Y,,,,,,,,,,N,4,0,2,2,A,-,03,22350,,N,C,C,A,A,H,-,A,D,0,,,,,Y,,A,01,0,0,2,0,0,0,0,0,0,"- ","- ",,,"CONTRA COSTA",PINOLE,-122.2713306,38.012825890000002
90478613,2017,2017-06-15,9320,2017-05-28,0045,021472,,7,3,6,0704,0,1,3,,2,242,"SR-242 S/B","MONUMENT BLVD",7920.00,N,N,A,-,Y,,,242,,,,,,S,Y,3,0,1,2,A,-,01,23152,A,N,B,C,A,A,H,-,C,D,0,,,,,Y,,D,22,0,1,0,0,0,0,0,0,0,"- ","- ",37.962539999999997,-122.0509,"CONTRA COSTA",CONCORD,-122.05084646,37.962513829999999
90479059,2017,2017-06-15,9320,2017-06-13,1715,019299,,2,2,9,0700,0,1,3,,2,403,"SR-4 EB","WILLOW PASS ROAD U/C(BAYPOINT)",1000.00,W,N,A,-,Y,,,,,,,,,,Y,4,0,2,2,A,-,03,22350,,N,C,C,A,A,H,-,A,D,0,,,,,Y,,A,01,0,0,2,0,0,0,0,0,0,"- ","- ",,,"CONTRA COSTA",UNINCORPORATED,-122.00080092,38.012843959999998
90479067,2017,2017-06-15,9320,2017-06-13,1038,017906,,2,1,5,0708,0,1,3,,2,403,"SR-4 E/B","BAILEY RD U/C",166.00,W,N,A,-,Y,,,,,,,,,,Y,4,0,2,2,A,-,07,21658,A,N,B,C,A,A,H,-,A,D,0,,,,,Y,,A,08,0,0,2,0,0,0,0,0,0,"- ","- ",,,"CONTRA COSTA",PITTSBURG,-121.94248637,38.018738990000003
90479294,2017,2017-06-15,9320,2017-06-12,1750,016636,,1,2,6,0704,0,1,3,,2,242,"SR-242 NB","SOLANO AVE/GRANTS ST U/C",525.00,N,N,A,-,Y,,,,,,,,,,N,4,0,1,2,A,-,03,22350,,N,C,C,A,A,H,-,A,D,0,,,,,Y,,A,01,0,0,1,0,0,0,0,0,0,"- ","- ",,,"CONTRA COSTA",CONCORD,,
90479321,2017,2017-06-15,9320,2017-05-22,0555,019086,,1,3,3,0706,0,1,1,,2,180,"I-80 W/B","WILLOW AVE",2000.00,E,N,A,-,Y,,,,,,,,,,N,4,0,2,4,A,-,03,22350,,M,C,C,A,A,H,-,A,D,0,,,,,Y,,A,07,0,0,2,0,0,0,0,0,0,"- ","- ",38.025750000000002,-122.25954,"CONTRA COSTA",HERCULES,-122.26937,38.015039999999999
90479588,2017,2017-06-16,9320,2017-06-15,0130,018973,,4,3,5,0701,0,1,3,,2,405,"SR-4 EASTBOUND",SR-160,1200.00,E,N,A,-,Y,,,4,,,,,,E,Y,3,0,1,1,A,-,08,22107,,N,E,I,A,A,H,-,C,D,0,,,,,Y,,D,22,0,1,0,0,0,0,0,0,0,"- ","- ",37.989159999999998,-121.75331,"CONTRA COSTA",ANTIOCH,-121.75327107,37.989235620000002
90479880,2017,2017-06-16,9320,2017-06-02,1520,21415,,5,2,9,0700,0,2,4,,2,011,"E/B APPIAN WAY","RINCON RD",50.00,W,N,A,-,N,,,,,,,,,,N,3,0,1,2,A,-,10,21950,A,N,G,B,C,A,H,-,A,D,0,Y,,,,Y,,I,11,0,1,0,0,1,0,0,0,0,"- ","- ",,,"CONTRA COSTA",UNINCORPORATED,-122.29755074000001,37.976166280000001
90479896,2017,2017-06-16,9320,2017-06-08,1550,021415,,4,2,9,0700,0,2,4,,2,072,"BAILEY RD S/B","SR-4 E/B",50.00,S,N,A,-,N,,,,,,,,,,Y,4,0,2,2,A,-,03,22350,,N,C,C,A,A,H,-,A,A,0,,,,,Y,,D,22,0,0,2,0,0,0,0,0,0,"- ","- ",,,"CONTRA COSTA",UNINCORPORATED,-121.94193006,38.017655359999999
90479905,2017,2017-08-04,9320,2017-06-05,1616,021440,,1,2,9,0700,0,1,3,,2,242,"SR-242 N/B TO E/B SR-4","PORT CHICAGO HWY",2640.00,W,N,A,-,Y,,,,,,,,,,N,3,0,2,2,A,-,07,21658,A,M,C,C,A,A,H,-,A,D,0,,,Y,,Y,,C,02,0,2,0,0,0,0,0,0,2,"- ","- ",,,"CONTRA COSTA",UNINCORPORATED,,
90480353,2017,2017-06-19,9320,2017-06-02,2205,021472,,5,3,9,0700,0,1,3,,2,405,"SR-4 E/B","BALFOUR ROAD",0.00,,Y,A,-,Y,,,,,,,,,,Y,2,0,1,2,A,-,09,21453,C,N,D,C,A,A,D,-,C,A,0,,,Y,,Y,,A,01,1,0,0,0,0,0,0,0,0,"- ","- ",37.925310000000003,-121.73294,"CONTRA COSTA",UNINCORPORATED,-121.73283997,37.925339890000004
90480356,2017,2017-06-19,9320,2017-06-01,2130,020010,,4,2,9,0700,0,1,3,,2,402,"SR-4 E/B","PORT CHICAGO HIGHWAY U/C",2333.00,W,N,A,-,Y,,,,,,,,,,Y,3,0,1,2,A,-,08,22107,,N,D,C,A,A,H,-,C,D,0,,,,,Y,,A,01,0,1,0,0,0,0,0,0,0,"- ","- ",38.008620000000001,-122.02897,"CONTRA COSTA",UNINCORPORATED,-122.03071854,38.008103269999999
90480363,2017,2017-06-19,9320,2017-06-08,0340,020196,,4,3,6,0704,0,1,1,,2,683,"I-680 N/B","MONUMENT BLVD",2640.00,N,N,A,-,Y,,,680,,,,,,N,Y,3,0,1,1,A,-,01,23152,A,N,E,I,A,A,H,-,D,D,0,,,,,Y,Y,A,01,0,1,0,0,0,0,0,0,0,"- ","- ",37.950400000000002,-122.0556,"CONTRA COSTA",CONCORD,-122.05577363,37.950477839999998
90480368,2017,2017-06-19,9320,2017-06-09,1710,021415,,5,2,9,0700,0,1,3,,2,400,"SR 4 TO I-80 TRANSITION RAMP",I-80,1000.00,E,N,A,-,Y,,,,,,,,,,Y,3,0,3,3,A,-,21,22106,,N,C,C,A,A,H,-,A,D,0,,,,,Y,,D,22,0,1,2,0,0,0,0,0,0,"- ","- ",,,"CONTRA COSTA",UNINCORPORATED,-122.26926,38.015059999999998
90480370,2017,2017-06-19,9320,2017-06-10,2320,021373,,6,3,9,0700,0,1,3,,2,405,"MARSH CREEK RD.","BYRON HWY.",1000.00,W,N,A,-,Y,,,,,,,,,,Y,3,0,3,2,A,-,01,23152,A,N,A,C,A,A,H,-,D,D,0,,,,,Y,Y,A,01,0,1,2,0,0,0,0,0,0,"- ","- ",37.896439999999998,-121.64802,"CONTRA COSTA",UNINCORPORATED,-121.64485598,37.896453430000001
90480385,2017,2017-06-19,9320,2017-06-11,0015,021496,,7,3,3,0706,0,1,1,,2,180,"I-80 EASTBOUND","PINOLE VALLEY ROAD",2640.00,E,N,A,-,Y,,,80,,,,,,E,N,4,0,1,2,A,-,03,22350,,N,C,C,A,A,H,-,D,D,0,,,,,Y,,A,01,0,0,1,0,0,0,0,0,0,"- ","- ",38.002800000000001,-122.28055999999999,"CONTRA COSTA",HERCULES,-122.2805951,38.002832400000003
90480620,2017,2017-06-19,9320,2017-06-10,1645,019759,,6,2,9,0700,0,2,4,,2,094,"BYRON HIGHWAY","HOLEY RD.",1200.00,N,N,A,-,N,,,,,,,,,,Y,3,0,1,1,A,-,08,22107,,N,F,A,A,A,H,-,A,D,0,,,,,Y,,A,07,0,1,0,0,0,0,0,0,0,"- ","- ",,,"CONTRA COSTA",UNINCORPORATED,-121.60780834000001,37.834184360000002