CASE_ID,ACCIDENT_YEAR,PROC_DATE,JURIS,COLLISION_DATE,COLLISION_TIME,OFFICER_ID,REPORTING_DISTRICT,DAY_OF_WEEK,CHP_SHIFT,POPULATION,CNTY_CITY_LOC,SPECIAL_COND,BEAT_TYPE,CHP_BEAT_TYPE,CITY_DIVISION_LAPD,CHP_BEAT_CLASS,BEAT_NUMBER,PRIMARY_RD,SECONDARY_RD,DISTANCE,DIRECTION,INTERSECTION,WEATHER_1,WEATHER_2,STATE_HWY_IND,CALTRANS_COUNTY,CALTRANS_DISTRICT,STATE_ROUTE,ROUTE_SUFFIX,POSTMILE_PREFIX,POSTMILE,LOCATION_TYPE,RAMP_INTERSECTION,SIDE_OF_HWY,TOW_AWAY,COLLISION_SEVERITY,NUMBER_KILLED,NUMBER_INJURED,PARTY_COUNT,PRIMARY_COLL_FACTOR,PCF_CODE_OF_VIOL,PCF_VIOL_CATEGORY,PCF_VIOLATION,PCF_VIOL_SUBSECTION,HIT_AND_RUN,TYPE_OF_COLLISION,MVIW,PED_ACTION,ROAD_SURFACE,ROAD_COND_1,ROAD_COND_2,LIGHTING,CONTROL_DEVICE,CHP_ROAD_TYPE,PEDESTRIAN_ACCIDENT,BICYCLE_ACCIDENT,MOTORCYCLE_ACCIDENT,TRUCK_ACCIDENT,NOT_PRIVATE_PROPERTY,ALCOHOL_INVOLVED,STWD_VEHTYPE_AT_FAULT,CHP_VEHTYPE_AT_FAULT,COUNT_SEVERE_INJ,COUNT_VISIBLE_INJ,COUNT_COMPLAINT_PAIN,COUNT_PED_KILLED,COUNT_PED_INJURED,COUNT_BICYCLIST_KILLED,COUNT_BICYCLIST_INJURED,COUNT_MC_KILLED,COUNT_MC_INJURED,PRIMARY_RAMP,SECONDARY_RAMP,LATITUDE,LONGITUDE,COUNTY,CITY,POINT_X,POINT_Y
90513720,2017,2017-08-01,9320,2017-07-18,0905,018042,,2,1,5,0712,0,1,1,,2,682,"I-680 S/B","TREAT BLVD",200.00,S,N,A,-,Y,,,,,,,,,,N,4,0,2,2,A,-,03,22350,,N,C,C,A,A,H,-,A,D,0,,,,,Y,,D,22,0,0,2,0,0,0,0,0,0,"- ","- ",,,"CONTRA COSTA","WALNUT CREEK",-122.06085935,37.925883370000001
90513729,2017,2017-08-01,9320,2017-07-18,1210,018042,,2,1,9,0700,0,3,5,,2,060,"NEWELL AVE E/B","CIRCLE DR",10.00,E,N,A,-,N,,,,,,,,,,N,4,0,1,1,A,-,08,22107,,N,E,I,A,A,H,-,A,D,0,,Y,,,Y,,L,04,0,0,1,0,0,0,1,0,0,"- ","- ",,,"CONTRA COSTA",UNINCORPORATED,-122.06318978,37.891082310000002
90513844,2017,2017-08-01,9370,2017-07-19,1956,020107,,3,2,5,0710,0,1,1,,2,058,"I-580 W/B","CASTRO ST",2069.00,W,N,A,-,Y,,,,,,,,,,Y,4,0,1,1,A,-,08,22107,,N,E,I,A,A,H,-,A,D,0,,,,,Y,,A,01,0,0,1,0,0,0,0,0,0,"- ","- ",,,"CONTRA COSTA",RICHMOND,-122.39280109000001,37.931843700000002
90514075,2017,2017-08-01,9320,2017-07-22,1005,021710,,6,1,9,0700,0,1,3,,2,405,"SR-160 S/B TO SR-4 E/B OVERCROSSING","LAUREL ROAD",5280.00,W,N,A,-,Y,,,,,,,,,,N,4,0,1,1,A,-,08,22107,,N,E,I,A,A,H,-,A,D,0,,,,,Y,,A,01,0,0,1,0,0,0,0,0,0,"- ","- ",,,"CONTRA COSTA",UNINCORPORATED,,
90514094,2017,2017-08-01,9320,2017-07-18,1806,019238,,2,2,9,0700,0,1,1,,2,681,"I-680 S/B","LIVORNA RD U/C",1320.00,N,N,A,-,Y,,,,,,,,,,Y,3,0,1,3,A,-,07,21658,A,N,C,C,A,A,H,-,A,D,0,,,,,Y,,A,01,0,1,0,0,0,0,0,0,0,"- ","- ",,,"CONTRA COSTA",UNINCORPORATED,-122.03848418,37.866037689999999
90514144,2017,2017-08-01,9320,2017-07-25,2200,021352,,2,3,4,0714,0,1,3,,2,401,"SR-4 E/B","ALHAMBRA AVENUE",500.00,W,N,A,-,Y,,,4,,,,,,E,Y,4,0,2,1,A,-,08,22107,,N,E,I,A,A,H,-,D,D,0,,,,,Y,,A,01,0,0,2,0,0,0,0,0,0,"- ","- ",37.989350000000002,-122.13742000000001,"CONTRA COSTA",MARTINEZ,-122.13742000000001,37.989404819999997
90514203,2017,2017-08-01,9320,2017-07-25,1515,021433,,2,2,6,0704,0,1,3,,2,402,"SR-4 E/B","PERALTA RD U/C",1500.00,E,N,A,-,Y,,,,,,,,,,Y,4,0,2,3,A,-,03,22350,,N,C,C,A,A,H,-,A,D,0,,,,,Y,,A,01,0,0,2,0,0,0,0,0,0,"- ","- ",,,"CONTRA COSTA",CONCORD,-122.04261142,38.003471810000001
90514324,2017,2017-08-01,9320,2017-07-19,0635,016788,,3,1,3,0715,0,1,3,,2,241,"SR-24 W/B","PLEASANT HILL RD U/C",160.00,W,N,A,-,Y,,,,,,,,,,Y,4,0,1,2,A,-,03,22350,,N,C,C,A,A,H,-,A,D,0,,,Y,,Y,,C,02,0,0,1,0,0,0,0,0,1,"- ","- ",,,"CONTRA COSTA",LAFAYETTE,-122.09651433000001,37.897905020000003
90514698,2017,2017-08-02,9320,2017-07-27,1600,016584,,4,2,6,0704,0,1,1,,2,683,"I-680 N/B","MONUMENT BL.",2112.00,N,N,A,-,Y,,,680,,,,,,N,N,4,0,1,2,A,-,03,22350,,N,C,C,A,A,H,-,A,D,0,,,,,Y,,D,22,0,0,1,0,0,0,0,0,0,"- ","- ",37.951140000000002,-122.05539,"CONTRA COSTA",CONCORD,-122.05545771,37.951171180000003
90514710,2017,2017-08-02,9320,2017-07-27,0046,021440,,4,3,9,0700,0,1,3,,2,241,"SR-24 E/B","ST. STEPHENS DR O/C",2640.00,E,N,A,-,Y,,,,,,,,,,Y,3,0,2,1,A,-,08,22107,,N,E,I,A,A,H,-,C,D,0,,,,,Y,,A,01,0,1,1,0,0,0,0,0,0,"- ","- ",,,"CONTRA COSTA",UNINCORPORATED,-122.16217949999999,37.892806270000001
90514764,2017,2017-08-02,9320,2017-07-28,0745,016788,,5,1,4,0709,0,1,3,,2,241,"SR-24 W/B","PLEASANT HILL RD U/C",95.00,E,N,A,-,Y,,,,,,,,,,Y,4,0,1,2,A,-,03,22350,,N,C,C,A,A,H,-,A,D,0,,,,,Y,,A,01,0,0,1,0,0,0,0,0,0,"- ","- ",,,"CONTRA COSTA","PLEASANT HILL",-122.09563088,37.897929060000003
90514988,2017,2017-08-02,9320,2017-07-02,2255,021373,,7,3,5,0708,0,1,3,,2,403,"SR-4 E/B","RAILROAD AVE.",2500.00,W,N,A,-,Y,,,4,,,,,,E,Y,3,0,2,5,A,-,01,23152,A,N,B,C,A,A,H,-,D,D,0,,,,,Y,Y,A,01,0,1,1,0,0,0,0,0,0,"- ","- ",38.020000000000003,-121.90166000000001,"CONTRA COSTA",PITTSBURG,-121.90168164000001,38.019734509999999
90515069,2017,2017-08-02,9390,2017-07-27,0915,017940,,4,1,4,0791,0,1,1,,2,068,"I-680 NORTHBOUND","MONTEVIDEO DRIVE UNDERCROSSING",100.00,N,N,A,-,Y,,,680,,,,,,N,Y,4,0,1,4,A,-,03,22350,,N,C,C,A,A,H,-,A,D,0,,,,Y,Y,,F,26,0,0,1,0,0,0,0,0,0,"- ","- ",37.747579999999999,-121.95726999999999,"CONTRA COSTA","SAN RAMON",-121.95734812000001,37.747532399999997
90515079,2017,2017-08-02,9390,2017-07-26,1845,014771,,3,2,4,0791,0,1,1,,2,068,"I-680 S/B","BOLLINGER CANYON ROAD",750.00,N,N,A,-,Y,,,680,,,,,,S,N,4,0,1,2,A,-,03,22350,,N,C,C,A,A,H,-,A,D,0,,,,,Y,,A,01,0,0,1,0,0,0,0,0,0,"- ","- ",37.760570000000001,-121.96584,"CONTRA COSTA","SAN RAMON",-121.96590895999999,37.760525809999997
90515111,2017,2017-08-02,9390,2017-07-27,1245,017940,,4,1,4,0790,0,1,1,,2,069,"I-680 NORTHBOUND","DIABLO ROAD",1056.00,S,N,A,-,Y,,,680,,,,,,N,Y,4,0,1,3,A,-,03,22350,,N,C,C,A,A,H,-,A,D,0,,,,,Y,,D,22,0,0,1,0,0,0,0,0,0,"- ","- ",37.818449999999999,-121.99319,"CONTRA COSTA",DANVILLE,-121.99320756,37.818450290000001
90515745,2017,2017-08-03,9320,2017-06-30,2240,021460,,5,3,3,0715,0,1,3,,2,241,"E/B SR-24 E/O PLEASANT HILL RD.","PLEASANT HILL RD.",1615.00,E,N,A,-,Y,,,24,,,,,,,Y,3,0,2,3,A,-,01,23152,A,N,B,C,A,A,H,-,C,D,0,,,,,Y,Y,A,01,0,1,1,0,0,0,0,0,0,"- ","- ",37.897730000000003,-122.09013,"CONTRA COSTA",LAFAYETTE,-122.09012952,37.897712480000003
90515796,2017,2017-08-03,9320,2017-07-20,0735,018042,,4,1,9,0700,0,1,1,,2,681,"I-680 N/B","EL CERRO BLVD",5.00,S,N,A,-,Y,,,,,,,,,,Y,3,0,2,2,A,-,03,22350,,N,C,C,A,A,H,-,A,D,0,,,,,Y,,A,01,0,1,1,0,0,0,0,0,0,"- ","- ",,,"CONTRA COSTA",UNINCORPORATED,-122.00076665,37.829731250000002
90515799,2017,2017-08-03,9320,2017-07-27,2107,019238,,4,2,4,0709,0,1,1,,2,682,"I-680 N/B","OAKPARK BLVD O/C",450.00,N,N,A,-,Y,,,,,,,,,,Y,3,0,4,1,A,-,08,22107,,N,E,I,A,A,H,-,D,D,0,,,,,Y,,A,01,0,4,0,0,0,0,0,0,0,"- ","- ",,,"CONTRA COSTA","PLEASANT HILL",-122.06007,37.934566080000003
90515994,2017,2017-08-03,9320,2017-07-27,1715,020981,,4,2,9,0700,0,1,1,,2,180,"I-80 E/B","CUMMINGS SKYWAY",1350.00,E,N,A,-,Y,,,80,,,,,,E,Y,4,0,3,4,A,-,03,22350,,N,C,C,A,A,H,-,A,D,0,,,,,Y,,D,22,0,0,3,0,0,0,0,0,0,"- ","- ",38.047989999999999,-122.23372999999999,"CONTRA COSTA",UNINCORPORATED,-122.23383753,38.048142480000003
90516072,2017,2017-08-03,9320,2017-07-29,0625,020026,,6,1,5,0708,0,1,3,,2,403,"SR-4 WESTBOUND","BAILEY RD",5280.00,E,N,A,-,Y,,,,,,,,,,Y,4,0,1,1,A,-,08,22107,,N,E,I,A,A,H,-,B,D,0,,,,,Y,,A,01,0,0,1,0,0,0,0,0,0,"- ","- ",,,"CONTRA COSTA",PITTSBURG,-121.92362325000001,38.01981112
90516553,2017,2017-08-04,9320,2017-07-31,2310,021472,,1,3,3,0715,0,1,3,,2,241,"SR-24 E/B","PLEASANT HILL ROAD",106.00,W,N,A,-,Y,,,24,,,,,,E,Y,3,0,1,3,A,-,08,22107,,N,C,E,A,A,H,-,D,D,0,,,,,Y,,A,01,0,1,0,0,0,0,0,0,0,"- ","- ",37.89734,-122.09985,"CONTRA COSTA",LAFAYETTE,-122.09983708,37.897249559999999
90516577,2017,2017-08-04,9320,2017-08-02,0753,017271,,3,1,9,0700,0,3,5,,2,060,"LIVORNA RD","I-680 S/B OFF-RAMP",0.00,,Y,A,-,N,,,,,,,,,,Y,4,0,2,2,A,-,09,21802,A,N,D,C,A,A,H,-,A,A,0,,,,,Y,,D,22,0,0,2,0,0,0,0,0,0,"- ","- ",37.863109999999999,-122.03588999999999,"CONTRA COSTA",UNINCORPORATED,-122.03593969000001,37.863116050000002
90516889,2017,2017-08-04,9320,2017-07-30,0430,020295,,7,3,9,0700,0,2,4,,2,071,"WILLOW PASS RD.","MANOR DR.",0.00,,Y,A,-,N,,,,,,,,,,Y,2,0,1,1,A,-,08,22107,,N,E,I,A,A,H,-,C,A,0,,,,,Y,,A,01,1,0,0,0,0,0,0,0,0,"- ","- ",38.026800000000001,-121.94752,"CONTRA COSTA",UNINCORPORATED,-121.94753992,38.026769899999998
90516900,2017,2017-08-04,9320,2017-07-30,1800,020984,,7,2,6,0704,0,1,3,,2,402,"SR-4 W/B","PORT CHICAGO HWY",1045.00,E,N,A,-,Y,,,4,,,,,,W,Y,3,0,3,2,A,-,03,22350,,N,C,C,A,A,H,-,A,D,0,,,,,Y,,A,01,0,1,2,0,0,0,0,0,0,"- ","- ",38.0105,-122.01900000000001,"CONTRA COSTA",CONCORD,-122.01899752,38.010483909999998
90516951,2017,2017-08-04,9390,2017-07-29,0805,020368,,6,1,4,0790,0,1,1,,2,069,"I-680 SOUTHBOUND","SYCAMORE VALLEY ROAD",4752.00,S,N,A,-,Y,,,680,,,,,,S,Y,3,0,1,2,A,-,17,23114,A,N,E,J,A,A,H,-,A,D,0,,,,,Y,,A,07,0,1,0,0,0,0,0,0,0,"- ","- ",37.797319999999999,-121.98631,"CONTRA COSTA",DANVILLE,-121.98622012,37.797387350000001
90517031,2017,2017-08-04,9320,2017-07-31,2146,021423,,1,2,9,0700,0,3,5,,2,075,"BAILEY ROAD","CANAL RD / MIMS AVE",45.00,S,N,A,-,N,,,,,,,,,,N,4,0,1,3,A,-,03,22350,,N,C,C,A,A,H,-,C,A,0,,,,,Y,,A,07,0,0,1,0,0,0,0,0,0,"- ","- ",38.021410000000003,-121.94179,"CONTRA COSTA",UNINCORPORATED,-121.94188267,38.021427150000001
90517047,2017,2017-08-04,9320,2017-08-02,1520,020026,,3,2,5,0712,0,1,3,,2,241,"SR-24 EASTBOUND","EL CURTOLA BLVD",2000.00,E,N,A,-,Y,,,,,,,,,,N,3,0,2,3,A,-,03,22350,,N,C,C,A,A,H,-,A,D,0,,,,,Y,,D,22,0,1,1,0,0,0,0,0,0,"- ","- ",,,"CONTRA COSTA","WALNUT CREEK",-122.07840883999999,37.8962985
90517048,2017,2017-08-04,9320,2017-08-03,0550,017271,,4,3,5,0712,0,1,1,,2,682,"I-680 S/B","NORTH MAIN ST",150.00,N,N,A,B,Y,,,680,,,,,,S,N,4,0,1,2,A,-,03,22350,,N,C,C,A,A,H,-,A,D,0,,,,,Y,,A,01,0,0,1,0,0,0,0,0,0,"- ","- ",37.916550000000001,-122.06496,"CONTRA COSTA","WALNUT CREEK",-122.06505563,37.916642340000003
90517219,2017,2017-08-07,9370,2017-07-30,1352,021519,,7,1,5,0710,0,1,1,,2,082,"I-80 E/B FROM CUTTING BLVD","CUTTING BLVD",181.00,E,N,A,-,Y,,,80,,,,R,,E,N,4,0,1,2,A,-,11,21954,A,N,G,B,D,A,H,-,A,D,0,Y,,,,Y,,N,60,0,0,1,0,1,0,0,0,0,"- ","- ",37.925930000000001,-122.32066,"CONTRA COSTA",RICHMOND,-122.32066,37.925930000000001
90517327,2017,2017-08-07,9370,2017-07-31,0320,021457,,1,3,5,0710,0,1,1,,2,082,"I-80 E/B","CARLSON BLVD",20.00,E,N,A,-,Y,,,80,,,,,,E,Y,4,0,2,2,A,-,01,23152,F,N,C,C,A,A,H,-,C,D,0,,,,,Y,,A,01,0,0,2,0,0,0,0,0,0,"- ","- ",37.911079999999998,-122.31722000000001,"CONTRA COSTA",RICHMOND,-122.31726509000001,37.911073209999998
90517674,2017,2017-08-07,9370,2017-01-29,2330,021326,,7,3,5,0710,0,1,1,,2,082,"I-80 W/B TO CUTTING BOULEVARD","CUTTING BLVD",520.00,E,N,A,-,Y,,,80,,,,R,,W,Y,1,1,1,1,A,-,01,23152,A,N,E,I,A,A,H,-,C,D,0,,,,,Y,Y,A,01,0,0,1,0,0,0,0,0,0,"- ","- ",37.926720000000003,-122.32235,"CONTRA COSTA",RICHMOND,-122.32235,37.926720000000003
90517776,2017,2017-08-07,9390,2017-07-27,1240,017265,,4,1,4,0790,0,1,1,,2,069,"I-680 SOUTHBOUND","DIABLO ROAD",1056.00,S,N,A,-,Y,,,680,,,,,,S,Y,3,0,2,2,A,-,08,22107,,N,B,C,A,A,H,-,A,D,0,,,,,Y,,A,07,0,1,1,0,0,0,0,0,0,"- ","- ",37.819470000000003,-121.99337,"CONTRA COSTA",DANVILLE,-121.99338673,37.819470189999997
90518057,2017,2017-08-07,9320,2017-07-23,0205,021352,,7,3,9,0700,0,2,4,,1,042,"PACHECO BLVD","LADYBUG LANE",217.00,N,N,A,-,N,,,,,,,,,,Y,2,0,1,2,A,-,01,23152,A,N,B,E,A,A,H,-,C,D,0,,,Y,Y,Y,Y,C,02,1,0,0,0,0,0,0,0,1,"- ","- ",38.003399999999999,-122.08336,"CONTRA COSTA",UNINCORPORATED,-122.08348924000001,38.003383550000002
90518095,2017,2017-08-07,9370,2017-04-19,1248,021519,,3,1,3,0707,0,1,1,,2,083,"I-80 E/B","APPIAN WAY",1320.00,W,N,A,-,Y,,,80,,,,,,E,Y,1,1,0,1,A,-,08,22107,,N,E,I,A,A,H,-,A,D,0,,,,,Y,,A,01,0,0,0,0,0,0,0,0,0,"- ","- ",37.992289999999997,-122.30647,"CONTRA COSTA",PINOLE,-122.30651165,37.992376870000001
90518435,2017,2017-08-08,9370,2017-07-11,0905,021674,,2,1,5,0710,0,1,1,,2,082,"I-80 W/B","MACDONALD AVENUE",255.00,W,N,A,-,Y,,,80,,,,,,W,Y,4,0,1,2,A,-,07,21658,A,N,C,C,A,A,H,-,A,D,0,,,Y,,Y,,A,01,0,0,1,0,0,0,0,0,1,"- ","- ",37.931959999999997,-122.32556,"CONTRA COSTA",RICHMOND,-122.32560481,37.931928020000001
90518487,2017,2017-08-08,9370,2017-08-01,2140,021136,,2,2,5,0710,0,1,1,,2,083,"I-80 E/B","RICHMOND PARKWAY",1922.00,W,N,A,-,Y,,,,,,,,,,Y,4,0,1,2,A,-,03,22350,,N,C,C,A,A,D,-,D,D,0,,,,,Y,,A,01,0,0,1,0,0,0,0,0,0,"- ","- ",37.585369999999998,-122.18597,"CONTRA COSTA",RICHMOND,,
90518629,2017,2017-08-08,9320,2017-07-16,1910,021460,,7,2,9,0700,0,1,3,,2,403,"E/B SR-4 TO SAN MARCO","SAN MARCO O/C",0.00,,N,A,-,Y,,,4,,,,R,,,Y,3,0,1,1,A,-,01,23152,F,N,F,I,A,A,H,-,A,D,0,,,,,Y,,A,01,0,1,0,0,0,0,0,0,0,"- ","- ",38.02272,-121.96796000000001,"CONTRA COSTA",UNINCORPORATED,-121.96796000000001,38.02272
90518636,2017,2017-08-08,9320,2017-07-20,0115,020222,,4,3,3,0734,0,1,3,,2,160,"SR-160 N/B TO MAIN ST.","MAIN ST",300.00,S,N,A,-,Y,,,160,,,,R,,N,Y,3,0,1,1,A,-,01,23152,A,N,E,I,A,A,H,-,D,D,0,,,,,Y,Y,A,01,0,1,0,0,0,0,0,0,0,"- ","- ",38.003979999999999,-121.75299,"CONTRA COSTA",OAKLEY,-121.75299,38.003979999999999
90518671,2017,2017-08-08,9365,2017-08-01,1745,019720,,2,2,9,0700,0,1,S,,2,904,"I-80 W/B","POMONA AVE",500.00,E,N,A,-,Y,,,80,,,,,,W,Y,4,0,1,2,A,-,08,22107,,N,B,C,A,A,H,-,A,D,0,,,,,Y,,A,07,0,0,1,0,0,0,0,0,0,"- ","- ",38.053640000000001,-122.22696000000001,"CONTRA COSTA",UNINCORPORATED,-122.2269385,38.053613599999998
90518716,2017,2017-08-08,9320,2017-07-30,2000,021415,,7,2,9,0700,0,2,4,,2,072,"BAILEY RD S/B","MYRTLE RD",50.00,N,N,A,-,N,,,,,,,,,,Y,3,0,1,1,A,-,08,22107,,N,F,A,A,A,H,-,A,D,0,,,Y,,Y,,C,02,0,1,0,0,0,0,0,0,1,"- ","- ",,,"CONTRA COSTA",UNINCORPORATED,-121.96816671000001,37.973276630000001
90518739,2017,2017-08-08,9320,2017-07-31,0940,021710,,1,1,9,0700,0,2,4,,2,091,"BIXLER RD","PARK AND RIDE CT.",20.00,E,N,A,-,N,,,,,,,,,,N,4,0,1,2,A,-,21,22106,,N,E,I,A,A,H,-,A,D,0,,,,,Y,,D,22,0,0,1,0,0,0,0,0,0,"- ","- ",,,"CONTRA COSTA",UNINCORPORATED,,
90518759,2017,2017-08-08,9320,2017-08-01,1614,019238,,2,2,5,0712,0,1,1,,2,682,"I-680 N/B","NORTH MAIN ST O/C",200.00,N,N,A,-,Y,,,,,,,,,,Y,4,0,2,3,A,-,03,22350,,N,C,C,A,A,H,-,A,D,0,,,,,Y,,D,22,0,0,2,0,0,0,0,0,0,"- ","- ",,,"CONTRA COSTA","WALNUT CREEK",-122.06540701999999,37.91582812
90518766,2017,2017-08-08,9320,2017-08-01,1851,019238,,2,2,5,0712,0,1,3,,2,241,"SR-24 E/B","EL CURTOLA BLVD O/C",1100.00,E,N,A,-,Y,,,,,,,,,,Y,3,0,1,3,A,-,07,21658,A,N,D,C,A,A,H,-,A,D,0,,,,,Y,,A,01,0,1,0,0,0,0,0,0,0,"- ","- ",,,"CONTRA COSTA","WALNUT CREEK",-122.08126439,37.897270149999997
90518987,2017,2017-08-08,9390,2017-08-01,1845,016178,,2,2,9,0700,0,3,5,,2,100,"MANNING ROAD","HIGHLAND ROAD",1900.00,W,N,A,-,N,,,,,,,,,,Y,3,0,1,1,A,-,03,22350,,N,F,A,A,A,H,-,A,D,0,,,Y,,Y,,C,02,0,1,0,0,0,0,0,0,1,"- ","- ",37.75806,-121.79894,"CONTRA COSTA",UNINCORPORATED,-121.79891109,37.75811685
90519087,2017,2017-08-08,9320,2017-07-29,0134,020835,,6,3,3,0706,0,1,1,,2,180,"I-80 WESTBOUND","WILLOW AVENUE",1000.00,E,N,A,-,Y,,,,,,,,,,Y,4,0,1,1,A,-,01,23152,A,N,E,I,A,A,H,-,D,D,0,,,,,Y,Y,A,01,0,0,1,0,0,0,0,0,0,"- ","- ",38.027549999999998,-122.25782,"CONTRA COSTA",HERCULES,-122.27003716,38.014475320000003
90519476,2017,2017-08-09,9370,2017-08-01,2141,021136,,2,2,5,0710,0,1,1,,2,083,"I-80 E/B","RICHMOND PARKWAY",1850.00,W,N,A,-,Y,,,,,,,,,,Y,3,0,5,3,A,-,03,22350,,N,C,C,A,A,D,-,D,D,0,,,,,Y,,A,01,0,1,4,0,0,0,0,0,0,"- ","- ",37.585329999999999,-122.18597,"CONTRA COSTA",RICHMOND,,
90519601,2017,2017-08-09,9320,2017-07-30,1020,018973,,7,1,9,0700,0,2,4,,2,022,"WILDCAN CANYON ROAD","EL TOYONAL",150.00,E,N,A,-,N,,,,,,,,,,N,3,0,1,1,A,-,08,22107,,N,F,A,A,A,H,-,A,D,0,,,Y,,Y,,C,02,0,1,0,0,0,0,0,0,1,"- ","- ",37.898470000000003,-122.22269,"CONTRA COSTA",UNINCORPORATED,-122.22284406,37.898761299999997
90519611,2017,2017-08-09,9320,2017-08-01,1410,019759,,2,2,9,0700,0,3,5,,2,075,"POMO ST. S/B","SEACLIFF PL.",20.00,S,N,A,-,N,,,,,,,,,,Y,4,0,1,2,A,-,01,23152,A,N,B,C,A,A,H,-,A,D,0,,,,,Y,Y,A,01,0,0,1,0,0,0,0,0,0,"- ","- ",,,"CONTRA COSTA",UNINCORPORATED,-121.96669343000001,38.025779249999999
90519716,2017,2017-08-09,9370,2017-08-03,1710,019160,,4,2,9,0700,0,3,5,,2,010,"RICHMOND PARKWAY NORTHBOUND","PITTSBURG AVE.",130.00,N,N,A,-,N,,,,,,,,,,N,4,0,1,3,A,-,07,21658,A,N,B,C,A,A,H,-,A,D,0,,,Y,,Y,,-,"- ",0,0,1,0,0,0,0,0,1,"- ","- ",37.96358,-122.37362,"CONTRA COSTA",UNINCORPORATED,-122.37376549,37.963527089999999
9051982,2020,2020-06-04,0704,2020-02-12,1418,568,,3,5,6,0704,0,0,0,,0,001,"MARKET ST","SUTTER ST",0.00,N,N,A,-,N,,,,,,,,,,Y,3,0,2,2,A,-,09,21804,A,N,D,C,A,A,H,-,A,A,0,,,,,Y,,A,01,0,1,1,0,0,0,0,0,0,"- ","- ",,,"CONTRA COSTA",CONCORD,-122.04319763183594,37.976139068603516
9051986,2020,2020-06-04,0704,2020-02-10,1948,521,COSTA,1,5,6,0704,0,0,0,,0,003,"MONUMENT BL","MI CASA CT",10.00,W,N,A,-,N,,,,,,,,,,N,4,0,1,2,A,-,03,22350,,N,C,C,A,A,H,-,C,D,0,,,,,Y,,A,01,0,0,1,0,0,0,0,0,0,"- ","- ",,,"CONTRA COSTA",CONCORD,-122.04145812988281,37.954643249511719
9051990,2020,2020-06-04,0704,2020-02-10,1819,568,,1,5,6,0704,0,0,0,,0,001,"CONCORD AV","MARKET ST",0.00,E,N,A,-,N,,,,,,,,,,Y,4,0,1,1,A,-,08,22107,,N,E,I,A,A,H,-,C,A,0,,,,,Y,,A,01,0,0,1,0,0,0,0,0,0,"- ","- ",,,"CONTRA COSTA",CONCORD,-122.04190063476562,37.978660583496094
9051994,2020,2020-06-04,0704,2020-02-14,1136,0589,NORTH,5,5,6,0704,0,0,0,,0,004,"EAST ST","WILLOW PASS RD",0.00,,Y,A,-,N,,,,,,,,,,Y,3,0,1,5,A,-,17,21657,,N,D,C,A,A,H,-,A,A,0,,,,,Y,,A,07,0,1,0,0,0,0,0,0,0,"- ","- ",,,"CONTRA COSTA",CONCORD,-122.03063201904297,37.978199005126953
9051998,2020,2020-06-04,0704,2020-02-14,1440,615,,5,5,6,0704,0,0,0,,0,003,"OAK GROVE RD","TREAT BL",0.00,,Y,A,-,N,,,,,,,,,,Y,4,0,1,4,A,-,08,22107,,N,B,C,A,A,H,-,A,A,0,,,,,Y,,-,"- ",0,0,1,0,0,0,0,0,0,"- ","- ",,,"CONTRA COSTA",CONCORD,-122.02504730224609,37.938728332519531
90520042,2017,2017-08-09,9320,2017-06-06,2252,020835,,2,3,9,0700,0,2,4,,2,071,"PORT CHICAGO HIGHWAY","LAKEVIEW DRIVE",178.00,E,N,A,-,N,,,,,,,,,,N,1,1,0,2,A,-,03,22350,,F,E,H,E,A,H,-,D,D,0,Y,,,,Y,,-,99,0,0,0,1,0,0,0,0,0,"- ","- ",38.039999999999999,-121.9695,"CONTRA COSTA",UNINCORPORATED,-121.9698629,38.040064639999997
90520092,2017,2017-08-09,9390,2017-08-03,1750,016137,,4,2,4,0791,0,1,1,,2,068,"I-680 SOUTHBOUND","CROW CANYON ROAD",200.00,N,N,A,-,Y,,,680,,,,,,S,N,4,0,1,3,A,-,03,22350,,N,C,C,A,A,H,-,A,D,0,,,,,Y,,A,01,0,0,1,0,0,0,0,0,0,"- ","- ",37.778199999999998,-121.97580000000001,"CONTRA COSTA","SAN RAMON",-121.97586457,37.778166820000003
90520192,2017,2017-08-09,9320,2017-08-06,1230,020498,,7,1,4,0714,0,1,3,,2,402,"SR-4 W/B",I-680,320.00,E,N,A,-,Y,,,,,,,,,,Y,4,0,2,2,A,-,03,22350,,N,C,C,A,A,H,-,A,D,0,,,,,Y,,A,01,0,0,2,0,0,0,0,0,0,"- ","- ",,,"CONTRA COSTA",MARTINEZ,-122.06988,37.994669999999999
90520388,2017,2017-08-10,9320,2017-08-01,1830,016584,,2,2,5,0712,0,1,1,,2,682,"I-680 S/B","N. MAIN ST.",1056.00,N,N,A,-,Y,,,,,,,,,,Y,3,0,2,2,A,-,16,24002,A,M,E,J,A,A,H,-,A,D,0,,,,,Y,,D,22,0,2,0,0,0,0,0,0,0,"- ","- ",37.913310000000003,-122.06309,"CONTRA COSTA","WALNUT CREEK",-122.0636399,37.918150150000002
90520495,2017,2017-08-10,9320,2017-08-06,1719,021710,,7,2,9,0700,0,3,5,,2,075,"BAILEY RD.","CANAL ST",0.00,,Y,A,-,N,,,,,,,,,,Y,4,0,2,2,A,-,12,21453,A,N,D,C,A,A,H,-,A,A,0,,,,,Y,,D,22,0,0,2,0,0,0,0,0,0,"- ","- ",,,"CONTRA COSTA",UNINCORPORATED,-121.94187986,38.021559969999998
90520672,2017,2017-08-10,9320,2017-08-06,2006,021710,,7,2,9,0700,0,3,5,,2,075,"PORT CHICAGO HWY","INLET DR",0.00,,Y,A,-,N,,,,,,,,,,N,4,0,1,2,A,-,09,21801,A,N,D,C,A,A,H,-,A,D,0,,,,,Y,,A,01,0,0,1,0,0,0,0,0,0,"- ","- ",,,"CONTRA COSTA",UNINCORPORATED,-121.96862985999999,38.039689989999999