CASE_ID,ACCIDENT_YEAR,PROC_DATE,JURIS,COLLISION_DATE,COLLISION_TIME,OFFICER_ID,REPORTING_DISTRICT,DAY_OF_WEEK,CHP_SHIFT,POPULATION,CNTY_CITY_LOC,SPECIAL_COND,BEAT_TYPE,CHP_BEAT_TYPE,CITY_DIVISION_LAPD,CHP_BEAT_CLASS,BEAT_NUMBER,PRIMARY_RD,SECONDARY_RD,DISTANCE,DIRECTION,INTERSECTION,WEATHER_1,WEATHER_2,STATE_HWY_IND,CALTRANS_COUNTY,CALTRANS_DISTRICT,STATE_ROUTE,ROUTE_SUFFIX,POSTMILE_PREFIX,POSTMILE,LOCATION_TYPE,RAMP_INTERSECTION,SIDE_OF_HWY,TOW_AWAY,COLLISION_SEVERITY,NUMBER_KILLED,NUMBER_INJURED,PARTY_COUNT,PRIMARY_COLL_FACTOR,PCF_CODE_OF_VIOL,PCF_VIOL_CATEGORY,PCF_VIOLATION,PCF_VIOL_SUBSECTION,HIT_AND_RUN,TYPE_OF_COLLISION,MVIW,PED_ACTION,ROAD_SURFACE,ROAD_COND_1,ROAD_COND_2,LIGHTING,CONTROL_DEVICE,CHP_ROAD_TYPE,PEDESTRIAN_ACCIDENT,BICYCLE_ACCIDENT,MOTORCYCLE_ACCIDENT,TRUCK_ACCIDENT,NOT_PRIVATE_PROPERTY,ALCOHOL_INVOLVED,STWD_VEHTYPE_AT_FAULT,CHP_VEHTYPE_AT_FAULT,COUNT_SEVERE_INJ,COUNT_VISIBLE_INJ,COUNT_COMPLAINT_PAIN,COUNT_PED_KILLED,COUNT_PED_INJURED,COUNT_BICYCLIST_KILLED,COUNT_BICYCLIST_INJURED,COUNT_MC_KILLED,COUNT_MC_INJURED,PRIMARY_RAMP,SECONDARY_RAMP,LATITUDE,LONGITUDE,COUNTY,CITY,POINT_X,POINT_Y
90537023,2017,2017-08-30,9320,2017-08-18,0150,020196,,5,3,5,0701,0,1,3,,2,404,"SR-4 E/B","A STREET",1320.00,W,N,A,-,Y,,,4,,,,,,E,Y,4,0,2,2,A,-,03,22350,,N,D,C,A,A,H,-,E,D,0,,,,,Y,,A,01,0,0,2,0,0,0,0,0,0,"- ","- ",37.997999999999998,-121.8061,"CONTRA COSTA",ANTIOCH,-121.806099,37.998089999999998
90537047,2017,2017-08-30,9320,2017-08-23,1650,021728,,3,2,9,0700,0,1,3,,2,241,"SR-24 E/B","ACALANES RD.",585.00,W,N,A,-,Y,,,,,,,,,,Y,4,0,2,2,A,-,03,22350,,N,C,C,A,A,H,-,A,D,0,,,,,Y,,A,01,0,0,2,0,0,0,0,0,0,"- ","- ",37.89217,-122.15654000000001,"CONTRA COSTA",UNINCORPORATED,-122.15639078,37.892135609999997
90537147,2017,2017-08-30,9370,2017-08-28,1754,021708,,1,2,5,0710,0,1,1,,2,083,"I-80 E/B","RICHMOND PARKWAY",1178.00,W,N,A,-,Y,,,80,,,,,,E,Y,4,0,2,4,A,-,03,22350,,N,C,C,A,A,H,-,A,D,0,,,,Y,Y,,D,22,0,0,2,0,0,0,0,0,0,"- ","- ",37.983640000000001,-122.31587,"CONTRA COSTA",RICHMOND,-122.3158493,37.983633570000002
90537356,2017,2017-08-30,9320,2017-08-24,1350,019238,,4,1,5,0712,0,2,4,,2,046,"TREAT BLVD W/B","BUSKIRK AVE",100.00,E,N,A,-,Y,,,,,,,,,,Y,4,0,1,2,A,-,03,22350,,N,C,C,A,A,H,-,A,D,0,,,,,Y,,A,01,0,0,1,0,0,0,0,0,0,"- ","- ",,,"CONTRA COSTA","WALNUT CREEK",-122.05969193999999,37.926389999999998
90537369,2017,2017-08-30,9320,2017-08-24,1620,019238,,4,2,4,0709,0,1,3,,2,241,"SR-24 E/B","EL CURTOLA BLVD O/C",100.00,W,N,A,-,Y,,,,,,,,,,Y,4,0,1,2,A,-,03,22350,,N,C,C,A,A,H,-,A,D,0,,,,,Y,,A,07,0,0,1,0,0,0,0,0,0,"- ","- ",,,"CONTRA COSTA","PLEASANT HILL",-122.08534650999999,37.897827880000001
90537448,2017,2017-08-30,9320,2017-08-23,0645,017906,,3,1,6,0704,0,1,1,,2,683,"I-680 S/B","WILLOW PASS RD U/C",528.00,S,N,A,-,Y,,,,,,,,,,Y,2,0,1,3,A,-,03,22350,,N,C,C,A,A,H,-,A,D,0,,,,,Y,,A,07,1,0,0,0,0,0,0,0,0,"- ","- ",,,"CONTRA COSTA",CONCORD,-122.05531712,37.964781039999998
90537474,2017,2017-08-30,9320,2017-08-23,0930,016788,,3,1,3,0792,0,1,3,,2,240,"SR-24 W/B","ST. STEPHENS DR O/C",1056.00,W,N,A,-,Y,,,,,,,,,,Y,4,0,2,3,A,-,03,22350,,N,C,C,A,A,H,-,A,D,0,,,,,Y,,A,08,0,0,2,0,0,0,0,0,0,"- ","- ",,,"CONTRA COSTA",ORINDA,-122.17442502999999,37.890311519999997
90537510,2017,2017-08-30,9320,2017-08-24,1935,019759,,4,2,3,0702,0,1,3,,1,406,"SR-4 E/B","SAN JOSE AVE.",50.00,E,N,A,-,Y,,,,,,,,,,N,4,0,3,2,A,-,03,22350,,N,C,C,A,A,H,-,C,D,0,,,,,Y,,A,01,0,0,3,0,0,0,0,0,0,"- ","- ",,,"CONTRA COSTA",BRENTWOOD,-121.74015615,37.939732309999997
90537762,2017,2017-08-31,9320,2017-08-27,0205,020009,,7,3,4,0714,0,1,1,,2,684,"I-680 N/B","MARINA VISTA AVE",1200.00,N,N,A,-,Y,,,680,,,,,,N,Y,4,0,1,1,A,-,08,22107,,N,E,I,A,A,H,-,C,D,0,,,,,Y,,A,01,0,0,1,0,0,0,0,0,0,"- ","- ",38.028399999999998,-122.11537,"CONTRA COSTA",MARTINEZ,-122.11575769,38.028105549999999
90537767,2017,2017-08-31,9320,2017-08-26,1830,020984,,6,2,9,0700,0,1,3,,2,405,"VASCO RD.","CAMINO DIABLO",600.00,N,N,A,-,N,,,,,,,,,,N,4,0,1,2,A,-,08,22107,,N,B,C,A,A,H,-,A,A,0,,,,,Y,,A,01,0,0,1,0,0,0,0,0,0,"- ","- ",37.866300000000003,-121.6691,"CONTRA COSTA",UNINCORPORATED,-121.66918372000001,37.866313480000002
90537783,2017,2017-08-31,9320,2017-08-24,0740,014911,,4,1,4,0790,1,4,S,,2,901,"DIABLO ROAD","WILLOWMERE ROAD",450.00,N,N,A,-,N,,,,,,,,,,N,4,0,1,2,A,-,08,22101,D,N,D,G,A,A,H,-,A,D,0,,Y,,,Y,,L,04,0,0,1,0,0,0,1,0,0,"- ","- ",,,"CONTRA COSTA",DANVILLE,-121.98728477,37.830165800000003
90537810,2017,2017-08-31,9320,2017-08-28,0705,021203,,1,1,5,0712,0,1,1,,2,682,"TREAT BOULEVARD WB","CHERRY LANE",20.00,E,N,A,-,N,,,,,,,,,,N,4,0,1,2,A,-,03,22350,,N,C,C,A,A,H,-,A,D,0,,,,,Y,,A,01,0,0,1,0,0,0,0,0,0,"- ","- ",37.927050000000001,-122.05329,"CONTRA COSTA","WALNUT CREEK",-122.05097284999999,37.92651626
90538199,2017,2017-08-31,9370,2017-08-29,1315,020475,,2,1,5,0710,0,1,1,,2,058,"I-580 E/B","S. 23RD ST",2216.00,W,N,A,-,Y,,,,,,,,,,Y,4,0,2,3,A,-,07,21658,A,F,B,C,A,A,H,-,A,D,0,,,,,Y,,-,99,0,0,2,0,0,0,0,0,0,"- ","- ",37.551859999999998,-122.21193,"CONTRA COSTA",RICHMOND,,
90538219,2017,2017-08-31,9390,2017-08-24,1325,017940,,4,1,4,0791,0,1,1,,2,068,"I-680 N/B TO CROW CANYON ROAD","CROW CANYON ROAD",150.00,S,N,A,-,Y,,,680,,,,R,,N,Y,4,0,1,2,A,-,03,22350,,N,C,C,A,A,H,-,A,A,0,,,,,Y,,A,01,0,0,1,0,0,0,0,0,0,"- ","- ",37.777209999999997,-121.9735,"CONTRA COSTA","SAN RAMON",-121.9735,37.777209999999997
90538357,2017,2017-08-31,9350,2017-08-26,1310,019875,,6,1,9,0700,0,1,1,,2,115,"I-580 W/B","RICHMOND BRIDGE TOLL PLAZA",50.00,W,N,A,-,Y,,,,,,,,,,N,4,0,1,2,A,-,03,22350,,N,C,C,A,A,H,-,A,D,0,,,,,Y,,A,07,0,0,1,0,0,0,0,0,0,"- ","- ",37.932389999999998,-122.40355,"CONTRA COSTA",UNINCORPORATED,,
90538566,2017,2017-09-01,9370,2017-08-23,1205,021708,,3,1,5,0710,0,1,1,,2,082,"I-80 W/B","CENTRAL AVE",1309.00,E,N,A,-,Y,,,80,,,,,,W,Y,4,0,1,2,A,-,07,21658,A,N,B,C,A,A,H,-,A,D,0,,,,Y,Y,,A,01,0,0,1,0,0,0,0,0,0,"- ","- ",37.904049999999998,-122.31308,"CONTRA COSTA",RICHMOND,-122.31307981,37.904050130000002
90538691,2017,2017-09-01,9320,2017-08-24,1735,016584,,4,2,3,0715,0,1,3,,2,241,"SR-24 W/B","EL CURTOLA BL.",1090.00,W,N,A,-,Y,,,24,,,,,,W,Y,3,0,2,3,A,-,03,22350,,N,C,C,A,A,H,-,A,D,0,,,,,Y,,D,22,0,1,1,0,0,0,0,0,0,"- ","- ",37.898150000000001,-122.08889000000001,"CONTRA COSTA",LAFAYETTE,-122.08888871000001,37.898110959999997
90538706,2017,2017-09-01,9365,2017-08-27,0425,021033,,7,3,9,0700,0,1,1,,2,080,"I-80 E/B","POMONA STREET",150.00,W,N,A,-,Y,,,80,,,,,,E,Y,4,0,1,2,A,-,08,22107,,M,B,C,A,A,H,-,C,D,0,,,,,Y,,A,01,0,0,1,0,0,0,0,0,0,"- ","- ",38.052599999999998,-122.2276,"CONTRA COSTA",UNINCORPORATED,-122.22756314999999,38.052543159999999
90538901,2017,2017-09-01,9320,2017-08-28,1616,021710,,1,2,9,0700,0,3,5,,2,060,"BUSKIRK AVE.","TREAT BLVD",100.00,N,N,A,-,N,,,,,,,,,,Y,4,0,1,3,A,-,03,22350,,N,C,C,A,A,H,-,A,D,0,,,,,Y,,A,01,0,0,1,0,0,0,0,0,0,"- ","- ",,,"CONTRA COSTA",UNINCORPORATED,-122.06001999999999,37.926734690000004
90538943,2017,2017-09-01,9320,2017-08-23,0605,016788,,3,1,4,0709,0,1,1,,2,682,"I-680 S/B","OAK PARK O/C",1056.00,N,N,A,-,Y,,,,,,,,,,N,4,0,1,2,A,-,03,22350,,N,C,C,A,A,H,-,A,D,0,,,,,Y,,D,22,0,0,1,0,0,0,0,0,0,"- ","- ",,,"CONTRA COSTA","PLEASANT HILL",-122.06039652,37.93628013
90539292,2017,2017-09-04,9370,2017-08-25,1800,021718,,5,2,5,0710,0,1,1,,2,002,"RICHMOND PARKWAY","PITTSBURG AVENUE",0.00,,Y,A,-,N,,,,,,,,,,Y,4,0,1,2,A,-,12,21453,A,N,D,C,A,A,H,-,A,A,0,,,,,Y,,A,01,0,0,1,0,0,0,0,0,0,"- ","- ",37.963250000000002,-122.37367999999999,"CONTRA COSTA",RICHMOND,-122.37375987,37.963169970000003
90539361,2017,2017-10-19,9370,2017-08-27,1440,021526,,7,2,5,0710,0,1,1,,2,082,"I-80 W/B","CUTTING BOULEVARD",1110.00,E,N,A,-,Y,,,80,,,,,,W,Y,4,0,1,2,A,-,07,21658,A,N,B,C,A,A,H,-,A,D,0,,,,,Y,,A,01,0,0,1,0,0,0,0,0,0,"- ","- ",37.928379999999997,-122.32324,"CONTRA COSTA",RICHMOND,-122.32319726,37.928410999999997
90539614,2017,2017-09-04,9370,2017-08-25,0140,021800,,5,3,5,0710,0,1,1,,2,082,"I-80 W/B","CUTTING BOULEVARD",53.00,E,N,A,-,Y,,,80,,,,,,W,Y,3,0,1,1,A,-,01,23152,A,N,E,I,A,A,H,-,C,D,0,,,,,Y,Y,A,01,0,1,0,0,0,0,0,0,0,"- ","- ",37.92568,-122.32118,"CONTRA COSTA",RICHMOND,-122.32125000000001,37.925628629999999
90539668,2017,2017-09-04,9320,2017-08-23,0035,020192,,3,3,6,0704,0,1,3,,2,242,"SR-242 N/B","CLAYTON ROAD",528.00,S,N,A,-,Y,,,242,,,,,,N,Y,4,0,2,2,A,-,03,22350,,M,C,C,A,A,H,-,D,D,0,,,,,Y,,A,01,0,0,2,0,0,0,0,0,0,"- ","- ",37.963729999999998,-122.05001,"CONTRA COSTA",CONCORD,-122.05013541,37.963768360000003
90539690,2017,2017-09-04,9320,2017-08-24,0950,016788,,4,1,5,0712,0,1,1,,2,682,"I-680 S/B TO SR-24 W/B","TRINITY AVE O/C",150.00,S,N,A,-,Y,,,,,,,,,,N,4,0,1,3,A,-,03,22350,,N,C,C,A,A,H,-,A,D,0,,,,,Y,,E,22,0,0,1,0,0,0,0,0,0,"- ","- ",,,"CONTRA COSTA","WALNUT CREEK",,
90539754,2017,2017-09-04,9320,2017-08-28,0115,020010,,1,3,9,0700,0,1,3,,2,401,"SR-4 E/B","MCEWEN ROAD",7920.00,E,N,A,-,Y,,,4,,,,,,E,N,3,0,1,1,A,-,08,22107,,N,E,I,A,A,H,-,D,D,0,,,,,Y,,A,01,0,1,0,0,0,0,0,0,0,"- ","- ",38.015140000000002,-122.17757,"CONTRA COSTA",UNINCORPORATED,-122.17770111,38.014907309999998
90539844,2017,2017-09-04,9320,2017-08-26,1720,021415,,6,2,9,0700,0,3,5,,2,010,"POMONA ST.","I80 E/B ON RAMP",20.00,N,N,A,-,Y,,,,,,,,,,Y,3,0,1,2,A,-,09,21801,A,N,A,C,A,A,H,-,A,D,0,,,,,Y,,A,07,0,1,0,0,0,0,0,0,0,"- ","- ",,,"CONTRA COSTA",UNINCORPORATED,,
90540285,2017,2017-09-05,9320,2017-08-31,0730,016503,,4,1,9,0700,0,2,4,,2,086,"BYRON HIGHWAY","ORWOOD RD.",0.00,,Y,A,-,N,,,,,,,,,,Y,4,0,2,2,A,-,06,21750,A,N,B,C,A,A,H,-,A,D,0,,,,,Y,,A,07,0,0,2,0,0,0,0,0,0,"- ","- ",,,"CONTRA COSTA",UNINCORPORATED,-121.64106999000001,37.940049989999999
90540302,2017,2017-09-05,9370,2017-08-31,1724,021708,,4,2,9,0700,0,3,5,,2,010,"PITTSBURG AVENUE","CENTRAL STREET",0.00,,Y,A,-,N,,,,,,,,,,N,4,0,1,2,A,-,03,22350,,N,C,C,A,A,H,-,A,A,0,,,Y,,Y,,C,02,0,0,1,0,0,0,0,0,1,"- ","- ",37.963120000000004,-122.36997,"CONTRA COSTA",UNINCORPORATED,-122.36986997,37.963079929999999
90540395,2017,2017-09-05,9320,2017-07-24,1730,016636,,1,2,9,0700,0,2,4,,2,074,"DEER VALLEY RD NB, 9220 BLOCK","ALBERS CT",1584.00,N,N,A,-,N,,,,,,,,,,Y,3,0,1,1,A,-,08,22107,,N,F,A,A,A,H,-,A,D,0,,,,,Y,,D,22,0,1,0,0,0,0,0,0,0,"- ","- ",,,"CONTRA COSTA",UNINCORPORATED,-121.76434395,37.908157090000003
90540445,2017,2017-09-05,9320,2017-08-19,2353,020196,,6,3,6,0704,0,1,3,,2,403,"EVORA RD","WILLOW PASS RD",528.00,E,N,A,-,N,,,,,,,,,,Y,2,0,2,2,A,-,01,23152,A,N,A,C,A,A,H,-,D,D,0,,,,,Y,Y,A,01,1,0,1,0,0,0,0,0,0,"- ","- ",38.016500000000001,-121.9941,"CONTRA COSTA",CONCORD,-121.99731964,38.015561310000002
90540827,2017,2017-09-05,9320,2017-08-27,0005,018525,,7,3,5,0708,0,1,3,,2,403,"SR-4 E/B TO RAILROAD AVE","RAILROAD AVE",15.00,W,N,A,-,Y,,,,,,,,,,N,4,0,1,2,A,-,01,23152,A,N,C,C,A,A,H,-,C,D,0,,,,,Y,Y,D,22,0,0,1,0,0,0,0,0,0,"- ","- ",,,"CONTRA COSTA",PITTSBURG,-121.88969002,38.016821460000003
90541482,2017,2017-09-06,9320,2017-08-30,1235,019086,,3,1,9,0700,0,2,4,,2,031,"PARKER AVE","SAN PABLO AVE",0.00,,Y,A,-,N,,,,,,,,,,Y,4,0,1,2,A,-,12,21453,A,N,D,C,A,A,H,-,A,A,0,,,,,Y,,A,01,0,0,1,0,0,0,0,0,0,"- ","- ",38.027160000000002,-122.26559,"CONTRA COSTA",UNINCORPORATED,-122.26812986,38.038039959999999
90541490,2017,2017-09-06,9320,2017-08-30,1525,019742,,3,2,4,0709,0,1,1,,2,683,"I-680 N/B","MONUMENT BLVD",2150.00,N,N,A,-,Y,,,680,,,,,,N,Y,3,0,2,3,A,-,03,22350,,N,C,C,A,A,H,-,A,D,0,,,,,Y,,D,22,0,1,1,0,0,0,0,0,0,"- ","- ",37.951099999999997,-122.05546,"CONTRA COSTA","PLEASANT HILL",-122.05548516,37.951111589999996
90541518,2017,2017-09-06,9320,2017-08-28,0615,021352,,1,1,9,0700,0,3,5,,2,075,"WILLOW PASS ROAD","NORTH BROADWAY AVENUE",0.00,,Y,A,-,N,,,,,,,,,,Y,3,0,1,2,A,-,09,21801,A,N,D,C,A,A,H,-,A,D,0,,,Y,,Y,,A,07,0,1,0,0,0,0,0,0,1,"- ","- ",38.026969999999999,-121.94114,"CONTRA COSTA",UNINCORPORATED,-121.94085998,38.026759980000001
90541523,2017,2017-09-06,9320,2017-07-27,1710,016636,,4,2,9,0700,0,2,4,,2,077,"MARSH CREEK RD WB, 1400 BLOCK","SYCAMORE SPRINGS RD",6864.00,W,N,A,-,N,,,,,,,,,,Y,3,0,1,1,A,-,08,22107,,N,F,A,A,A,H,-,A,D,0,,,,,Y,,A,07,0,1,0,0,0,0,0,0,0,"- ","- ",,,"CONTRA COSTA",UNINCORPORATED,-121.83118075,37.884857240000002
90541718,2017,2017-09-06,9390,2017-08-25,1450,017135,,5,2,4,0790,0,1,1,,2,069,"I-680 NORTHBOUND","DIABLO ROAD",1056.00,S,N,A,-,Y,,,,,,,,,,N,4,0,1,2,A,-,03,22350,,N,C,C,A,A,H,-,D,D,0,,,,,Y,,A,01,0,0,1,0,0,0,0,0,0,"- ","- ",,,"CONTRA COSTA",DANVILLE,-121.99353000000001,37.822899999999997
90541781,2017,2017-09-06,9370,2017-09-05,1710,018499,,2,2,3,0707,0,1,1,,2,083,"I-80 E/B","RICHMOND PRKWAY",2100.00,E,N,A,-,Y,,,,,,,,,,N,4,0,1,2,A,-,03,22350,,N,C,A,A,A,H,-,A,D,0,,,,,Y,,A,01,0,0,1,0,0,0,0,0,0,"- ","- ",37.992199999999997,-122.30981,"CONTRA COSTA",PINOLE,,
90541974,2017,2017-09-06,9370,2017-09-06,0603,020447,,3,1,5,0710,0,1,1,,2,083,"I-80 W/B","HILLTOP DR",2368.00,W,N,B,-,Y,,,80,,,,,,W,Y,4,0,1,3,A,-,03,22350,,N,C,C,A,A,H,-,B,D,0,,,,,Y,,A,01,0,0,1,0,0,0,0,0,0,"- ","- ",37.969799999999999,-122.32065,"CONTRA COSTA",RICHMOND,-122.32062616,37.969792210000001
90542037,2017,2017-09-06,9390,2017-08-27,0845,018547,,7,1,4,0791,0,1,1,,2,068,"I-680 NORTHBOUND","ALCOSTA BOULEVARD",2640.00,N,N,A,-,Y,,,680,,,,,,N,Y,4,0,1,2,A,-,03,22350,,N,C,C,A,A,H,-,A,D,0,,,,,Y,,A,01,0,0,1,0,0,0,0,0,0,"- ","- ",37.72974,-121.94492,"CONTRA COSTA","SAN RAMON",-121.94491931,37.729740540000002
90542173,2017,2017-09-06,9320,2017-08-25,2325,018973,,5,3,9,0700,0,1,1,,2,681,"I-680 NORTHBOUND","LIVORNA ROAD",430.00,S,N,A,-,Y,,,680,,,,,,N,Y,3,0,2,3,A,-,08,22107,,F,D,C,A,A,H,-,C,D,0,,,,,Y,Y,-,99,0,1,1,0,0,0,0,0,0,"- ","- ",37.862479999999998,-122.03416,"CONTRA COSTA",UNINCORPORATED,-122.03417573999999,37.862458680000003
90542487,2017,2017-09-07,9370,2017-08-30,1910,021127,,3,2,5,0710,0,1,1,,2,082,"I-80 E/B","SOLANO AVE",921.00,W,N,A,-,Y,,,80,,,,,,E,Y,2,0,1,1,A,-,08,22107,,N,E,I,A,A,H,-,A,D,0,,,Y,,Y,,C,02,1,0,0,0,0,0,0,0,1,"- ","- ",37.940910000000002,-122.32428,"CONTRA COSTA",RICHMOND,-122.32419154999999,37.940869599999999
90542490,2017,2017-09-07,9320,2017-08-30,2240,020009,,3,3,5,0701,0,1,3,,2,404,"SR-4 W/B","A ST.",500.00,E,N,A,-,Y,,,4,,,,,,W,Y,4,0,1,1,A,-,08,22107,,N,E,I,A,A,H,-,D,D,0,,,,,Y,,A,01,0,0,1,0,0,0,0,0,0,"- ","- ",37.998289999999997,-121.79666,"CONTRA COSTA",ANTIOCH,-121.7966706,37.99818338
90542493,2017,2017-09-07,9320,2017-08-30,2050,020984,,3,2,5,0708,0,1,3,,2,404,"SR-4 E/B TO LOVERIDGE RD","LOVERIDGE RD",120.00,W,N,A,-,Y,,,4,,,,R,,E,Y,4,0,1,2,A,-,03,22350,,N,C,C,A,A,H,-,C,A,0,,,,,Y,,A,01,0,0,1,0,0,0,0,0,0,"- ","- ",38.011600000000001,-121.8686,"CONTRA COSTA",PITTSBURG,-121.8686,38.011600000000001
90542522,2017,2017-11-29,9320,2017-08-18,0035,018803,,5,3,5,0712,0,1,1,,2,681,"I-680 S/B","LIVORNA RD",1200.00,N,N,A,-,Y,,,680,,,,,,S,Y,2,0,4,2,C,-,18,,,N,C,C,A,A,H,-,D,D,0,,,,,Y,Y,-,"- ",1,0,3,0,0,0,0,0,0,"- ","- ",37.869109999999999,-122.04071,"CONTRA COSTA","WALNUT CREEK",-122.04075772,37.869074230000003
90542558,2017,2017-09-07,9320,2017-09-01,1555,017211,,5,2,9,0700,0,2,4,,2,012,"SAN PABLO DAM ROAD (3600 BLOCK)","EL PORTAL DRIVE",225.00,E,N,A,-,N,,,,,,,,,,Y,4,0,2,2,A,-,09,21801,A,N,D,C,A,A,H,-,A,D,0,,,,,Y,,A,07,0,0,2,0,0,0,0,0,0,"- ","- ",37.964260000000003,-122.31744999999999,"CONTRA COSTA",UNINCORPORATED,-122.31761208,37.964307990000002
90542589,2017,2017-09-07,9370,2017-09-05,1720,018499,,2,2,5,0710,0,1,1,,2,083,"I-80 E/B","HILLTOP DR",400.00,W,N,A,-,Y,,,80,,,,,,E,N,4,0,1,2,A,-,03,22350,,N,C,C,A,A,H,-,A,D,0,,,,,Y,,A,01,0,0,1,0,0,0,0,0,0,"- ","- ",37.975079999999998,-122.31858,"CONTRA COSTA",RICHMOND,-122.31880941999999,37.975156980000001
90542665,2017,2017-09-26,9320,2017-07-22,1012,018959,,6,1,9,0700,0,2,4,,2,026,"TAYLOR BLVD","GLORIA TERRACE",552.00,N,N,A,-,Y,,,,,,,,,,Y,1,1,2,2,A,-,08,22107,,N,B,C,A,A,H,-,A,D,0,,,,,Y,,A,08,0,1,1,0,0,0,0,0,0,"- ","- ",,,"CONTRA COSTA",UNINCORPORATED,-122.09144195,37.935189080000001
90542944,2017,2017-09-07,9370,2017-07-03,0620,020258,,1,1,4,0711,0,1,1,,2,083,"I-80 W/B","EL PORTAL DRIVE",865.00,W,N,B,-,Y,,,80,,,,,,W,Y,1,1,0,3,A,-,07,21658,A,F,B,C,A,A,H,-,A,D,0,,,Y,Y,Y,,G,25,0,0,0,0,0,0,0,1,0,"- ","- ",37.964750000000002,-122.32519000000001,"CONTRA COSTA","SAN PABLO",-122.32515983,37.964689659999998
9054306,2020,2020-05-26,0708,2020-02-18,0809,342,046,2,5,5,0708,0,0,0,,0,005,"BUCHANAN RD","SANTA ANA DR",253.00,W,N,A,-,N,,,,,,,,,,N,4,0,1,3,A,-,03,22350,,N,C,C,A,A,H,-,A,A,0,,,,,Y,,A,01,0,0,1,0,0,0,0,0,0,"- ","- ",,,"CONTRA COSTA",PITTSBURG,-121.8837890625,37.997982025146484
90543271,2017,2017-09-07,9390,2017-08-26,0940,017966,,6,1,9,0700,0,2,4,,2,112,"CAMINO TASSAJARA (7760 BLOCK)","WINDEMERE PARKWAY",0.00,,Y,A,-,N,,,,,,,,,,Y,4,0,2,2,A,-,03,22350,,N,C,C,A,A,H,-,A,D,0,,,,,Y,,A,01,0,0,2,0,0,0,0,0,0,"- ","- ",37.749139999999997,-121.87166000000001,"CONTRA COSTA",UNINCORPORATED,-121.8716099,37.749389890000003
90543353,2017,2017-09-08,9350,2017-08-31,0920,021704,,4,1,9,0700,0,1,1,,2,115,"I-580 W/B","RICHMOND BRIDGE TOLL PLAZA",1700.00,W,N,A,-,Y,,,,,,,,,,N,4,0,1,3,A,-,03,22350,,N,C,C,A,A,H,-,A,D,0,,,,,Y,,D,22,0,0,1,0,0,0,0,0,0,"- ","- ",37.93271,-122.40927000000001,"CONTRA COSTA",UNINCORPORATED,,
90543532,2017,2017-09-08,9320,2017-09-01,0100,020295,,5,3,5,0708,0,1,3,,2,403,"SR-4 E/B","RAILROAD AVE.",7920.00,W,N,A,-,Y,,,4,,,,,,E,N,4,0,1,2,A,-,08,22107,,N,G,B,E,A,H,-,D,D,0,Y,,,,Y,,A,01,0,0,1,0,1,0,0,0,0,"- ","- ",38.019880000000001,-121.91768,"CONTRA COSTA",PITTSBURG,-121.91767939,38.019964809999998
90543551,2017,2017-09-08,9320,2017-08-11,2330,021440,,5,3,9,0700,0,1,3,,2,242,"SR-242 N/B","MONUMENT BLVD",5280.00,N,N,A,-,Y,,,,,,,,,,Y,3,0,1,1,A,-,01,23152,A,N,F,I,A,A,H,-,D,D,0,,,,,Y,Y,A,01,0,1,0,0,0,0,0,0,0,"- ","- ",,,"CONTRA COSTA",UNINCORPORATED,,
90543555,2017,2017-11-30,9320,2017-08-18,0040,018803,,5,3,5,0712,0,1,1,,2,681,"I-680 S/B","LIVORNA ROAD",1130.00,N,N,A,-,Y,,,680,,,,,,S,Y,2,0,1,2,C,-,18,,,N,D,C,A,A,H,-,D,D,0,,,,Y,Y,Y,-,"- ",1,0,0,0,0,0,0,0,0,"- ","- ",37.869109999999999,-122.04071,"CONTRA COSTA","WALNUT CREEK",-122.04075772,37.869074230000003
90543559,2017,2017-09-08,9320,2017-08-15,2354,018803,,2,3,5,0712,0,1,1,,2,682,"I-680 N/B","OAK PARK BLVD",300.00,N,N,A,-,Y,,,680,,,,,,N,Y,4,0,1,2,A,-,01,23152,A,N,E,C,A,A,H,-,A,D,0,,,,Y,Y,Y,A,01,0,0,1,0,0,0,0,0,0,"- ","- ",37.932389999999998,-122.0603,"CONTRA COSTA","WALNUT CREEK",-122.06010465999999,37.932387499999997
90544010,2017,2017-09-11,9370,2017-09-02,1604,021645,,6,2,5,0710,0,1,1,,2,083,"I-80 E/B","HILLTOP DRIVE",1325.00,W,N,A,-,Y,,,80,,,,,,E,Y,4,0,3,2,A,-,03,22350,,N,C,C,A,A,H,-,A,D,0,,,,,Y,,A,01,0,0,3,0,0,0,0,0,0,"- ","- ",37.972569999999997,-122.31953,"CONTRA COSTA",RICHMOND,-122.31966136,37.97261563
90544082,2017,2017-09-11,9370,2017-09-01,1550,021645,,5,2,5,0710,0,1,1,,2,082,"I-80 E/B","SOLANO AVENUE",1108.00,W,N,A,-,Y,,,80,,,,,,E,Y,4,0,1,3,A,-,07,21658,A,N,B,C,A,A,H,-,A,D,0,,,,Y,Y,,A,01,0,0,1,0,0,0,0,0,0,"- ","- ",37.940339999999999,-122.32444,"CONTRA COSTA",RICHMOND,-122.32443456999999,37.94033752
9054420,2020,2020-05-27,0708,2020-02-19,1756,362,0708,3,5,5,0708,0,0,0,,0,003,"LELAND RD","SAN MARCO BL",0.00,,Y,A,-,N,,,,,,,,,,Y,3,0,2,3,A,-,12,21453,A,N,D,C,A,A,H,-,C,A,0,,,,,Y,,A,01,0,1,1,0,0,0,0,0,0,"- ","- ",,,"CONTRA COSTA",PITTSBURG,-121.96614074707031,38.019500732421875
90544216,2017,2017-09-11,9370,2017-09-03,1836,021364,,7,2,4,0711,0,1,1,,2,082,"I-80 E/B","SAN PABLO DAM ROAD",200.00,W,N,A,-,Y,,,,,,,,,,Y,2,0,2,2,A,-,01,23152,A,N,B,C,A,A,H,-,A,D,0,,,,,Y,Y,A,01,1,1,0,0,0,0,0,0,0,"- ","- ",37.57199,-122.19461,"CONTRA COSTA","SAN PABLO",-122.33013072,37.95654236