CASE_ID,ACCIDENT_YEAR,PROC_DATE,JURIS,COLLISION_DATE,COLLISION_TIME,OFFICER_ID,REPORTING_DISTRICT,DAY_OF_WEEK,CHP_SHIFT,POPULATION,CNTY_CITY_LOC,SPECIAL_COND,BEAT_TYPE,CHP_BEAT_TYPE,CITY_DIVISION_LAPD,CHP_BEAT_CLASS,BEAT_NUMBER,PRIMARY_RD,SECONDARY_RD,DISTANCE,DIRECTION,INTERSECTION,WEATHER_1,WEATHER_2,STATE_HWY_IND,CALTRANS_COUNTY,CALTRANS_DISTRICT,STATE_ROUTE,ROUTE_SUFFIX,POSTMILE_PREFIX,POSTMILE,LOCATION_TYPE,RAMP_INTERSECTION,SIDE_OF_HWY,TOW_AWAY,COLLISION_SEVERITY,NUMBER_KILLED,NUMBER_INJURED,PARTY_COUNT,PRIMARY_COLL_FACTOR,PCF_CODE_OF_VIOL,PCF_VIOL_CATEGORY,PCF_VIOLATION,PCF_VIOL_SUBSECTION,HIT_AND_RUN,TYPE_OF_COLLISION,MVIW,PED_ACTION,ROAD_SURFACE,ROAD_COND_1,ROAD_COND_2,LIGHTING,CONTROL_DEVICE,CHP_ROAD_TYPE,PEDESTRIAN_ACCIDENT,BICYCLE_ACCIDENT,MOTORCYCLE_ACCIDENT,TRUCK_ACCIDENT,NOT_PRIVATE_PROPERTY,ALCOHOL_INVOLVED,STWD_VEHTYPE_AT_FAULT,CHP_VEHTYPE_AT_FAULT,COUNT_SEVERE_INJ,COUNT_VISIBLE_INJ,COUNT_COMPLAINT_PAIN,COUNT_PED_KILLED,COUNT_PED_INJURED,COUNT_BICYCLIST_KILLED,COUNT_BICYCLIST_INJURED,COUNT_MC_KILLED,COUNT_MC_INJURED,PRIMARY_RAMP,SECONDARY_RAMP,LATITUDE,LONGITUDE,COUNTY,CITY,POINT_X,POINT_Y
90610224,2017,2017-12-05,9320,2017-11-28,1530,020981,,2,2,9,0700,0,1,1,,2,180,"I-80 E/B","CUMMINGS SKYWAY",1320.00,W,N,A,-,Y,,,80,,,,,,E,Y,4,0,1,2,A,-,03,22350,,N,C,C,A,A,H,-,A,D,0,,,,Y,Y,,G,25,0,0,1,0,0,0,0,0,0,"- ","- ",38.042369999999998,-122.24194,"CONTRA COSTA",UNINCORPORATED,-122.24198097,38.042429929999997
90610228,2017,2017-12-05,9320,2017-12-01,0910,017508,,5,1,9,0700,0,1,3,,2,401,"SR-4 W/B","ALHAMBRA AVE ON RAMP",3960.00,W,N,A,-,Y,,,,,,,,,,Y,4,0,1,2,A,-,03,22350,,M,C,C,A,A,H,-,A,D,0,,,,,Y,,A,01,0,0,1,0,0,0,0,0,0,"- ","- ",38.007739999999998,-122.15031,"CONTRA COSTA",UNINCORPORATED,,
90610282,2017,2017-12-05,9320,2017-11-28,0925,019522,,2,1,9,0700,0,3,5,,2,060,"SPRINGBROOK RD.","RODRIGUEA LN.",10.00,E,N,A,-,N,,,,,,,,,,N,4,0,1,2,A,-,08,22107,,N,D,C,A,A,H,-,A,D,0,,,,,Y,,A,01,0,0,1,0,0,0,0,0,0,"- ","- ",37.901739999999997,-122.08162,"CONTRA COSTA",UNINCORPORATED,-122.08162161,37.901754230000002
90610668,2017,2017-12-05,9320,2017-11-30,0715,017508,,4,1,9,0700,0,1,3,,2,401,"SR-4 E/B","SYCAMORE AVE",1000.00,E,N,A,-,Y,,,4,,,,,,E,Y,3,0,1,2,A,-,08,22107,,N,B,C,A,A,H,-,A,D,0,,,,,Y,,A,07,0,1,0,0,0,0,0,0,0,"- ","- ",38.012990000000002,-122.2358,"CONTRA COSTA",UNINCORPORATED,-122.23578893,38.013010430000001
90610963,2017,2017-12-06,9320,2017-11-29,1834,018803,,3,2,9,0700,0,1,1,,2,681,"I-680 S/B","STONE VALLEY ROAD",600.00,N,N,A,-,Y,,,680,,,,,,S,Y,4,0,1,2,A,-,03,22350,,N,C,C,A,A,H,-,C,D,0,,,,,Y,,A,07,0,0,1,0,0,0,0,0,0,"- ","- ",37.855400000000003,-122.02978,"CONTRA COSTA",UNINCORPORATED,-122.02976304000001,37.855409620000003
90611249,2017,2017-12-06,9320,2017-12-01,1045,018449,,5,1,3,0715,0,1,3,,2,241,"SR-24 W/B","PLEASANT HILL RD.",1056.00,E,N,A,-,Y,,,,,,,,,,N,4,0,1,2,A,-,07,21658,A,N,B,C,A,A,H,-,A,D,0,,,,,Y,,A,07,0,0,1,0,0,0,0,0,0,"- ","- ",,,"CONTRA COSTA",LAFAYETTE,-122.092302,37.898029080000001
90611254,2017,2017-12-06,9320,2017-12-01,0530,017271,,5,3,5,0712,0,1,1,,2,682,"I-680 S/B","NORTH MAIN ST O/C",300.00,N,N,A,-,Y,,,680,,,,,,S,Y,4,0,1,2,A,-,03,22350,,N,C,C,A,A,H,-,D,D,0,,,,,Y,,A,01,0,0,1,0,0,0,0,0,0,"- ","- ",37.918480000000002,-122.06368000000001,"CONTRA COSTA","WALNUT CREEK",-122.06352723000001,37.918368110000003
90611479,2017,2017-12-06,9320,2017-11-27,1635,019238,,1,2,9,0700,0,2,4,,1,061,"HEMME AVE","DANVILLE BLVD",250.00,W,N,A,-,N,,,,,,,,,,N,3,0,1,2,A,-,10,21950,A,N,G,B,C,A,H,-,B,D,0,Y,,,,Y,,A,01,0,1,0,0,1,0,0,0,0,"- ","- ",37.841149999999999,-122.02603000000001,"CONTRA COSTA",UNINCORPORATED,-122.02595928,37.841186759999999
90611624,2017,2017-12-06,9320,2017-11-30,1830,019759,,4,2,9,0700,0,3,5,,2,092,"SR-4 E/B","BIXLER RD.",700.00,E,N,A,-,N,,,4,,,,,,E,Y,3,0,1,2,A,-,08,22107,,N,B,C,A,A,H,-,D,D,0,,,,,Y,,A,01,0,1,0,0,0,0,0,0,0,"- ","- ",37.889240000000001,-121.61966,"CONTRA COSTA",UNINCORPORATED,-121.61966336,37.889358369999997
90611633,2017,2017-12-06,9320,2017-11-30,0750,018525,,4,1,3,0707,1,4,S,,2,901,"PINOLE VALLEY RD",I-80,70.00,W,N,A,-,N,,,,,,,,,,N,4,0,1,3,A,-,03,22350,,N,C,C,A,A,H,-,A,A,0,,,,,Y,,H,13,0,0,1,0,0,0,0,0,0,"- ","- ",37.997700000000002,-122.28663,"CONTRA COSTA",PINOLE,-122.2863258,37.997384510000003
90611934,2017,2017-12-07,9370,2017-11-28,1748,021826,,2,2,3,0707,0,1,1,,2,083,"I-80 E/B FROM RICHMOND PARKWAY","FITZGERALD DR",880.00,E,N,A,-,Y,,,80,,,,R,,E,Y,4,0,1,5,A,-,03,22350,,N,C,C,A,A,H,-,D,A,0,,,,,Y,,A,01,0,0,1,0,0,0,0,0,0,"- ","- ",37.988219999999998,-122.31272,"CONTRA COSTA",PINOLE,-122.31272,37.988219999999998
90612005,2017,2017-12-07,9320,2017-11-29,0520,020010,,3,3,9,0700,0,1,1,,2,180,"I-80 E/B","POMONA STREET",1584.00,W,N,A,-,Y,,,80,,,,,,E,Y,4,0,1,2,A,-,03,22350,,M,C,C,A,A,H,-,B,D,0,,,,,Y,,-,99,0,0,1,0,0,0,0,0,0,"- ","- ",38.049909999999997,-122.23121,"CONTRA COSTA",UNINCORPORATED,-122.23124597,38.049961199999998
90612087,2017,2017-12-07,9320,2017-12-04,1140,018042,,1,1,5,0701,0,1,3,,2,404,"SR-4 W/B","HILLCREST AVENUE",400.00,E,N,A,G,Y,,,4,,,,,,W,Y,4,0,1,2,A,-,03,22350,,N,C,C,A,A,C,-,A,D,0,,,,,Y,,A,01,0,0,1,0,0,0,0,0,0,"- ","- ",37.996119999999998,-121.78373999999999,"CONTRA COSTA",ANTIOCH,-121.78375293000001,37.99604343
90612096,2017,2017-12-07,9320,2017-12-05,0829,019195,,2,1,5,0712,0,1,1,,2,681,"I-680 N/B","SOUTH MAIN STREET",1335.00,S,N,A,-,Y,,,680,,,,,,N,Y,4,0,3,2,A,-,03,22350,,N,C,C,A,A,H,-,A,D,0,,,,,Y,,A,07,0,0,3,0,0,0,0,0,0,"- ","- ",37.883049999999997,-122.05229,"CONTRA COSTA","WALNUT CREEK",-122.05224762,37.883097300000003
90612156,2017,2017-12-07,9320,2017-12-04,0515,021460,,1,3,9,0700,0,1,3,,1,406,"CAMINO DIABLO","WALNUT BLVD",1600.00,W,N,A,-,N,,,,,,,,,,Y,4,0,1,1,A,-,08,22107,,N,F,A,A,A,H,-,D,D,0,,,,,Y,,A,01,0,0,1,0,0,0,0,0,0,"- ","- ",37.876480000000001,-121.70350000000001,"CONTRA COSTA",UNINCORPORATED,-121.70337680999999,37.876465199999998
90612497,2017,2017-12-07,9320,2017-12-04,1715,020026,,1,2,9,0700,0,2,4,,2,012,"SAN PABLO DAM RD","PITT WAY",100.00,E,N,A,-,N,,,,,,,,,,Y,4,0,1,2,A,-,09,21804,A,N,D,C,A,A,H,-,B,D,0,,,,,Y,,A,01,0,0,1,0,0,0,0,0,0,"- ","- ",37.965420000000002,-121.31202,"CONTRA COSTA",UNINCORPORATED,-122.31200563,37.965453400000001
90612887,2017,2017-12-08,9320,2017-11-30,2350,021164,,4,3,3,0792,0,1,3,,2,241,"SR-24 W/B","CAMINO PABLO",1800.00,E,N,A,-,Y,,,24,,,,,,W,Y,3,0,1,1,A,-,01,23152,A,N,E,I,A,A,H,-,C,D,0,,,,,Y,Y,A,01,0,1,0,0,0,0,0,0,0,"- ","- ",37.883200000000002,-122.18040000000001,"CONTRA COSTA",ORINDA,-122.18043388,37.88322153
90612980,2017,2017-12-08,9320,2017-08-29,2223,020295,,2,3,6,0704,0,1,3,,2,402,"SR-4 E/B","SOLANO WAY",339.00,W,N,A,-,Y,,,4,,,,,,E,Y,1,1,0,2,A,-,01,23152,A,N,C,E,A,A,H,-,D,D,0,,,,Y,Y,Y,A,01,0,0,0,0,0,0,0,0,0,"- ","- ",38.000509999999998,-122.05428999999999,"CONTRA COSTA",CONCORD,-122.05431278,38.00060654
90613046,2017,2017-12-08,9320,2017-12-03,0840,021088,,7,1,5,0701,0,1,3,,2,404,"SR-4 E/B","CONTRA LOMA BLVD",1584.00,W,N,A,-,Y,,,4,,,,,,E,Y,4,0,1,2,A,-,07,21658,A,N,B,C,A,A,H,-,A,D,0,,,,,Y,,A,01,0,0,1,0,0,0,0,0,0,"- ","- ",38.001010000000001,-121.82771,"CONTRA COSTA",ANTIOCH,-121.82767368,38.00113983
90613059,2017,2017-12-08,9320,2017-11-11,0345,021293,,6,3,3,0707,0,1,1,,2,180,"I-80 EB","APPIAN WAY OVERCROSSING",40.00,E,N,A,-,Y,,,80,,,,,,E,Y,2,0,2,2,A,-,01,23152,A,N,C,C,A,A,H,-,C,D,0,,,,,Y,Y,A,07,1,1,0,0,0,0,0,0,0,"- ","- ",37.993389999999998,-122.30146000000001,"CONTRA COSTA",PINOLE,-122.3014579,37.993374209999999
90613107,2017,2017-12-08,9390,2017-12-02,0900,017966,,6,1,9,0700,0,2,4,,2,111,"BLACKHAWK ROAD","BLACKHAWK DRIVE",250.00,N,N,A,-,N,,,,,,,,,,Y,4,0,1,1,A,-,08,22107,,N,E,I,A,A,H,-,A,D,0,,,,,Y,,A,01,0,0,1,0,0,0,0,0,0,"- ","- ",37.813209999999998,-121.9224,"CONTRA COSTA",UNINCORPORATED,-121.92218493,37.813168730000001
90613194,2017,2017-12-08,9320,2017-12-04,1710,020835,,1,2,6,0704,0,1,3,,2,242,"SR-242 NORTHBOUND","CONCORD AVENUE",100.00,S,N,A,-,Y,,,,,,,,,,Y,4,0,1,4,A,-,07,21658,A,N,C,C,A,A,H,-,C,D,0,,,,,Y,,A,01,0,0,1,0,0,0,0,0,0,"- ","- ",37.983789999999999,-122.98739,"CONTRA COSTA",CONCORD,-122.04312487999999,37.978786759999998
90613226,2017,2017-12-08,9320,2017-12-04,0835,021203,,1,1,3,0715,0,1,3,,2,241,"SR-24 WESTBOUND","PLEASANT HILL ROAD",1584.00,E,N,A,-,Y,,,24,,,,,,W,Y,2,0,2,2,A,-,07,21658,A,N,C,C,A,A,H,-,A,D,0,,,,,Y,,A,01,1,0,1,0,0,0,0,0,0,"- ","- ",37.898000000000003,-122.09077000000001,"CONTRA COSTA",LAFAYETTE,-122.09077143,37.898048930000002
90613302,2017,2017-12-08,9320,2017-12-06,1700,017211,,3,2,4,0714,0,1,1,,2,683,"INTERSTATE 680 N/B","ARTHUR ROAD",925.00,N,N,A,-,Y,,,,,,,,,,Y,4,0,2,3,A,-,03,22350,,N,C,C,A,A,H,-,B,D,0,,,,,Y,,A,01,0,0,2,0,0,0,0,0,0,"- ","- ",38.013159999999999,-122.09054999999999,"CONTRA COSTA",MARTINEZ,-122.09047074999999,38.01313236
90613308,2017,2017-12-08,9320,2017-12-03,0625,017508,,7,1,9,0700,0,2,4,,2,012,"SAN PABLO DAM ROAD","APPIAN WAY",0.00,,Y,A,-,N,,,,,,,,,,Y,4,0,1,2,D,-,00,,,N,D,C,A,A,H,-,C,A,0,,,,,Y,,-,"- ",0,0,1,0,0,0,0,0,0,"- ","- ",37.96631,-122.3094,"CONTRA COSTA",UNINCORPORATED,-122.30939995,37.966279970000002
90613495,2017,2017-12-11,9320,2017-12-06,1445,017211,,3,2,6,0704,0,1,3,,2,402,"STATE ROUTE 4 E/B","STATE ROUTE 242",610.00,E,N,A,-,Y,,,4,,,,,,E,Y,2,0,3,3,A,-,03,22350,,N,C,C,A,A,H,-,A,D,0,,,,,Y,,D,22,3,0,0,0,0,0,0,0,0,"- ","- ",38.006149999999998,-122.03613,"CONTRA COSTA",CONCORD,-122.03601422,38.005920260000003
90613513,2017,2017-12-11,9320,2017-12-06,1010,017271,,3,1,9,0700,0,2,4,,1,061,"DANVILLE BLVD","STONE VALLEY RD",40.00,N,N,A,-,N,,,,,,,,,,N,4,0,1,2,A,-,21,22106,,N,C,C,A,A,H,-,A,A,0,,,,,Y,,D,22,0,0,1,0,0,0,0,0,0,"- ","- ",37.861710000000002,-122.03981,"CONTRA COSTA",UNINCORPORATED,-122.03256293,37.850367890000001
90613544,2017,2017-12-11,9320,2017-12-04,1715,021546,,1,2,9,0700,0,3,5,,2,040,"PACHECO BLVD","ADELAIDE DR",10.00,E,N,A,-,N,,,,,,,,,,N,4,0,2,3,A,-,03,22350,,N,C,C,A,A,H,-,C,D,0,,,,,Y,,A,01,0,0,2,0,0,0,0,0,0,"- ","- ",38.009309999999999,-122.09827,"CONTRA COSTA",UNINCORPORATED,-122.09847865,38.009408209999997
90613707,2017,2017-12-11,9370,2017-12-03,2130,021674,,7,2,5,0710,0,1,1,,2,083,"I-80 E/B","SAN PABLO DAM ROAD",152.00,E,N,A,-,Y,,,,,,,,,,Y,3,0,1,1,A,-,01,23152,A,N,E,I,A,A,H,-,D,D,0,,,,,Y,Y,A,01,0,1,0,0,0,0,0,0,0,"- ","- ",37.956449999999997,-122.33017,"CONTRA COSTA",RICHMOND,-122.3296247,37.955662539999999
90613934,2017,2017-12-11,9320,2017-12-02,1815,020810,,6,2,9,0700,0,2,4,,2,086,"BYRON HIGHWAY","BRUNS RD",200.00,N,N,A,-,N,,,,,,,,,,Y,4,0,2,2,A,-,05,21460,A,N,A,C,A,A,H,-,B,D,0,,,,,Y,,A,08,0,0,2,0,0,0,0,0,0,"- ","- ",37.829689999999999,-121.60549,"CONTRA COSTA",UNINCORPORATED,-121.60538172,37.829676239999998
90614043,2017,2017-12-11,9320,2017-12-08,1540,018855,,5,2,9,0700,0,1,1,,2,683,"I-680 S/B TO SR-4 E/B",SR-4,1006.00,N,N,A,-,Y,,,680,,,,R,,S,Y,4,0,1,2,A,-,03,22350,,N,C,C,A,A,H,-,A,D,0,,,,,Y,,A,01,0,0,1,0,0,0,0,0,0,"- ","- ",37.996589999999998,-122.07276,"CONTRA COSTA",UNINCORPORATED,-122.07276,37.996589999999998
90614093,2017,2017-12-11,9320,2017-12-09,0310,021710,,6,3,4,0714,0,1,3,,2,402,"SR-4 W/B TO PINE STREET","CENTER AVENUE",10.00,E,N,A,-,Y,,,4,,,,R,,W,Y,3,0,1,1,A,-,01,23152,A,N,E,I,A,A,H,-,C,D,0,,,,,Y,Y,A,01,0,1,0,0,0,0,0,0,0,"- ","- ",37.99568,-122.1204,"CONTRA COSTA",MARTINEZ,-122.1204,37.99568
90614529,2017,2017-12-11,9370,2017-12-06,1718,019160,,3,2,9,0700,0,3,5,,2,010,"FRED JACKSON WAY","MARKET AVE.",0.00,,Y,A,-,N,,,,,,,,,,Y,4,0,1,2,A,-,12,22450,A,N,D,D,A,A,H,-,B,A,0,,,,,Y,,-,"- ",0,0,1,0,0,0,0,0,0,"- ","- ",37.958709999999996,-122.367,"CONTRA COSTA",UNINCORPORATED,-122.3669199,37.95868995
90615179,2017,2017-12-12,9320,2017-12-05,0005,021433,,2,3,9,0700,0,1,1,,2,180,"I-80 EB","CALIFORNIA ST O/C",648.00,W,N,B,-,Y,,,,,,,,,,Y,4,0,1,2,A,-,03,22350,,N,C,C,A,A,H,-,D,D,0,,,,,Y,,A,01,0,0,1,0,0,0,0,0,0,"- ","- ",,,"CONTRA COSTA",UNINCORPORATED,-122.25675210999999,38.028505330000002
90615209,2017,2017-12-12,9320,2017-11-24,0058,021460,,5,3,9,0700,0,1,1,,2,180,"I-80 E/B","WILLOW AVE",1430.00,E,N,A,-,Y,,,80,,,,,,E,Y,3,0,1,1,A,-,01,23152,A,N,E,I,A,A,H,-,C,D,0,,,,,Y,Y,A,01,0,1,0,0,0,0,0,0,0,"- ","- ",38.025700000000001,-122.25932,"CONTRA COSTA",UNINCORPORATED,-122.25934307999999,38.025721349999998
90615635,2017,2017-12-12,9390,2017-12-07,1545,016178,,4,2,4,0790,0,1,1,,2,069,"I-680 NORTHBOUND","DIABLO ROAD",1000.00,S,N,A,-,Y,,,,,,,,,,N,4,0,1,2,A,-,03,22350,,N,C,C,A,A,H,-,A,D,0,,,,,Y,,A,01,0,0,1,0,0,0,0,0,0,"- ","- ",37.720080000000003,-121.99287,"CONTRA COSTA",DANVILLE,-121.99353000000001,37.822899999999997
90615642,2017,2017-12-12,9390,2017-12-07,1725,016178,,4,2,4,0791,0,1,1,,2,068,"I-680 SOUTHBOUND","CROW CANYON ROAD",1465.00,S,N,A,-,Y,,,680,,,,,,S,Y,4,0,1,2,A,-,03,22350,,N,C,C,A,A,H,-,A,D,0,,,,,Y,,A,01,0,0,1,0,0,0,0,0,0,"- ","- ",37.773220000000002,-121.97356000000001,"CONTRA COSTA","SAN RAMON",-121.97344443,37.773277929999999
90615902,2017,2018-01-31,9350,2017-12-04,0900,021740,,1,1,9,0700,0,1,1,,2,115,"I-580 W/B","RICHMOND/SAN RAFAEL BRIDGE TOLL PLAZA",4752.00,W,N,A,-,Y,,,,,,,,,,Y,1,1,0,3,A,-,03,22350,,N,C,C,A,A,H,-,A,D,0,,,,,Y,,A,01,0,0,0,0,0,0,0,0,0,"- ","- ",37.933549999999997,-122.42167000000001,"CONTRA COSTA",UNINCORPORATED,,
90615998,2017,2017-12-12,9390,2017-12-09,1719,020266,,6,2,4,0790,0,3,5,,2,100,"CAMINO TASSAJARA","SHADOW CREEK DRIVE",12.00,E,N,A,-,N,,,,,,,,,,Y,4,0,1,2,A,-,03,22350,,N,C,C,A,A,H,-,C,A,0,,,,,Y,,A,07,0,0,1,0,0,0,0,0,0,"- ","- ",37.799729999999997,-121.89273,"CONTRA COSTA",DANVILLE,-121.89273849999999,37.799618520000003
90616045,2017,2017-12-13,9370,2017-11-25,1135,021803,,6,1,9,0700,0,3,5,,2,012,"SAN PABLO AVENUE N/B, (15000 BLOCK)","RICHMOND PKWY",95.00,N,N,A,-,N,,,,,,,,,,N,3,0,1,2,A,-,03,22350,,N,C,C,A,A,H,-,A,D,0,,,,,Y,,A,01,0,1,0,0,0,0,0,0,0,"- ","- ",37.592779999999998,-122.19562999999999,"CONTRA COSTA",UNINCORPORATED,-122.33269885999999,37.990960029999997
90616079,2017,2017-12-13,9320,2017-12-01,2130,021710,,5,2,9,0700,0,1,3,,2,404,"SR-4 E/B",SR-160,2400.00,W,N,A,-,Y,,,,,,,,,,Y,4,0,1,2,A,-,21,22106,,N,C,C,A,A,H,-,B,D,0,,,,,Y,,D,22,0,0,1,0,0,0,0,0,0,"- ","- ",37.992469999999997,-121.76765,"CONTRA COSTA",UNINCORPORATED,-121.77391749,37.994058430000003
90616083,2017,2017-12-13,9320,2017-12-02,1700,021546,,6,2,4,0714,0,1,1,,2,683,"I-680 N/B","MARINA VISTA/ WATERFRONT RD U/C",300.00,S,N,A,-,Y,,,,,,,,,,Y,3,0,2,4,A,-,07,21658,A,N,B,C,A,A,H,-,C,D,0,,,,,Y,,A,01,0,1,1,0,0,0,0,0,0,"- ","- ",,,"CONTRA COSTA",MARTINEZ,,
90616089,2017,2017-12-13,9320,2017-12-04,0810,021415,,1,1,6,0704,0,1,3,,2,242,"SR-242 S/B","CONCORD AVE",50.00,N,N,A,-,Y,,,,,,,,,,N,4,0,1,2,A,-,07,21658,A,N,B,C,A,A,H,-,A,D,0,,,,,Y,,A,07,0,0,1,0,0,0,0,0,0,"- ","- ",,,"CONTRA COSTA",CONCORD,-122.04339014999999,37.979095729999997
90616114,2017,2017-12-13,9320,2017-12-07,1305,017271,,4,1,9,0700,0,1,1,,2,681,"I-680 S/B","DIABLO RD U/C",500.00,N,N,A,-,Y,,,,,,,,,,N,3,0,1,3,A,-,17,21658,,N,E,I,A,A,H,-,A,D,0,,,Y,,Y,,A,07,0,1,0,0,0,0,0,0,1,"- ","- ",37.825830000000003,-122.99574,"CONTRA COSTA",UNINCORPORATED,-121.994416,37.824303329999999
90616187,2017,2017-12-13,9320,2017-12-05,1605,018371,,2,2,4,0714,0,1,3,,2,402,"STATE ROUTE 4 EASTBOUND","MORELLO AVE",1000.00,E,N,A,-,Y,,,,,,,,,,Y,4,0,1,2,A,-,01,23152,A,N,C,C,A,A,H,-,A,D,0,,,,,Y,Y,A,01,0,0,1,0,0,0,0,0,0,"- ","- ",,,"CONTRA COSTA",MARTINEZ,-122.09751411000001,37.990678819999999
90616268,2017,2017-12-13,9320,2017-12-06,0650,018042,,3,1,5,0701,0,1,3,,2,404,"SR-4 W/B","LOVERIDGE ROAD",375.00,W,N,A,-,Y,,,,,,,,,,Y,4,0,3,1,A,-,08,22107,,N,F,A,A,A,H,-,A,D,0,,,,,Y,,A,07,0,0,3,0,0,0,0,0,0,"- ","- ",38.012450000000001,-121.86911000000001,"CONTRA COSTA",ANTIOCH,-121.8683602,38.01226733
90616275,2017,2019-02-06,9320,2017-12-06,1507,019238,,3,2,4,0714,0,1,3,,2,402,"SR-4 E/B","PINE ST O/C",2640.00,E,N,A,-,Y,,,,,,,,,,Y,4,0,1,1,A,-,08,22107,,N,E,I,A,A,H,-,A,D,0,,,,,Y,,A,01,0,0,1,0,0,0,0,0,0,"- ","- ",,,"CONTRA COSTA",MARTINEZ,,
90616286,2017,2017-12-13,9320,2017-12-05,1710,018803,,2,2,5,0712,0,1,1,,2,681,"I-680 N/B","SOUTH MAIN STREET",300.00,S,N,A,-,Y,,,680,,,,,,N,Y,4,0,1,4,A,-,03,22350,,N,C,C,A,A,H,-,C,D,0,,,,,Y,,A,07,0,0,1,0,0,0,0,0,0,"- ","- ",37.885860000000001,-122.05526,"CONTRA COSTA","WALNUT CREEK",-122.05527279,37.885848099999997
90616301,2017,2017-12-13,9320,2017-12-07,1814,018371,,4,2,9,0700,0,1,1,,2,681,"INTERSTATE 680 SOUTHBOUND","RUDGEAR RD",1500.00,S,N,A,-,Y,,,,,,,,,,Y,3,0,2,2,A,-,07,21658,A,N,C,C,A,A,H,-,D,D,0,,,,,Y,,A,01,0,2,0,0,0,0,0,0,0,"- ","- ",,,"CONTRA COSTA",UNINCORPORATED,-122.04612297,37.875886170000001
90616339,2017,2017-12-13,9320,2017-12-08,2045,019759,,5,2,5,0708,0,1,3,,2,403,"SR-4 W/B","RAILROAD AVE.",1320.00,W,N,A,-,Y,,,4,,,,,,W,Y,2,0,2,2,A,-,08,22107,,N,D,C,A,A,H,-,D,D,0,,,,,Y,,D,22,1,1,0,0,0,0,0,0,0,"- ","- ",38.020180000000003,-121.90442,"CONTRA COSTA",PITTSBURG,-121.90442111,38.020071690000002
90616372,2017,2017-12-13,9320,2017-12-06,1800,020026,,3,2,6,0704,0,1,3,,2,402,"SR-4 WESTBOUND","WILLOW PASS RD",1056.00,W,N,A,-,Y,,,,,,,,,,Y,3,0,2,1,A,-,01,23152,A,N,E,I,A,A,H,-,C,D,0,,,,,Y,Y,A,08,0,2,0,0,0,0,0,0,0,"- ","- ",,,"CONTRA COSTA",CONCORD,-122.00123670000001,38.0132008
90616605,2017,2017-12-13,9370,2017-12-12,1040,020286,,2,1,5,0710,0,1,1,,2,082,"I-80 W/B","CARLSON BOULEVARD",1690.00,W,N,A,-,Y,,,80,,,,,,W,Y,4,0,1,2,A,-,03,22350,,N,C,C,A,A,H,-,A,D,0,,,,Y,Y,,G,25,0,0,1,0,0,0,0,0,0,"- ","- ",37.906619999999997,-122.31491,"CONTRA COSTA",RICHMOND,-122.31486623000001,37.90665087
90616676,2017,2017-12-13,9320,2017-12-05,1740,019238,,2,2,9,0700,0,2,4,,1,061,"DANVILLE BLVD","TWELVE OAKS CT",0.00,,Y,A,-,N,,,,,,,,,,Y,3,0,1,2,A,-,05,21650,,N,A,C,A,A,H,-,D,D,0,,,,,Y,,A,01,0,1,0,0,0,0,0,0,0,"- ","- ",37.867559999999997,-122.04344,"CONTRA COSTA",UNINCORPORATED,-122.04341999,37.867559900000003
90616987,2017,2017-12-13,9320,2017-12-10,0755,020889,,7,1,6,0704,0,1,3,,2,402,"SR-4 W/B","KINNE BLVD UNDER CROSSING",123.00,E,N,A,-,Y,,,4,,,,,,W,N,4,0,1,1,A,-,03,22350,,N,H,A,A,A,H,-,A,D,0,,,,,Y,,A,01,0,0,1,0,0,0,0,0,0,"- ","- ",38.011629999999997,-122.01117000000001,"CONTRA COSTA",CONCORD,-122.01117996000001,38.01169282
90617626,2017,2017-12-14,9390,2017-12-09,2204,020761,,6,3,4,0791,0,1,1,,2,068,"I-680 NORTHBOUND TO CROW CANYON ROAD","CROW CANYON ROAD",375.00,S,N,A,-,Y,,,680,,,,R,,N,Y,3,0,1,1,A,-,01,23152,A,N,F,I,A,A,H,-,C,D,0,,,,,Y,Y,D,22,0,1,0,0,0,0,0,0,0,"- ","- ",37.776739999999997,-121.97349,"CONTRA COSTA","SAN RAMON",-121.97349,37.776739999999997
90617758,2017,2017-12-14,9320,2017-12-08,1910,019742,,5,2,3,0792,0,1,3,,2,240,"SR-24 E/B","WILDER RD.",1670.00,E,N,A,-,Y,,,24,,,,,,E,Y,4,0,1,2,A,-,03,22350,,N,C,C,A,A,H,-,C,D,0,,,,,Y,,A,01,0,0,1,0,0,0,0,0,0,"- ","- ",37.871690000000001,-122.19063,"CONTRA COSTA",ORINDA,-122.19063314,37.871694079999997
90618289,2017,2017-12-15,9390,2017-12-13,1625,016137,,3,2,4,0791,0,1,1,,2,068,"I-680 SOUTHBOUND","BOLLINGER CANYON ROAD",400.00,S,N,A,-,Y,,,680,,,,,,S,Y,4,0,1,3,A,-,03,22350,,N,C,C,A,A,H,-,A,D,0,,,,,Y,,A,08,0,0,1,0,0,0,0,0,0,"- ","- ",37.750300000000003,-121.9588,"CONTRA COSTA","SAN RAMON",-121.95911884,37.750098530000002
90618535,2017,2017-12-15,9320,2017-12-08,1615,019914,,5,2,9,0700,0,1,1,,2,681,"I-680 SB","RUDGEAR ROAD",2200.00,S,N,A,-,Y,,,680,,,,,,S,Y,4,0,1,2,A,-,03,22350,,N,C,C,A,A,H,-,A,D,0,,,,,Y,,A,01,0,0,1,0,0,0,0,0,0,"- ","- ",37.873699999999999,-122.04414,"CONTRA COSTA",UNINCORPORATED,-122.04414885,37.873693680000002