CASE_ID,ACCIDENT_YEAR,PROC_DATE,JURIS,COLLISION_DATE,COLLISION_TIME,OFFICER_ID,REPORTING_DISTRICT,DAY_OF_WEEK,CHP_SHIFT,POPULATION,CNTY_CITY_LOC,SPECIAL_COND,BEAT_TYPE,CHP_BEAT_TYPE,CITY_DIVISION_LAPD,CHP_BEAT_CLASS,BEAT_NUMBER,PRIMARY_RD,SECONDARY_RD,DISTANCE,DIRECTION,INTERSECTION,WEATHER_1,WEATHER_2,STATE_HWY_IND,CALTRANS_COUNTY,CALTRANS_DISTRICT,STATE_ROUTE,ROUTE_SUFFIX,POSTMILE_PREFIX,POSTMILE,LOCATION_TYPE,RAMP_INTERSECTION,SIDE_OF_HWY,TOW_AWAY,COLLISION_SEVERITY,NUMBER_KILLED,NUMBER_INJURED,PARTY_COUNT,PRIMARY_COLL_FACTOR,PCF_CODE_OF_VIOL,PCF_VIOL_CATEGORY,PCF_VIOLATION,PCF_VIOL_SUBSECTION,HIT_AND_RUN,TYPE_OF_COLLISION,MVIW,PED_ACTION,ROAD_SURFACE,ROAD_COND_1,ROAD_COND_2,LIGHTING,CONTROL_DEVICE,CHP_ROAD_TYPE,PEDESTRIAN_ACCIDENT,BICYCLE_ACCIDENT,MOTORCYCLE_ACCIDENT,TRUCK_ACCIDENT,NOT_PRIVATE_PROPERTY,ALCOHOL_INVOLVED,STWD_VEHTYPE_AT_FAULT,CHP_VEHTYPE_AT_FAULT,COUNT_SEVERE_INJ,COUNT_VISIBLE_INJ,COUNT_COMPLAINT_PAIN,COUNT_PED_KILLED,COUNT_PED_INJURED,COUNT_BICYCLIST_KILLED,COUNT_BICYCLIST_INJURED,COUNT_MC_KILLED,COUNT_MC_INJURED,PRIMARY_RAMP,SECONDARY_RAMP,LATITUDE,LONGITUDE,COUNTY,CITY,POINT_X,POINT_Y
90668450,2018,2018-02-23,9320,2018-02-17,1015,021710,,6,1,9,0700,0,2,4,,2,077,"MARSH CREEK ROAD","MIWOK TRAIL",3800.00,N,N,A,-,Y,,,,,,,,,,Y,3,0,2,1,A,-,08,22107,,N,F,A,A,A,H,-,A,D,0,,,,,Y,,D,22,0,1,1,0,0,0,0,0,0,"- ","- ",37.874931335449219,-121.76188659667969,"CONTRA COSTA",UNINCORPORATED,,
90668537,2018,2018-04-11,9320,2018-02-22,1420,021546,,4,2,9,0700,0,1,1,,2,683,"I-680 S/B","JUNCTION SR-4",500.00,N,N,C,-,Y,,,,,,,,,,Y,4,0,1,2,A,-,08,22107,,N,F,C,A,B,H,-,A,D,0,,,,,Y,,A,07,0,0,1,0,0,0,0,0,0,"- ","- ",,,"CONTRA COSTA",UNINCORPORATED,,
90668540,2018,2018-02-23,9320,2018-02-17,1810,020810,,6,2,9,0700,0,2,4,,2,091,"BIXLER RD",SR-4,20.00,N,N,A,-,N,,,,,,,,,,Y,4,0,1,2,A,-,01,23152,A,N,E,I,A,A,H,-,B,A,0,,,,,Y,Y,A,01,0,0,1,0,0,0,0,0,0,"- ","- ",37.889579772949219,-121.62310028076172,"CONTRA COSTA",UNINCORPORATED,-121.62306976318359,37.889503479003906
90669029,2018,2018-02-26,9370,2018-02-24,1155,021573,,6,1,5,0710,0,1,1,,2,082,"I-80 W/B","CARLSON BLVD",300.00,W,N,A,-,Y,,,,,,,,,,N,3,0,1,2,A,-,03,22350,,N,C,C,A,A,H,-,A,D,0,,,Y,,Y,,C,02,0,1,0,0,0,0,0,0,1,"- ","- ",37.543590545654297,-122.19111633300781,"CONTRA COSTA",RICHMOND,-122.31753540039062,37.911819458007812
90669161,2018,2018-03-22,9320,2018-02-15,2114,020026,,4,2,5,0701,0,1,3,,2,404,"SR-4 EASTBOUND","A ST",1584.00,W,N,A,-,Y,,,,,,,,,,Y,4,0,2,1,A,-,08,22107,,N,E,I,A,A,H,-,C,D,0,,,,,Y,,A,01,0,0,2,0,0,0,0,0,0,"- ","- ",,,"CONTRA COSTA",ANTIOCH,,
90669192,2018,2018-02-26,9320,2018-02-17,0555,020010,,6,3,9,0700,0,1,1,,2,681,"I-680 N/B","STONE VALLEY ROAD",1584.00,S,N,A,-,Y,,,680,,,,,,N,Y,3,0,1,1,A,-,08,22107,,N,E,I,A,A,H,-,B,D,0,,,,,Y,,A,01,0,1,0,0,0,0,0,0,0,"- ","- ",37.84619140625,-122.02568817138672,"CONTRA COSTA",UNINCORPORATED,-122.02577972412109,37.846073150634766
90669220,2018,2018-02-26,9320,2018-02-18,0637,021949,,7,1,4,0790,0,1,1,,2,681,"I-680 N/B","EL PINTADO",2112.00,N,N,B,-,Y,,,680,,,,,,N,N,3,0,1,1,A,-,08,22107,,N,E,I,A,A,H,-,A,D,0,,,,,Y,,A,01,0,1,0,0,0,0,0,0,0,"- ","- ",37.839199066162109,-122.01573181152344,"CONTRA COSTA",DANVILLE,-122.01583099365234,37.839042663574219
90669245,2018,2019-11-06,9320,2018-02-22,0050,020192,,4,3,9,0700,0,3,5,,2,075,"PORT CHICAGO HIGHWAY","WHARF DRIVE",0.00,,Y,A,-,N,,,,,,,,,,Y,1,2,2,2,A,-,01,23152,A,N,D,C,A,A,H,-,C,D,0,,,,,Y,Y,A,01,2,0,0,0,0,0,0,0,0,"- ","- ",38.04119873046875,-121.97601318359375,"CONTRA COSTA",UNINCORPORATED,-121.97605133056641,38.041210174560547
90669286,2018,2018-02-26,9390,2018-02-16,2100,020494,,5,2,4,0791,0,1,1,,2,068,"I-680 NORTHBOUND TO BOLLINGER CANYON RD","BOLLINGER CANYON ROAD",770.00,S,N,A,-,Y,,,680,,,,R,,N,Y,2,0,1,1,A,-,01,23152,F,N,E,I,A,A,H,-,C,D,0,,,,,Y,,A,01,1,0,0,0,0,0,0,0,0,"- ","- ",37.757881164550781,-121.96379089355469,"CONTRA COSTA","SAN RAMON",-121.96379089355469,37.757881164550781
90669291,2018,2018-02-26,9320,2018-02-19,0914,021710,,1,1,5,0701,0,1,3,,2,404,"SR-4 E/B","SOMERSVILLE ROAD",1500.00,E,N,A,-,Y,,,4,,,,,,E,N,4,0,1,1,C,-,18,,,N,E,J,A,A,H,-,A,D,0,,,,,Y,,-,"- ",0,0,1,0,0,0,0,0,0,"- ","- ",38.001201629638672,-121.82850646972656,"CONTRA COSTA",ANTIOCH,-121.82846832275391,38.001361846923828
90669638,2018,2018-06-25,9320,2018-01-25,0645,016503,,4,1,9,0700,0,2,4,,2,074,"DEER VALLEY RD.","EMPIRE MINE RD.",134.00,N,N,B,-,N,,,,,,,,,,Y,1,1,2,3,A,-,05,21460,A,N,B,C,A,B,H,-,D,D,0,,,,,Y,,A,01,1,1,0,0,0,0,0,0,0,"- ","- ",37.933479309082031,-121.77803039550781,"CONTRA COSTA",UNINCORPORATED,-121.77799987792969,37.933475494384766
90669762,2018,2018-02-26,9390,2018-02-22,1045,017095,,4,1,4,0791,0,1,1,,2,068,"I-680 NORTHBOUND","BOLLINGER CANYON ROAD",1320.00,S,N,A,-,Y,,,680,,,,,,N,Y,4,0,1,2,A,-,03,22350,,N,C,C,A,A,H,-,A,D,0,,,,,Y,,A,07,0,0,1,0,0,0,0,0,0,"- ","- ",37.752300262451172,-121.95999908447266,"CONTRA COSTA","SAN RAMON",-121.96019744873047,37.752174377441406
90669807,2018,2018-02-26,9320,2018-02-19,0955,021710,,1,1,9,0700,0,3,5,,2,060,"CABALLO RANCHERO DRIVE","REISEWITZ ROAD",800.00,S,N,A,-,N,,,,,,,,,,N,4,0,1,2,A,-,03,22350,,N,G,B,E,A,H,-,A,D,0,Y,,,,Y,,A,01,0,0,1,0,1,0,0,0,0,"- ","- ",37.838840484619141,-121.95484924316406,"CONTRA COSTA",UNINCORPORATED,-121.95484161376953,37.8388671875
9067000,2020,2020-05-26,0702,2020-02-06,1359,616B,114B,4,5,3,0702,0,0,0,,0,001,"MINNESOTA AV","RANDY WY",574.00,S,N,A,-,N,,,,,,,,,,N,4,0,1,2,A,-,03,22350,,N,C,C,A,A,H,-,A,D,0,,,,,Y,,A,01,0,0,1,0,0,0,0,0,0,"- ","- ",37.924530029296875,-121.71530151367188,"CONTRA COSTA",BRENTWOOD,-121.71453094482422,37.937965393066406
9067004,2020,2020-05-26,0702,2020-02-13,1555,616B,418B,4,5,3,0702,0,0,0,,0,004,"BALFOUR RD","FAIRVIEW AV",735.00,W,N,A,-,N,,,,,,,,,,N,3,0,1,3,A,-,03,22350,,N,C,C,A,A,H,-,A,A,0,,,,,Y,,A,07,0,1,0,0,0,0,0,0,0,"- ","- ",37.925331115722656,-121.72371673583984,"CONTRA COSTA",BRENTWOOD,-121.72634887695312,37.925399780273438
9067008,2020,2020-05-26,0702,2020-02-23,1614,607W,127B,7,5,3,0702,0,0,0,,0,001,"JEFFERY WY","LONE TREE VILLAGE",0.00,,Y,A,-,N,,,,,,,,,,Y,4,0,1,2,A,-,08,22107,,N,D,C,A,A,D,-,A,B,0,,,,,Y,,A,01,0,0,1,0,0,0,0,0,0,"- ","- ",37.961528778076172,-121.74165344238281,"CONTRA COSTA",BRENTWOOD,-121.74165344238281,37.961559295654297
90670240,2018,2018-02-27,9370,2018-02-21,2155,021800,,3,2,5,0710,0,1,1,,2,058,"I-580 E/B","MARINA BAY PKWY",1800.00,E,N,A,-,Y,,,580,,,,,,E,Y,4,0,1,2,A,-,03,22350,,N,C,C,A,A,H,-,D,D,0,,,,,Y,,A,01,0,0,1,0,0,0,0,0,0,"- ","- ",37.921451568603516,-122.34085845947266,"CONTRA COSTA",RICHMOND,-122.34085845947266,37.921504974365234
90670385,2018,2018-02-27,9320,2018-02-20,1740,017211,,2,2,9,0700,0,3,5,,2,030,"BRIONES ROAD (1100 BLOCK)","ALHAMBRA VALLEY ROAD",5808.00,S,N,B,-,N,,,,,,,,,,Y,4,0,1,1,A,-,08,22107,,M,E,I,A,A,H,-,D,D,0,,,,,Y,,A,01,0,0,1,0,0,0,0,0,0,"- ","- ",37.957321166992188,-122.13726043701172,"CONTRA COSTA",UNINCORPORATED,-122.13758087158203,37.958019256591797
90670399,2018,2018-02-27,9320,2018-02-20,1310,017211,,2,1,9,0700,0,1,1,,2,180,"INTERSTATE 80 EB TO WILLOW AVENUE","WILLOW AVENUE",45.00,E,N,B,-,Y,,,,,,,,,,N,4,0,1,2,A,-,21,22106,,N,C,C,A,A,H,-,A,D,0,,,,,Y,,A,08,0,0,1,0,0,0,0,0,0,"- ","- ",36.021900177001953,-122.26119995117188,"CONTRA COSTA",UNINCORPORATED,-122.27175140380859,38.012371063232422
90670404,2018,2018-02-27,9320,2018-02-20,1850,017211,,2,2,3,0706,0,1,3,,2,400,"STATE ROUTE 4 W/B","SAN PABLO AVENUE",15.00,E,N,B,-,Y,,,,,,,,,,N,4,0,1,2,A,-,03,22350,,M,C,C,A,A,H,-,A,D,0,,,,,Y,,-,99,0,0,1,0,0,0,0,0,0,"- ","- ",36.021900177001953,-122.26119995117188,"CONTRA COSTA",HERCULES,-122.27240753173828,38.015968322753906
90670817,2018,2018-02-27,9365,2018-02-23,1510,020606,,5,2,9,0700,0,1,1,,2,080,"I-80 E/B","POMONA STREET",2640.00,E,N,A,-,Y,,,80,,,,,,E,Y,4,0,1,3,A,-,03,22350,,N,C,C,A,A,H,-,A,D,0,,,,,Y,,A,01,0,0,1,0,0,0,0,0,0,"- ","- ",38.059650421142578,-122.22509002685547,"CONTRA COSTA",UNINCORPORATED,-122.22507476806641,38.059650421142578
90670879,2018,2018-02-27,9370,2018-02-15,0910,021913,,4,1,4,0711,0,1,1,,2,083,"I-80 W/B","EL PORTAL DR",750.00,W,N,A,-,Y,,,80,,,,,,W,N,4,0,2,2,A,-,03,22350,,N,C,C,A,A,H,-,A,D,0,,,,,Y,,A,01,0,0,2,0,0,0,0,0,0,"- ","- ",37.965030670166016,-122.32469940185547,"CONTRA COSTA","SAN PABLO",-122.32465362548828,37.964946746826172
90671410,2018,2018-02-28,9320,2018-02-20,0550,018042,,2,3,5,0708,0,1,3,,2,404,"SR-4 W/B","HARBOR STREET",200.00,W,N,A,-,Y,,,4,,,,,,W,Y,3,0,1,2,A,-,03,22350,,N,C,C,A,A,H,-,C,D,0,,,Y,,Y,,C,02,0,1,0,0,0,0,0,0,1,"- ","- ",38.016010284423828,-121.88491058349609,"CONTRA COSTA",PITTSBURG,-121.88490295410156,38.01605224609375
90671462,2018,2018-02-28,9320,2018-02-16,1430,019238,,5,2,9,0700,0,2,4,,2,026,"TAYLOR BLVD","WITHERS AVE S/EDGE",675.00,S,N,A,-,N,,,,,,,,,,Y,3,0,1,2,A,-,07,21658,A,F,B,C,A,A,H,-,A,D,0,,,,,Y,,-,99,0,1,0,0,0,0,0,0,0,"- ","- ",37.932090759277344,-122.09719085693359,"CONTRA COSTA",UNINCORPORATED,-122.09719085693359,37.932090759277344
90671503,2018,2018-02-28,9320,2018-02-19,1450,021415,,1,2,9,0700,0,1,1,,2,683,"I-680 S/B TO SR-4 W/B","PACHECHO BLVD",75.00,E,N,A,-,Y,,,680,,,,R,,S,Y,4,0,1,1,A,-,03,22350,,N,E,I,A,A,H,-,A,D,0,,,,,Y,,A,07,0,0,1,0,0,0,0,0,0,"- ","- ",37.993938446044922,-122.07250213623047,"CONTRA COSTA",UNINCORPORATED,-122.07250213623047,37.993938446044922
90671703,2018,2018-02-28,9320,2018-02-21,0542,016788,,3,3,3,0707,0,1,1,,2,180,"I-80 W/B","PINOLE VALLEY RD U/C",1000.00,E,N,A,-,Y,,,,,,,,,,Y,2,0,1,2,A,-,07,21658,A,F,B,C,A,A,H,-,D,D,0,,,Y,,Y,,A,01,1,0,0,0,0,0,0,0,1,"- ","- ",,,"CONTRA COSTA",PINOLE,-122.2840576171875,37.999378204345703
90671717,2018,2018-02-28,9320,2018-02-21,1445,019759,,3,2,9,0700,0,2,4,,2,093,"BYRON HIGHWAY N/B","HOLWAY DR.",100.00,S,N,A,-,N,,,,,,,,,,Y,4,0,1,2,A,-,03,22350,,N,C,C,A,A,H,-,A,D,0,,,,,Y,,A,01,0,0,1,0,0,0,0,0,0,"- ","- ",37.870891571044922,-121.64108276367188,"CONTRA COSTA",UNINCORPORATED,-121.64139556884766,37.871212005615234
90672140,2018,2018-02-28,9320,2018-02-22,1825,018803,,4,2,5,0712,0,1,3,,2,241,"SR-24 E/B TO I-680 N/B","OAKVALE ROAD",20.00,S,N,A,-,Y,,,24,,,,R,,E,N,4,0,1,2,A,-,03,22350,,N,C,C,A,A,H,-,B,D,0,,,,,Y,,A,07,0,0,1,0,0,0,0,0,0,"- ","- ",37.901870727539062,-122.07021331787109,"CONTRA COSTA","WALNUT CREEK",-122.07021331787109,37.901870727539062
90672383,2018,2018-03-01,9320,2018-02-16,2255,021203,,5,3,9,0700,0,2,4,,2,012,"SAN PABLO DAMN ROAD EASTBOUND","MILTON DRIVE",0.00,,Y,A,-,N,,,,,,,,,,N,4,0,1,2,A,-,12,21453,A,N,D,C,A,A,H,-,C,A,0,,,,,Y,,A,01,0,0,1,0,0,0,0,0,0,"- ","- ",37.966621398925781,-122.30535125732422,"CONTRA COSTA",UNINCORPORATED,-122.30529,37.966720000000002
90672498,2018,2018-03-01,9320,2018-02-17,0528,020192,,6,3,9,0700,0,2,4,,2,096,"VASCO ROAD","CAMINO DIABLO",0.00,,Y,A,-,Y,,,,,,,,,,Y,3,0,2,2,A,-,12,21453,A,N,D,C,A,A,H,-,A,A,0,,,,,Y,,A,07,0,1,1,0,0,0,0,0,0,"- ","- ",37.865211486816406,-121.66773986816406,"CONTRA COSTA",UNINCORPORATED,-121.66764068603516,37.865211486816406
90672502,2018,2018-03-01,9320,2018-02-20,0907,016788,,2,1,9,0700,0,2,4,,2,012,"VALLEY VIEW DR","SAN PABLO DAM RD",0.00,,Y,A,-,N,,,,,,,,,,Y,3,0,3,2,A,-,09,21801,A,N,A,C,A,A,H,-,A,A,0,,,,,Y,,A,07,0,1,2,0,0,0,0,0,0,"- ","- ",37.960128784179688,-122.28298187255859,"CONTRA COSTA",UNINCORPORATED,-122.28317260742188,37.960109710693359
90672742,2018,2018-03-01,9320,2018-02-25,0933,018449,,7,1,9,0700,0,2,4,,2,023,"BEAR CREEK RD.","OURSAN TRAIL",1390.00,E,N,A,-,N,,,,,,,,,,N,3,0,1,1,C,-,18,,,N,H,H,A,A,G,-,A,D,0,,,Y,,Y,,-,"- ",0,1,0,0,0,0,0,0,1,"- ","- ",37.912750244140625,-122.20098114013672,"CONTRA COSTA",UNINCORPORATED,-122.20151519775391,37.912918090820312
90672747,2018,2018-03-01,9320,2018-02-25,0626,018449,,7,1,5,0712,0,1,3,,2,241,"SR-24 E/B",I-680,1056.00,W,N,A,-,Y,,,24,,,,,,E,N,4,0,1,1,A,-,08,22107,,N,E,I,A,A,H,-,B,D,0,,,,,Y,,A,01,0,0,1,0,0,0,0,0,0,"- ","- ",37.897758483886719,-122.08287811279297,"CONTRA COSTA","WALNUT CREEK",-122.08290863037109,37.8975830078125
90673071,2018,2018-03-01,9320,2018-02-26,0758,017219,,1,1,9,0700,0,2,4,,2,074,"DEER VALLEY RD","CHADBOURNE RD",4000.00,S,N,C,-,N,,,,,,,,,,Y,4,0,1,1,A,-,08,22107,,N,E,I,A,B,H,-,A,D,0,,,,,Y,,A,01,0,0,1,0,0,0,0,0,0,"- ","- ",37.913528442382812,-121.76576995849609,"CONTRA COSTA",UNINCORPORATED,-121.76621246337891,37.913906097412109
90673361,2018,2018-03-02,9370,2018-02-16,1545,021826,,5,2,5,0710,0,1,1,,2,083,"I-80 E/B","RICHMOND PKWY",945.00,W,N,A,-,Y,,,80,,,,,,E,Y,2,0,1,2,A,-,07,21658,A,N,C,C,A,A,H,-,A,D,0,,,Y,,Y,,A,01,1,0,0,0,0,0,0,0,1,"- ","- ",37.984619140625,-122.31537628173828,"CONTRA COSTA",RICHMOND,-122.31550598144531,37.984672546386719
9067341,2020,2020-03-24,0704,2020-02-29,1143,0366,,6,5,6,0704,0,0,0,,0,006,"CLAYTON RD","TALISMAN WY",368.00,W,N,A,-,N,,,,,,,,,,Y,3,0,3,5,A,-,03,22350,,N,-,C,A,A,H,-,A,A,0,,,,,Y,,A,01,0,1,2,0,0,0,0,0,0,"- ","- ",37.955181121826172,-121.9658203125,"CONTRA COSTA",CONCORD,-121.967041015625,37.955490112304688
90673439,2018,2018-03-02,9320,2018-02-21,1845,019238,,3,2,9,0700,0,1,3,,2,402,"SR-4 E/B","I-680 S/B U/C",250.00,W,N,A,-,Y,,,,,,,,,,Y,4,0,1,2,A,-,03,22350,,N,C,C,A,A,H,-,D,D,0,,,,,Y,,A,01,0,0,1,0,0,0,0,0,0,"- ","- ",,,"CONTRA COSTA",UNINCORPORATED,,
9067345,2020,2020-03-24,0704,2020-02-29,0804,0600,,6,5,6,0704,0,0,0,,0,001,"CONCORD AV","FREMONT ST",0.00,,Y,A,-,N,,,,,,,,,,,4,0,2,2,A,-,09,21802,A,N,D,C,A,A,H,-,A,A,0,,,,,Y,,A,01,0,0,2,0,0,0,0,0,0,"- ","- ",37.978401184082031,-122.04081726074219,"CONTRA COSTA",CONCORD,-122.04077911376953,37.978458404541016
9067349,2020,2020-03-24,0704,2020-02-06,1425,0537,,4,5,6,0704,0,0,0,,0,,"CLAYTON RD","BEL AIR DR",24.00,E,N,A,-,N,,,,,,,,,,Y,2,0,3,2,A,-,09,21804,,N,D,C,A,A,H,-,A,A,0,,,,,Y,,A,01,2,1,0,0,0,0,0,0,0,"- ","- ",37.963779449462891,-121.99005889892578,"CONTRA COSTA",CONCORD,-121.99002075195312,37.963771820068359
90673490,2018,2018-03-02,9320,2018-02-22,1021,021949,,4,1,9,0700,0,2,4,,2,012,"VALLEY VIEW RD.","EL SOBRANTE AVE.",25.00,W,N,B,-,N,,,,,,,,,,N,4,0,1,2,A,-,07,21658,A,N,C,C,A,A,H,-,A,A,0,,,,,Y,,A,08,0,0,1,0,0,0,0,0,0,"- ","- ",37.977691650390625,-122.29377746582031,"CONTRA COSTA",UNINCORPORATED,-122.29376983642578,37.97772216796875
90673562,2018,2018-03-02,9320,2018-02-26,0400,020889,,1,3,9,0700,0,1,1,,2,681,"I-680 S/B","STONE VALLEY UNDER CROSSING",475.00,N,N,C,-,Y,,,680,,,,,,S,Y,4,0,1,3,A,-,03,22350,,N,E,I,A,B,H,-,C,D,0,,,,Y,Y,,A,01,0,0,1,0,0,0,0,0,0,"- ","- ",37.851871490478516,-122.02897644042969,"CONTRA COSTA",UNINCORPORATED,-122.02901458740234,37.85186767578125
90673890,2018,2018-03-02,9370,2018-02-24,1245,021573,,6,1,5,0710,0,1,1,,2,082,"I-80 E/B","CARLSON BLVD",40.00,W,N,A,-,Y,,,,,,,,,,Y,3,0,2,2,A,-,08,22107,,N,B,I,A,A,H,-,A,D,0,,,,,Y,,A,07,0,2,0,0,0,0,0,0,0,"- ","- ",37.544048309326172,-122.19252014160156,"CONTRA COSTA",RICHMOND,-122.31719970703125,37.910976409912109
90674104,2018,2018-03-05,9320,2018-02-25,1326,018449,,7,1,4,0709,0,1,1,,2,682,"I-680 N/B","MONUMENT BLVD.",528.00,S,N,A,-,Y,,,,,,,,,,N,4,0,1,1,D,-,00,,,N,E,I,A,A,H,-,A,D,0,,,,,Y,,-,"- ",0,0,1,0,0,0,0,0,0,"- ","- ",,,"CONTRA COSTA","PLEASANT HILL",-122.05862426757812,37.9439697265625
90674120,2018,2018-03-05,9320,2018-02-25,0104,021472,,7,3,9,0700,0,2,4,,2,071,"WILLOW PASS ROAD","WELDON STREET",38.00,E,N,A,-,N,,,,,,,,,,Y,3,0,1,4,A,-,01,23152,A,N,C,E,A,A,H,-,C,D,0,,,,,Y,Y,A,01,0,1,0,0,0,0,0,0,0,"- ","- ",38.026691436767578,-121.95716094970703,"CONTRA COSTA",UNINCORPORATED,-121.95717620849609,38.026779174804688
90674134,2018,2018-03-05,9320,2018-03-03,0615,018449,,6,1,3,0792,0,1,3,,2,240,"SR-24 E/B","WILDER RD.",100.00,E,N,B,-,Y,,,,,,,,,,N,4,0,1,1,A,-,03,22350,,N,E,I,A,B,H,-,B,D,0,,,,,Y,,A,01,0,0,1,0,0,0,0,0,0,"- ","- ",,,"CONTRA COSTA",ORINDA,,
90674144,2018,2018-03-05,9320,2018-02-25,1635,020026,,7,2,5,0701,0,1,3,,2,404,"SR-4 WESTBOUND","A ST",1584.00,W,N,A,-,Y,,,,,,,,,,Y,4,0,1,3,A,-,03,22350,,N,C,C,A,A,H,-,C,D,0,,,,,Y,,A,01,0,0,1,0,0,0,0,0,0,"- ","- ",,,"CONTRA COSTA",ANTIOCH,,
90674408,2018,2018-03-05,9390,2018-02-23,1645,018628,,5,2,4,0790,0,1,1,,2,069,"I-680 NORTHBOUND","SYCAMORE VALLEY ROAD",1056.00,S,N,A,-,Y,,,680,,,,,,N,Y,4,0,1,2,A,-,07,21658,A,N,C,C,A,A,H,-,A,D,0,,,Y,,Y,,A,01,0,0,1,0,0,0,0,0,1,"- ","- ",37.804698944091797,-121.98999786376953,"CONTRA COSTA",DANVILLE,-121.98995208740234,37.804721832275391
90674504,2018,2018-03-05,9320,2018-02-25,1510,020026,,7,2,9,0700,0,1,3,,2,403,"SR-4 WESTBOUND","SAN MARCO BLVD",1056.00,E,N,A,-,Y,,,,,,,,,,N,4,0,1,2,A,-,03,22350,,M,C,C,A,A,H,-,A,D,0,,,,,Y,,D,22,0,0,1,0,0,0,0,0,0,"- ","- ",,,"CONTRA COSTA",UNINCORPORATED,-121.96559906005859,38.023048400878906
90674553,2018,2018-03-05,9320,2018-02-25,1603,020981,,7,2,9,0700,0,1,1,,2,180,"I-80 E/B","CUMMINGS SKYWAY",4000.00,W,N,A,-,Y,,,80,,,,,,E,Y,4,0,5,3,A,-,03,22350,,F,C,C,A,A,H,-,A,D,0,,,,,Y,,-,99,0,0,5,0,0,0,0,0,0,"- ","- ",38.03607177734375,-122.24967956542969,"CONTRA COSTA",UNINCORPORATED,-122.24969482421875,38.036079406738281
90674737,2018,2018-03-05,9320,2018-02-26,1252,021710,,1,1,9,0700,0,3,5,,2,040,"PACHECO BLVD","WYGAL DRIVE",140.00,E,N,A,-,N,,,,,,,,,,N,4,0,1,2,A,-,09,21801,A,N,D,C,A,A,H,-,A,D,0,,,,,Y,,A,01,0,0,1,0,0,0,0,0,0,"- ","- ",38.011768341064453,-122.10469055175781,"CONTRA COSTA",UNINCORPORATED,-122.10511779785156,38.011985778808594
90674767,2018,2018-03-05,9320,2018-02-26,1030,021440,,1,1,5,0712,0,1,1,,2,682,"I-680 N/B","TREAT BLVD O/C",1690.00,S,N,A,-,Y,,,680,,,,,,N,Y,4,0,1,3,A,-,03,22350,,N,C,C,A,A,H,-,A,D,0,,,,,Y,,D,22,0,0,1,0,0,0,0,0,0,"- ","- ",37.92169189453125,-122.06150817871094,"CONTRA COSTA","WALNUT CREEK",-122.06159973144531,37.921722412109375
90674783,2018,2018-03-05,9320,2018-02-26,0835,021710,,1,1,4,0709,0,1,1,,2,683,"I-680 S/B TO GREGORY AVENUE","CONTRA COSTA BLVD",500.00,N,N,B,-,Y,,,680,,,,R,,S,Y,4,0,1,2,A,-,03,22350,,N,C,C,A,B,H,-,E,D,0,,,,,Y,,A,01,0,0,1,0,0,0,0,0,0,"- ","- ",37.948429107666016,-122.057373046875,"CONTRA COSTA","PLEASANT HILL",-122.057373046875,37.948429107666016
90674875,2018,2018-03-05,9320,2018-02-27,1550,020026,,2,2,5,0708,0,1,3,,2,404,"SR-4 EASTBOUND","LOVERIDGE RD",2112.00,E,N,A,-,Y,,,,,,,,,,Y,4,0,1,2,A,-,03,22350,,N,C,C,A,A,H,-,A,D,0,,,,,Y,,A,01,0,0,1,0,0,0,0,0,0,"- ","- ",,,"CONTRA COSTA",PITTSBURG,-121.86727142333984,38.011680603027344
90674887,2018,2018-03-12,9370,2018-02-24,1855,021708,,6,2,4,0711,0,1,1,,2,082,"I-80 E/B","SAN PABLO DAM ROAD",1370.00,W,N,A,-,Y,,,80,,,,,,E,Y,4,0,5,4,A,-,03,22350,,N,C,C,A,A,H,-,D,D,0,,,,,Y,,A,01,0,0,5,0,0,0,0,0,0,"- ","- ",37.952621459960938,-122.32779693603516,"CONTRA COSTA","SAN PABLO",-122.32786560058594,37.952587127685547
90674959,2018,2018-03-05,9370,2018-02-27,0650,021946,,2,1,5,0710,0,1,1,,2,083,"I-80 W/B","RICHMOND PRKWY",500.00,W,N,A,-,Y,,,80,,,,,,W,Y,4,0,1,3,A,-,03,22350,,M,C,C,A,A,H,-,A,D,0,,,,,Y,,A,08,0,0,1,0,0,0,0,0,0,"- ","- ",37.985439300537109,-122.31568145751953,"CONTRA COSTA",RICHMOND,-122.315673828125,37.985439300537109
90674970,2018,2018-03-05,9320,2018-02-20,1408,020026,,2,2,5,0708,0,1,3,,2,404,"SR-4 WESTBOUND","HARBOR AVE",1584.00,E,N,A,-,Y,,,,,,,,,,Y,3,0,2,4,A,-,07,21658,A,N,B,C,A,A,H,-,A,D,0,,,,,Y,,A,01,0,1,1,0,0,0,0,0,0,"- ","- ",,,"CONTRA COSTA",PITTSBURG,-121.87763214111328,38.014263153076172
90674982,2018,2018-03-05,9320,2018-03-01,2225,020984,,4,3,9,0700,0,2,4,,2,073,"KIRKER PASS RD N/B","HESS RD",3696.00,N,N,B,C,N,,,,,,,,,,Y,4,0,1,1,A,-,03,22350,,N,E,I,A,B,H,-,D,D,0,,,,,Y,,A,01,0,0,1,0,0,0,0,0,0,"- ","- ",37.974700927734375,-121.91179656982422,"CONTRA COSTA",UNINCORPORATED,-121.92256927490234,37.970035552978516