CASE_ID,ACCIDENT_YEAR,PROC_DATE,JURIS,COLLISION_DATE,COLLISION_TIME,OFFICER_ID,REPORTING_DISTRICT,DAY_OF_WEEK,CHP_SHIFT,POPULATION,CNTY_CITY_LOC,SPECIAL_COND,BEAT_TYPE,CHP_BEAT_TYPE,CITY_DIVISION_LAPD,CHP_BEAT_CLASS,BEAT_NUMBER,PRIMARY_RD,SECONDARY_RD,DISTANCE,DIRECTION,INTERSECTION,WEATHER_1,WEATHER_2,STATE_HWY_IND,CALTRANS_COUNTY,CALTRANS_DISTRICT,STATE_ROUTE,ROUTE_SUFFIX,POSTMILE_PREFIX,POSTMILE,LOCATION_TYPE,RAMP_INTERSECTION,SIDE_OF_HWY,TOW_AWAY,COLLISION_SEVERITY,NUMBER_KILLED,NUMBER_INJURED,PARTY_COUNT,PRIMARY_COLL_FACTOR,PCF_CODE_OF_VIOL,PCF_VIOL_CATEGORY,PCF_VIOLATION,PCF_VIOL_SUBSECTION,HIT_AND_RUN,TYPE_OF_COLLISION,MVIW,PED_ACTION,ROAD_SURFACE,ROAD_COND_1,ROAD_COND_2,LIGHTING,CONTROL_DEVICE,CHP_ROAD_TYPE,PEDESTRIAN_ACCIDENT,BICYCLE_ACCIDENT,MOTORCYCLE_ACCIDENT,TRUCK_ACCIDENT,NOT_PRIVATE_PROPERTY,ALCOHOL_INVOLVED,STWD_VEHTYPE_AT_FAULT,CHP_VEHTYPE_AT_FAULT,COUNT_SEVERE_INJ,COUNT_VISIBLE_INJ,COUNT_COMPLAINT_PAIN,COUNT_PED_KILLED,COUNT_PED_INJURED,COUNT_BICYCLIST_KILLED,COUNT_BICYCLIST_INJURED,COUNT_MC_KILLED,COUNT_MC_INJURED,PRIMARY_RAMP,SECONDARY_RAMP,LATITUDE,LONGITUDE,COUNTY,CITY,POINT_X,POINT_Y
90696865,2018,2018-04-02,9370,2018-03-23,1118,021573,,5,1,3,0707,0,1,1,,2,083,"I-80 W/B","APPIAN WAY",1950.00,W,N,A,-,Y,,,,,,,,,,Y,4,0,1,3,A,-,07,21658,A,M,B,C,A,A,H,-,A,D,0,,,,,Y,,-,99,0,0,1,0,0,0,0,0,0,"- ","- ",37.593048095703125,-122.18314361572266,"CONTRA COSTA",PINOLE,-122.30846405029297,37.991809844970703
90697242,2018,2018-06-20,9320,2018-03-23,2343,021472,,5,3,9,0700,0,1,3,,2,402,"SR-4 E/B","WILLOW PASS ROAD",68.00,W,N,B,-,Y,,,4,,,,,,E,Y,1,1,2,2,A,-,01,23152,A,N,B,D,A,A,H,-,D,D,0,,,,,Y,Y,A,07,2,0,0,0,0,0,0,0,0,"- ","- ",38.013481140136719,-121.99787139892578,"CONTRA COSTA",UNINCORPORATED,-121.99786376953125,38.013458251953125
90697276,2018,2018-04-03,9320,2018-03-22,0346,021433,,4,3,9,0700,0,1,3,,2,240,"SR-24 W/B","WILDER RD O/C",340.00,W,N,B,C,Y,,,,,,,,,,Y,2,0,1,1,A,-,08,22107,,N,E,I,A,B,H,-,D,D,0,,,,,Y,Y,D,22,1,0,0,0,0,0,0,0,0,"- ","- ",,,"CONTRA COSTA",UNINCORPORATED,,
90697281,2018,2018-04-03,9320,2018-03-19,0815,021203,,1,1,9,0700,0,2,S,,2,080,"SELLERS AVENUE","CONCORD AVENUE",50.00,N,N,A,-,N,,,,,,,,,,N,4,0,1,2,A,-,03,22350,,N,C,C,A,A,H,-,A,D,0,,,,,Y,,A,07,0,0,1,0,0,0,0,0,0,"- ","- ",37.903701782226562,-121.67822265625,"CONTRA COSTA",UNINCORPORATED,-121.67801666259766,37.903816223144531
90697327,2018,2018-04-03,9320,2018-03-15,1443,018803,,4,2,5,0712,0,1,3,,2,241,"SR-24 W/B","EL CURTOLA BLVD",40.00,E,N,C,-,Y,,,,,,,,,,Y,3,0,1,2,A,-,03,22350,,N,C,C,A,B,H,-,A,D,0,,,,,Y,,A,01,0,1,0,0,0,0,0,0,0,"- ","- ",37.898170471191406,-122.08483123779297,"CONTRA COSTA","WALNUT CREEK",,
90697335,2018,2018-04-03,9320,2018-03-20,1610,019238,,2,2,6,0704,0,1,1,,2,681,"I-680 S/B","STONE VALLEY RD U/C",2640.00,S,N,A,-,Y,,,,,,,,,,Y,4,0,2,4,A,-,03,22350,,N,C,C,A,A,H,-,A,D,0,,,,,Y,,A,01,0,0,2,0,0,0,0,0,0,"- ","- ",,,"CONTRA COSTA",CONCORD,,
90697344,2018,2018-04-03,9320,2018-03-20,2040,019238,,2,2,6,0704,0,1,1,,2,683,"I-680 N/B","WILLOW PASS RD",1320.00,S,N,B,C,Y,,,,,,,,,,Y,3,0,1,1,A,-,08,22107,,N,E,J,A,B,H,-,D,D,0,,,,,Y,,D,22,0,1,0,0,0,0,0,0,0,"- ","- ",,,"CONTRA COSTA",CONCORD,-122.05411529541016,37.962871551513672
90697380,2018,2018-04-03,9320,2018-03-21,1540,019238,,3,2,3,0702,0,1,3,,1,406,"SR-4 E/B","SANDCREEK RD U/C",1320.00,E,N,A,-,Y,,,4,,,,,,E,Y,4,0,1,2,A,-,03,22350,,N,C,C,A,A,H,-,A,D,0,,,,,Y,,A,01,0,0,1,0,0,0,0,0,0,"- ","- ",37.942081451416016,-121.74118041992188,"CONTRA COSTA",BRENTWOOD,-121.74083709716797,37.942241668701172
90697436,2018,2018-04-03,9320,2018-03-22,1200,018959,,4,1,3,0715,0,1,3,,2,240,"SR-24 W/B","ACALANES RD.",500.00,W,N,B,-,Y,,,,,,,,,,Y,3,0,1,1,A,-,03,22350,,N,E,I,A,B,H,-,A,D,0,,,,,Y,,A,01,0,1,0,0,0,0,0,0,0,"- ","- ",,,"CONTRA COSTA",LAFAYETTE,-122.15621948242188,37.892509460449219
90697633,2018,2018-04-03,9350,2018-03-27,0930,017201,,2,1,5,0710,0,1,1,,2,115,"I-580 W/B","SAN RAFAEL RICHMOND BRIDGE",564.00,W,N,A,-,Y,,,580,,,,,,W,N,4,0,1,2,A,-,03,22350,,N,C,C,A,A,H,-,A,D,0,,,,,Y,,D,22,0,0,1,0,0,0,0,0,0,"- ","- ",37.932598114013672,-122.40724945068359,"CONTRA COSTA",RICHMOND,-122.40724945068359,37.932605743408203
90697793,2018,2018-04-03,9320,2018-03-27,1835,019866,,2,2,9,0700,0,1,3,,2,160,"SR-160 S/B","OAKLEY RD",580.00,S,N,A,-,Y,,,,,,,,,,Y,4,0,1,1,A,-,01,23152,A,N,E,I,A,A,H,-,A,D,0,,,,,Y,Y,A,01,0,0,1,0,0,0,0,0,0,"- ","- ",37.996158599853516,-121.75602722167969,"CONTRA COSTA",UNINCORPORATED,-121.75609588623047,37.996204376220703
90697857,2018,2018-04-03,9390,2018-03-28,1435,016137,,3,2,4,0790,0,1,1,,2,069,"I-680 NORTHBOUND","SYCAMORE VALLEY ROAD",350.00,S,N,A,-,Y,,,680,,,,,,N,Y,4,0,2,2,A,-,03,22350,,N,C,C,A,A,H,-,A,D,0,,,,,Y,,A,08,0,0,2,0,0,0,0,0,0,"- ","- ",37.818500518798828,-121.99349975585938,"CONTRA COSTA",DANVILLE,-121.99320983886719,37.818496704101562
90698111,2018,2018-04-04,9320,2018-03-27,1250,019283,,2,1,6,0704,0,1,3,,2,402,"SR 4  W/B TO PORT CHICAGO HIGHWAY","PORT CHICAGO HIGHWAY",15.00,E,N,A,-,Y,,,4,,,,R,,W,Y,3,0,1,2,A,-,03,22350,,N,C,C,A,A,H,-,A,A,0,,,,,Y,,A,07,0,1,0,0,0,0,0,0,0,"- ","- ",38.010578155517578,-122.02272796630859,"CONTRA COSTA",CONCORD,-122.02272796630859,38.010578155517578
90698226,2018,2018-04-04,9320,2018-03-26,1720,021455,,1,2,9,0700,0,1,3,,2,403,"SR-4 E/B","WILLOW PASS ROAD",2534.00,E,N,A,-,Y,,,4,,,,,,E,N,4,0,1,4,A,-,03,22350,,N,C,C,A,A,H,-,A,D,0,,,,,Y,,A,07,0,0,1,0,0,0,0,0,0,"- ","- ",38.017410278320312,-121.98988342285156,"CONTRA COSTA",UNINCORPORATED,-121.98989868164062,38.017436981201172
90698256,2018,2018-04-13,9320,2018-03-27,1455,021455,,2,2,6,0704,0,1,1,,2,683,"I-680 N/B","MONUMENT BLVD OVER-CROSSING",4012.00,N,N,A,-,Y,,,680,,,,,,N,Y,2,0,4,2,A,-,08,22107,,N,A,C,A,A,H,-,A,D,0,,,,,Y,,A,07,1,1,2,0,0,0,0,0,0,"- ","- ",37.955810546875,-122.05338287353516,"CONTRA COSTA",CONCORD,-122.05330657958984,37.955772399902344
90698356,2018,2018-04-04,9320,2018-03-28,2105,021949,,3,2,5,0701,0,1,3,,2,404,"SR-4 E/B","A ST.",2112.00,W,N,A,-,Y,,,4,,,,,,E,Y,3,0,3,2,A,-,03,22350,,N,C,C,A,A,H,-,D,D,0,,,,,Y,,A,01,0,1,2,0,0,0,0,0,0,"- ","- ",37.998050689697266,-121.81324005126953,"CONTRA COSTA",ANTIOCH,-121.81324005126953,37.998085021972656
90698415,2018,2018-04-04,9320,2018-03-29,0813,018449,,4,1,9,0700,0,2,4,,2,013,"SAN PABLO DAM RD.","BEAR CREEK RD.",528.00,N,N,A,-,N,,,,,,,,,,N,4,0,2,1,A,-,08,22107,,N,E,I,A,A,H,-,A,D,0,,,,,Y,,A,07,0,0,2,0,0,0,0,0,0,"- ","- ",37.900291442871094,-122.21266937255859,"CONTRA COSTA",UNINCORPORATED,-122.21216583251953,37.900119781494141
90698450,2018,2018-04-04,9320,2018-03-29,1100,020889,,4,1,3,0715,0,1,3,,2,241,"SR-24 W/B","FIRST ST. UNDER CROSSING",95.00,E,N,A,-,Y,,,24,,,,,,W,Y,2,0,1,2,A,-,08,22107,,N,E,I,A,A,H,-,A,D,0,,,,,Y,,A,08,1,0,0,0,0,0,0,0,0,"- ","- ",37.894889831542969,-122.11624145507812,"CONTRA COSTA",LAFAYETTE,-122.11624908447266,37.894966125488281
90698669,2018,2018-04-04,9370,2018-04-03,1738,019160,,2,2,5,0710,0,1,1,,2,083,"I-80 E/B","RICHMOND PARKWAY",1478.00,W,N,A,-,Y,,,80,,,,,,E,Y,4,0,2,3,A,-,03,22350,,N,C,C,A,A,H,-,A,D,0,,,,,Y,,A,01,0,0,2,0,0,0,0,0,0,"- ","- ",37.982490539550781,-122.31616973876953,"CONTRA COSTA",RICHMOND,-122.31623077392578,37.982509613037109
9069908,2020,2020-06-17,0712,2020-02-28,2229,P607,,5,5,5,0712,0,0,0,,0,001,"CALIFORNIA BL","BOTELHO DR",0.00,,Y,A,-,N,,,,,,,,,,,4,0,1,2,A,-,09,21801,A,N,H,C,A,A,H,-,C,A,0,,,,,Y,,A,01,0,0,1,0,0,0,0,0,0,"- ","- ",,,"CONTRA COSTA","WALNUT CREEK",-122.06185150146484,37.894580841064453
9069912,2020,2020-06-09,0712,2020-02-11,1615,P545,,2,5,5,0712,0,0,0,,0,002,"N MAIN ST","TREAT BL",0.00,,Y,A,-,N,,,,,,,,,,,4,0,1,3,A,-,03,22350,,N,C,C,A,A,H,-,A,A,0,,,,,Y,Y,A,01,0,0,1,0,0,0,0,0,0,"- ","- ",,,"CONTRA COSTA","WALNUT CREEK",-122.06256103515625,37.9263916015625
90699143,2018,2018-04-05,9320,2018-04-03,1245,016788,,2,1,9,0700,0,3,5,,2,020,"PINEHURST RD","CANYON RD",7000.00,N,N,A,-,N,,,,,,,,,,Y,3,0,2,1,A,-,08,22107,,N,E,I,A,A,H,-,A,D,0,,,,,Y,,A,01,0,2,0,0,0,0,0,0,0,"- ","- ",37.824981689453125,-122.15926361083984,"CONTRA COSTA",UNINCORPORATED,-122.16559600830078,37.829509735107422
9069920,2020,2020-06-09,0712,2020-02-23,1330,P549,,7,5,5,0712,0,0,0,,0,,"N BROADWAY","CIVIC DR",0.00,,Y,A,-,N,,,,,,,,,,,4,0,1,2,A,-,05,21650,1,N,G,G,B,A,H,-,A,A,0,Y,,,,Y,Y,N,60,0,0,1,0,1,0,0,0,0,"- ","- ",,,"CONTRA COSTA","WALNUT CREEK",-122.06098175048828,37.902561187744141
90699240,2018,2018-04-05,9320,2018-03-18,0340,022013,,7,3,5,0708,0,1,3,,2,404,"SR-4 W/B","HARBOR ST",480.00,E,N,B,-,Y,,,4,,,,,,W,Y,2,0,1,1,A,-,08,22107,,F,F,I,A,A,H,-,C,D,0,,,,,Y,,A,07,1,0,0,0,0,0,0,0,0,"- ","- ",38.014701843261719,-121.87950134277344,"CONTRA COSTA",PITTSBURG,-121.87948608398438,38.014743804931641
90699254,2018,2018-04-05,9320,2018-03-28,1545,019238,,3,2,9,0700,0,1,1,,2,681,"I-680 S/B","LIVORNA RD U/C",100.00,S,N,A,-,Y,,,,,,,,,,Y,3,0,4,3,A,-,03,22350,,N,C,C,A,A,H,-,A,D,0,,,,,Y,,A,08,0,4,0,0,0,0,0,0,0,"- ","- ",,,"CONTRA COSTA",UNINCORPORATED,-122.03529357910156,37.86309814453125
90699316,2018,2018-04-25,9320,2018-03-16,0945,017906,,5,1,9,0700,0,1,1,,2,684,"I-680 N/B","MOCOCCO RD U/C",1056.00,N,N,B,-,Y,,,,,,,,,,N,4,0,1,2,A,-,03,22350,,N,C,C,A,B,H,-,A,D,0,,,,,Y,,A,01,0,0,1,0,0,0,0,0,0,"- ","- ",,,"CONTRA COSTA",UNINCORPORATED,-122.11585235595703,38.028350830078125
90699398,2018,2018-04-05,9320,2018-03-21,0420,022013,,3,3,3,0792,0,1,3,,2,241,"SR-24 W/B","WILDER RD",1848.00,E,N,B,C,Y,,,24,,,,,,W,Y,4,0,1,2,A,-,03,22350,,N,C,C,A,B,H,-,D,D,0,,,,,Y,,D,22,0,0,1,0,0,0,0,0,0,"- ","- ",37.872798919677734,-122.189697265625,"CONTRA COSTA",ORINDA,-122.18965911865234,37.872756958007812
90699558,2018,2018-04-05,9320,2018-03-16,0850,016094,,5,1,5,0712,0,1,1,,2,682,"I-680 (S/B)","OAK PARK BLVD",30.00,S,N,C,-,Y,,,,,,,,,,Y,3,0,1,3,A,-,03,22350,,N,C,C,A,B,H,-,A,D,0,,,,,Y,,A,01,0,1,0,0,0,0,0,0,0,"- ","- ",,,"CONTRA COSTA","WALNUT CREEK",-122.06034851074219,37.933296203613281
90699564,2018,2018-04-05,9320,2018-03-30,1520,019866,,5,2,6,0704,0,1,3,,2,402,"SR-4 E/B TO SR-242 S/B",SR-4,300.00,S,N,A,-,Y,,,4,,,,R,,E,N,4,0,1,2,A,-,03,22350,,N,C,C,A,A,H,-,A,D,0,,,,,Y,,A,08,0,0,1,0,0,0,0,0,0,"- ","- ",38.003829956054688,-122.03804779052734,"CONTRA COSTA",CONCORD,-122.03804779052734,38.003829956054688
90699601,2018,2018-04-05,9320,2018-03-30,0420,021433,,5,3,4,0709,0,1,1,,2,682,"I-680 N/B","OAK PARK BLVD",730.00,N,N,A,-,Y,,,,,,,,,,Y,3,0,1,2,A,-,08,22107,,N,B,C,A,A,H,-,C,D,0,,,,,Y,,-,99,0,1,0,0,0,0,0,0,0,"- ","- ",,,"CONTRA COSTA","PLEASANT HILL",-122.06008148193359,37.935337066650391
90699684,2018,2018-04-05,9320,2018-03-30,1956,019759,,5,2,9,0700,0,2,4,,2,093,"CAMINO DIABLO","MCCABE DR.",365.00,W,N,A,-,N,,,,,,,,,,Y,2,0,6,2,A,-,09,21801,A,N,D,C,A,A,H,-,D,D,0,,,,,Y,,A,07,1,1,4,0,0,0,0,0,0,"- ","- ",37.867458343505859,-121.64621734619141,"CONTRA COSTA",UNINCORPORATED,-121.64619445800781,37.867481231689453
90699751,2018,2018-04-05,9320,2018-03-31,1500,017211,,6,2,3,0706,0,1,1,,2,180,"INTERSTATE 80 E/B","WILLOW AVENUE",2025.00,W,N,A,-,Y,,,,,,,,,,Y,4,0,3,2,A,-,03,22350,,N,C,C,A,A,H,-,A,D,0,,,,,Y,,A,07,0,0,3,0,0,0,0,0,0,"- ","- ",37.997119903564453,-122.28633880615234,"CONTRA COSTA",HERCULES,-122.27261352539062,38.011440277099609
90699995,2018,2018-04-06,9370,2018-03-28,2005,021787,,3,2,5,0710,0,1,1,,2,082,"I-80 E/B","POTRERO AVENUE",300.00,W,N,A,-,Y,,,80,,,,,,E,Y,3,0,1,2,A,-,07,21658,A,N,B,C,A,A,H,-,D,D,0,,,,,Y,,A,01,0,1,0,0,0,0,0,0,0,"- ","- ",37.919998168945312,-122.31752777099609,"CONTRA COSTA",RICHMOND,-122.31748199462891,37.920009613037109
90700086,2018,2018-04-06,9320,2018-03-28,0640,016788,,3,1,3,0707,0,1,1,,2,180,"I-80 W/B","PINOLE VALLEY RD U/C",1200.00,E,N,A,-,Y,,,,,,,,,,Y,4,0,1,2,A,-,03,22350,,N,C,C,A,A,H,-,B,D,0,,,,,Y,,A,01,0,0,1,0,0,0,0,0,0,"- ","- ",,,"CONTRA COSTA",PINOLE,-122.28364562988281,37.999820709228516
90700231,2018,2018-04-06,9320,2018-03-30,1625,019759,,5,2,5,0701,0,1,3,,2,405,"SR-4 E/B FROM LAUREL RD.","LAUREL RD.",200.00,W,N,A,-,Y,,,4,,,,R,,E,Y,4,0,2,2,A,-,03,22350,,N,C,C,A,A,H,-,A,D,0,,,,,Y,,A,01,0,0,2,0,0,0,0,0,0,"- ","- ",37.979339599609375,-121.74520874023438,"CONTRA COSTA",ANTIOCH,-121.74520874023438,37.979339599609375
90700506,2018,2018-04-06,9320,2018-03-30,1315,021546,,5,1,9,0700,0,3,5,,2,020,"PINEHURST RD","REDWOOD RD",10560.00,E,N,A,-,N,,,,,,,,,,Y,4,0,1,2,A,-,05,21460,A,N,A,C,A,A,H,-,A,D,0,,,,,Y,,A,07,0,0,1,0,0,0,0,0,0,"- ","- ",37.798599243164062,-122.13716888427734,"CONTRA COSTA",UNINCORPORATED,-122.14205169677734,37.810142517089844
90700547,2018,2018-04-06,9320,2018-03-31,2130,020834,,6,2,3,0702,0,1,3,,2,405,"SR-4 W/B","SAND CREEK RD",1200.00,W,N,A,-,Y,,,4,,,,,,W,N,4,0,1,2,A,-,03,22350,,N,C,C,A,A,H,-,D,D,0,,,,,Y,,A,01,0,0,1,0,0,0,0,0,0,"- ","- ",37.950469970703125,-121.74482727050781,"CONTRA COSTA",BRENTWOOD,-121.74440002441406,37.950519561767578
90700667,2018,2018-04-09,9370,2018-03-25,0113,021519,,7,3,5,0710,0,1,1,,2,082,"I-80 E/B FROM SAN PABLO AVE","SAN PABLO AVE",30.00,E,N,A,-,Y,,,80,,,,R,,E,Y,4,0,1,1,A,-,08,22107,,N,E,I,A,A,H,-,C,D,0,,,,,Y,,A,01,0,0,1,0,0,0,0,0,0,"- ","- ",37.937240600585938,-122.32578277587891,"CONTRA COSTA",RICHMOND,-122.32578277587891,37.937240600585938
90700671,2018,2018-04-09,9320,2018-03-28,0715,019283,,3,1,4,0714,0,1,1,,2,684,"I-680 S/B","MOCOCO RD. U/C",4224.00,N,N,A,-,Y,,,,,,,,,,Y,3,0,1,2,A,-,07,21658,A,N,B,C,A,A,H,-,A,D,0,,,,Y,Y,,A,01,0,1,0,0,0,0,0,0,0,"- ","- ",38.043830871582031,-122.12548065185547,"CONTRA COSTA",MARTINEZ,-122.11933898925781,38.036087036132812
90700686,2018,2018-04-09,9320,2018-04-02,1140,017219,,1,1,5,0701,0,1,3,,2,404,"WB SR-4","HILLCREST AVE",4224.00,E,N,A,-,Y,,,4,,,,,,,Y,4,0,1,1,A,-,08,22107,,N,E,I,A,A,H,-,A,D,0,,,,,Y,,A,01,0,0,1,0,0,0,0,0,0,"- ","- ",37.99346923828125,-121.76970672607422,"CONTRA COSTA",ANTIOCH,-121.76972198486328,37.993442535400391
90700692,2018,2018-04-09,9320,2018-04-01,1930,021088,,7,2,9,0700,0,2,4,,2,074,"DEER VALLEY ROAD S/B","MARSH CREEK ROAD",8448.00,N,N,A,-,N,,,,,,,,,,Y,2,0,1,1,A,-,03,22350,,N,F,A,A,A,H,-,B,D,0,,,Y,,Y,,C,02,1,0,0,0,0,0,0,0,1,"- ","- ",37.898841857910156,-121.76477813720703,"CONTRA COSTA",UNINCORPORATED,-121.76454925537109,37.901058197021484
90700739,2018,2018-04-09,9320,2018-04-05,1230,020295,,4,1,9,0700,0,1,3,,2,402,"SR-4 E/B","PERALTA ROAD",80.00,E,N,A,-,Y,,,,,,,,,,N,4,0,1,3,A,-,03,22350,,N,C,C,A,A,H,-,A,D,0,,,,,Y,,A,01,0,0,1,0,0,0,0,0,0,"- ","- ",,,"CONTRA COSTA",UNINCORPORATED,-122.04731750488281,38.002311706542969
90700754,2018,2018-04-09,9320,2018-04-06,0745,020889,,5,1,9,0700,0,1,1,,2,684,"I-680 N/B","MOCOCO RD. UNDER CROSSING",1320.00,N,N,C,-,Y,,,,,,,,,,Y,4,0,1,1,A,-,08,22107,,N,E,I,A,B,H,-,A,D,0,,,,,Y,,A,01,0,0,1,0,0,0,0,0,0,"- ","- ",38.028961181640625,-122.11643981933594,"CONTRA COSTA",UNINCORPORATED,,
90700762,2018,2018-04-09,9320,2018-04-06,1930,021546,,5,2,3,0792,0,1,3,,2,241,"SR-24 W/B","PLEASANT HILL RD U/C",200.00,W,N,C,-,Y,,,,,,,,,,Y,4,0,1,2,A,-,03,22350,,N,D,C,A,B,H,-,C,D,0,,,,,Y,,A,01,0,0,1,0,0,0,0,0,0,"- ","- ",,,"CONTRA COSTA",ORINDA,-122.09664916992188,37.897899627685547
90700769,2018,2018-04-09,9320,2018-04-06,0807,020295,,5,1,9,0700,0,1,1,,2,683,"I-680 N/B",SR-4,200.00,N,N,B,C,Y,,,680,,,,,,N,Y,4,0,3,2,A,-,07,21658,A,N,D,C,A,B,H,-,A,D,0,,,,,Y,,A,01,0,0,3,0,0,0,0,0,0,"- ","- ",37.99578857421875,-122.07099914550781,"CONTRA COSTA",UNINCORPORATED,-122.07108306884766,37.995685577392578
90700770,2018,2018-04-09,9320,2018-03-29,1918,021949,,4,2,9,0700,0,1,3,,2,403,"SR-4 W/B TO BAILEY RD. NORTH","BAILEY RD. NORTH",340.00,E,N,A,-,Y,,,4,,,,R,,W,Y,4,0,1,3,A,-,03,22350,,N,C,C,A,A,H,-,D,D,0,,,,,Y,,A,01,0,0,1,0,0,0,0,0,0,"- ","- ",38.019371032714844,-121.94056701660156,"CONTRA COSTA",UNINCORPORATED,-121.94056701660156,38.019371032714844
90700775,2018,2018-04-09,9320,2018-03-31,2334,021433,,6,3,9,0700,0,2,4,,2,072,"BAILEY RD N/B","CANAL RD",30.00,N,N,A,-,Y,,,,,,,,,,N,2,0,1,2,A,-,11,21950,B,N,G,B,D,A,H,-,C,A,0,Y,,,,Y,Y,N,60,1,0,0,0,1,0,0,0,0,"- ","- ",38.020359039306641,-121.94178771972656,"CONTRA COSTA",UNINCORPORATED,-121.94185638427734,38.021640777587891
90700776,2018,2018-04-09,9320,2018-03-31,0028,021710,,6,3,9,0700,0,1,3,,2,402,"SR-4 W/B","PORT CHICAGO HWY.",1850.00,W,N,A,-,Y,,,,,,,,,,N,3,0,1,1,A,-,08,22107,,N,F,A,A,A,H,-,D,D,0,,,,,Y,,A,07,0,1,0,0,0,0,0,0,0,"- ","- ",38.009140014648438,-122.0281982421875,"CONTRA COSTA",UNINCORPORATED,-122.02915191650391,38.008888244628906
90700788,2018,2018-04-09,9320,2018-04-01,0913,018449,,7,1,5,0712,0,1,1,,2,681,"I-680 S/B","S. MAIN ST.",425.00,N,N,A,-,Y,,,680,,,,,,S,Y,3,0,1,2,A,-,01,23152,G,N,F,A,A,A,H,-,A,D,0,,,,,Y,Y,D,22,0,1,0,0,0,0,0,0,0,"- ","- ",37.886810302734375,-122.05629730224609,"CONTRA COSTA","WALNUT CREEK",-122.05635070800781,37.886772155761719
90700894,2018,2018-04-09,9370,2018-04-01,1115,019815,,7,1,9,0700,0,1,3,,2,023,"SR-24 W/B BORE #4","KAY STREET",2000.00,E,N,A,-,Y,,,24,,,,,,W,Y,4,0,1,2,A,-,03,22350,,N,C,C,A,A,H,-,C,D,0,,,,,Y,,A,01,0,0,1,0,0,0,0,0,0,"- ","- ",37.859050750732422,-122.21204376220703,"CONTRA COSTA",UNINCORPORATED,,
90701073,2018,2018-04-09,9320,2018-03-26,2320,021164,,1,3,9,0700,0,2,4,,2,073,"KIRKER PASS ROAD S/B","HESS ROAD",715.00,N,N,A,-,N,,,,,,,,,,Y,3,0,1,1,A,-,08,22107,,N,E,I,A,A,H,-,D,D,0,,,,,Y,,A,01,0,1,0,0,0,0,0,0,0,"- ","- ",37.963600158691406,-122.92819976806641,"CONTRA COSTA",UNINCORPORATED,-121.92811584472656,37.963668823242188
90701161,2018,2018-04-09,9320,2018-03-27,0346,021440,,2,3,9,0700,0,1,3,,2,402,"SR-4 E/B","PORT CHICAGO HWY U/C",1508.00,W,N,A,-,Y,,,,,,,,,,Y,2,0,1,1,A,-,08,22107,,N,F,J,A,A,H,-,C,D,0,,,,,Y,,D,22,1,0,0,0,0,0,0,0,0,"- ","- ",38.008560180664062,-122.02704620361328,"CONTRA COSTA",UNINCORPORATED,-122.02796173095703,38.008697509765625
90701320,2018,2018-04-09,9320,2018-04-05,0915,020295,,4,1,9,0700,0,1,3,,2,402,"SR-4 W/B",I-680,250.00,E,N,A,-,Y,,,,,,,,,,Y,4,0,1,2,A,-,08,22107,,N,D,C,A,A,H,-,A,D,0,,,,Y,Y,,A,01,0,0,1,0,0,0,0,0,0,"- ","- ",,,"CONTRA COSTA",UNINCORPORATED,-122.06987762451172,37.994670867919922
90701325,2018,2018-04-09,9320,2018-04-05,0625,020295,,4,1,9,0700,0,1,1,,2,683,"I-680 S/B","PACHECO BLVD.",50.00,N,N,A,-,Y,,,,,,,,,,Y,4,0,1,2,A,-,07,21658,A,N,B,C,A,A,H,-,B,D,0,,,,Y,Y,,G,25,0,0,1,0,0,0,0,0,0,"- ","- ",,,"CONTRA COSTA",UNINCORPORATED,,
90701376,2018,2018-04-09,9320,2018-04-06,1735,021088,,5,2,9,0700,0,1,3,,2,403,"SR-4 E/B","SAN MARCO BLVD",2640.00,E,N,C,-,Y,,,,,,,,,,N,4,0,2,2,A,-,03,22350,,N,C,C,A,B,H,-,A,D,0,,,,,Y,,A,07,0,0,2,0,0,0,0,0,0,"- ","- ",38.021099090576172,-122.95702362060547,"CONTRA COSTA",UNINCORPORATED,-121.96572113037109,38.022769927978516
90701390,2018,2018-04-12,9320,2018-04-06,1340,021455,,5,1,9,0700,0,1,1,,2,681,"I-680 S/B","LIVORNA ROAD UNDER-CROSSING",4170.00,N,N,C,-,Y,,,680,,,,,,S,Y,4,0,1,3,A,-,03,22350,,N,C,C,A,B,H,-,A,D,0,,,,,Y,,A,01,0,0,1,0,0,0,0,0,0,"- ","- ",37.872909545898438,-122.04364776611328,"CONTRA COSTA",UNINCORPORATED,-122.04360961914062,37.872940063476562
90701546,2018,2018-05-07,9370,2018-03-30,1300,021743,,5,1,5,0710,0,1,1,,2,082,"I-80 E/B","CARLSON BLVD",970.00,W,N,A,-,Y,,,,,,,,,,Y,4,0,1,2,D,-,00,,,N,C,C,A,A,H,-,A,D,0,,,,,Y,,-,"- ",0,0,1,0,0,0,0,0,0,"- ","- ",37.542980194091797,-122.18567657470703,"CONTRA COSTA",RICHMOND,-122.31733703613281,37.913524627685547