CASE_ID,ACCIDENT_YEAR,PROC_DATE,JURIS,COLLISION_DATE,COLLISION_TIME,OFFICER_ID,REPORTING_DISTRICT,DAY_OF_WEEK,CHP_SHIFT,POPULATION,CNTY_CITY_LOC,SPECIAL_COND,BEAT_TYPE,CHP_BEAT_TYPE,CITY_DIVISION_LAPD,CHP_BEAT_CLASS,BEAT_NUMBER,PRIMARY_RD,SECONDARY_RD,DISTANCE,DIRECTION,INTERSECTION,WEATHER_1,WEATHER_2,STATE_HWY_IND,CALTRANS_COUNTY,CALTRANS_DISTRICT,STATE_ROUTE,ROUTE_SUFFIX,POSTMILE_PREFIX,POSTMILE,LOCATION_TYPE,RAMP_INTERSECTION,SIDE_OF_HWY,TOW_AWAY,COLLISION_SEVERITY,NUMBER_KILLED,NUMBER_INJURED,PARTY_COUNT,PRIMARY_COLL_FACTOR,PCF_CODE_OF_VIOL,PCF_VIOL_CATEGORY,PCF_VIOLATION,PCF_VIOL_SUBSECTION,HIT_AND_RUN,TYPE_OF_COLLISION,MVIW,PED_ACTION,ROAD_SURFACE,ROAD_COND_1,ROAD_COND_2,LIGHTING,CONTROL_DEVICE,CHP_ROAD_TYPE,PEDESTRIAN_ACCIDENT,BICYCLE_ACCIDENT,MOTORCYCLE_ACCIDENT,TRUCK_ACCIDENT,NOT_PRIVATE_PROPERTY,ALCOHOL_INVOLVED,STWD_VEHTYPE_AT_FAULT,CHP_VEHTYPE_AT_FAULT,COUNT_SEVERE_INJ,COUNT_VISIBLE_INJ,COUNT_COMPLAINT_PAIN,COUNT_PED_KILLED,COUNT_PED_INJURED,COUNT_BICYCLIST_KILLED,COUNT_BICYCLIST_INJURED,COUNT_MC_KILLED,COUNT_MC_INJURED,PRIMARY_RAMP,SECONDARY_RAMP,LATITUDE,LONGITUDE,COUNTY,CITY,POINT_X,POINT_Y
90701556,2018,2018-04-09,9320,2018-04-07,0117,020295,,6,3,9,0700,0,1,1,,2,683,"I-680 N/B",SR-242,2640.00,S,N,A,-,Y,,,,,,,,,,N,4,0,1,2,A,-,07,21658,A,M,B,C,A,A,H,-,A,D,0,,,,,Y,,-,99,0,0,1,0,0,0,0,0,0,"- ","- ",,,"CONTRA COSTA",UNINCORPORATED,-122.05500030517578,37.952095031738281
90701584,2018,2018-04-09,9320,2018-04-07,0752,020889,,6,1,9,0700,0,1,3,,2,401,"SR-4 E/B","ALHAMBRA AVE",6916.00,W,N,B,-,Y,,,4,,,,,,E,Y,4,0,1,1,A,-,03,22350,,N,E,I,A,B,H,-,A,D,0,,,,,Y,,A,01,0,0,1,0,0,0,0,0,0,"- ","- ",37.999420166015625,-122.14689636230469,"CONTRA COSTA",UNINCORPORATED,-122.14695739746094,37.999366760253906
90701611,2018,2018-04-09,9320,2018-04-06,2105,020981,,5,2,9,0700,0,2,4,,2,031,"SAN PABLO AVENUE","REFINERY ROAD",950.00,N,N,C,-,N,,,,,,,,,,Y,4,0,1,1,A,-,01,23152,A,N,E,I,A,B,H,-,C,D,0,,,,,Y,Y,A,07,0,0,1,0,0,0,0,0,0,"- ","- ",38.045890808105469,-122.25772094726562,"CONTRA COSTA",UNINCORPORATED,-122.25788879394531,38.045921325683594
90701613,2018,2018-04-09,9320,2018-04-07,0132,021710,,6,3,9,0700,0,1,1,,2,684,"I-680 N/B","MOCOCO ROAD",1400.00,N,N,C,-,Y,,,,,,,,,,Y,4,0,3,3,A,-,03,22350,,N,C,C,A,B,H,-,C,D,0,,,,,Y,,A,01,0,0,3,0,0,0,0,0,0,"- ","- ",38.029060363769531,-122.11624908447266,"CONTRA COSTA",UNINCORPORATED,-122.11639404296875,38.029186248779297
90702076,2018,2018-04-10,9320,2018-03-27,1622,018803,,2,2,9,0700,0,1,3,,2,402,"SR-4 E/B","PORT CHICAGO HIGHWAY",1056.00,E,N,A,-,Y,,,,,,,,,,Y,3,0,4,4,A,-,07,21658,A,N,B,C,A,A,H,-,A,D,0,,,,Y,Y,,A,01,0,2,2,0,0,0,0,0,0,"- ","- ",38.009960174560547,-122.01857757568359,"CONTRA COSTA",UNINCORPORATED,-122.01921844482422,38.010044097900391
90702129,2018,2018-04-10,9320,2018-03-29,1350,018803,,4,1,9,0700,0,3,5,,2,060,"OLYMPIC BOULEVARD","BRIDGEVIEW ROAD",176.00,E,N,A,-,N,,,,,,,,,,Y,4,0,1,1,A,-,08,22107,,N,E,I,A,A,H,-,A,D,0,,,,,Y,,A,07,0,0,1,0,0,0,0,0,0,"- ","- ",37.884281158447266,-122.08305358886719,"CONTRA COSTA",UNINCORPORATED,-122.08309173583984,37.884227752685547
90702163,2018,2018-04-10,9320,2018-04-01,0235,020984,,7,3,3,0715,0,1,3,,2,241,"SR-24 E/B","ACALANES RD",200.00,E,N,A,-,Y,,,24,,,,,,E,N,4,0,1,2,A,-,01,23152,A,N,B,C,A,A,H,-,C,D,0,,,,,Y,Y,A,01,0,0,1,0,0,0,0,0,0,"- ","- ",37.891700744628906,-122.15350341796875,"CONTRA COSTA",LAFAYETTE,-122.15350341796875,37.891696929931641
90702198,2018,2018-04-10,9320,2018-04-02,0640,016788,,1,1,9,0700,0,1,1,,2,681,"I-680 S/B","LIVORNA RD U/C",528.00,S,N,A,-,Y,,,,,,,,,,Y,4,0,1,2,A,-,07,21658,A,N,B,C,A,A,H,-,B,D,0,,,,,Y,,A,01,0,0,1,0,0,0,0,0,0,"- ","- ",,,"CONTRA COSTA",UNINCORPORATED,-122.03424072265625,37.862270355224609
90702257,2018,2018-04-10,9320,2018-04-05,1545,021455,,4,2,9,0700,0,3,5,,2,060,"OLYMPIC BOULEVARD E/B","N. VILLA WAY",92.00,E,N,B,-,N,,,,,,,,,,Y,4,0,1,1,A,-,01,23152,A,N,E,J,A,A,H,-,A,D,0,,,,,Y,Y,A,07,0,0,1,0,0,0,0,0,0,"- ","- ",37.890731811523438,-122.06826782226562,"CONTRA COSTA",UNINCORPORATED,-122.06840515136719,37.890617370605469
90702316,2018,2018-04-10,9320,2018-04-07,0535,020295,,6,3,5,0701,0,1,3,,2,404,"SR-4 W/B","HILLCREST AVE.",350.00,W,N,B,C,Y,,,,,,,,,,Y,4,0,1,2,A,-,07,21658,A,N,B,C,A,B,H,-,C,D,0,,,,,Y,,A,01,0,0,1,0,0,0,0,0,0,"- ","- ",,,"CONTRA COSTA",ANTIOCH,-121.78662872314453,37.996559143066406
90703076,2018,2018-04-11,9320,2018-03-14,0617,017906,,3,1,9,0700,0,1,3,,2,401,"SR-4 E/B","MCEWEN RD",1056.00,E,N,B,C,Y,,,,,,,,,,Y,4,0,1,4,D,-,00,,,N,C,C,A,B,H,-,B,D,0,,,,,Y,,-,"- ",0,0,1,0,0,0,0,0,0,"- ","- ",,,"CONTRA COSTA",UNINCORPORATED,-122.17486572265625,38.012962341308594
90703103,2018,2018-04-11,9320,2018-04-01,2335,021710,,7,3,9,0700,0,1,1,,2,681,"I-680 N/B","EL PINTADO ROAD",1000.00,N,N,A,-,Y,,,,,,,,,,Y,4,0,1,1,A,-,01,23152,A,N,E,I,A,A,H,-,D,D,0,,,,,Y,Y,A,01,0,0,1,0,0,0,0,0,0,"- ","- ",37.836750030517578,-122.01197814941406,"CONTRA COSTA",UNINCORPORATED,-122.01174926757812,37.836639404296875
90703108,2018,2018-04-11,9320,2018-04-02,2240,020981,,1,3,6,0704,0,1,3,,2,242,"SR-242 S/B","CLAYTON ROAD",1320.00,S,N,A,-,Y,,,242,,,,,,S,Y,4,0,2,2,A,-,03,22350,,N,C,C,A,A,D,E,D,D,0,,,,,Y,,A,01,0,0,2,0,0,0,0,0,0,"- ","- ",37.966579437255859,-122.04904937744141,"CONTRA COSTA",CONCORD,-122.04892730712891,37.966518402099609
90703110,2018,2018-04-11,9320,2018-04-02,1605,019238,,1,2,9,0700,0,1,1,,2,681,"I-680 S/B","STONE VALLEY RD U/C",1320.00,N,N,A,-,Y,,,,,,,,,,Y,4,0,1,3,A,-,03,22350,,N,C,C,A,A,H,-,A,D,0,,,,,Y,,A,01,0,0,1,0,0,0,0,0,0,"- ","- ",,,"CONTRA COSTA",UNINCORPORATED,,
90703171,2018,2018-04-11,9320,2018-04-03,1630,019866,,2,2,9,0700,0,3,5,,2,040,"PACHECO BLVD","WYGAL DR",0.00,,Y,A,-,N,,,,,,,,,,Y,4,0,1,2,A,-,12,21453,A,N,D,C,A,A,H,-,A,A,0,,,,,Y,,A,07,0,0,1,0,0,0,0,0,0,"- ","- ",38.012138366699219,-122.10565185546875,"CONTRA COSTA",UNINCORPORATED,-122.10556030273438,38.012149810791016
9070318,2019,2020-03-19,0701,2019-11-05,0045,5844,509,2,5,5,0701,0,0,0,,0,005,"DALLAS RANCH RD","PREWETT RANCH DR",393.00,N,N,A,-,N,,,,,,,,,,N,3,0,1,1,A,-,03,22350,,M,A,I,A,A,H,-,C,D,0,,,,,Y,,A,01,0,1,0,0,0,0,0,0,0,"- ","- ",,,"CONTRA COSTA",ANTIOCH,-121.79709625244141,37.960819244384766
90703200,2018,2018-04-11,9320,2018-04-06,1010,021373,,5,1,3,0792,0,1,3,,2,240,"SR-24 EB","WILDER RD.",500.00,E,N,C,-,Y,,,24,,,,,,E,Y,3,0,1,1,A,-,03,22350,,N,E,I,A,B,H,-,A,D,0,,,,,Y,,A,01,0,1,0,0,0,0,0,0,0,"- ","- ",37.868450164794922,-122.19445037841797,"CONTRA COSTA",ORINDA,-122.19462585449219,37.868679046630859
90703204,2018,2018-04-11,9320,2018-01-03,1005,017271,,3,1,5,0712,0,1,1,,2,682,"NORTH MAIN ST ON TO I-680 N/B","PENNIMAN WAY",448.00,N,N,A,B,Y,,,,,,,,,,Y,1,1,1,1,A,-,08,22107,,N,E,I,A,A,H,-,A,D,0,,,,,Y,,A,01,1,0,0,0,0,0,0,0,0,"- ","- ",37.917018890380859,-122.06394195556641,"CONTRA COSTA","WALNUT CREEK",,
90703637,2018,2018-04-11,9320,2018-04-09,0907,017219,,1,1,9,0700,0,1,3,,2,403,"SR-4 W/B","BAILEY RD",2700.00,W,N,A,-,Y,,,4,,,,,,W,N,4,0,2,6,A,-,03,22350,,N,C,C,A,A,H,-,A,D,0,,,,,Y,,A,07,0,0,2,0,0,0,0,0,0,"- ","- ",38.020378112792969,-121.95301818847656,"CONTRA COSTA",UNINCORPORATED,-121.95299530029297,38.020477294921875
90703678,2018,2018-04-11,9320,2018-04-06,1740,019759,,5,2,9,0700,0,2,4,,2,073,"KIRKER PASS RD. N/B","HESS RD.",300.00,N,N,C,-,N,,,,,,,,,,Y,4,0,1,1,A,-,08,22107,,N,F,I,A,B,H,-,A,D,0,,,,,Y,,A,07,0,0,1,0,0,0,0,0,0,"- ","- ",37.96234130859375,-121.92836761474609,"CONTRA COSTA",UNINCORPORATED,-121.92892456054688,37.962738037109375
90704216,2018,2018-04-12,9390,2018-03-30,0725,017966,,5,1,4,0791,0,1,1,,2,068,"I-680 NORTHBOUND","BOLLINGER CANYON ROAD",3168.00,S,N,A,-,Y,,,680,,,,,,N,Y,4,0,1,3,A,-,03,22350,,N,C,C,A,A,H,-,A,D,0,,,,,Y,,A,01,0,0,1,0,0,0,0,0,0,"- ","- ",37.755130767822266,-121.96212005615234,"CONTRA COSTA","SAN RAMON",-121.96212768554688,37.755126953125
90704282,2018,2018-04-12,9390,2018-04-06,1745,015650,,5,2,4,0791,0,1,1,,2,068,"I-680 S/B","BOLLINGER CANYON RD.",1056.00,N,N,B,C,Y,,,680,,,,,,S,Y,4,0,1,2,A,-,03,22350,,N,C,C,A,A,H,-,A,D,0,,,,,Y,,A,01,0,0,1,0,0,0,0,0,0,"- ","- ",37.762969970703125,-121.96739196777344,"CONTRA COSTA","SAN RAMON",-121.96745300292969,37.762928009033203
90704563,2018,2018-04-12,9320,2018-04-04,1808,019759,,3,2,3,0702,0,1,3,,1,406,"SR-4 E/B","SAND CREEK BRIDGE",250.00,W,N,A,-,Y,,,4,,,,,,E,Y,2,0,1,1,A,-,01,23152,A,N,E,I,A,A,H,-,A,D,0,,,,,Y,Y,A,01,1,0,0,0,0,0,0,0,0,"- ","- ",37.947181701660156,-121.74324035644531,"CONTRA COSTA",BRENTWOOD,-121.74314117431641,37.947231292724609
90704875,2018,2018-04-13,9320,2018-04-03,2315,022013,,2,3,6,0704,0,1,3,,2,402,"SR-4 W/B","KINNE BLVD",100.00,E,N,A,-,Y,,,4,,,,,,W,Y,4,0,1,1,A,-,08,22107,,N,E,I,A,A,H,-,D,D,0,,,,,Y,,A,01,0,0,1,0,0,0,0,0,0,"- ","- ",38.011581420898438,-122.01167297363281,"CONTRA COSTA",CONCORD,-122.01167297363281,38.011615753173828
90704879,2018,2018-04-13,9320,2018-03-30,0745,017271,,5,1,5,0712,0,1,1,,2,682,"I-680 S/B","OAK PARK BLVD O/C",1500.00,N,N,A,B,Y,,,,,,,,,,N,3,0,1,1,A,-,03,22350,,N,F,A,A,A,H,-,A,D,0,,,Y,,Y,,C,02,0,1,0,0,0,0,0,0,1,"- ","- ",37.937278747558594,-122.06044006347656,"CONTRA COSTA","WALNUT CREEK",-122.06045532226562,37.9375
90704955,2018,2018-04-13,9320,2018-04-10,2310,018525,,2,3,9,0700,0,3,5,,2,090,"BALFOUR RD","SELLERS AVE",5280.00,E,N,A,-,N,,,,,,,,,,N,4,0,1,2,A,-,03,22350,,M,B,G,A,A,H,-,D,D,0,,Y,,,Y,,-,99,0,0,1,0,0,0,1,0,0,"- ","- ",37.925529479980469,-121.65805816650391,"CONTRA COSTA",UNINCORPORATED,-121.65962982177734,37.925552368164062
90704980,2018,2018-04-13,9320,2018-04-10,1330,019866,,2,1,6,0704,0,1,3,,2,242,"SR-242 N/B TO GRANT ST","GRANT ST",40.00,S,N,A,-,Y,,,242,,,,R,,N,Y,4,0,1,3,A,-,03,22350,,M,C,C,A,A,H,-,A,A,0,,,,,Y,,A,01,0,0,1,0,0,0,0,0,0,"- ","- ",37.987579345703125,-122.0400390625,"CONTRA COSTA",CONCORD,-122.0400390625,37.987579345703125
90705118,2018,2018-04-13,9320,2018-04-10,1700,019866,,2,2,6,0704,0,1,3,,2,242,"SR-242 N/B","CONCORD AVE",2112.00,S,N,A,-,Y,,,242,,,,,,N,N,4,0,1,2,A,-,03,22350,,N,C,C,A,A,H,-,A,D,0,,,,,Y,,A,01,0,0,1,0,0,0,0,0,0,"- ","- ",37.973438262939453,-122.04609680175781,"CONTRA COSTA",CONCORD,-122.04635620117188,37.973575592041016
90705149,2018,2018-04-13,9320,2018-04-11,0725,016503,,3,1,5,0708,0,1,3,,2,404,"SR-4 W/B","LOVERIDGE RD. O/C",528.00,E,N,A,-,Y,,,4,,,,,,W,Y,3,0,5,3,A,-,03,22350,,N,C,C,A,A,H,-,A,D,0,,,,,Y,,D,22,0,5,0,0,0,0,0,0,0,"- ","- ",38.011199951171875,-121.86361694335938,"CONTRA COSTA",PITTSBURG,-121.86365509033203,38.011039733886719
90705402,2018,2018-04-23,9320,2018-04-11,0748,017219,,3,1,9,0700,0,2,4,,2,077,"MARSH CREEK RD","BRAGDON WY",480.00,W,N,A,-,N,,,,,,,,,,Y,4,0,3,3,A,-,03,22350,,N,C,C,A,A,H,-,A,D,0,,,,,Y,,A,01,0,0,3,0,0,0,0,0,0,"- ","- ",37.897079467773438,-121.85961151123047,"CONTRA COSTA",UNINCORPORATED,-121.85958099365234,37.897048950195312
90705418,2018,2018-04-13,9370,2018-04-10,2140,020815,,2,2,3,0705,0,1,1,,2,082,"I-80 W/B FROM POTRERO AVENUE","PORTRERO AVENUE",810.00,W,N,A,-,Y,,,80,,,,R,,W,Y,4,0,1,2,A,-,03,22350,,N,C,C,A,A,H,-,C,D,0,,,,,Y,,A,01,0,0,1,0,0,0,0,0,0,"- ","- ",37.918109893798828,-122.31768798828125,"CONTRA COSTA","EL CERRITO",-122.31768798828125,37.918109893798828
90705463,2018,2018-04-16,9320,2018-03-30,0148,021293,,5,3,6,0704,0,1,3,,2,242,"SR242 NORTHBOUND","CLAYTON RD UNDERCROSSING",200.00,S,N,A,-,Y,,,242,,,,,,N,Y,3,0,1,1,A,-,01,23152,A,N,E,I,A,A,H,-,D,D,0,,,,,Y,Y,A,01,0,1,0,0,0,0,0,0,0,"- ","- ",37.96820068359375,-122.04814910888672,"CONTRA COSTA",CONCORD,-122.04830932617188,37.968235015869141
90705496,2018,2018-04-16,9320,2018-04-11,2115,019546,,3,2,9,0700,0,2,4,,2,011,"APPIAN WAY","LA PALOMA ROAD",150.00,E,N,A,-,N,,,,,,,,,,N,4,0,2,2,A,-,03,22350,,N,C,C,A,A,H,-,C,D,0,,,,,Y,,A,01,0,0,2,0,0,0,0,0,0,"- ","- ",37.971389770507812,-122.30531311035156,"CONTRA COSTA",UNINCORPORATED,-122.30532836914062,37.971405029296875
90705535,2018,2018-04-16,9320,2018-04-13,0837,020295,,5,1,9,0700,0,1,3,,2,401,"SR-4 E/B TO ALHAMBRA AVE. OFF RAMP","ALHAMBRA AVE",20.00,W,N,A,-,Y,,,,,,,,,,N,4,0,1,2,A,-,03,22350,,N,C,C,A,A,H,-,A,D,0,,,,,Y,,A,07,0,0,1,0,0,0,0,0,0,"- ","- ",,,"CONTRA COSTA",UNINCORPORATED,-122.13002777099609,37.990566253662109
90705542,2018,2018-04-16,9320,2018-04-05,0810,020026,,4,1,9,0700,0,2,4,,2,037,"FRANKLIN CANYON RD","MCHARRY RANCH RD",2640.00,E,N,B,-,N,,,,,,,,,,N,2,0,1,2,A,-,09,21801,A,N,D,G,A,A,H,-,A,D,0,,Y,,,Y,,A,01,1,0,0,0,0,0,1,0,0,"- ","- ",37.997779846191406,-121.15788269042969,"CONTRA COSTA",UNINCORPORATED,-122.15740203857422,37.997787475585938
90705545,2018,2018-04-16,9370,2018-04-08,2158,021913,,7,2,3,0707,0,1,1,,2,083,"I-80 E/B FROM RICHMOND PKWY","RICHMOND PARKWAY",1000.00,E,N,A,-,Y,,,80,,,,R,,E,N,3,0,2,2,A,-,03,22350,,N,C,C,A,A,H,-,D,D,0,,,,,Y,,D,22,0,2,0,0,0,0,0,0,0,"- ","- ",37.987350463867188,-122.31379699707031,"CONTRA COSTA",PINOLE,-122.31379699707031,37.987350463867188
90705574,2018,2018-04-16,9370,2018-04-08,0207,021866,,7,3,5,0710,0,1,1,,2,058,"I-580 W/B","CUTTING BOULEVARD",485.00,E,N,A,-,Y,,,580,,,,,,W,Y,4,0,1,1,A,-,01,23152,A,N,E,I,A,A,H,-,D,D,0,,,,,Y,Y,A,07,0,0,1,0,0,0,0,0,0,"- ","- ",37.924308776855469,-122.36096954345703,"CONTRA COSTA",RICHMOND,-122.36099243164062,37.924266815185547
90705796,2018,2018-04-16,9320,2018-04-02,0555,019283,,1,3,9,0700,0,1,3,,2,402,"SR 4 W/B","I-680 U/C",15.00,W,N,A,-,Y,,,4,,,,,,W,Y,4,0,1,3,A,-,07,21658,A,N,E,I,A,A,H,-,C,D,0,,,,,Y,,A,07,0,0,1,0,0,0,0,0,0,"- ","- ",37.994789123535156,-122.06970977783203,"CONTRA COSTA",UNINCORPORATED,-122.06968688964844,37.994728088378906
90705809,2018,2018-04-16,9320,2018-04-06,0130,022013,,5,3,6,0704,0,1,3,,2,242,"SR-242 N/B","CONCORD AVE.",1690.00,N,N,B,C,Y,,,242,,,,,,N,Y,4,0,1,2,A,-,03,22350,,N,D,C,A,B,H,-,D,D,0,,,,,Y,,A,08,0,0,1,0,0,0,0,0,0,"- ","- ",37.983360290527344,-122.04144287109375,"CONTRA COSTA",CONCORD,-122.04151916503906,37.983375549316406
90705853,2018,2018-04-16,9320,2018-04-04,1710,019238,,3,2,4,0714,0,1,3,,2,402,"SR-4 E/B","GLACIER DR O/C",500.00,E,N,A,-,Y,,,,,,,,,,Y,3,0,1,2,A,-,03,22350,,N,F,A,A,A,H,-,A,D,0,,,Y,,Y,,C,02,0,1,0,0,0,0,0,0,1,"- ","- ",,,"CONTRA COSTA",MARTINEZ,-122.08509063720703,37.991127014160156
90705979,2018,2018-04-16,9320,2018-04-07,0158,021440,,6,3,3,0715,0,1,3,,2,240,"SR-24 E/B","CAMINO PABLO U/C",2323.00,E,N,C,-,Y,,,,,,,,,,Y,4,0,2,2,A,-,03,22350,,N,B,C,A,B,H,-,C,D,0,,,,,Y,,A,07,0,0,2,0,0,0,0,0,0,"- ","- ",37.884101867675781,-122.17945098876953,"CONTRA COSTA",LAFAYETTE,-122.179443359375,37.883956909179688
90706056,2018,2018-04-16,9320,2018-04-07,0800,019283,,6,1,4,0714,0,1,1,,2,684,"I 680 N/B","BENICIA BRIDGE TOLL PLAZA",528.00,N,N,B,-,Y,,,680,,,,,,N,Y,3,0,1,1,A,-,03,22350,,N,E,I,A,B,H,-,A,D,0,,,,,Y,,A,01,0,1,0,0,0,0,0,0,0,"- ","- ",38.027938842773438,-122.11579895019531,"CONTRA COSTA",MARTINEZ,-122.11569213867188,38.028022766113281
90706250,2018,2018-04-16,9390,2018-04-08,1920,019917,,7,2,9,0700,0,3,5,,2,100,"BLACKHAWK CLUB DR","RED FIR CT",300.00,N,N,A,-,N,,,,,,,,,,N,3,0,1,2,A,-,06,21750,A,N,D,C,A,A,H,-,A,D,0,,,Y,,Y,,C,02,0,1,0,0,0,0,0,0,1,"- ","- ",37.817501068115234,-121.91819763183594,"CONTRA COSTA",UNINCORPORATED,-121.91816711425781,37.817481994628906
90706265,2018,2018-04-16,9320,2018-03-16,0827,020026,,5,1,4,0714,0,1,3,,2,402,"SR-4 WESTBOUND","ALHAMBRA AVE",350.00,E,N,B,C,Y,,,,,,,,,,Y,1,1,0,1,A,-,08,22107,,N,E,I,A,B,H,-,A,D,0,,,,,Y,,A,01,0,0,0,0,0,0,0,0,0,"- ","- ",,,"CONTRA COSTA",MARTINEZ,-122.12885284423828,37.990966796875
90706275,2018,2018-04-16,9320,2018-04-13,1135,020295,,5,1,9,0700,0,2,4,,2,073,"KIRKER PASS RD N/B","HESS RD.",350.00,S,N,A,-,N,,,,,,,,,,Y,4,0,1,2,A,-,08,22107,,N,E,I,A,A,H,-,A,A,0,,,,,Y,,A,01,0,0,1,0,0,0,0,0,0,"- ","- ",37.969181060791016,-121.92398834228516,"CONTRA COSTA",UNINCORPORATED,-121.9307861328125,37.961757659912109
90706398,2018,2018-04-16,9320,2018-04-15,0410,021460,,7,3,4,0714,0,1,3,,2,402,"SR-4 W/B","CENTER AVE",410.00,E,N,A,-,Y,,,4,,,,,,W,Y,3,0,1,1,A,-,08,22107,,N,F,A,A,A,H,-,C,D,0,,,,,Y,,A,01,0,1,0,0,0,0,0,0,0,"- ","- ",37.995979309082031,-122.11903381347656,"CONTRA COSTA",MARTINEZ,-122.11895751953125,37.995811462402344
90706745,2018,2018-04-17,9370,2018-04-12,0705,021023,,4,1,5,0710,0,1,1,,2,058,"I-580 W/B","WESTERN AVE",800.00,W,N,A,-,Y,,,580,,,,,,W,Y,3,0,1,3,A,-,07,21658,,N,B,C,A,A,H,-,A,D,0,,,Y,,Y,,A,01,0,1,0,0,0,0,0,0,1,"- ","- ",37.932159423828125,-122.40294647216797,"CONTRA COSTA",RICHMOND,-122.40291595458984,37.932430267333984
90706787,2018,2018-04-17,9320,2018-04-02,1744,021164,,1,2,4,0714,0,1,1,,2,684,"I-680 NB","BAYSHORE ROAD",2020.00,S,N,A,-,Y,,,,,,,,,,Y,4,0,1,2,A,-,03,22350,,N,C,C,A,A,H,-,A,D,0,,,Y,,Y,,C,02,0,0,1,0,0,0,0,0,1,"- ","- ",37.046600341796875,-122.12470245361328,"CONTRA COSTA",MARTINEZ,,
90706823,2018,2018-04-17,9320,2018-04-08,2115,021710,,7,2,5,0712,0,1,1,,2,682,"I-680 S/B","YGNACIO VALLEY ROAD",700.00,N,N,A,-,Y,,,680,,,,,,S,Y,4,0,2,2,A,-,01,23152,A,N,C,C,A,A,H,-,D,D,0,,,,,Y,Y,A,01,0,0,2,0,0,0,0,0,0,"- ","- ",37.908351898193359,-122.06891632080078,"CONTRA COSTA","WALNUT CREEK",-122.06886291503906,37.908332824707031
90706882,2018,2018-04-17,9320,2018-04-08,0320,021949,,7,3,5,0708,0,1,3,,2,404,"SR-4 E/B","LOVERIDGE RD",300.00,E,N,A,-,Y,,,4,,,,,,E,Y,4,0,3,2,A,-,03,22350,,F,C,C,A,A,H,-,D,D,0,,,,,Y,,-,99,0,0,3,0,0,0,0,0,0,"- ","- ",38.011398315429688,-121.86607360839844,"CONTRA COSTA",PITTSBURG,-121.86603546142578,38.011554718017578
90706888,2018,2018-04-17,9320,2018-04-10,0917,019283,,2,1,9,0700,0,1,1,,2,180,"I-80 E/B","POMONA ST U/C",1115.00,W,N,B,-,Y,,,80,,,,,,E,Y,4,0,1,1,A,-,08,22107,,N,E,I,A,A,H,-,A,D,0,,,,,Y,,I,11,0,0,1,0,0,0,0,0,0,"- ","- ",38.050579071044922,-122.23046112060547,"CONTRA COSTA",UNINCORPORATED,-122.23043060302734,38.050537109375
90706896,2018,2018-04-17,9320,2018-04-10,1635,019238,,2,2,5,0712,0,1,1,,2,682,"I-680 S/B TO TREAT BLVD","TREAT BLVD O/C",1500.00,N,N,A,-,Y,,,680,,,,R,,S,Y,3,0,3,3,A,-,03,22350,,N,C,C,A,A,H,-,A,D,0,,,,,Y,,A,01,0,1,2,0,0,0,0,0,0,"- ","- ",37.930908203125,-122.06060791015625,"CONTRA COSTA","WALNUT CREEK",-122.06060791015625,37.930908203125
90706909,2018,2018-04-17,9320,2018-04-10,0940,019283,,2,1,9,0700,0,1,1,,2,180,"I-80 W/B","WILLOW AVE.",1579.00,E,N,B,-,Y,,,80,,,,,,W,Y,4,0,2,2,A,-,03,22350,,N,C,C,A,A,H,-,A,D,0,,,,,Y,,A,07,0,0,2,0,0,0,0,0,0,"- ","- ",38.026290893554688,-122.25914764404297,"CONTRA COSTA",UNINCORPORATED,-122.25907897949219,38.026222229003906
90706992,2018,2018-04-17,9320,2018-04-05,1530,021949,,4,2,9,0700,0,2,4,,2,071,"WILLOW PASS RD. (BAYPOINT)","WELDON ST.",0.00,,Y,A,-,N,,,,,,,,,,Y,4,0,2,2,A,-,01,23152,A,M,D,C,A,A,H,-,A,A,0,,,,,Y,Y,A,01,0,0,2,0,0,0,0,0,0,"- ","- ",38.026821136474609,-121.95733642578125,"CONTRA COSTA",UNINCORPORATED,-121.95731353759766,38.026779174804688
90707720,2018,2018-04-18,9320,2018-04-13,0550,016503,,5,3,9,0700,0,2,4,,2,094,"BYRON HIGHWAY (J-4)","S. BRUNS RD.",285.00,N,N,A,-,N,,,,,,,,,,Y,3,0,2,2,A,-,05,21460,A,N,C,C,A,A,H,-,D,D,0,,,,,Y,,A,01,0,2,0,0,0,0,0,0,0,"- ","- ",37.823299407958984,-121.5963134765625,"CONTRA COSTA",UNINCORPORATED,-121.60562896728516,37.829799652099609
90707729,2018,2018-04-18,9320,2018-04-07,0801,019283,,6,1,4,0714,0,1,1,,2,684,"I-680 N/B","BENICIA BRIDGE TOLL PLAZA",480.00,N,N,B,-,Y,,,680,,,,,,N,Y,3,0,1,1,A,-,03,22350,,N,E,I,A,B,H,-,A,D,0,,,,,Y,,A,01,0,1,0,0,0,0,0,0,0,"- ","- ",38.029190063476562,-122.1160888671875,"CONTRA COSTA",MARTINEZ,-122.11634063720703,38.029090881347656