CASE_ID,ACCIDENT_YEAR,PROC_DATE,JURIS,COLLISION_DATE,COLLISION_TIME,OFFICER_ID,REPORTING_DISTRICT,DAY_OF_WEEK,CHP_SHIFT,POPULATION,CNTY_CITY_LOC,SPECIAL_COND,BEAT_TYPE,CHP_BEAT_TYPE,CITY_DIVISION_LAPD,CHP_BEAT_CLASS,BEAT_NUMBER,PRIMARY_RD,SECONDARY_RD,DISTANCE,DIRECTION,INTERSECTION,WEATHER_1,WEATHER_2,STATE_HWY_IND,CALTRANS_COUNTY,CALTRANS_DISTRICT,STATE_ROUTE,ROUTE_SUFFIX,POSTMILE_PREFIX,POSTMILE,LOCATION_TYPE,RAMP_INTERSECTION,SIDE_OF_HWY,TOW_AWAY,COLLISION_SEVERITY,NUMBER_KILLED,NUMBER_INJURED,PARTY_COUNT,PRIMARY_COLL_FACTOR,PCF_CODE_OF_VIOL,PCF_VIOL_CATEGORY,PCF_VIOLATION,PCF_VIOL_SUBSECTION,HIT_AND_RUN,TYPE_OF_COLLISION,MVIW,PED_ACTION,ROAD_SURFACE,ROAD_COND_1,ROAD_COND_2,LIGHTING,CONTROL_DEVICE,CHP_ROAD_TYPE,PEDESTRIAN_ACCIDENT,BICYCLE_ACCIDENT,MOTORCYCLE_ACCIDENT,TRUCK_ACCIDENT,NOT_PRIVATE_PROPERTY,ALCOHOL_INVOLVED,STWD_VEHTYPE_AT_FAULT,CHP_VEHTYPE_AT_FAULT,COUNT_SEVERE_INJ,COUNT_VISIBLE_INJ,COUNT_COMPLAINT_PAIN,COUNT_PED_KILLED,COUNT_PED_INJURED,COUNT_BICYCLIST_KILLED,COUNT_BICYCLIST_INJURED,COUNT_MC_KILLED,COUNT_MC_INJURED,PRIMARY_RAMP,SECONDARY_RAMP,LATITUDE,LONGITUDE,COUNTY,CITY,POINT_X,POINT_Y
90717733,2018,2018-05-01,9370,2018-04-30,0810,021023,,1,1,9,0700,0,3,5,,2,010,"FRED JACKSON WAY","BROOKSIDE DRIVE",255.00,S,N,A,-,N,,,,,,,,,,Y,3,0,1,1,A,-,08,22107,,N,E,I,A,A,H,-,A,D,0,,,,,Y,,A,01,0,1,0,0,0,0,0,0,0,"- ","- ",37.964611053466797,-122.36682891845703,"CONTRA COSTA",UNINCORPORATED,-122.36676025390625,37.964469909667969
90717755,2018,2018-05-01,9320,2018-04-24,1928,021164,,2,2,6,0704,0,1,3,,2,402,"SR-4 E/B","PERALTA ROAD",1680.00,E,N,A,-,Y,,,4,,,,,,E,Y,4,0,1,2,A,-,03,22350,,N,C,C,A,A,H,-,A,D,0,,,,,Y,,A,01,0,0,1,0,0,0,0,0,0,"- ","- ",38.003631591796875,-122.04190826416016,"CONTRA COSTA",CONCORD,-122.04192352294922,38.003669738769531
90718011,2018,2018-05-02,9320,2018-04-20,1550,020981,,5,2,9,0700,0,2,4,,2,071,"WILLOW PASS ROAD","KEVIN DRIVE",50.00,E,N,A,-,N,,,,,,,,,,N,4,0,1,2,A,-,03,22350,,N,C,C,A,A,H,-,A,A,0,,,,,Y,,D,22,0,0,1,0,0,0,0,0,0,"- ","- ",38.026790618896484,-121.95423126220703,"CONTRA COSTA",UNINCORPORATED,-121.95425415039062,38.026782989501953
90718201,2018,2018-05-02,9320,2018-04-24,1541,018803,,2,2,3,0715,0,1,3,,2,241,"SR-24 E/B","HAPPY VALLEY ROAD",100.00,W,N,A,-,Y,,,24,,,,,,E,Y,4,0,1,4,A,-,03,22350,,N,C,C,A,A,H,-,A,D,0,,,,,Y,,D,22,0,0,1,0,0,0,0,0,0,"- ","- ",37.892551422119141,-122.12644958496094,"CONTRA COSTA",LAFAYETTE,-122.12644195556641,37.892524719238281
90718268,2018,2018-05-02,9320,2018-04-25,0837,017219,,3,1,5,0708,0,1,3,,2,404,"SR-4 W/B","LOVERIDGE RD",2700.00,E,N,A,-,Y,,,4,,,,,,W,Y,3,0,3,3,A,-,03,22350,,N,C,C,A,A,H,-,A,D,0,,,,,Y,,A,07,0,2,1,0,0,0,0,0,0,"- ","- ",38.010330200195312,-121.86038208007812,"CONTRA COSTA",PITTSBURG,-121.86039733886719,38.010250091552734
90718281,2018,2018-05-02,9370,2018-04-30,1230,021023,,1,1,5,0710,0,1,1,,2,082,"I-80 W/B","CENTRAL AVE",1190.00,E,N,A,-,Y,,,80,,,,,,W,Y,3,0,1,1,A,-,08,22107,,N,E,I,A,A,H,-,A,D,0,,,,,Y,,A,01,0,1,0,0,0,0,0,0,0,"- ","- ",37.9033203125,-122.31252288818359,"CONTRA COSTA",RICHMOND,-122.31255340576172,37.903297424316406
90718317,2018,2018-05-02,9320,2018-04-25,2012,019742,,3,2,9,0700,0,2,4,,2,094,"BYRON HWY","MOUNTAIN HOUSE RD.",100.00,N,N,A,-,N,,,,,,,,,,Y,4,0,2,2,C,-,18,,,N,A,C,A,A,H,-,D,D,0,,,,,Y,,-,"- ",0,0,2,0,0,0,0,0,0,"- ","- ",37.811698913574219,-121.57763671875,"CONTRA COSTA",UNINCORPORATED,-121.57763671875,37.811698913574219
90718376,2018,2018-05-02,9320,2018-04-25,1451,018803,,3,2,5,0712,0,1,1,,2,682,"I-680 N/B","OAKVALE RD",600.00,S,N,A,-,Y,,,680,,,,,,N,Y,4,0,1,3,A,-,03,22350,,N,C,C,A,A,H,-,A,D,0,,,,,Y,,A,01,0,0,1,0,0,0,0,0,0,"- ","- ",37.900371551513672,-122.07028198242188,"CONTRA COSTA","WALNUT CREEK",-122.07038879394531,37.900394439697266
90718569,2018,2018-05-02,9320,2018-04-21,0815,018449,,6,1,5,0712,0,1,1,,2,682,"I-680 N/B","OAKVALE RD. (O/C)",1680.00,S,N,A,-,Y,,,680,,,,,,N,Y,4,0,1,2,A,-,07,21658,A,N,F,A,A,A,H,-,A,D,0,,,,,Y,,-,99,0,0,1,0,0,0,0,0,0,"- ","- ",37.89910888671875,-122.07048034667969,"CONTRA COSTA","WALNUT CREEK",-122.07064819335938,37.899150848388672
9071866,2020,2020-08-12,0704,2020-02-24,1347,0580,,1,5,6,0704,0,0,0,,0,004,"PORT CHICAGO WY","SALVIO ST",0.00,,Y,A,-,N,,,,,,,,,,N,3,0,2,2,A,-,12,21453,A,N,D,C,A,A,H,-,A,A,0,,,,,Y,,A,01,0,2,0,0,0,0,0,0,0,"- ","- ",37.979358673095703,-122.02980804443359,"CONTRA COSTA",CONCORD,-122.03015899658203,37.979698181152344
90718713,2018,2018-05-02,9320,2018-04-25,0650,016788,,3,1,9,0700,0,1,3,,2,400,"SR-4 E/B","CHRISTIE RD",2640.00,W,N,B,-,Y,,,,,,,,,,Y,3,0,1,1,A,-,08,22107,,N,E,I,A,A,H,-,B,D,0,,,,,Y,,A,01,0,1,0,0,0,0,0,0,0,"- ","- ",,,"CONTRA COSTA",UNINCORPORATED,-122.22041320800781,38.007877349853516
90718718,2018,2018-05-02,9320,2018-04-25,1655,019866,,3,2,6,0704,0,1,1,,2,683,"I-680 N/B","BURNETT AVE",360.00,S,N,A,-,Y,,,,,,,,,,Y,4,0,3,4,A,-,03,22350,,N,C,C,A,A,H,-,A,D,0,,,,,Y,,A,01,0,0,3,0,0,0,0,0,0,"- ","- ",37.582649230957031,-122.34532928466797,"CONTRA COSTA",CONCORD,,
90718720,2018,2018-05-02,9320,2018-04-25,0832,017219,,3,1,5,0708,0,1,3,,2,404,"SR-4 W/B","LOVERIDGE RD",2500.00,E,N,A,-,Y,,,4,,,,,,W,Y,4,0,1,2,A,-,03,22350,,N,C,C,A,A,H,-,A,D,0,,,,,Y,,A,01,0,0,1,0,0,0,0,0,0,"- ","- ",38.010330200195312,-121.86038208007812,"CONTRA COSTA",PITTSBURG,-121.86039733886719,38.010250091552734
90718936,2018,2018-05-03,9320,2018-04-18,0929,017906,,3,1,9,0700,0,2,4,,1,042,"SHELL AVE","W. MAIN RD.",424.00,N,N,B,-,N,,,,,,,,,,N,4,0,1,2,A,-,06,21750,A,N,B,C,A,A,H,-,A,D,0,,,,,Y,,A,07,0,0,1,0,0,0,0,0,0,"- ","- ",38.017589569091797,-122.11798095703125,"CONTRA COSTA",UNINCORPORATED,-122.11792755126953,38.017623901367188
90718993,2018,2018-05-15,9390,2018-04-21,1320,017966,,6,1,4,0791,0,1,1,,2,068,"I-680 NORTHBOUND","BOLLINGER CANYON ROAD",2640.00,S,N,A,-,Y,,,680,,,,,,N,Y,4,0,1,2,A,-,01,23152,F,N,C,C,A,A,H,-,A,D,0,,,,,Y,,A,07,0,0,1,0,0,0,0,0,0,"- ","- ",37.757728576660156,-121.96375274658203,"CONTRA COSTA","SAN RAMON",-121.96379852294922,37.757701873779297
90719016,2018,2018-05-03,9320,2018-04-26,0520,017219,,4,3,9,0700,0,2,4,,2,074,"DEER VALLEY RD","CHADBOURNE RD",4224.00,S,N,A,-,N,,,,,,,,,,Y,2,0,1,1,A,-,08,22107,,N,E,I,A,A,H,-,D,D,0,,,,,Y,,J,49,1,0,0,0,0,0,0,0,0,"- ","- ",39.913330078125,-121.76542663574219,"CONTRA COSTA",UNINCORPORATED,-121.76570129394531,37.913455963134766
90719244,2018,2018-05-03,9320,2018-04-26,0735,017219,,4,1,9,0700,0,2,4,,2,095,"MARSH CREEK RD","DEER VALLEY RD",0.00,,Y,A,-,N,,,,,,,,,,Y,4,0,2,2,A,-,09,21802,A,N,D,C,A,A,H,-,A,A,0,,,,,Y,,A,07,0,0,2,0,0,0,0,0,0,"- ","- ",37.882049560546875,-121.77736663818359,"CONTRA COSTA",UNINCORPORATED,-121.77735137939453,37.88201904296875
90719282,2018,2018-05-03,9320,2018-04-26,1400,019866,,4,2,9,0700,0,1,1,,2,180,"I-80 W/B","CALIFORNIA ST",2112.00,E,N,A,-,Y,,,,,,,,,,Y,4,0,2,1,A,-,08,22107,,N,E,I,A,A,H,-,A,D,0,,,,,Y,,A,01,0,0,2,0,0,0,0,0,0,"- ","- ",38.272899627685547,-122.15228271484375,"CONTRA COSTA",UNINCORPORATED,-122.25119018554688,38.034763336181641
90719448,2018,2018-05-03,9320,2018-04-26,1340,016584,,4,1,5,0712,0,1,1,,2,682,"I-680 N/B","N. MAIN ST.",1056.00,S,N,A,-,Y,,,680,,,,,,N,N,4,0,1,2,A,-,21,22106,,N,C,C,A,A,H,-,A,D,0,,,,,Y,,A,07,0,0,1,0,0,0,0,0,0,"- ","- ",37.912288665771484,-122.06703948974609,"CONTRA COSTA","WALNUT CREEK",-122.06712341308594,37.912319183349609
90719486,2018,2018-05-03,9320,2018-04-26,1050,016788,,4,1,3,0706,0,1,3,,2,400,SR-4,"SAN PABLO AVE",30.00,E,N,A,-,Y,,,,,,,,,,Y,4,0,1,2,A,-,21,22106,,N,C,C,A,A,H,-,A,A,0,,,,,Y,,A,01,0,0,1,0,0,0,0,0,0,"- ","- ",,,"CONTRA COSTA",HERCULES,-122.27236175537109,38.015953063964844
90719527,2018,2018-05-03,9365,2018-05-02,1510,019790,,3,2,9,0700,0,1,1,,2,080,"I-80 E/B","POMONA AVE",1584.00,E,N,A,-,Y,,,80,,,,,,E,Y,3,0,1,2,A,-,03,22350,,N,C,C,A,A,H,-,A,D,0,,,,Y,Y,,A,01,0,1,0,0,0,0,0,0,0,"- ","- ",38.060001373291016,-122.22509765625,"CONTRA COSTA",UNINCORPORATED,-122.22510528564453,38.060001373291016
90719633,2018,2018-05-03,9320,2018-04-27,2250,018525,,5,3,5,0708,0,1,3,,2,403,"SR-4 E/B","RAILROAD AVE",5808.00,W,N,A,-,Y,,,4,,,,,,E,Y,4,0,1,2,A,-,01,23152,A,N,C,C,A,A,H,-,C,D,0,,,,,Y,Y,A,01,0,0,1,0,0,0,0,0,0,"- ","- ",38.019729614257812,-121.90895080566406,"CONTRA COSTA",PITTSBURG,-121.90895080566406,38.019916534423828
90719856,2018,2018-08-31,9320,2018-04-21,2228,021293,,6,3,5,0701,0,1,3,,2,404,"SR4EB TO HILLCREST AVE","HILLCREST AVE",50.00,W,N,A,-,Y,,,,,,,,,,Y,4,0,3,2,A,-,07,21658,A,N,C,C,A,A,H,-,C,A,0,,,,,Y,,A,01,0,0,3,0,0,0,0,0,0,"- ","- ",37.995559692382812,-122.78524017333984,"CONTRA COSTA",ANTIOCH,,
90719897,2018,2018-05-04,9320,2018-04-12,1635,019238,,4,2,5,0712,0,1,1,,2,682,"I-680 N/B TO SR-24 W/B","BOULEVARD WAY U/C",800.00,N,N,A,-,Y,,,680,,,,R,,N,Y,3,0,1,1,A,-,01,23152,A,N,E,I,A,A,H,-,A,D,0,,,,,Y,Y,A,07,0,1,0,0,0,0,0,0,0,"- ","- ",37.896438598632812,-122.07216644287109,"CONTRA COSTA","WALNUT CREEK",-122.07216644287109,37.896438598632812
90719917,2018,2018-05-04,9320,2018-04-14,1810,019238,,6,2,5,0712,0,1,1,,2,682,"I-680 S/B","NORTH MAIN ST O/C",470.00,S,N,A,-,Y,,,,,,,,,,Y,2,0,1,2,A,-,08,22107,,N,B,C,A,A,H,-,A,D,0,,,Y,,Y,,C,02,1,0,0,0,0,0,0,0,1,"- ","- ",,,"CONTRA COSTA","WALNUT CREEK",-122.06653594970703,37.914657592773438
90720047,2018,2018-05-04,9320,2018-04-26,1820,016584,,4,2,9,0700,0,1,1,,2,681,"I-680 S/B","LIVORNA RD.",2112.00,N,N,A,-,Y,,,680,,,,,,S,Y,4,0,1,2,A,-,08,22107,,N,F,A,A,A,H,-,A,D,0,,,Y,,Y,,C,02,0,0,1,0,0,0,0,0,1,"- ","- ",37.868240356445312,-122.04033660888672,"CONTRA COSTA",UNINCORPORATED,-122.04020690917969,37.868331909179688
90720050,2018,2018-05-04,9320,2018-04-26,2104,018803,,4,2,9,0700,0,3,5,,2,075,"WILLOW PASS ROAD E/B","MARY'S AVENUE",0.00,,Y,A,-,N,,,,,,,,,,N,4,0,1,2,A,-,12,21453,A,N,D,C,A,A,H,-,A,D,0,,Y,,,Y,,L,04,0,0,1,0,0,0,1,0,0,"- ","- ",38.027011871337891,-121.95738983154297,"CONTRA COSTA",UNINCORPORATED,-121.95731353759766,38.026779174804688
90720066,2018,2018-05-04,9390,2018-04-26,0845,017095,,4,1,4,0790,0,1,1,,2,069,"I-680 SOUTHBOUND","SYCAMORE VALLEY ROAD",1002.00,N,N,A,-,Y,,,680,,,,,,S,Y,3,0,1,2,D,-,00,,,N,B,C,A,A,H,-,A,D,0,,,Y,,Y,,-,"- ",0,1,0,0,0,0,0,0,1,"- ","- ",37.814701080322266,-121.99340057373047,"CONTRA COSTA",DANVILLE,-121.99349212646484,37.814701080322266
90720128,2018,2018-05-04,9320,2018-04-27,1340,019866,,5,1,9,0700,0,1,1,,2,681,"I-680 N/B","STONE VALLEY RD",4752.00,S,N,A,-,Y,,,,,,,,,,Y,4,0,2,2,A,-,03,22350,,N,C,C,A,A,H,-,A,D,0,,,,,Y,,A,01,0,0,2,0,0,0,0,0,0,"- ","- ",37.502510070800781,-122.16629791259766,"CONTRA COSTA",UNINCORPORATED,-122.01940155029297,37.841327667236328
90720204,2018,2018-05-04,9320,2018-04-27,1525,019759,,5,2,9,0700,0,1,3,,2,403,"SR-4 E/B","WILLOW PASS RD.",300.00,E,N,A,-,Y,,,4,,,,,,E,Y,3,0,1,6,A,-,03,22350,,N,C,C,A,A,H,-,A,D,0,,,,,Y,,A,01,0,1,0,0,0,0,0,0,0,"- ","- ",38.013748168945312,-121.99669647216797,"CONTRA COSTA",UNINCORPORATED,-121.99671936035156,38.013797760009766
90720206,2018,2018-05-04,9320,2018-04-29,1225,021546,,7,1,9,0700,0,3,5,,2,075,"MADISON AVE.","CANAL RD",1200.00,N,N,A,-,N,,,,,,,,,,Y,4,0,2,3,A,-,08,22107,,N,B,C,A,A,H,-,A,D,0,,,,,Y,,A,07,0,0,2,0,0,0,0,0,0,"- ","- ",38.021961212158203,-121.93699645996094,"CONTRA COSTA",UNINCORPORATED,-121.93696594238281,38.022655487060547
90720218,2018,2018-05-04,9320,2018-04-27,1800,021088,,5,2,9,0700,0,1,3,,2,402,"SR-4 E/B","WILLOW PASS ROAD",2675.00,W,N,A,-,Y,,,,,,,,,,N,4,0,1,3,A,-,03,22350,,N,C,C,A,A,H,-,A,D,0,,,,,Y,,D,22,0,0,1,0,0,0,0,0,0,"- ","- ",38.011978149414062,-122.00666046142578,"CONTRA COSTA",UNINCORPORATED,-122.00557708740234,38.012119293212891
90720229,2018,2018-05-04,9320,2018-04-27,1930,019866,,5,2,9,0700,0,3,5,,2,060,"OAK RD","ELENA CT",25.00,S,N,A,-,N,,,,,,,,,,N,4,0,1,2,A,-,03,22350,,M,C,C,A,A,H,-,B,A,0,,,,,Y,,D,22,0,0,1,0,0,0,0,0,0,"- ","- ",37.555309295654297,-122.03321838378906,"CONTRA COSTA",UNINCORPORATED,-122.05902862548828,37.931453704833984
90720256,2018,2018-05-04,9320,2018-04-27,1340,020981,,5,1,9,0700,0,1,3,,2,404,"SR-4 E/B","HILLCREST AVENUE",1320.00,W,N,A,-,Y,,,,,,,,,,Y,3,0,2,2,A,-,03,22350,,N,C,C,A,A,H,-,A,D,0,,,,,Y,,A,07,0,1,1,0,0,0,0,0,0,"- ","- ",37.996799468994141,-121.78945922851562,"CONTRA COSTA",UNINCORPORATED,-121.78975677490234,37.996807098388672
90720384,2018,2018-05-04,9320,2018-04-28,1120,021373,,6,1,9,0700,0,1,3,,2,401,"SR-4 W/B","CLAEYS LN.",500.00,E,N,A,B,Y,,,4,,,,,,W,Y,3,0,1,1,A,-,08,22107,,N,E,I,A,A,H,-,A,D,0,,,,,Y,,A,01,0,1,0,0,0,0,0,0,0,"- ","- ",38.014049530029297,-122.23777770996094,"CONTRA COSTA",UNINCORPORATED,-122.23780059814453,38.013969421386719
90720501,2018,2018-05-07,9370,2018-04-28,1846,021519,,6,2,5,0710,0,1,1,,2,082,"I-80 E/B FROM CENTRAL AVENUE","CENTRAL AVENUE",6.00,E,N,A,-,Y,,,80,,,,R,,E,N,4,0,1,2,A,-,11,21950,B,N,G,B,B,A,H,-,A,D,0,Y,,,,Y,,N,60,0,0,1,0,1,0,0,0,0,"- ","- ",37.901081085205078,-122.31044769287109,"CONTRA COSTA",RICHMOND,-122.31044769287109,37.901081085205078
90720803,2018,2018-05-07,9320,2018-04-30,1720,016584,,1,2,3,0715,0,1,3,,2,241,"SR-24 E/B","PLEASANT HILL RD.",800.00,E,N,A,-,Y,,,24,,,,,,E,Y,4,0,3,4,A,-,07,21658,A,N,B,C,A,A,H,-,A,D,0,,,,Y,Y,,A,01,0,0,3,0,0,0,0,0,0,"- ","- ",37.897670745849609,-122.09126281738281,"CONTRA COSTA",LAFAYETTE,-122.09126281738281,37.897682189941406
90720835,2018,2018-05-07,9320,2018-04-30,0630,020889,,1,1,5,0708,0,1,3,,2,403,"SR-4 W/B","BAILEY RD. UNDER CROSSING",4511.00,E,N,A,-,Y,,,4,,,,,,W,N,4,0,1,2,A,-,03,22350,,N,C,C,A,A,H,-,A,D,0,,,,,Y,,A,01,0,0,1,0,0,0,0,0,0,"- ","- ",38.019481658935547,-121.92613983154297,"CONTRA COSTA",PITTSBURG,-121.92612457275391,38.019363403320312
90720850,2018,2018-05-07,9320,2018-04-30,1245,020889,,1,1,5,0708,0,1,3,,2,403,"SR-4 W/B","WILLOW PASS RD. UNDER CROSSING",1015.00,E,N,A,-,Y,,,4,,,,,,W,Y,3,0,2,1,A,-,08,22107,,N,E,I,A,A,H,-,A,D,0,,,,,Y,,A,01,0,2,0,0,0,0,0,0,0,"- ","- ",38.022628784179688,-121.96212005615234,"CONTRA COSTA",PITTSBURG,-121.96216583251953,38.022392272949219
90720906,2018,2018-05-31,9320,2018-04-30,0720,022013,,1,1,9,0700,0,3,5,,2,010,"LA PALOMA DR","APPIAN WAY",200.00,N,N,A,-,N,,,,,,,,,,Y,4,0,1,2,A,-,09,21804,A,N,D,C,A,A,H,-,A,D,0,,,,,Y,,A,01,0,0,1,0,0,0,0,0,0,"- ","- ",37.971599578857422,-122.30629730224609,"CONTRA COSTA",UNINCORPORATED,-122.30609130859375,37.971607208251953
90720919,2018,2018-05-07,9320,2018-05-02,0625,016503,,3,1,9,0700,0,2,4,,2,095,"MARSH CREEK RD.","DEER VALLEY RD.",2640.00,E,N,A,-,N,,,,,,,,,,Y,3,0,1,1,A,-,08,22107,,N,E,I,A,A,H,-,A,D,0,,,,,Y,,A,01,0,1,0,0,0,0,0,0,0,"- ","- ",37.878841400146484,-121.77007293701172,"CONTRA COSTA",UNINCORPORATED,-121.76935577392578,37.878597259521484
90720936,2018,2018-05-07,9320,2018-05-01,0826,017219,,2,1,3,0715,0,1,3,,2,241,"SR-24 W/B","ACALANES RD",500.00,E,N,A,-,Y,,,24,,,,,,W,Y,4,0,1,2,A,-,07,21658,A,M,C,C,A,A,H,-,A,D,0,,,Y,,Y,,-,99,0,0,1,0,0,0,0,0,1,"- ","- ",37.8914794921875,-122.14971160888672,"CONTRA COSTA",LAFAYETTE,-122.14971160888672,37.8914794921875
90721005,2018,2018-05-07,9320,2018-05-03,1445,019759,,4,2,5,0701,0,1,3,,2,405,"SR-4 E/B","LAUREL RD.",100.00,E,N,A,-,Y,,,4,,,,,,E,Y,4,0,1,2,A,-,03,22350,,N,C,C,A,A,H,-,A,D,0,,,,,Y,,A,07,0,0,1,0,0,0,0,0,0,"- ","- ",37.978309631347656,-121.74407196044922,"CONTRA COSTA",ANTIOCH,-121.74406433105469,37.978317260742188
90721822,2018,2018-05-08,9320,2018-04-28,1520,020981,,6,2,9,0700,0,3,5,,2,050,"WILDCAT CANYON ROAD","SHASTA ROAD",0.00,,Y,A,-,N,,,,,,,,,,N,4,0,1,2,A,-,09,21801,A,N,D,C,A,A,H,-,A,A,0,,,Y,,Y,,A,01,0,0,1,0,0,0,0,0,1,"- ","- ",37.893058776855469,-122.24540710449219,"CONTRA COSTA",UNINCORPORATED,-122.24553680419922,37.893039703369141
90721873,2018,2018-05-08,9320,2018-04-28,0050,021460,,6,3,9,0700,0,2,4,,2,046,"JONES ST","TREAT BLVD",0.00,,Y,A,-,N,,,,,,,,,,Y,4,0,1,1,A,-,08,22107,,N,E,I,A,A,H,-,C,A,0,,,,,Y,,A,07,0,0,1,0,0,0,0,0,0,"- ","- ",37.926639556884766,-122.05471038818359,"CONTRA COSTA",UNINCORPORATED,-122.05477905273438,37.926628112792969
90722333,2018,2018-05-08,9320,2018-05-01,1440,016584,,2,2,9,0700,0,1,3,,2,401,"SR-4 W/B","ALHAMBRA AVE.",2112.00,W,N,A,-,Y,,,4,,,,,,W,Y,3,0,1,1,A,-,08,22107,,N,F,A,A,A,H,-,A,D,0,,,,,Y,,A,01,0,1,0,0,0,0,0,0,0,"- ","- ",37.989589691162109,-122.13876342773438,"CONTRA COSTA",UNINCORPORATED,-122.13871002197266,37.989791870117188
90722535,2018,2018-05-09,9370,2018-05-02,0840,021938,,3,1,5,0710,0,1,1,,2,082,"I-80 W/B","CARLSON BLVD",710.00,E,N,A,-,Y,,,,,,,,,,Y,4,0,1,4,A,-,03,22350,,N,C,C,A,A,H,-,A,D,0,,,,,Y,,A,01,0,0,1,0,0,0,0,0,0,"- ","- ",37.544731140136719,-122.19304656982422,"CONTRA COSTA",RICHMOND,-122.31657409667969,37.909175872802734
90722584,2018,2018-11-13,9390,2018-05-02,2030,016137,,3,2,4,0791,0,1,1,,2,068,"I-680 NORTHBOUND","CROW CANYON ROAD",300.00,S,N,A,-,Y,,,680,,,,,,N,Y,3,0,1,4,A,-,01,23152,A,N,B,C,A,A,H,-,C,D,0,,,,,Y,Y,D,22,0,1,0,0,0,0,0,0,0,"- ","- ",37.77349853515625,-121.97309875488281,"CONTRA COSTA","SAN RAMON",-121.9732666015625,37.773414611816406
9072266,2020,2020-05-15,0705,2020-01-28,0751,E234,PATRO,2,5,3,0705,0,0,0,,0,010,"LASSEN ST","CARLSON BL",40.00,W,N,B,-,N,,,,,,,,,,,4,0,1,2,A,-,10,21950,A,N,G,B,D,A,H,-,A,D,0,Y,,,,Y,,A,01,0,0,1,0,1,0,0,0,0,"- ","- ",37.899860382080078,-122.30335235595703,"CONTRA COSTA","EL CERRITO",-122.30351257324219,37.899864196777344
90722831,2018,2018-05-09,9370,2018-05-08,0805,020475,,2,1,5,0710,0,1,1,,2,058,"I-580 W/B","CANAL BLVD",2900.00,E,N,B,-,Y,,,,,,,,,,Y,4,0,1,2,A,-,07,21658,A,N,B,C,A,A,H,-,A,D,0,,,Y,,Y,,A,01,0,0,1,0,0,0,0,0,1,"- ","- ",37.553768157958984,-122.22051239013672,"CONTRA COSTA",RICHMOND,-122.3681640625,37.927146911621094
90722863,2018,2018-05-09,9320,2018-04-24,1300,017271,,2,1,9,0700,0,2,4,,2,046,"TREAT BLVD","OAK RD",275.00,W,N,A,B,N,,,,,,,,,,N,4,0,1,2,A,-,07,21658,,N,B,C,A,A,H,-,A,D,0,,,,,Y,,A,01,0,0,1,0,0,0,0,0,0,"- ","- ",37.926399230957031,-122.05870819091797,"CONTRA COSTA",UNINCORPORATED,-122.05841064453125,37.926410675048828
90722895,2018,2018-05-09,9320,2018-04-26,1035,017271,,4,1,9,0700,0,2,4,,2,046,"TREAT BLVD","JONES RD",275.00,E,N,A,B,N,,,,,,,,,,N,4,0,2,2,A,-,03,22350,,N,C,C,A,A,H,-,A,D,0,,,,,Y,,A,01,0,0,2,0,0,0,0,0,0,"- ","- ",37.926620483398438,-122.05384063720703,"CONTRA COSTA",UNINCORPORATED,-122.05382537841797,37.926620483398438
90722968,2018,2018-05-09,9320,2018-05-05,1945,020656,,6,2,9,0700,0,2,4,,2,062,"STONE VALLEY RD W/B",I-680,258.00,E,N,A,-,N,,,,,,,,,,Y,3,0,2,2,A,-,09,21801,A,N,D,C,A,A,H,-,A,D,0,,,,,Y,,A,01,0,1,1,0,0,0,0,0,0,"- ","- ",37.510650634765625,-122.01396179199219,"CONTRA COSTA",UNINCORPORATED,-122.02857971191406,37.851581573486328
90723013,2018,2018-05-09,9320,2018-05-04,0920,020889,,5,1,9,0700,0,1,3,,2,242,"SR-242 S/B","CONCORD AVE. UNDER CROSS",1084.00,S,N,A,-,Y,,,,,,,,,,Y,4,0,1,3,A,-,03,22350,,N,C,C,A,A,H,-,A,D,0,,,,,Y,,D,22,0,0,1,0,0,0,0,0,0,"- ","- ",37.976100921630859,-122.04499053955078,"CONTRA COSTA",UNINCORPORATED,,
90723043,2018,2018-05-09,9320,2018-05-05,0430,021352,,6,3,9,0700,0,1,1,,2,180,"I-80 E/B","CUMMINGS SKYWAY",2640.00,W,N,A,-,Y,,,80,,,,,,E,Y,4,0,1,2,A,-,03,22350,,M,C,C,A,A,H,-,D,D,0,,,,,Y,,A,01,0,0,1,0,0,0,0,0,0,"- ","- ",38.034400939941406,-122.25119018554688,"CONTRA COSTA",UNINCORPORATED,-122.25122833251953,38.034435272216797