CASE_ID,ACCIDENT_YEAR,PROC_DATE,JURIS,COLLISION_DATE,COLLISION_TIME,OFFICER_ID,REPORTING_DISTRICT,DAY_OF_WEEK,CHP_SHIFT,POPULATION,CNTY_CITY_LOC,SPECIAL_COND,BEAT_TYPE,CHP_BEAT_TYPE,CITY_DIVISION_LAPD,CHP_BEAT_CLASS,BEAT_NUMBER,PRIMARY_RD,SECONDARY_RD,DISTANCE,DIRECTION,INTERSECTION,WEATHER_1,WEATHER_2,STATE_HWY_IND,CALTRANS_COUNTY,CALTRANS_DISTRICT,STATE_ROUTE,ROUTE_SUFFIX,POSTMILE_PREFIX,POSTMILE,LOCATION_TYPE,RAMP_INTERSECTION,SIDE_OF_HWY,TOW_AWAY,COLLISION_SEVERITY,NUMBER_KILLED,NUMBER_INJURED,PARTY_COUNT,PRIMARY_COLL_FACTOR,PCF_CODE_OF_VIOL,PCF_VIOL_CATEGORY,PCF_VIOLATION,PCF_VIOL_SUBSECTION,HIT_AND_RUN,TYPE_OF_COLLISION,MVIW,PED_ACTION,ROAD_SURFACE,ROAD_COND_1,ROAD_COND_2,LIGHTING,CONTROL_DEVICE,CHP_ROAD_TYPE,PEDESTRIAN_ACCIDENT,BICYCLE_ACCIDENT,MOTORCYCLE_ACCIDENT,TRUCK_ACCIDENT,NOT_PRIVATE_PROPERTY,ALCOHOL_INVOLVED,STWD_VEHTYPE_AT_FAULT,CHP_VEHTYPE_AT_FAULT,COUNT_SEVERE_INJ,COUNT_VISIBLE_INJ,COUNT_COMPLAINT_PAIN,COUNT_PED_KILLED,COUNT_PED_INJURED,COUNT_BICYCLIST_KILLED,COUNT_BICYCLIST_INJURED,COUNT_MC_KILLED,COUNT_MC_INJURED,PRIMARY_RAMP,SECONDARY_RAMP,LATITUDE,LONGITUDE,COUNTY,CITY,POINT_X,POINT_Y
90734771,2018,2018-05-25,9320,2018-05-16,1522,021949,,3,2,6,0704,0,1,3,,2,242,"SR-242 N/B TO SR-4 E/B","SR-242 N/B TO SR-4 W/B O/C",1060.00,N,N,A,-,Y,,,242,,,,R,,N,N,4,0,1,2,A,-,07,21658,A,N,B,C,A,A,H,-,A,D,0,,,Y,,Y,,-,"- ",0,0,1,0,0,0,0,0,1,"- ","- ",38.006538391113281,-122.0341796875,"CONTRA COSTA",CONCORD,-122.0341796875,38.006538391113281
90734788,2018,2018-05-25,9320,2018-05-21,1738,021949,,1,2,6,0704,0,1,3,,2,402,"SR-4 E/B","WILLOW PASS RD.",1584.00,W,N,A,-,Y,,,4,,,,,,E,N,4,0,1,2,A,-,07,21658,A,M,B,C,A,A,H,-,A,D,0,,,,,Y,,-,99,0,0,1,0,0,0,0,0,0,"- ","- ",38.012550354003906,-122.00298309326172,"CONTRA COSTA",CONCORD,-122.00298309326172,38.012588500976562
90734850,2018,2018-08-15,9320,2018-05-16,2335,020834,,3,3,4,0709,0,1,1,,2,682,"I-680 N/B","CONTRA COSTA BLVD OVERCROSSING",1470.00,S,N,A,-,Y,,,680,,,,,,N,Y,4,0,2,3,A,-,07,21658,A,N,B,C,A,A,H,-,C,D,0,,,,,Y,,A,01,0,0,2,0,0,0,0,0,0,"- ","- ",37.935489654541016,-122.06014251708984,"CONTRA COSTA","PLEASANT HILL",-122.06011199951172,37.935489654541016
90734854,2018,2018-05-25,9320,2018-05-20,0045,021472,,7,3,9,0700,0,1,1,,2,681,"N/B I-680","SOUTH ROADWAY EDGE OF LIVORNA ROAD",10.00,S,N,A,-,Y,,,680,,,,,,,Y,4,0,1,3,A,-,03,22350,,N,C,C,A,A,H,-,D,D,0,,,,,Y,,A,01,0,0,1,0,0,0,0,0,0,"- ","- ",37.863300323486328,-122.03520202636719,"CONTRA COSTA",UNINCORPORATED,-122.03523254394531,37.863250732421875
90734963,2018,2018-05-25,9320,2018-05-12,1300,020889,,6,1,9,0700,0,2,4,,2,077,"MARSH CREEK RD.","PINE LN.",4224.00,E,N,A,-,N,,,,,,,,,,N,2,0,2,3,A,-,06,21760,B,F,B,G,A,A,H,-,A,D,0,,Y,,,Y,,A,01,1,0,1,0,0,0,2,0,0,"- ","- ",37.919841766357422,-121.8978271484375,"CONTRA COSTA",UNINCORPORATED,-121.89850616455078,37.919963836669922
90734998,2018,2018-05-25,9320,2018-05-19,2145,020834,,6,2,3,0702,0,3,5,,2,090,"SR-4 W/B","DISCOVERY BAY BLVD",200.00,E,N,A,-,Y,,,,,,,,,,Y,4,0,3,2,A,-,03,22350,,N,C,C,A,A,H,-,C,D,0,,,,,Y,,A,07,0,0,3,0,0,0,0,0,0,"- ","- ",37.890159606933594,-121.60044097900391,"CONTRA COSTA",BRENTWOOD,-121.60160064697266,37.890102386474609
90735002,2018,2018-05-25,9320,2018-05-19,1405,021710,,6,2,9,0700,0,1,3,,2,402,"SR-4 E/B","PACHECO BLVD.",1200.00,W,N,A,-,Y,,,4,,,,,,E,N,3,0,1,3,A,-,03,22350,,N,C,C,A,A,H,-,A,D,0,,,,,Y,,A,01,0,1,0,0,0,0,0,0,0,"- ","- ",37.991779327392578,-122.07791137695312,"CONTRA COSTA",UNINCORPORATED,-122.07791137695312,37.991790771484375
90735247,2018,2018-05-25,9320,2018-05-23,0800,016503,,3,1,3,0702,0,1,3,,2,405,"SR-4 E/B","SAND CREEK RD. U/C",528.00,W,N,A,-,Y,,,4,,,,,,E,Y,3,0,2,2,A,-,03,22350,,N,B,C,A,A,H,-,A,D,0,,,,,Y,,A,01,0,2,0,0,0,0,0,0,0,"- ","- ",37.945560455322266,-121.74285888671875,"CONTRA COSTA",BRENTWOOD,-121.74245452880859,37.945735931396484
90735321,2018,2018-05-28,9370,2018-05-19,1055,021938,,6,1,5,0710,0,1,1,,2,082,"I-80 W/B","CENTRAL AVE",1450.00,E,N,A,-,Y,,,,,,,,,,Y,4,0,1,3,A,-,03,22350,,N,C,C,A,A,H,-,A,D,0,,,,,Y,,A,01,0,0,1,0,0,0,0,0,0,"- ","- ",37.541629791259766,-122.18479156494141,"CONTRA COSTA",RICHMOND,-122.30905914306641,37.897216796875
90735389,2018,2018-05-28,9370,2018-05-18,2147,021519,,5,2,5,0710,0,1,1,,2,058,"I-580 W/B","HARBOR WAY SOUTH",500.00,E,N,A,-,Y,,,580,,,,,,W,Y,4,0,1,2,A,-,07,21658,A,M,B,C,A,A,H,-,D,D,0,,,,,Y,,-,99,0,0,1,0,0,0,0,0,0,"- ","- ",37.922870635986328,-122.35848236083984,"CONTRA COSTA",RICHMOND,-122.35848236083984,37.922863006591797
90735587,2018,2018-05-28,9370,2018-05-20,1545,020235,,7,2,9,0700,0,3,5,,2,010,"RICHMOND PARKWAY N/B","PARR BLVD",0.00,,Y,A,B,Y,,,,,,,,,,N,4,0,1,2,A,-,12,21453,A,N,D,C,A,A,H,-,A,A,0,,,,,Y,,-,"- ",0,0,1,0,0,0,0,0,0,"- ","- ",37.967758178710938,-122.37355041503906,"CONTRA COSTA",UNINCORPORATED,-122.37374877929688,37.967750549316406
90735862,2018,2018-05-29,9320,2018-05-10,2241,021440,,4,3,6,0704,0,1,3,,2,242,"SR-242 N/B TO SR-4 E/B","SR-242 N/B TO SR-4 W/B",210.00,S,N,A,-,Y,,,242,,,,R,,N,Y,4,0,1,1,A,-,08,22107,,N,E,I,A,A,H,-,D,D,0,,,,,Y,,A,01,0,0,1,0,0,0,0,0,0,"- ","- ",38.003841400146484,-122.03701782226562,"CONTRA COSTA",CONCORD,-122.03701782226562,38.003841400146484
90736026,2018,2018-05-29,9320,2018-05-18,0810,021352,,5,1,9,0700,0,2,4,,2,012,"SAN PABLO DAM ROAD","TRI LANE",13.00,N,N,A,-,N,,,,,,,,,,Y,2,0,1,1,A,-,08,22107,,N,E,I,A,A,H,-,A,D,0,,,,,Y,,A,01,1,0,0,0,0,0,0,0,0,"- ","- ",37.948650360107422,-122.26876831054688,"CONTRA COSTA",UNINCORPORATED,-122.26886749267578,37.948802947998047
90736272,2018,2018-08-31,9320,2018-05-17,1629,018803,,4,2,9,0700,0,2,4,,2,012,"SAN PABLO DAMN ROAD","GREENRIDGE ROAD",40.00,N,N,A,-,N,,,,,,,,,,Y,4,0,1,2,D,-,00,,,N,D,C,A,A,H,-,A,D,0,,,,,Y,,-,"- ",0,0,1,0,0,0,0,0,0,"- ","- ",37.963630676269531,-122.29608917236328,"CONTRA COSTA",UNINCORPORATED,-122.29611968994141,37.964012145996094
90736789,2018,2018-05-30,9370,2018-05-23,0730,020815,,3,1,5,0710,0,1,1,,2,083,"I-80 W/B","HILLTOP DRIVE",1400.00,W,N,B,-,Y,,,80,,,,,,W,N,3,0,1,2,A,-,03,22350,,N,F,A,A,A,H,-,A,D,0,,,Y,,Y,,C,02,0,1,0,0,0,0,0,0,1,"- ","- ",37.972629547119141,-122.31970977783203,"CONTRA COSTA",RICHMOND,-122.31966400146484,37.972614288330078
90736795,2018,2018-05-30,9370,2018-05-23,0520,020881,,3,3,9,0700,0,1,3,,2,023,"SR-24 E/B","GRIZZLY PEAK BLVD",491.00,W,N,A,-,Y,,,24,,,,,,E,Y,3,0,1,2,A,-,03,22350,,N,C,C,A,A,H,-,B,D,0,,,,,Y,,A,01,0,1,0,0,0,0,0,0,0,"- ","- ",37.856410980224609,-122.21437835693359,"CONTRA COSTA",UNINCORPORATED,-122.21433258056641,37.856349945068359
90736893,2018,2018-05-30,9320,2018-05-16,1545,018803,,3,2,9,0700,0,1,1,,2,681,"I-680 S/B","LIVORNA ROAD",3696.00,N,N,A,-,Y,,,680,,,,,,S,Y,4,0,5,5,A,-,07,21658,A,N,C,A,A,A,H,-,A,D,0,,,,,Y,,A,01,0,0,5,0,0,0,0,0,0,"- ","- ",37.871658325195312,-122.04268646240234,"CONTRA COSTA",UNINCORPORATED,-122.04267883300781,37.871669769287109
90736902,2018,2018-05-30,9320,2018-05-21,2232,021499,,1,3,5,0701,0,1,3,,2,404,"SR-4 W/B","HILLCREST AVE",3200.00,E,N,A,-,Y,,,,,,,,,,Y,2,0,6,6,A,-,03,22350,,N,C,C,A,A,H,-,C,D,0,,,,Y,Y,,G,25,1,3,2,0,0,0,0,0,0,"- ","- ",37.594028472900391,-121.46266174316406,"CONTRA COSTA",ANTIOCH,-121.77455902099609,37.994594573974609
90736919,2018,2018-05-30,9320,2018-05-17,0347,019546,,4,3,9,0700,0,1,3,,2,400,"STATE ROUTE 4 W/B TO I-80 W/B","I-80 OVERCROSSING",100.00,E,N,A,-,Y,,,,,,,,,,Y,3,0,1,1,A,-,08,22107,,N,E,A,A,A,H,-,D,D,0,,,,,Y,,A,01,0,1,0,0,0,0,0,0,0,"- ","- ",38.015029907226562,-122.26869964599609,"CONTRA COSTA",UNINCORPORATED,-122.26917266845703,38.015148162841797
90736958,2018,2018-08-31,9320,2018-05-20,1855,020981,,7,2,9,0700,0,3,5,,2,060,"GRIZZLY PEAK BOULEVARD","SKYLINE BOULEVARD",1000.00,N,N,A,-,N,,,,,,,,,,N,2,0,1,2,A,-,06,21750,A,F,B,C,A,A,H,-,A,D,0,,,Y,,Y,,C,02,1,0,0,0,0,0,0,0,1,"- ","- ",37.850040435791016,-122.20226287841797,"CONTRA COSTA",UNINCORPORATED,-122.2021484375,37.849964141845703
90736970,2018,2018-05-30,9320,2018-05-21,0830,022082,,1,1,6,0704,0,1,3,,2,242,"SR-242 S/B","I-680 S/B U/C",200.00,N,N,A,-,Y,,,242,,,,,,S,Y,4,0,2,2,A,-,03,22350,,N,C,C,A,A,H,-,A,D,0,,,,,Y,,D,22,0,0,2,0,0,0,0,0,0,"- ","- ",37.959999084472656,-122.052001953125,"CONTRA COSTA",CONCORD,-122.05199432373047,37.959999084472656
90736985,2018,2018-05-30,9320,2018-05-23,1417,021949,,3,2,3,0715,0,1,3,,2,241,"SR-24 E/B","EL NIDO RANCH RD.",495.00,W,N,A,-,Y,,,24,,,,,,E,Y,4,0,2,1,A,-,08,22107,,N,E,I,A,A,H,-,A,D,0,,,,,Y,,A,01,0,0,2,0,0,0,0,0,0,"- ","- ",37.890781402587891,-122.14598083496094,"CONTRA COSTA",LAFAYETTE,-122.14598846435547,37.890872955322266
90737135,2018,2018-05-30,9320,2018-05-24,1920,021088,,4,2,9,0700,0,1,3,,2,403,"SR-4 E/B","BAILEY ROAD",3028.00,W,N,A,G,Y,,,4,,,,,,E,N,4,0,1,2,A,-,03,22350,,N,C,C,A,A,H,-,A,D,0,,,,,Y,,A,01,0,0,1,0,0,0,0,0,0,"- ","- ",38.020050048828125,-121.95250701904297,"CONTRA COSTA",UNINCORPORATED,-121.95249176025391,38.020103454589844
90737209,2018,2018-05-30,9320,2018-02-17,2155,021710,,6,2,9,0700,0,2,4,,2,072,"BAILEY ROAD S/B","HAVENWOOD CIRCLE",10560.00,S,N,A,-,N,,,,,,,,,,N,4,0,1,2,A,-,03,22350,,N,C,C,A,A,H,-,D,D,0,,,,,Y,,A,07,0,0,1,0,0,0,0,0,0,"- ","- ",37.984321594238281,-121.95242309570312,"CONTRA COSTA",UNINCORPORATED,,
90737402,2018,2018-05-30,9320,2018-05-17,1250,022082,,4,1,5,0712,0,1,1,,2,682,"I-680 S/B","NORTH MAIN ST. O/C",480.00,N,N,A,-,Y,,,680,,,,,,S,Y,4,0,1,2,D,-,00,,,N,B,C,A,A,H,-,A,D,0,,,,,Y,,-,"- ",0,0,1,0,0,0,0,0,0,"- ","- ",37.916900634765625,-122.06459808349609,"CONTRA COSTA","WALNUT CREEK",-122.06471252441406,37.917003631591797
90737512,2018,2018-05-30,9320,2018-05-25,1252,017271,,5,1,9,0700,0,1,1,,2,681,"I-680 S/B","LIVORNA RD",50.00,S,N,A,B,Y,,,680,,,,,,S,N,4,0,1,2,A,-,03,22350,,N,C,C,A,A,H,-,A,D,0,,,,,Y,,A,07,0,0,1,0,0,0,0,0,0,"- ","- ",37.862800598144531,-122.034912109375,"CONTRA COSTA",UNINCORPORATED,-122.034912109375,37.862800598144531
90737658,2018,2018-05-30,9390,2018-05-26,0200,020013,,6,3,9,0700,0,3,5,,2,200,"MORGAN TERRITORY ROAD (9000 BLOCK)","MANNING ROAD",26400.00,N,N,B,-,N,,,,,,,,,,Y,3,0,1,1,A,-,08,22107,,N,E,I,A,B,H,-,D,D,0,,,,,Y,,A,01,0,1,0,0,0,0,0,0,0,"- ","- ",37.812999725341797,-121.79519653320312,"CONTRA COSTA",UNINCORPORATED,-121.79515838623047,37.813018798828125
90737885,2018,2018-05-31,9320,2018-05-27,1334,019742,,7,1,5,0701,0,1,3,,2,404,"SR-4 W/B","L ST",300.00,E,N,A,-,Y,,,4,,,,,,W,Y,3,0,1,1,A,-,08,22107,,N,E,I,A,A,H,-,A,D,0,,,,,Y,,A,01,0,1,0,0,0,0,0,0,0,"- ","- ",37.999298095703125,-121.82026672363281,"CONTRA COSTA",ANTIOCH,-121.82028961181641,37.999225616455078
90737898,2018,2018-05-31,9320,2018-05-26,1505,019759,,6,2,3,0702,0,1,3,,1,406,"SR-4 E/B","SAND CREEK RD.",600.00,E,N,A,-,Y,,,4,,,,,,E,Y,4,0,2,3,A,-,03,22350,,N,C,C,A,A,H,-,A,D,0,,,,,Y,,A,01,0,0,2,0,0,0,0,0,0,"- ","- ",37.941020965576172,-121.74069213867188,"CONTRA COSTA",BRENTWOOD,-121.74031066894531,37.941215515136719
90737999,2018,2018-05-31,9320,2018-05-27,1410,017211,,7,2,9,0700,0,2,4,,2,013,"SAN PABLO DAM ROAD","WILDCAT CANYON ROAD",5280.00,W,N,A,-,N,,,,,,,,,,Y,4,0,1,1,A,-,08,22107,,N,E,I,A,A,H,-,A,D,0,,,,,Y,,A,01,0,0,1,0,0,0,0,0,0,"- ","- ",37.924800872802734,-122.24929046630859,"CONTRA COSTA",UNINCORPORATED,-122.22642517089844,37.905391693115234
90738014,2018,2018-05-31,9320,2018-05-22,0828,022082,,2,1,9,0700,0,2,4,,2,072,"BAILEY RD.","BAILEY ROAD TO SR-4 E/B",25.00,S,N,A,-,N,,,,,,,,,,Y,4,0,1,2,A,-,12,21453,A,N,D,C,A,A,H,-,A,A,0,,,,,Y,,A,01,0,0,1,0,0,0,0,0,0,"- ","- ",38.017799377441406,-121.94190216064453,"CONTRA COSTA",UNINCORPORATED,-121.94193267822266,38.017726898193359
90738039,2018,2018-05-31,9320,2018-05-26,1850,020810,,6,2,9,0700,0,1,3,,2,403,"SR-4 W/B TO BAILEY RD","BAILEY RD",0.00,,Y,A,-,Y,,,4,,,,R,,W,N,4,0,1,2,A,-,11,21950,B,N,G,B,C,A,H,-,A,D,0,Y,,,,Y,,N,60,0,0,1,0,1,0,0,0,0,"- ","- ",38.019420623779297,-121.94171905517578,"CONTRA COSTA",UNINCORPORATED,-121.94171905517578,38.019420623779297
90738097,2018,2018-05-31,9320,2018-05-27,1155,021496,,7,1,9,0700,0,2,4,,2,077,"KIRKER PASS RD N/B","HESS RD",5016.00,N,N,A,-,N,,,,,,,,,,Y,3,0,1,1,A,-,08,22107,,N,F,I,A,A,H,-,A,D,0,,,,,Y,,A,07,0,1,0,0,0,0,0,0,0,"- ","- ",37.979099273681641,-121.90747833251953,"CONTRA COSTA",UNINCORPORATED,-121.91885375976562,37.972148895263672
90738201,2018,2018-06-20,9320,2018-05-29,1800,020981,,2,2,6,0704,0,1,3,,2,242,"SR-242 N/B","CONCORD AVENUE",1800.00,S,N,A,-,Y,,,242,,,,,,N,N,4,0,1,2,A,-,03,22350,,N,C,C,A,A,H,-,A,D,0,,,,,Y,,A,07,0,0,1,0,0,0,0,0,0,"- ","- ",37.974269866943359,-122.04572296142578,"CONTRA COSTA",CONCORD,-122.04592132568359,37.974384307861328
90738327,2018,2018-05-31,9320,2018-05-29,0836,017271,,2,1,9,0700,0,1,1,,2,681,"I-680 N/B","STONE VALLEY RD U/C",1970.00,N,N,A,-,Y,,,680,,,,,,N,N,4,0,1,2,A,-,03,22350,,N,C,C,A,A,H,-,A,D,0,,,,,Y,,A,01,0,0,1,0,0,0,0,0,0,"- ","- ",37.856719970703125,-122.0299072265625,"CONTRA COSTA",UNINCORPORATED,-122.03018951416016,37.856544494628906
90738685,2018,2018-05-31,9320,2018-05-19,2040,021088,,6,2,9,0700,0,3,5,,2,075,"WILLOW PASS ROAD E/B","BELLA VISTA AVENUE",0.00,,Y,A,G,N,,,,,,,,,,N,3,0,2,2,A,-,01,23152,A,N,A,C,A,A,H,-,C,D,0,,,,,Y,Y,A,01,0,1,1,0,0,0,0,0,0,"- ","- ",38.026729583740234,-121.93393707275391,"CONTRA COSTA",UNINCORPORATED,-121.93392944335938,38.026771545410156
90738690,2018,2018-05-31,9320,2018-05-07,0910,016788,,1,1,9,0700,0,2,4,,2,012,"SAN PABLO DAM RD","CLARK RD",400.00,E,N,A,-,N,,,,,,,,,,N,3,0,1,1,A,-,08,22107,,N,F,A,A,A,H,-,A,D,0,,,Y,,Y,,C,02,0,1,0,0,0,0,0,0,1,"- ","- ",37.965721130371094,-122.29998779296875,"CONTRA COSTA",UNINCORPORATED,-122.2999267578125,37.965724945068359
90739137,2018,2018-06-20,9320,2018-05-28,2300,021499,,1,3,9,0700,0,1,3,,2,241,"SR-24 E/B","DOLORES DR",1025.00,W,N,A,-,Y,,,,,,,,,,N,4,0,1,2,A,-,03,22350,,N,C,C,A,A,H,-,C,D,0,,,,,Y,,A,01,0,0,1,0,0,0,0,0,0,"- ","- ",37.532829284667969,-122.75496673583984,"CONTRA COSTA",UNINCORPORATED,-122.13190460205078,37.891212463378906
90739144,2018,2018-06-01,9320,2018-05-30,1410,019759,,3,2,3,0702,0,1,3,,1,406,SR-4,"BALFOUR RD.",0.00,,Y,A,-,Y,,,4,,,,,,,Y,3,0,1,2,B,-,22,,,N,D,C,A,A,D,-,A,A,0,,,,,Y,,-,98,0,1,0,0,0,0,0,0,0,"- ","- ",37.925178527832031,-121.73278045654297,"CONTRA COSTA",BRENTWOOD,-121.73286437988281,37.925159454345703
90739704,2018,2018-06-04,9320,2018-05-23,0435,020984,,3,3,6,0704,0,1,3,,2,242,"SR-242 N/B","GRANT ST",1000.00,S,N,B,-,Y,,,242,,,,,,N,Y,4,0,1,1,A,-,01,23152,A,N,E,I,A,A,H,-,C,D,0,,,,,Y,Y,A,01,0,0,1,0,0,0,0,0,0,"- ","- ",37.985801696777344,-122.04080200195312,"CONTRA COSTA",CONCORD,-122.04100036621094,37.985843658447266
90739705,2018,2018-06-04,9320,2018-05-23,1410,016584,,3,2,4,0790,0,1,1,,2,681,"I-680 N/B","EL CERRO BL.",160.00,S,N,A,-,Y,,,680,,,,,,N,Y,3,0,1,3,A,-,03,22350,,N,C,C,A,A,H,-,A,D,0,,,,,Y,,D,22,0,1,0,0,0,0,0,0,0,"- ","- ",37.829391479492188,-122.00025939941406,"CONTRA COSTA",DANVILLE,-122.00027465820312,37.829368591308594
90739721,2018,2018-06-04,9320,2018-05-28,0454,020984,,1,3,5,0701,0,1,3,,2,404,"SR-4 E/B","SOMERSVILLE RD.",2640.00,W,N,B,-,Y,,,,,,,,,,N,4,0,1,1,A,-,08,22107,,N,E,I,A,A,H,-,C,D,0,,,,,Y,,A,01,0,0,1,0,0,0,0,0,0,"- ","- ",38.006401062011719,-121.34690093994141,"CONTRA COSTA",ANTIOCH,,
90739960,2018,2018-06-04,9320,2018-05-22,1635,017211,,2,2,9,0700,0,1,3,,2,402,"STATE ROUTE 4 E/B","INTERSTATE 680",625.00,W,N,B,-,Y,,,4,,,,,,E,Y,4,0,1,2,D,-,00,,,N,C,C,A,A,H,-,A,D,0,,,Y,,Y,,-,"- ",0,0,1,0,0,0,0,0,1,"- ","- ",37.993709564208984,-122.07205963134766,"CONTRA COSTA",UNINCORPORATED,-122.07206726074219,37.993721008300781
90740072,2018,2018-06-04,9320,2018-05-25,1635,021546,,5,2,3,0792,0,1,3,,2,240,"SR-24 E/B","FISH RANCH ROAD O/C",200.00,E,N,B,-,Y,,,,,,,,,,Y,4,0,1,3,A,-,03,22350,,N,C,C,A,A,H,-,A,D,0,,,,,Y,,A,01,0,0,1,0,0,0,0,0,0,"- ","- ",,,"CONTRA COSTA",ORINDA,-122.20938873291016,37.861671447753906
90740107,2018,2018-06-04,9320,2018-05-27,0330,021460,,7,3,9,0700,0,2,4,,2,012,"SAN PABLO DAM RD","MILTON DR",180.00,W,N,A,-,N,,,,,,,,,,Y,3,0,1,3,A,-,01,23152,A,N,B,C,A,A,H,-,C,D,0,,,,,Y,Y,A,01,0,1,0,0,0,0,0,0,0,"- ","- ",37.966560363769531,-122.30570220947266,"CONTRA COSTA",UNINCORPORATED,-122.30587768554688,37.966556549072266
90740116,2018,2018-06-04,9320,2018-05-28,1740,020810,,1,2,9,0700,0,1,3,,2,403,"SR-4 E/B","SAN MARCO BLVD",375.00,W,N,A,-,Y,,,4,,,,,,E,Y,4,0,1,3,A,-,03,22350,,N,C,C,A,A,H,-,A,D,0,,,,,Y,,A,01,0,0,1,0,0,0,0,0,0,"- ","- ",38.023139953613281,-121.96736145019531,"CONTRA COSTA",UNINCORPORATED,-121.96735382080078,38.023166656494141
90740780,2018,2018-06-04,9390,2018-05-25,1210,022070,,5,1,9,0700,0,2,4,,2,112,"CAMINO TASSAJARA","MONTEROSSO ROAD",0.00,,Y,B,-,N,,,,,,,,,,Y,4,0,3,2,D,-,00,,,N,D,C,A,A,H,-,A,A,0,,,,,Y,,-,"- ",0,0,3,0,0,0,0,0,0,"- ","- ",37.799591064453125,-121.89277648925781,"CONTRA COSTA",UNINCORPORATED,-121.89277648925781,37.79962158203125
90740885,2018,2018-06-05,9370,2018-05-26,0705,021938,,6,1,5,0710,0,1,1,,2,083,"I-80 W/B","SAN PABLO DAM RD.",2400.00,E,N,B,-,Y,,,,,,,,,,Y,4,0,1,2,A,-,08,22107,,N,B,C,A,A,H,-,A,D,0,,,,,Y,,A,01,0,0,1,0,0,0,0,0,0,"- ","- ",37.574249267578125,-122.1947021484375,"CONTRA COSTA",RICHMOND,-122.32674407958984,37.949836730957031
90740895,2018,2018-06-05,9370,2018-05-26,0920,021938,,6,1,9,0700,0,3,5,,2,012,"ARLINGTON BLVD","SOLANO AVE",0.00,,Y,B,-,N,,,,,,,,,,N,4,0,1,2,A,-,09,21801,A,N,D,C,A,A,H,-,A,D,0,,,,,Y,,A,01,0,0,1,0,0,0,0,0,0,"- ","- ",37.564678192138672,-122.19799041748047,"CONTRA COSTA",UNINCORPORATED,-122.31891632080078,37.946361541748047
90741023,2018,2018-06-05,9320,2018-05-27,0225,021433,,7,3,6,0704,0,1,3,,2,402,"SR-4 E/B","PERALTA RD U/C",220.00,W,N,A,-,Y,,,,,,,,,,Y,2,0,1,1,A,-,01,23152,A,N,E,I,A,A,H,-,D,D,0,,,,,Y,Y,A,07,1,0,0,0,0,0,0,0,0,"- ","- ",,,"CONTRA COSTA",CONCORD,-122.04830932617188,38.002059936523438
9074140,2020,2020-06-11,0701,2020-02-13,1411,5566,406,4,5,5,0701,0,0,0,,0,004,"SAN JOSE DR","ALAMO CT",0.00,,Y,A,-,N,,,,,,,,,,Y,4,0,1,1,A,-,01,23152,A,N,F,I,A,A,H,-,A,D,0,,,,,Y,Y,A,01,0,0,1,0,0,0,0,0,0,"- ","- ",,,"CONTRA COSTA",ANTIOCH,-121.82939910888672,37.999099731445312
90741435,2018,2018-08-31,9320,2018-05-26,0952,020026,,6,1,9,0700,0,2,4,,2,095,"MARSH CREEK RD","WALNUT BLVD",1056.00,W,N,A,-,Y,,,,,,,,,,Y,3,0,9,3,A,-,03,22350,,N,C,C,A,A,H,-,A,D,0,,,,,Y,,A,08,0,1,8,0,0,0,0,0,0,"- ","- ",37.896308898925781,-121.70429229736328,"CONTRA COSTA",UNINCORPORATED,-121.699951171875,37.896347045898438
9074144,2020,2020-10-29,0711,2020-05-12,2150,S1062,BAY,2,5,4,0711,0,0,0,,0,003,"RUMRILL BL","EMERIC AV",0.00,,Y,A,-,N,,,,,,,,,,Y,4,0,1,2,A,-,09,21804,A,N,-,C,A,A,H,-,C,-,0,,,,,Y,Y,A,07,0,0,1,0,0,0,0,0,0,"- ","- ",37.954090118408203,-122.35707092285156,"CONTRA COSTA","SAN PABLO",-122.35694885253906,37.954181671142578
9074147,2020,2020-10-29,0704,2020-05-31,1129,567,,7,5,6,0704,0,0,0,,0,006,"CLAYTON RD","DENKINGER RD",0.00,,Y,A,-,N,,,,,,,,,,Y,3,0,1,2,A,-,08,22107,,N,B,C,A,A,H,-,A,A,0,,,,,Y,,A,07,0,1,0,0,0,0,0,0,0,"- ","- ",,,"CONTRA COSTA",CONCORD,-121.99259948730469,37.964878082275391
9074148,2020,2020-10-29,0711,2020-05-04,1952,1085,BAY,1,5,4,0711,0,0,0,,0,003,"RUMRILL BL","SUTTER AV",120.00,S,N,A,-,N,,,,,,,,,,N,3,0,1,1,A,-,03,22350,,N,D,I,A,A,H,-,A,D,0,,,,,Y,,A,01,0,1,0,0,0,0,0,0,0,"- ","- ",37.957038879394531,-122.35691070556641,"CONTRA COSTA","SAN PABLO",-122.35678863525391,37.957019805908203
90741498,2018,2018-06-05,9320,2018-05-30,0015,021499,,3,3,6,0704,0,1,1,,2,683,"I-680 S/B","WILLOW PASS RD",1975.00,N,N,A,-,Y,,,,,,,,,,Y,3,0,1,1,A,-,08,22107,,N,F,I,A,A,H,-,C,D,0,,,,Y,Y,,F,26,0,1,0,0,0,0,0,0,0,"- ","- ",37.581439971923828,-122.33659362792969,"CONTRA COSTA",CONCORD,-122.05990600585938,37.970611572265625