CASE_ID,ACCIDENT_YEAR,PROC_DATE,JURIS,COLLISION_DATE,COLLISION_TIME,OFFICER_ID,REPORTING_DISTRICT,DAY_OF_WEEK,CHP_SHIFT,POPULATION,CNTY_CITY_LOC,SPECIAL_COND,BEAT_TYPE,CHP_BEAT_TYPE,CITY_DIVISION_LAPD,CHP_BEAT_CLASS,BEAT_NUMBER,PRIMARY_RD,SECONDARY_RD,DISTANCE,DIRECTION,INTERSECTION,WEATHER_1,WEATHER_2,STATE_HWY_IND,CALTRANS_COUNTY,CALTRANS_DISTRICT,STATE_ROUTE,ROUTE_SUFFIX,POSTMILE_PREFIX,POSTMILE,LOCATION_TYPE,RAMP_INTERSECTION,SIDE_OF_HWY,TOW_AWAY,COLLISION_SEVERITY,NUMBER_KILLED,NUMBER_INJURED,PARTY_COUNT,PRIMARY_COLL_FACTOR,PCF_CODE_OF_VIOL,PCF_VIOL_CATEGORY,PCF_VIOLATION,PCF_VIOL_SUBSECTION,HIT_AND_RUN,TYPE_OF_COLLISION,MVIW,PED_ACTION,ROAD_SURFACE,ROAD_COND_1,ROAD_COND_2,LIGHTING,CONTROL_DEVICE,CHP_ROAD_TYPE,PEDESTRIAN_ACCIDENT,BICYCLE_ACCIDENT,MOTORCYCLE_ACCIDENT,TRUCK_ACCIDENT,NOT_PRIVATE_PROPERTY,ALCOHOL_INVOLVED,STWD_VEHTYPE_AT_FAULT,CHP_VEHTYPE_AT_FAULT,COUNT_SEVERE_INJ,COUNT_VISIBLE_INJ,COUNT_COMPLAINT_PAIN,COUNT_PED_KILLED,COUNT_PED_INJURED,COUNT_BICYCLIST_KILLED,COUNT_BICYCLIST_INJURED,COUNT_MC_KILLED,COUNT_MC_INJURED,PRIMARY_RAMP,SECONDARY_RAMP,LATITUDE,LONGITUDE,COUNTY,CITY,POINT_X,POINT_Y
9086048,2020,2020-07-14,0704,2020-04-07,0620,583,SOUTH,2,5,6,0704,0,0,0,,0,002,"MONUMENT BLVD","DETROIT AV",0.00,,Y,A,-,N,,,,,,,,,,Y,4,0,1,2,A,-,17,21451,B,N,D,C,A,A,H,-,B,A,0,,,,,Y,,A,01,0,0,1,0,0,0,0,0,0,"- ","- ",,,"CONTRA COSTA",CONCORD,-122.03366088867188,37.960079193115234
90860610,2018,2018-11-15,9320,2018-11-05,1635,019238,,1,2,9,0700,0,3,5,,2,060,"OLYMPIC BLVD","NEWELL CT",0.00,,Y,A,-,N,,,,,,,,,,N,4,0,1,2,A,-,03,22350,,N,C,C,A,A,H,-,A,D,0,,,,,Y,,A,07,0,0,1,0,0,0,0,0,0,"- ","- ",37.884799957275391,-122.08550262451172,"CONTRA COSTA",UNINCORPORATED,-122.08556365966797,37.884380340576172
90860618,2018,2018-11-15,9320,2018-11-05,1710,019238,,1,2,5,0712,0,1,1,,2,681,"I-680 N/B","OLYMPIC BLVD U/C",1320.00,S,N,A,-,Y,,,,,,,,,,Y,2,0,1,1,A,-,03,22350,,N,F,A,A,A,H,-,B,D,0,,,Y,,Y,,C,02,1,0,0,0,0,0,0,0,1,"- ","- ",,,"CONTRA COSTA","WALNUT CREEK",-122.06285858154297,37.892040252685547
90860670,2018,2018-11-15,9320,2018-11-09,0640,016788,,5,1,9,0700,0,1,3,,2,401,"SR-4 E/B","MCEWEN RD U/C",82.00,W,N,B,-,Y,,,,,,,,,,Y,4,0,1,1,A,-,08,22107,,N,E,I,A,A,H,-,B,D,0,,,,,Y,,A,01,0,0,1,0,0,0,0,0,0,"- ","- ",,,"CONTRA COSTA",UNINCORPORATED,-122.17787933349609,38.014972686767578
90861145,2018,2018-11-15,9370,2018-11-14,1000,022068,,3,1,5,0710,0,1,1,,2,082,"I-80 W/B","CUTTING BLVD.",170.00,E,N,A,-,Y,,,,,,,,,,N,4,0,1,4,A,-,03,22350,,N,C,C,A,A,H,-,A,D,0,,,,,Y,,A,01,0,0,1,0,0,0,0,0,0,"- ","- ",37.553348541259766,-122.19175720214844,"CONTRA COSTA",RICHMOND,-122.32081604003906,37.925052642822266
90861259,2018,2018-11-15,9320,2018-11-10,1840,021352,,6,2,5,0712,0,1,1,,2,681,"I-680 S/B","SOUTH MAIN STREET",800.00,N,N,A,-,Y,,,680,,,,,,S,Y,4,0,2,5,A,-,03,22350,,N,C,C,A,A,H,-,D,D,0,,,,,Y,,A,07,0,0,2,0,0,0,0,0,0,"- ","- ",37.891208648681641,-122.06168365478516,"CONTRA COSTA","WALNUT CREEK",-122.06166839599609,37.891231536865234
90861476,2018,2018-11-16,9320,2018-11-05,2140,020192,,1,2,5,0708,0,1,3,,2,404,"SR-4 E/B","LOVERIDGE ROAD",1056.00,E,N,A,-,Y,,,4,,,,,,E,Y,4,0,1,2,A,-,16,29004,B,N,C,C,A,A,H,-,C,D,0,,,,,Y,,E,22,0,0,1,0,0,0,0,0,0,"- ","- ",38.010589599609375,-121.86292266845703,"CONTRA COSTA",PITTSBURG,-121.86287689208984,38.010749816894531
90861492,2018,2018-11-16,9320,2018-11-07,2240,020192,,3,3,9,0700,0,2,4,,2,086,"BYRON HIGHWAY","BYRON HWY",1320.00,N,N,A,-,Y,,,,,,,,,,Y,2,0,2,1,A,-,01,23152,A,N,F,I,A,A,H,-,D,D,0,,,,,Y,Y,A,01,1,1,0,0,0,0,0,0,0,"- ","- ",37.834571838378906,-121.60823059082031,"CONTRA COSTA",UNINCORPORATED,-121.64096069335938,37.968818664550781
90861513,2018,2018-11-16,9320,2018-11-09,1555,021496,,5,2,9,0700,0,2,4,,2,096,"VASCO ROAD","CAMINO DIABLO",10138.00,S,N,A,-,N,,,,,,,,,,Y,3,0,5,3,A,-,03,22350,,N,C,C,A,A,H,-,A,D,0,,,,,Y,,A,01,0,1,4,0,0,0,0,0,0,"- ","- ",37.844718933105469,-121.64676666259766,"CONTRA COSTA",UNINCORPORATED,-121.66764068603516,37.865211486816406
90861637,2018,2018-11-16,9320,2018-11-09,1800,020026,,5,2,3,0706,0,1,1,,2,180,"I-80 WESTBOUND OFF TO APPIAN WAY","APPIAN WAY",20.00,E,N,A,-,Y,,,,,,,,,,N,4,0,3,2,A,-,01,23152,A,N,C,C,A,A,H,-,B,D,0,,,,,Y,Y,A,01,0,0,3,0,0,0,0,0,0,"- ","- ",,,"CONTRA COSTA",HERCULES,-122.30588531494141,37.9927978515625
90861676,2018,2018-11-16,9320,2018-11-07,1640,016584,,3,2,9,0700,0,2,4,,2,026,"TAYLOR BLVD.","GREENHILLS DR.",1080.00,S,N,A,-,N,,,,,,,,,,Y,3,0,1,1,A,-,01,23152,A,N,F,A,A,A,H,-,B,D,0,,,,,Y,Y,A,01,0,1,0,0,0,0,0,0,0,"- ","- ",37.926620483398438,-122.09616088867188,"CONTRA COSTA",UNINCORPORATED,-122.09611511230469,37.926643371582031
90861731,2018,2018-11-16,9320,2018-11-11,1405,021352,,7,2,9,0700,0,3,5,,2,040,"2ND AVENUE","PACHECO BOULEVARD",0.00,,Y,A,-,N,,,,,,,,,,N,4,0,1,2,A,-,03,22350,,N,C,C,A,A,H,-,A,A,0,,,Y,,Y,,A,01,0,0,1,0,0,0,0,0,1,"- ","- ",37.981620788574219,-122.0673828125,"CONTRA COSTA",UNINCORPORATED,-122.0672607421875,37.98162841796875
90861982,2018,2018-11-16,9320,2018-10-31,2040,019759,,3,2,9,0700,0,3,5,,2,075,"PACIFICA AVE.","PORT CHICAGO HIGHWAY",300.00,W,N,A,-,N,,,,,,,,,,N,4,0,2,2,A,-,03,22350,,M,C,C,A,A,H,-,C,D,0,,,,,Y,,-,99,0,0,2,0,0,0,0,0,0,"- ","- ",38.033988952636719,-121.96096038818359,"CONTRA COSTA",UNINCORPORATED,-121.96153259277344,38.034015655517578
90862021,2018,2018-11-16,9320,2018-11-16,0600,018449,,5,1,9,0700,0,1,3,,2,400,"SR-4 W/B","WILLOW AVE.",1584.00,E,N,B,F,Y,,,,,,,,,,Y,4,0,1,2,A,-,07,21658,A,N,B,C,A,A,H,-,A,D,0,,,,Y,Y,,G,25,0,0,1,0,0,0,0,0,0,"- ","- ",,,"CONTRA COSTA",UNINCORPORATED,-122.25127410888672,38.014606475830078
90862052,2018,2018-11-16,9320,2018-11-14,1920,021352,,3,2,3,0715,0,1,3,,2,241,"SR-24 E/B","PLEASANT HILL ROAD",2640.00,E,N,A,-,Y,,,24,,,,,,E,Y,4,0,1,2,A,-,03,22350,,N,C,C,A,A,H,-,C,D,0,,,,,Y,,A,01,0,0,1,0,0,0,0,0,0,"- ","- ",37.897789001464844,-122.08657073974609,"CONTRA COSTA",LAFAYETTE,-122.08657073974609,37.897800445556641
90862419,2018,2018-11-19,9370,2018-11-15,0710,022077,,4,1,4,0711,0,1,1,,2,082,"I-80 W/B","SAN PABLO DAM ROAD",309.00,W,N,A,-,Y,,,80,,,,,,W,N,4,0,1,2,A,-,03,22350,,N,C,C,A,A,H,-,A,D,0,,,,,Y,,-,99,0,0,1,0,0,0,0,0,0,"- ","- ",37.955120086669922,-122.32948303222656,"CONTRA COSTA","SAN PABLO",-122.32949066162109,37.955116271972656
90862572,2018,2018-11-19,9320,2018-09-21,0210,020009,,5,3,5,0708,0,1,3,,2,404,"SR-4 E/B","LOVERIDGE RD O/C",800.00,E,N,A,-,Y,,,4,,,,,,E,Y,4,0,1,2,A,-,07,21658,A,M,B,C,A,A,H,-,C,D,0,,,,,Y,,-,99,0,0,1,0,0,0,0,0,0,"- ","- ",38.010261535644531,-121.86102294921875,"CONTRA COSTA",PITTSBURG,-121.86101531982422,38.010272979736328
90862581,2018,2018-11-19,9320,2018-11-06,0550,021185,,2,3,9,0700,0,1,1,,2,180,"I-80 E/B","CUMMINGS SKYWAY",2000.00,W,N,A,-,Y,,,80,,,,,,E,Y,3,0,2,2,A,-,03,22350,,N,C,C,A,A,H,-,C,D,0,,,,,Y,,A,01,0,1,1,0,0,0,0,0,0,"- ","- ",38.041339874267578,-122.24356842041016,"CONTRA COSTA",UNINCORPORATED,-122.24355316162109,38.041313171386719
90862588,2018,2018-11-19,9320,2018-11-08,0007,021164,,4,3,9,0700,0,1,3,,2,403,"SR-4 E/B","LOVERIDGE ROAD",2220.00,W,N,A,-,Y,,,,,,,,,,N,4,0,1,4,A,-,03,22350,,N,C,C,A,A,H,-,C,D,0,,,,,Y,,A,01,0,0,1,0,0,0,0,0,0,"- ","- ",38.001731872558594,-122.8309326171875,"CONTRA COSTA",UNINCORPORATED,-121.87510681152344,38.013328552246094
90862590,2018,2018-11-19,9320,2018-11-06,0830,021185,,2,1,3,0707,0,1,1,,2,180,"INTERSTATE 80 EASTBOUND","PINOLE VALLEY ROAD",800.00,W,N,A,-,Y,,,80,,,,,,E,Y,4,0,1,2,A,-,03,22350,,N,C,C,A,A,H,-,A,D,0,,,,,Y,,A,01,0,0,1,0,0,0,0,0,0,"- ","- ",37.995811462402344,-122.2882080078125,"CONTRA COSTA",PINOLE,-122.28819274902344,37.995765686035156
90862634,2018,2018-11-19,9320,2018-11-11,0149,021590,,7,3,4,0709,0,1,1,,2,682,"I-680 N/B TO CONTRA COSTA BLVD","MONUMENT BLVD",2000.00,S,N,A,-,Y,,,680,,,,R,,N,Y,4,0,1,2,A,-,01,23152,A,N,B,E,A,A,H,-,C,D,0,,,,,Y,Y,A,01,0,0,1,0,0,0,0,0,0,"- ","- ",37.938098907470703,-122.05979919433594,"CONTRA COSTA","PLEASANT HILL",-122.05979919433594,37.938098907470703
90862663,2018,2018-11-19,9320,2018-11-10,0110,021460,,6,3,9,0700,0,2,4,,2,074,"DEER VALLEY RD","ALBERS CT",1320.00,N,N,A,-,N,,,,,,,,,,Y,4,0,1,1,A,-,08,22107,,N,E,I,A,A,H,-,D,D,0,,,,,Y,,A,07,0,0,1,0,0,0,0,0,0,"- ","- ",37.908199310302734,-121.76432800292969,"CONTRA COSTA",UNINCORPORATED,-121.76361083984375,37.907741546630859
90862676,2018,2018-11-19,9320,2018-11-12,1021,20911,,1,1,4,0714,0,1,3,,2,402,"SR-4 W/B (JOHN MUIR PARKWAY)","OLD ORCHARD RD",712.00,E,N,A,-,Y,,,4,,,,,,W,Y,2,0,1,1,A,-,01,23152,A,N,E,I,A,A,H,-,A,D,0,,,,,Y,Y,A,01,1,0,0,0,0,0,0,0,0,"- ","- ",37.995319366455078,-122.10862731933594,"CONTRA COSTA",MARTINEZ,-122.10870361328125,37.995128631591797
90862856,2018,2018-11-19,9320,2018-11-11,1350,020026,,7,1,9,0700,0,2,4,,2,096,"VASCO RD","CAMINO DIABLO RD",5280.00,S,N,A,-,N,,,,,,,,,,Y,3,0,2,2,A,-,04,21703,,N,C,C,A,A,H,-,A,D,0,,,Y,,Y,,C,02,0,1,1,0,0,0,0,0,2,"- ","- ",37.852451324462891,-121.64900970458984,"CONTRA COSTA",UNINCORPORATED,-121.66764068603516,37.865211486816406
90863533,2018,2018-11-20,9390,2018-11-13,0004,020494,,2,3,4,0790,0,1,1,,2,069,"I-680 SOUTHBOUND","FOSTORIA WAY OVERCROSSING",2000.00,N,N,A,-,Y,,,680,,,,,,S,Y,4,0,1,1,A,-,08,22107,,N,E,I,A,A,H,-,C,D,0,,,,,Y,,A,01,0,0,1,0,0,0,0,0,0,"- ","- ",37.784919738769531,-121.97965240478516,"CONTRA COSTA",DANVILLE,-121.97951507568359,37.784996032714844
90863667,2018,2018-11-20,9320,2018-11-13,2125,016584,,2,2,3,0715,0,1,3,,2,241,"SR-24 W/B","ACALANES RD.",500.00,W,N,A,-,Y,,,24,,,,,,W,Y,4,0,1,2,A,-,08,22107,,N,B,C,A,A,H,-,C,D,0,,,,,Y,,A,01,0,0,1,0,0,0,0,0,0,"- ","- ",37.892520904541016,-122.15653228759766,"CONTRA COSTA",LAFAYETTE,-122.15652465820312,37.892532348632812
90863706,2018,2018-11-20,9320,2018-11-13,1842,020026,,2,2,6,0704,0,1,1,,2,683,"I-680 NORTHBOUND","CONCORD AVE",1584.00,N,N,A,-,Y,,,,,,,,,,Y,4,0,2,2,A,-,07,21658,A,N,B,C,A,A,H,-,C,D,0,,,,,Y,,A,01,0,0,2,0,0,0,0,0,0,"- ","- ",,,"CONTRA COSTA",CONCORD,-122.06546783447266,37.980430603027344
90863727,2018,2018-11-20,9320,2018-11-13,2015,020026,,2,2,3,0707,0,1,1,,2,180,"I-80 WESTBOUND","PINOLE VALLEY RD",1500.00,W,N,A,-,Y,,,,,,,,,,Y,4,0,1,2,A,-,07,21658,A,N,C,C,A,A,D,-,C,D,0,,,,,Y,,A,07,0,0,1,0,0,0,0,0,0,"- ","- ",,,"CONTRA COSTA",PINOLE,-122.29059600830078,37.995090484619141
90863767,2018,2018-11-20,9320,2018-11-15,1705,016503,,4,2,5,0712,0,1,1,,2,682,"I-680 N/B","TREAT BLVD. O/C",2112.00,S,N,A,-,Y,,,680,,,,,,N,N,3,0,2,2,A,-,03,22350,,N,C,C,A,A,H,-,C,D,0,,,,,Y,,A,01,0,2,0,0,0,0,0,0,0,"- ","- ",37.921379089355469,-122.06182098388672,"CONTRA COSTA","WALNUT CREEK",-122.06175231933594,37.921352386474609
90863775,2018,2018-11-20,9320,2018-11-15,0608,016503,,4,1,5,0701,0,1,3,,2,404,"SR-4 E/B","SOMERSVILLE RD. U/C",2640.00,W,N,A,-,Y,,,4,,,,,,E,Y,3,0,1,1,A,-,08,22107,,N,B,I,A,A,H,-,C,D,0,,,,,Y,,A,07,0,1,0,0,0,0,0,0,0,"- ","- ",38.006179809570312,-121.84596252441406,"CONTRA COSTA",ANTIOCH,-121.84595489501953,38.006187438964844
90863818,2018,2018-11-20,9320,2018-11-15,1630,021293,,4,2,9,0700,0,1,3,,2,241,"SR4 EB","YGNACIO VALLEY RD GORE",200.00,W,N,F,-,Y,,,,,,,,,,Y,4,0,1,5,A,-,03,22350,,N,C,C,A,A,H,-,A,D,0,,,,,Y,,A,07,0,0,1,0,0,0,0,0,0,"- ","- ",37.896518707275391,-122.07272338867188,"CONTRA COSTA",UNINCORPORATED,,
90863904,2018,2018-11-20,9320,2018-11-16,1309,020984,,5,1,9,0700,0,1,1,,2,681,"I-680 N/B","LIVORNA RD",0.00,,N,B,-,Y,,,680,,,,,,N,N,4,0,1,3,A,-,03,22350,,M,C,C,A,A,H,-,A,D,0,,,,,Y,,-,99,0,0,1,0,0,0,0,0,0,"- ","- ",37.860500335693359,-122.03260040283203,"CONTRA COSTA",UNINCORPORATED,-122.03260803222656,37.860496520996094
90863912,2018,2018-11-20,9320,2018-11-16,1310,020984,,5,1,9,0700,0,1,1,,2,681,"I-680 N/B","LIVORNA RD",0.00,,N,B,-,Y,,,680,,,,,,N,Y,4,0,2,2,A,-,03,22350,,N,C,C,A,A,H,-,A,D,0,,,,,Y,,A,01,0,0,2,0,0,0,0,0,0,"- ","- ",37.860401153564453,-122.03250122070312,"CONTRA COSTA",UNINCORPORATED,-122.03253173828125,37.860378265380859
90863927,2018,2018-11-20,9320,2018-11-15,0210,022123,,4,3,9,0700,0,1,1,,2,180,"I-80 E/B","CALIFORNIA ST.",2112.00,E,N,A,-,Y,,,80,,,,,,E,Y,3,0,1,2,A,-,03,22350,,N,C,C,A,A,H,-,D,D,0,,,,Y,Y,,A,01,0,1,0,0,0,0,0,0,0,"- ","- ",38.034809112548828,-122.25095367431641,"CONTRA COSTA",UNINCORPORATED,-122.25091552734375,38.034774780273438
90863940,2018,2018-11-20,9320,2018-11-17,1210,020984,,6,1,4,0714,0,1,3,,2,402,"SR-4 E/B","ALHAMBRA AVE",5280.00,W,N,A,-,Y,,,4,,,,,,E,Y,4,0,1,1,A,-,08,22107,,N,E,I,A,A,H,-,A,D,0,,,,,Y,,A,01,0,0,1,0,0,0,0,0,0,"- ","- ",37.997600555419922,-122.14579772949219,"CONTRA COSTA",MARTINEZ,-122.14585113525391,37.997573852539062
90863956,2018,2018-11-20,9320,2018-11-13,1755,016584,,2,2,3,0715,0,1,3,,2,241,"SR-24 E/B","BROWN AVE.",380.00,E,N,A,-,Y,,,24,,,,,,E,Y,4,0,1,3,A,-,07,21658,A,N,B,C,A,A,H,-,C,D,0,,,Y,,Y,,A,01,0,0,1,0,0,0,0,0,1,"- ","- ",37.895698547363281,-122.10935974121094,"CONTRA COSTA",LAFAYETTE,-122.10935211181641,37.895664215087891
90864151,2018,2018-11-20,9320,2018-11-17,0845,021203,,6,1,5,0701,0,1,3,,2,404,"SR-4 EASTBOUND",SR-160,1584.00,W,N,A,-,Y,,,4,,,,,,E,Y,2,0,4,2,A,-,01,23152,A,N,B,C,A,A,H,-,A,D,0,,,,,Y,Y,A,01,1,0,3,0,0,0,0,0,0,"- ","- ",37.994148254394531,-121.77204895019531,"CONTRA COSTA",ANTIOCH,-121.77211761474609,37.993808746337891
90864636,2018,2018-11-21,9320,2018-11-10,0840,019283,,6,1,9,0700,0,2,4,,1,042,"PACHECO BLVD. S/B","ASPEN DR.",105.00,N,N,A,F,N,,,,,,,,,,Y,3,0,1,1,A,-,08,22107,,N,E,I,A,A,H,-,A,D,0,,,,,Y,,A,01,0,1,0,0,0,0,0,0,0,"- ","- ",37.987129211425781,-122.07061767578125,"CONTRA COSTA",UNINCORPORATED,-122.07076263427734,37.987358093261719
90864659,2018,2018-11-21,9320,2018-11-19,1710,017211,,1,2,9,0700,0,1,3,,2,402,"STATE ROUTE 4 E/B","INTERSTATE 680",1020.00,W,N,F,-,Y,,,4,,,,,,E,N,4,0,1,4,A,-,07,21658,A,M,B,C,A,A,H,-,D,D,0,,,,,Y,,-,99,0,0,1,0,0,0,0,0,0,"- ","- ",37.993221282958984,-122.07338714599609,"CONTRA COSTA",UNINCORPORATED,-122.07340240478516,37.993263244628906
90864730,2018,2018-11-21,9320,2018-11-15,2010,018525,,4,2,9,0700,0,2,4,,2,072,"BAILEY RD","KELLER CANYON LANDFILL",5280.00,S,N,A,-,N,,,,,,,,,,Y,3,0,1,1,A,-,03,22350,,N,E,I,A,A,H,-,D,D,0,,,,,Y,,A,01,0,1,0,0,0,0,0,0,0,"- ","- ",38.001491546630859,-121.94695281982422,"CONTRA COSTA",UNINCORPORATED,-121.94802856445312,37.996551513671875
90864769,2018,2018-11-21,9320,2018-11-16,1725,018525,,5,2,5,0708,0,1,3,,2,404,"SR-4 W/B","HARBOR ST",500.00,E,N,A,-,Y,,,,,,,,,,N,4,0,1,3,A,-,03,22350,,N,C,C,A,A,H,-,C,D,0,,,,,Y,,D,22,0,0,1,0,0,0,0,0,0,"- ","- ",,,"CONTRA COSTA",PITTSBURG,-121.88123321533203,38.01513671875
90866359,2018,2018-11-26,9370,2018-11-15,0600,021552,,4,1,5,0710,0,1,1,,2,083,"I-80 W/B","RICHMOND PARKWAY",2118.00,W,N,A,-,Y,,,80,,,,,,W,Y,3,0,1,2,A,-,07,21658,A,N,B,C,A,A,H,-,B,D,0,,,Y,,Y,,D,22,0,1,0,0,0,0,0,0,1,"- ","- ",37.981151580810547,-122.31687927246094,"CONTRA COSTA",RICHMOND,-122.31689453125,37.981151580810547
90866362,2018,2018-11-26,9370,2018-11-15,0525,022086,,4,3,5,0710,0,1,1,,2,082,"I-80 W/B","CARLSON AVE",1025.00,E,N,A,-,Y,,,,,,,,,,Y,4,0,1,3,A,-,03,22350,,N,C,C,A,A,H,-,C,D,0,,,,,Y,,A,01,0,0,1,0,0,0,0,0,0,"- ","- ",37.544998168945312,-122.1903076171875,"CONTRA COSTA",RICHMOND,-122.31605529785156,37.908412933349609
90866925,2018,2018-11-26,9320,2018-11-12,1150,20602,,1,1,9,0700,0,2,4,,2,094,"BRYON HIGHWAY (14000 BLK)","HOLWAY DRIVE",0.00,,Y,A,-,N,,,,,,,,,,Y,4,0,1,2,A,-,09,21802,A,N,D,C,A,A,H,-,A,A,0,,,,Y,Y,,F,26,0,0,1,0,0,0,0,0,0,"- ","- ",37.871051788330078,-121.64129638671875,"CONTRA COSTA",UNINCORPORATED,,
90867197,2018,2018-11-26,9370,2018-11-14,1135,021552,,3,1,5,0710,0,1,1,,2,082,"I-80 E/B","SOLANO AVENUE",335.00,E,N,A,-,Y,,,80,,,,,,E,Y,2,0,1,1,A,-,08,22107,,N,E,I,A,A,H,-,A,D,0,,,,,Y,,A,01,1,0,0,0,0,0,0,0,0,"- ","- ",37.944419860839844,-122.32382965087891,"CONTRA COSTA",RICHMOND,-122.32394409179688,37.944366455078125
90867495,2018,2018-11-26,9320,2018-11-13,1817,021440,,2,2,9,0700,0,2,4,,1,042,"PACHECO BLVD","BUCHANAN CIR",0.00,,Y,A,-,N,,,,,,,,,,Y,4,0,1,2,A,-,09,21801,A,N,A,C,A,A,H,-,D,D,0,,,,,Y,,D,22,0,0,1,0,0,0,0,0,0,"- ","- ",37.988079071044922,-122.07128143310547,"CONTRA COSTA",UNINCORPORATED,-122.07308197021484,37.990261077880859
90867500,2018,2018-11-26,9320,2018-11-15,0910,020949,,4,1,3,0707,0,1,1,,2,180,"I-80 W/B","PINOLE VALLEY ROAD UNDER-CROSSING",290.00,E,N,F,-,Y,,,80,,,,,,W,Y,4,0,1,2,A,-,03,22350,,N,C,C,A,A,H,-,A,D,0,,,,,Y,,D,22,0,0,1,0,0,0,0,0,0,"- ","- ",37.997871398925781,-122.28542327880859,"CONTRA COSTA",PINOLE,-122.28543853759766,37.997886657714844
90867534,2018,2018-11-26,9320,2018-11-16,1355,021088,,5,1,9,0700,0,1,1,,2,683,"I-680 S/B","MONUMENT BLVD",400.00,N,N,B,-,Y,,,,,,,,,,N,4,0,1,2,C,-,18,,,N,B,C,A,A,H,-,A,D,0,,,,,Y,,-,"- ",0,0,1,0,0,0,0,0,0,"- ","- ",37.945701599121094,-122.05816650390625,"CONTRA COSTA",UNINCORPORATED,-122.05787658691406,37.946376800537109
90867921,2018,2018-11-27,9320,2018-11-17,1430,021088,,6,2,5,0708,0,1,3,,2,403,"SR-4 W/B","RAILROAD AVENUE",5755.00,W,N,A,-,Y,,,,,,,,,,N,4,0,1,4,A,-,07,21658,A,M,B,A,A,A,H,-,A,D,0,,,,,Y,,-,99,0,0,1,0,0,0,0,0,0,"- ","- ",38.020191192626953,-122.90750885009766,"CONTRA COSTA",PITTSBURG,-121.90895843505859,38.020164489746094
90868129,2018,2018-11-27,9320,2018-11-18,1333,020026,,7,1,3,0706,0,1,1,,2,180,"I-80 EASTBOUND",SR-4,200.00,W,N,A,-,Y,,,,,,,,,,N,4,0,1,1,A,-,08,22107,,N,E,I,A,A,H,-,A,D,0,,,,,Y,,A,01,0,0,1,0,0,0,0,0,0,"- ","- ",,,"CONTRA COSTA",HERCULES,-122.26970672607422,38.014572143554688
90868138,2018,2018-11-27,9320,2018-11-17,1158,019283,,6,1,9,0700,0,1,1,,2,180,"I-80 W/B","CALIFORNIA ST. O/C",3696.00,E,N,A,-,Y,,,,,,,,,,Y,2,0,1,2,A,-,08,22107,,N,C,C,A,A,H,-,A,D,0,,,,,Y,,A,08,1,0,0,0,0,0,0,0,0,"- ","- ",,,"CONTRA COSTA",UNINCORPORATED,-122.24791717529297,38.038261413574219
90868201,2018,2018-11-27,9320,2018-11-19,1905,021373,,1,2,9,0700,0,1,3,,2,241,"SR-24 EB","PLEASANT HILL RD.",20.00,E,N,A,-,Y,,,,,,,,,,Y,4,0,1,3,A,-,03,22350,,N,C,C,A,A,H,-,A,D,0,,,,,Y,,A,01,0,0,1,0,0,0,0,0,0,"- ","- ",37.897571563720703,-122.09519195556641,"CONTRA COSTA",UNINCORPORATED,-122.09580230712891,37.897571563720703
90868228,2018,2018-11-27,9320,2018-11-19,1647,021496,,1,2,9,0700,0,1,1,,2,683,"I-680 NORTHBOUND",SR-4,1848.00,S,N,A,-,Y,,,,,,,,,,Y,3,0,1,2,A,-,03,22350,,N,B,C,A,A,H,-,A,D,0,,,,,Y,,D,22,0,1,0,0,0,0,0,0,0,"- ","- ",,,"CONTRA COSTA",UNINCORPORATED,-122.06739807128906,37.990062713623047
90868381,2018,2018-11-27,9320,2018-11-19,1810,021373,,1,2,9,0700,0,1,3,,2,241,"SR-24 E/B","PLEASANT HILL RD.",0.00,,N,F,-,Y,,,24,,,,,,E,N,4,0,1,2,A,-,03,22350,,N,C,C,A,A,H,-,D,D,0,,,,,Y,,A,07,0,0,1,0,0,0,0,0,0,"- ","- ",37.897731781005859,-122.08062744140625,"CONTRA COSTA",UNINCORPORATED,-122.08079528808594,37.897144317626953
90868396,2018,2018-11-27,9320,2018-11-20,0110,021590,,2,3,5,0701,0,1,3,,2,404,"SR-4 W/B","L ST",200.00,W,N,A,-,Y,,,4,,,,,,W,Y,3,0,1,1,A,-,08,22107,,N,A,J,A,A,H,-,C,D,0,,,,,Y,,A,01,0,1,0,0,0,0,0,0,0,"- ","- ",37.999198913574219,-121.81990051269531,"CONTRA COSTA",ANTIOCH,-121.81992340087891,37.999122619628906
90868443,2018,2018-11-27,9320,2018-11-20,1710,021373,,2,2,5,0712,0,1,1,,2,682,"I-680 SB","NORTH MAIN ST.",1000.00,N,N,A,-,Y,,,680,,,,,,S,Y,4,0,1,3,A,-,03,22350,,N,C,C,A,A,H,-,D,D,0,,,,,Y,,A,07,0,0,1,0,0,0,0,0,0,"- ","- ",37.919490814208984,-122.06295776367188,"CONTRA COSTA","WALNUT CREEK",-122.06289672851562,37.919456481933594