CASE_ID,ACCIDENT_YEAR,PROC_DATE,JURIS,COLLISION_DATE,COLLISION_TIME,OFFICER_ID,REPORTING_DISTRICT,DAY_OF_WEEK,CHP_SHIFT,POPULATION,CNTY_CITY_LOC,SPECIAL_COND,BEAT_TYPE,CHP_BEAT_TYPE,CITY_DIVISION_LAPD,CHP_BEAT_CLASS,BEAT_NUMBER,PRIMARY_RD,SECONDARY_RD,DISTANCE,DIRECTION,INTERSECTION,WEATHER_1,WEATHER_2,STATE_HWY_IND,CALTRANS_COUNTY,CALTRANS_DISTRICT,STATE_ROUTE,ROUTE_SUFFIX,POSTMILE_PREFIX,POSTMILE,LOCATION_TYPE,RAMP_INTERSECTION,SIDE_OF_HWY,TOW_AWAY,COLLISION_SEVERITY,NUMBER_KILLED,NUMBER_INJURED,PARTY_COUNT,PRIMARY_COLL_FACTOR,PCF_CODE_OF_VIOL,PCF_VIOL_CATEGORY,PCF_VIOLATION,PCF_VIOL_SUBSECTION,HIT_AND_RUN,TYPE_OF_COLLISION,MVIW,PED_ACTION,ROAD_SURFACE,ROAD_COND_1,ROAD_COND_2,LIGHTING,CONTROL_DEVICE,CHP_ROAD_TYPE,PEDESTRIAN_ACCIDENT,BICYCLE_ACCIDENT,MOTORCYCLE_ACCIDENT,TRUCK_ACCIDENT,NOT_PRIVATE_PROPERTY,ALCOHOL_INVOLVED,STWD_VEHTYPE_AT_FAULT,CHP_VEHTYPE_AT_FAULT,COUNT_SEVERE_INJ,COUNT_VISIBLE_INJ,COUNT_COMPLAINT_PAIN,COUNT_PED_KILLED,COUNT_PED_INJURED,COUNT_BICYCLIST_KILLED,COUNT_BICYCLIST_INJURED,COUNT_MC_KILLED,COUNT_MC_INJURED,PRIMARY_RAMP,SECONDARY_RAMP,LATITUDE,LONGITUDE,COUNTY,CITY,POINT_X,POINT_Y
90950585,2019,2019-03-21,9320,2019-03-20,0900,016563,,3,1,3,0792,0,1,3,,2,240,"SR-24 E/B","WILDER ROAD",1056.00,E,N,C,-,Y,,,24,,,,,,E,Y,4,0,1,1,A,-,03,22350,,N,E,I,A,B,H,-,A,D,0,,,,,Y,,A,01,0,0,1,0,0,0,0,0,0,"- ","- ",37.868610382080078,-122.19442749023438,"CONTRA COSTA",ORINDA,-122.19453430175781,37.868747711181641
90950592,2019,2019-03-21,9320,2019-03-20,2300,021293,,3,3,9,0700,0,3,5,,2,040,"SOLANO WAY","IMHOFF DR",686.00,N,N,A,-,N,,,,,,,,,,Y,4,0,1,1,C,-,18,,,N,E,I,A,A,H,-,C,D,0,,,,,Y,,-,"- ",0,0,1,0,0,0,0,0,0,"- ","- ",38.004199981689453,-122.0546875,"CONTRA COSTA",UNINCORPORATED,-122.05465698242188,38.004051208496094
90950858,2019,2019-03-21,9320,2019-03-21,0942,020984,,4,1,3,0715,0,1,3,,2,241,"SR-24 W/B","PLEASANT HILL RD",1320.00,W,N,A,-,Y,,,24,,,,,,W,Y,4,0,1,2,A,-,08,22107,,N,E,I,A,A,H,-,A,D,0,,,,,Y,,A,01,0,0,1,0,0,0,0,0,0,"- ","- ",37.897098541259766,-122.10179901123047,"CONTRA COSTA",LAFAYETTE,-122.10182952880859,37.897281646728516
90950893,2019,2019-03-21,9320,2019-03-14,1955,021526,,4,2,6,0704,0,1,1,,2,683,"I-680 N/B","MONUMENT BLVD",2640.00,N,N,A,-,Y,,,680,,,,,,N,Y,4,0,3,3,A,-,03,22350,,N,C,C,A,A,H,-,C,D,0,,,,,Y,,A,01,0,0,3,0,0,0,0,0,0,"- ","- ",37.952159881591797,-122.05493927001953,"CONTRA COSTA",CONCORD,-122.05499267578125,37.952182769775391
90950909,2019,2019-03-21,9320,2019-03-14,1845,021526,,4,2,6,0704,0,1,3,,2,242,"SR-242 N/B","GRANT ST",1740.00,S,N,A,-,Y,,,242,,,,,,N,Y,3,0,2,3,A,-,03,22350,,N,C,C,A,A,H,-,A,D,0,,,,,Y,,A,01,0,1,1,0,0,0,0,0,0,"- ","- ",37.983570098876953,-122.04135131835938,"CONTRA COSTA",CONCORD,-122.04147338867188,37.983596801757812
90951373,2019,2019-03-22,9320,2019-03-15,1950,021526,,5,2,9,0700,0,1,3,,2,403,"BELLA VISTA AVENUE","PENSACOLA STREET",30.00,S,N,A,-,N,,,,,,,,,,N,4,0,1,2,A,-,03,22350,,N,D,C,A,A,H,-,C,D,0,,,,,Y,,A,01,0,0,1,0,0,0,0,0,0,"- ","- ",38.024478912353516,-121.93389129638672,"CONTRA COSTA",UNINCORPORATED,-121.93389129638672,38.024486541748047
90951394,2019,2019-03-22,9320,2019-03-17,1850,021526,,7,2,9,0700,0,2,4,,2,073,"KIRKER PASS RD N/B","NORTONVILLE ROAD",2005.00,S,N,A,-,N,,,,,,,,,,Y,4,0,1,1,A,-,08,22107,,N,E,I,A,A,H,-,B,D,0,,,,,Y,,A,01,0,0,1,0,0,0,0,0,0,"- ","- ",37.978221893310547,-121.90268707275391,"CONTRA COSTA",UNINCORPORATED,-121.90276336669922,37.978336334228516
90951422,2019,2019-03-22,9320,2019-03-19,0254,020010,,2,3,9,0700,0,1,1,,2,180,"I-80 E/B TO POMONA STREET","E/B POMONA STREET OFF RAMP",510.00,N,N,A,-,Y,,,80,,,,R,,E,Y,4,0,1,1,A,-,03,22350,,N,E,I,A,A,H,-,C,D,0,,,,,Y,,A,01,0,0,1,0,0,0,0,0,0,"- ","- ",38.054111480712891,-122.22695159912109,"CONTRA COSTA",UNINCORPORATED,-122.22695159912109,38.054111480712891
90951437,2019,2019-03-22,9320,2019-03-21,1600,019238,,4,2,9,0700,0,1,1,,2,681,"I-680 N/B","LIVORNA RD U/C",500.00,S,N,A,-,Y,,,,,,,,,,N,4,0,1,2,A,-,03,22350,,N,C,C,A,A,H,-,A,D,0,,,,,Y,,A,01,0,0,1,0,0,0,0,0,0,"- ","- ",,,"CONTRA COSTA",UNINCORPORATED,-122.03408050537109,37.862419128417969
90951660,2018,2019-03-22,9320,2018-11-04,0121,022082,,7,3,5,0712,0,1,3,,2,241,"SR-24 E/B","EL CURTOLA BLVD.",2094.00,E,N,A,-,Y,,,24,,,,,,E,Y,1,1,1,2,A,-,01,23152,G,N,C,C,A,A,H,-,D,D,0,,,,,Y,Y,A,01,0,1,0,0,0,0,0,0,0,"- ","- ",37.896198272705078,-122.07759857177734,"CONTRA COSTA","WALNUT CREEK",-122.07758331298828,37.896259307861328
9095199,2020,2020-07-10,0704,2020-03-23,2136,0596,,1,5,6,0704,0,0,0,,0,004,"PORT CHICAGO HWY","CONCORD BL",0.00,,Y,A,-,N,,,,,,,,,,,4,0,1,2,A,-,12,21453,A,N,D,C,A,-,-,-,C,A,0,,,,,Y,,A,01,0,0,1,0,0,0,0,0,0,"- ","- ",37.977409362792969,-122.02915191650391,"CONTRA COSTA",CONCORD,-122.02912139892578,37.977420806884766
90952043,2019,2019-03-25,9370,2019-03-22,1610,021573,,5,2,5,0710,0,1,1,,2,083,"I-80 E/B","RICHMOND PARKWAY",1740.00,W,N,B,C,Y,,,,,,,,,,Y,4,0,1,5,A,-,03,22350,,N,C,C,A,B,H,-,A,D,0,,,,,Y,,D,22,0,0,1,0,0,0,0,0,0,"- ","- ",37.585590362548828,-122.18589019775391,"CONTRA COSTA",RICHMOND,,
90952276,2019,2019-03-25,9320,2019-03-13,2345,020009,,3,3,9,0700,0,2,4,,2,095,"MARSH CREEK RD","BIXLER RD",0.00,,Y,A,-,N,,,,,,,,,,Y,3,0,5,2,A,-,01,23152,A,N,D,C,A,A,H,-,D,A,0,,,,,Y,Y,A,07,0,3,2,0,0,0,0,0,0,"- ","- ",37.896438598632812,-121.62306213378906,"CONTRA COSTA",UNINCORPORATED,-121.62303924560547,37.896389007568359
90952338,2019,2019-03-25,9320,2019-03-14,1000,016788,,4,1,9,0700,0,1,1,,2,180,"I-80 E/B","CUMMINGS SKWY O/C",1700.00,E,N,A,-,Y,,,,,,,,,,Y,4,0,1,2,A,-,07,21658,A,N,C,C,A,A,H,-,A,D,0,,,,,Y,,A,01,0,0,1,0,0,0,0,0,0,"- ","- ",,,"CONTRA COSTA",UNINCORPORATED,-122.23359680175781,38.048255920410156
90952373,2019,2019-03-25,9390,2019-03-17,1140,020013,,7,1,4,0790,0,2,4,,2,111,"MOUNT DIABLO SCENIC BLVD (2500 BLOCK)","DIABLO RANCH RD",528.00,N,N,A,-,N,,,,,,,,,,N,3,0,1,2,A,-,06,21760,B,N,B,G,A,A,H,-,A,D,0,,Y,,,Y,,A,07,0,1,0,0,0,0,1,0,0,"- ","- ",37.840801239013672,-121.94850158691406,"CONTRA COSTA",DANVILLE,-121.94755554199219,37.840175628662109
90952407,2019,2019-03-25,9320,2019-03-16,1700,019914,,6,2,9,0700,0,1,3,,2,402,"SR-4 WB","SOLANO WAY U/C",2000.00,W,N,A,-,Y,,,4,,,,,,W,Y,4,0,1,1,A,-,08,22107,,N,E,I,A,A,H,-,A,D,0,,,,,Y,,A,07,0,0,1,0,0,0,0,0,0,"- ","- ",38.000198364257812,-122.05690002441406,"CONTRA COSTA",UNINCORPORATED,-122.056884765625,38.000148773193359
90952487,2019,2019-03-25,9320,2019-03-17,1855,022013,,7,2,9,0700,0,3,5,,2,039,"MAHONEY ST","CALIFORNIA ST",400.00,W,N,A,-,N,,,,,,,,,,Y,4,0,1,4,A,-,01,23152,A,N,B,C,A,A,H,-,A,D,0,,,,,Y,Y,A,01,0,0,1,0,0,0,0,0,0,"- ","- ",38.03179931640625,-122.25890350341797,"CONTRA COSTA",UNINCORPORATED,-122.25879669189453,38.031822204589844
90952545,2019,2019-03-25,9320,2019-03-13,0800,016563,,3,1,9,0700,0,1,3,,2,402,"SR-4 E/B","I-680 N/B",50.00,E,N,A,-,Y,,,4,,,,,,E,N,4,0,1,2,A,-,03,22350,,N,C,C,A,A,D,-,A,D,0,,,,,Y,,D,22,0,0,1,0,0,0,0,0,0,"- ","- ",37.994621276855469,-122.06942749023438,"CONTRA COSTA",UNINCORPORATED,-122.06944274902344,37.994667053222656
90952583,2019,2019-03-25,9320,2019-03-18,1149,021433,,1,1,9,0700,0,1,3,,2,402,"SR-4 EB","PACHECO BLVD U/C",100.00,W,N,A,-,Y,,,,,,,,,,N,4,0,1,3,A,-,08,22107,,M,B,A,A,A,H,-,A,D,0,,,,,Y,,-,99,0,0,1,0,0,0,0,0,0,"- ","- ",,,"CONTRA COSTA",UNINCORPORATED,-122.07433319091797,37.992946624755859
90952611,2019,2019-03-25,9320,2019-03-18,1150,021433,,1,1,9,0700,0,1,3,,2,402,"SR-4 E/B","PACHECO BLVD U/C",200.00,W,N,A,-,Y,,,,,,,,,,N,4,0,1,2,A,-,03,22350,,N,C,C,A,A,H,-,A,D,0,,,,,Y,,A,07,0,0,1,0,0,0,0,0,0,"- ","- ",,,"CONTRA COSTA",UNINCORPORATED,-122.07465362548828,37.992843627929688
90952703,2019,2019-03-25,9320,2019-03-13,0840,016563,,3,1,6,0704,0,1,3,,2,402,"SR-4 W/B","KINNE BLVD",1000.00,W,N,A,-,Y,,,,,,,,,,Y,3,0,1,3,A,-,03,22350,,N,C,C,A,A,H,-,A,D,0,,,,,Y,,A,01,0,1,0,0,0,0,0,0,0,"- ","- ",38.011070251464844,-122.05313110351562,"CONTRA COSTA",CONCORD,-122.01507568359375,38.011093139648438
90952714,2019,2019-03-25,9320,2019-03-19,0836,021185,,2,1,6,0704,0,1,1,,2,683,"I-680 S/B","WILLOW PASS ROAD",1000.00,S,N,B,-,Y,,,680,,,,,,S,N,4,0,1,2,A,-,03,22350,,N,C,C,A,A,H,-,A,D,0,,,,,Y,,A,01,0,0,1,0,0,0,0,0,0,"- ","- ",37.962650299072266,-122.05419158935547,"CONTRA COSTA",CONCORD,-122.05420684814453,37.962642669677734
90952730,2019,2019-03-25,9320,2019-03-19,1028,021185,,2,1,6,0704,0,1,3,,2,402,"SR-4 W/B","PORT CHICAGO HIGHWAY",1000.00,E,N,B,-,Y,,,4,,,,,,W,Y,4,0,1,3,A,-,03,22350,,N,C,C,A,A,H,-,A,D,0,,,,,Y,,A,01,0,0,1,0,0,0,0,0,0,"- ","- ",38.011539459228516,-122.01216888427734,"CONTRA COSTA",CONCORD,-122.01216888427734,38.01153564453125
90952784,2019,2019-03-25,9370,2019-03-15,1850,021946,,5,2,3,0707,0,1,1,,2,083,"I-80 E/B","APPIAN WAY",1000.00,W,N,A,-,Y,,,,,,,,,,Y,3,0,1,3,A,-,07,21658,A,M,B,C,A,A,H,-,B,D,0,,,Y,,Y,,-,99,0,1,0,0,0,0,0,0,1,"- ","- ",37.593391418457031,-122.18196868896484,"CONTRA COSTA",PINOLE,-122.30536651611328,37.992729187011719
90952832,2019,2019-03-25,9320,2019-03-21,1755,019559,,4,2,9,0700,0,1,3,,2,403,"SR-4 E/B","BAILEY RD.",3000.00,W,N,A,-,Y,,,4,,,,,,E,Y,4,0,1,1,A,-,08,22107,,N,E,I,A,A,H,-,A,D,0,,,,,Y,,A,01,0,0,1,0,0,0,0,0,0,"- ","- ",38.020168304443359,-121.9527587890625,"CONTRA COSTA",UNINCORPORATED,-121.9527587890625,38.020179748535156
90953100,2019,2019-03-25,9320,2019-03-22,1230,020949,,5,1,3,0706,0,1,1,,2,180,"E/B I-80","PINOLE VALLEY ROAD",1950.00,E,N,B,-,Y,,,80,,,,,,,Y,3,0,2,2,C,-,18,,,N,B,C,A,B,H,-,A,D,0,,,,,Y,,-,"- ",0,1,1,0,0,0,0,0,0,"- ","- ",38.001350402832031,-122.28182220458984,"CONTRA COSTA",HERCULES,-122.28190612792969,38.001430511474609
90953728,2019,2019-03-26,9320,2019-03-18,1702,019238,,1,2,9,0700,0,2,4,,2,062,"STONE VALLEY RD","VALLEY OAKS RD",100.00,W,N,A,-,N,,,,,,,,,,N,2,0,1,1,A,-,03,22350,,N,E,J,A,A,H,-,A,D,0,,Y,,,Y,,L,04,1,0,0,0,0,0,1,0,0,"- ","- ",37.852298736572266,-122.01129913330078,"CONTRA COSTA",UNINCORPORATED,-122.01126861572266,37.852325439453125
90953777,2019,2019-03-26,9320,2019-03-19,1158,021433,,2,1,9,0700,0,3,5,,2,092,"LAKEFRONT LOOP W/B","HERON DR",10.00,E,N,A,-,N,,,,,,,,,,N,4,0,1,2,A,-,10,21950,A,N,G,B,B,A,H,-,A,A,0,Y,,,,Y,,A,01,0,0,1,0,1,0,0,0,0,"- ","- ",37.918769836425781,-121.618408203125,"CONTRA COSTA",UNINCORPORATED,-121.61917877197266,37.918750762939453
90953948,2019,2019-03-26,9370,2019-03-23,0850,021645,,6,1,5,0710,0,1,1,,2,058,"I-580 W/B","WESTERN AVE",125.00,W,N,B,-,Y,,,580,,,,,,W,N,4,0,1,3,A,-,03,22350,,N,C,C,A,B,H,-,A,D,0,,,,Y,Y,,F,26,0,0,1,0,0,0,0,0,0,"- ","- ",37.932109832763672,-122.39961242675781,"CONTRA COSTA",RICHMOND,-122.39961242675781,37.93212890625
90954033,2019,2019-03-26,9320,2019-03-07,1000,016094,,4,1,9,0700,0,1,3,,2,404,"SR-4 (W/B)","HILLCREST AVE",2640.00,E,N,B,-,Y,,,,,,,,,,Y,4,0,1,3,A,-,03,22350,,N,C,C,A,A,H,-,A,D,0,,,,,Y,,A,07,0,0,1,0,0,0,0,0,0,"- ","- ",,,"CONTRA COSTA",UNINCORPORATED,-121.77645874023438,37.994918823242188
90954088,2019,2019-03-26,9370,2019-03-21,1620,020356,,4,2,9,0700,0,3,5,,2,012,"GLENLOCK ST. E/B","EL PORTAL DR.",60.00,W,N,A,-,N,,,,,,,,,,N,4,0,1,2,A,-,03,22350,,N,C,C,A,A,H,-,A,D,0,,,,,Y,,D,22,0,0,1,0,0,0,0,0,0,"- ","- ",37.964790344238281,-122.32611083984375,"CONTRA COSTA",UNINCORPORATED,-122.3260498046875,37.964763641357422
90954230,2019,2019-03-27,9390,2019-03-01,1745,017966,,5,2,4,0791,0,1,1,,2,068,"I-680 SOUTHBOUND","CROW CANYON ROAD",2112.00,N,N,B,-,Y,,,680,,,,,,S,N,4,0,2,2,A,-,03,22350,,F,C,C,A,A,H,-,B,D,0,,,,,Y,,A,01,0,0,2,0,0,0,0,0,0,"- ","- ",37.781791687011719,-121.97759246826172,"CONTRA COSTA","SAN RAMON",-121.97769165039062,37.781734466552734
90954457,2019,2019-03-27,9320,2019-03-21,0800,016788,,4,1,9,0700,0,2,4,,2,011,"APPIAN WAY","PEBBLE DR",115.00,E,N,A,-,N,,,,,,,,,,Y,4,0,1,2,A,-,09,21801,A,N,D,C,A,A,H,-,A,D,0,,,,,Y,,A,01,0,0,1,0,0,0,0,0,0,"- ","- ",37.973518371582031,-122.30182647705078,"CONTRA COSTA",UNINCORPORATED,-122.30164337158203,37.973674774169922
90954468,2019,2019-03-27,9320,2019-03-12,0700,016094,,2,1,9,0700,0,1,3,,2,404,"SR-4 (E/B)","G ST.",350.00,W,N,A,-,Y,,,,,,,,,,Y,3,0,2,4,A,-,03,22350,,N,C,D,A,A,H,-,A,D,0,,,,,Y,,A,01,0,2,0,0,0,0,0,0,0,"- ","- ",,,"CONTRA COSTA",UNINCORPORATED,-121.81666564941406,37.998157501220703
90954480,2019,2019-03-27,9320,2019-03-20,1610,018525,,3,2,9,0700,0,1,3,,2,403,"SR-4 E/B","BAILEY RD",1000.00,E,N,A,-,Y,,,,,,,,,,Y,3,0,1,2,A,-,03,22350,,N,C,C,A,A,H,-,A,D,0,,,,,Y,,A,01,0,1,0,0,0,0,0,0,0,"- ","- ",,,"CONTRA COSTA",UNINCORPORATED,-121.93843841552734,38.018749237060547
90954578,2019,2019-03-27,9320,2019-03-22,1243,017906,,5,1,5,0708,0,1,3,,2,404,"SR-4 W/B","HARBOR ST O/C",1056.00,E,N,B,-,Y,,,,,,,,,,N,4,0,1,2,A,-,03,22350,,N,C,C,A,A,H,-,A,D,0,,,,,Y,,A,01,0,0,1,0,0,0,0,0,0,"- ","- ",,,"CONTRA COSTA",PITTSBURG,-121.87938690185547,38.014686584472656
90954631,2019,2019-03-27,9370,2019-03-19,1441,021946,,2,2,3,0705,0,1,1,,2,082,"I-80 W/B FROM BARRETT AVENUE","BARRETT AVENUE",640.00,W,N,A,-,Y,,,,,,,,,,N,4,0,1,2,A,-,03,22350,,N,C,C,A,A,H,-,A,B,0,,,,,Y,,A,07,0,0,1,0,0,0,0,0,0,"- ","- ",37.561538696289062,-122.19371032714844,"CONTRA COSTA","EL CERRITO",-122.32676696777344,37.933811187744141
90954743,2019,2019-03-27,9320,2019-03-22,1748,019238,,5,2,9,0700,0,1,1,,2,681,"I-680 N/B","STONE VALLEY RD U/C",1320.00,S,N,B,-,Y,,,,,,,,,,Y,4,0,2,5,A,-,07,21658,A,N,B,C,A,B,H,-,A,D,0,,,,,Y,,A,01,0,0,2,0,0,0,0,0,0,"- ","- ",,,"CONTRA COSTA",UNINCORPORATED,-122.02770233154297,37.848030090332031
90954782,2019,2019-03-27,9320,2019-03-22,2210,022123,,5,3,9,0700,0,3,5,,2,060,"CALLE ARROYO","DIABLO RD",30.00,N,N,B,-,N,,,,,,,,,,Y,3,0,1,1,A,-,08,22107,,N,E,I,A,B,H,-,D,D,0,,,,,Y,,A,01,0,1,0,0,0,0,0,0,0,"- ","- ",37.835678100585938,-121.96851348876953,"CONTRA COSTA",UNINCORPORATED,-121.968505859375,37.835708618164062
90954791,2019,2019-03-27,9320,2019-03-23,0735,020949,,6,1,3,0706,0,1,3,,2,400,"E/B SR-4",I-80,830.00,E,N,B,-,Y,,,4,,,,,,,Y,3,0,1,1,A,-,03,22350,,N,E,I,A,B,H,-,A,D,0,,,,,Y,,D,22,0,1,0,0,0,0,0,0,0,"- ","- ",38.014240264892578,-122.26644134521484,"CONTRA COSTA",HERCULES,-122.26643371582031,38.014247894287109
90954916,2019,2019-03-27,9320,2019-03-23,1240,020949,,6,1,9,0700,0,1,1,,2,180,"E/B I-80","CUMMINGS SKYWAY",1390.00,E,N,A,-,Y,,,80,,,,,,,Y,3,0,2,2,A,-,07,21658,A,F,E,I,A,A,H,-,A,D,0,,,,,Y,,-,99,0,1,1,0,0,0,0,0,0,"- ","- ",38.047550201416016,-122.23435974121094,"CONTRA COSTA",UNINCORPORATED,-122.23446655273438,38.047698974609375
90954965,2019,2019-03-27,9320,2019-03-23,1018,020984,,6,1,9,0700,0,2,4,,2,022,"WILDCAT CANYON RD","SAN PABLO DAM RD",4752.00,S,N,A,-,N,,,,,,,,,,Y,3,0,2,2,A,-,05,21460,A,N,A,C,A,B,H,-,A,D,0,,,,,Y,,A,01,0,2,0,0,0,0,0,0,0,"- ","- ",37.899101257324219,-122.22280120849609,"CONTRA COSTA",UNINCORPORATED,-122.22274017333984,37.899265289306641
90955455,2019,2019-03-28,9320,2019-03-23,1545,021423,,6,2,9,0700,0,1,3,,2,402,"SR-4 W/B","I-680 U/C",2145.00,E,N,A,-,Y,,,4,,,,,,W,N,3,0,2,2,A,-,03,22350,,N,C,C,A,A,H,-,A,D,0,,,Y,,Y,,C,02,0,2,0,0,0,0,0,0,2,"- ","- ",37.997341156005859,-122.06275177001953,"CONTRA COSTA",UNINCORPORATED,-122.06273651123047,37.997310638427734
90955526,2019,2019-03-28,9320,2019-03-24,1200,020949,,7,1,3,0707,0,1,1,,2,180,"W/B I-80","PINOLE VALLEY ROAD",480.00,W,N,A,-,Y,,,80,,,,,,,N,2,0,1,1,A,-,03,22350,,N,E,I,A,A,H,-,A,D,0,,,Y,,Y,,C,02,1,0,0,0,0,0,0,0,1,"- ","- ",37.996150970458984,-122.28732299804688,"CONTRA COSTA",PINOLE,-122.28736114501953,37.996212005615234
90955697,2019,2019-03-28,9320,2019-03-22,0945,017271,,5,1,9,0700,0,1,1,,2,681,"I-680 S/B","STONE VALLEY BLVD",1000.00,N,N,B,-,Y,,,680,,,,,,S,N,4,0,1,3,A,-,03,22350,,N,C,C,A,B,H,-,A,D,0,,,,Y,Y,,F,26,0,0,1,0,0,0,0,0,0,"- ","- ",37.856548309326172,-122.03045654296875,"CONTRA COSTA",UNINCORPORATED,-122.03044891357422,37.856555938720703
90955804,2019,2019-03-28,9320,2019-03-19,0801,017906,,2,1,5,0708,0,1,3,,2,404,"SR-4 W/B","LOVERIDGE RD O/C",528.00,E,N,A,-,Y,,,,,,,,,,N,4,0,1,1,C,-,18,,,N,E,I,A,A,H,-,A,D,0,,,,,Y,,-,"- ",0,0,1,0,0,0,0,0,0,"- ","- ",,,"CONTRA COSTA",PITTSBURG,-121.86675262451172,38.011890411376953
90955852,2019,2019-03-28,9320,2019-03-25,0825,014911,,1,1,5,0712,0,1,1,,2,682,"I-680 S/B","SOUTH MAIN STREET U/C",1056.00,N,N,B,-,Y,,,,,,,,,,Y,4,0,1,2,A,-,03,22350,,N,C,C,A,A,H,-,A,D,0,,,,,Y,,A,01,0,0,1,0,0,0,0,0,0,"- ","- ",,,"CONTRA COSTA","WALNUT CREEK",-122.05714416503906,37.888103485107422
90955919,2019,2019-03-28,9320,2019-03-04,0920,016094,,1,1,9,0700,0,1,3,,2,405,"SR-4 BYPASS RD.","MARSH CREEK RD.",0.00,,Y,B,-,Y,,,4,,,,,,,Y,3,0,1,2,A,-,09,21453,C,N,D,C,A,A,H,-,A,A,0,,,,Y,Y,,G,55,0,1,0,0,0,0,0,0,0,"- ","- ",37.895801544189453,-121.71269989013672,"CONTRA COSTA",UNINCORPORATED,-121.71266937255859,37.895851135253906
90955956,2019,2019-03-28,9320,2019-03-26,2335,021460,,2,3,9,0700,0,1,3,,2,242,"SR-242 S/B",SR-4,1530.00,S,N,C,-,Y,,,,,,,,,,Y,3,0,1,1,A,-,03,22350,,N,E,I,A,B,H,-,D,D,0,,,,,Y,,A,01,0,1,0,0,0,0,0,0,0,"- ","- ",38.001750946044922,-122.03775024414062,"CONTRA COSTA",UNINCORPORATED,,
90957268,2019,2019-03-29,9320,2019-03-26,0406,021710,,2,3,9,0700,0,1,3,,2,401,"SR-4 E/B","MCEWEN ROAD",5000.00,E,N,A,-,Y,,,4,,,,,,E,Y,4,0,1,1,A,-,03,22350,,N,E,I,A,B,H,-,D,D,0,,,,,Y,,A,01,0,0,1,0,0,0,0,0,0,"- ","- ",38.005790710449219,-122.16365051269531,"CONTRA COSTA",UNINCORPORATED,-122.16365051269531,38.005794525146484
90957342,2019,2019-03-29,9320,2019-03-27,1536,017219,,3,2,6,0704,0,1,3,,2,402,"SR-4 E/B","WILLOW PASS RD (CONCORD)",300.00,W,N,A,-,Y,,,,,,,,,,Y,3,0,2,4,A,-,07,21658,A,N,B,C,A,A,H,-,A,D,0,,,,,Y,,A,01,0,1,1,0,0,0,0,0,0,"- ","- ",,,"CONTRA COSTA",CONCORD,-121.99843597412109,38.013271331787109
90957612,2019,2019-03-29,9320,2019-03-27,1115,020129,,3,1,9,0700,0,1,1,,2,683,"I-680 N/B",SR-4,500.00,S,N,C,-,Y,,,680,,,,,,N,Y,4,0,1,2,A,-,08,22107,,N,E,I,A,B,H,-,A,D,0,,,,,Y,,A,07,0,0,1,0,0,0,0,0,0,"- ","- ",37.992801666259766,-122.06820678710938,"CONTRA COSTA",UNINCORPORATED,-122.06832885742188,37.992725372314453
90957648,2019,2019-03-29,9320,2019-03-28,0615,016094,,4,1,9,0700,0,2,4,,2,073,"KIRKER PASS RD. (N/B)","N. HESS RD.",540.00,N,N,A,-,N,,,,,,,,,,Y,3,0,1,1,C,-,18,,,N,F,A,A,A,H,-,B,D,0,,,,,Y,,-,"- ",0,1,0,0,0,0,0,0,0,"- ","- ",37.971599578857422,-121.91960144042969,"CONTRA COSTA",UNINCORPORATED,-121.92839050292969,37.963241577148438
90957701,2019,2019-03-29,9320,2019-03-22,2055,021526,,5,2,6,0704,0,1,3,,2,402,"SR-4 W/B","PORT CHICAGO HIGHWAY",1740.00,E,N,B,-,Y,,,4,,,,,,W,Y,2,0,1,1,A,-,01,23152,A,N,E,C,A,B,H,-,C,D,0,,,,,Y,Y,A,01,1,0,0,0,0,0,0,0,0,"- ","- ",38.010688781738281,-122.01661682128906,"CONTRA COSTA",CONCORD,-122.01663970947266,38.010845184326172
90957942,2019,2019-04-01,9370,2019-03-23,0135,022086,,6,3,5,0710,0,1,1,,2,082,"I-80 E/B","SAN PABLO DAM ROAD",1225.00,W,N,C,-,Y,,,,,,,,,,Y,4,0,1,1,A,-,03,22350,,N,E,I,A,B,H,-,C,D,0,,,,,Y,,A,07,0,0,1,0,0,0,0,0,0,"- ","- ",37.571079254150391,-122.194091796875,"CONTRA COSTA",RICHMOND,-122.33058929443359,37.959304809570312
90958032,2019,2019-04-01,9370,2019-03-29,1655,022098,,5,2,4,0711,0,1,1,,2,083,"I-80 E/B","EL PORTAL DR",1000.00,W,N,A,-,Y,,,,,,,,,,N,4,0,2,3,A,-,03,22350,,N,C,C,A,A,H,-,A,D,0,,,,,Y,,A,01,0,0,2,0,0,0,0,0,0,"- ","- ",37.575248718261719,-122.19306945800781,"CONTRA COSTA","SAN PABLO",-122.32511901855469,37.964618682861328
90958311,2019,2019-04-01,9370,2019-03-23,2350,021938,,6,3,5,0710,0,1,1,,2,058,"I-580 E/B","HARBOUR WAY",2745.00,W,N,A,-,Y,,,580,,,,,,E,Y,4,0,1,1,C,-,18,,,N,E,I,A,A,H,-,D,D,0,,,,,Y,,-,"- ",0,0,1,0,0,0,0,0,0,"- ","- ",37.927101135253906,-122.36879730224609,"CONTRA COSTA",RICHMOND,-122.36880493164062,37.927043914794922