CASE_ID,ACCIDENT_YEAR,PROC_DATE,JURIS,COLLISION_DATE,COLLISION_TIME,OFFICER_ID,REPORTING_DISTRICT,DAY_OF_WEEK,CHP_SHIFT,POPULATION,CNTY_CITY_LOC,SPECIAL_COND,BEAT_TYPE,CHP_BEAT_TYPE,CITY_DIVISION_LAPD,CHP_BEAT_CLASS,BEAT_NUMBER,PRIMARY_RD,SECONDARY_RD,DISTANCE,DIRECTION,INTERSECTION,WEATHER_1,WEATHER_2,STATE_HWY_IND,CALTRANS_COUNTY,CALTRANS_DISTRICT,STATE_ROUTE,ROUTE_SUFFIX,POSTMILE_PREFIX,POSTMILE,LOCATION_TYPE,RAMP_INTERSECTION,SIDE_OF_HWY,TOW_AWAY,COLLISION_SEVERITY,NUMBER_KILLED,NUMBER_INJURED,PARTY_COUNT,PRIMARY_COLL_FACTOR,PCF_CODE_OF_VIOL,PCF_VIOL_CATEGORY,PCF_VIOLATION,PCF_VIOL_SUBSECTION,HIT_AND_RUN,TYPE_OF_COLLISION,MVIW,PED_ACTION,ROAD_SURFACE,ROAD_COND_1,ROAD_COND_2,LIGHTING,CONTROL_DEVICE,CHP_ROAD_TYPE,PEDESTRIAN_ACCIDENT,BICYCLE_ACCIDENT,MOTORCYCLE_ACCIDENT,TRUCK_ACCIDENT,NOT_PRIVATE_PROPERTY,ALCOHOL_INVOLVED,STWD_VEHTYPE_AT_FAULT,CHP_VEHTYPE_AT_FAULT,COUNT_SEVERE_INJ,COUNT_VISIBLE_INJ,COUNT_COMPLAINT_PAIN,COUNT_PED_KILLED,COUNT_PED_INJURED,COUNT_BICYCLIST_KILLED,COUNT_BICYCLIST_INJURED,COUNT_MC_KILLED,COUNT_MC_INJURED,PRIMARY_RAMP,SECONDARY_RAMP,LATITUDE,LONGITUDE,COUNTY,CITY,POINT_X,POINT_Y
90978499,2019,2019-04-30,9320,2019-04-24,0930,021203,,3,1,9,0700,0,1,3,,2,400,"SR-4 WESTBOUND","WILLOW AVENUE",10.00,W,N,A,-,Y,,,4,,,,,,W,Y,2,0,1,2,A,-,03,22350,,N,C,C,A,A,H,-,A,D,0,,,,,Y,,A,01,1,0,0,0,0,0,0,0,0,"- ","- ",38.013820648193359,-122.25684356689453,"CONTRA COSTA",UNINCORPORATED,-122.2568359375,38.013801574707031
90978584,2019,2019-04-30,9320,2019-04-24,2230,017211,,3,3,9,0700,0,2,4,,2,011,"APPIAN WAY (4600 BLOCK)","PEBBLE DRIVE",3.00,S,N,A,-,N,,,,,,,,,,Y,2,0,2,2,A,-,05,21650,,N,A,C,A,A,H,-,C,A,0,,,,,Y,,A,01,1,0,1,0,0,0,0,0,0,"- ","- ",37.972999572753906,-122.30203247070312,"CONTRA COSTA",UNINCORPORATED,-122.30197906494141,37.973484039306641
90978697,2019,2019-04-30,9350,2019-04-22,2235,021466,,1,3,9,0700,0,1,1,,2,115,"I-580 W/B","MARIN COUNTY LINE",620.00,E,N,A,-,Y,,,,,,,,,,Y,4,0,1,3,A,-,03,22350,,N,C,C,A,A,D,-,C,D,0,,,,,Y,,A,08,0,0,1,0,0,0,0,0,0,"- ","- ",37.934200286865234,-122.43125915527344,"CONTRA COSTA",UNINCORPORATED,,
90978724,2019,2019-04-30,9390,2019-04-23,1725,017966,,2,2,4,0790,0,1,1,,2,069,"I-680 NORTHBOUND","DIABLO ROAD",1584.00,S,N,A,-,Y,,,680,,,,,,N,N,4,0,1,2,A,-,03,22350,,N,C,C,A,A,H,-,A,D,0,,,,,Y,,A,01,0,0,1,0,0,0,0,0,0,"- ","- ",37.819309234619141,-121.99313354492188,"CONTRA COSTA",DANVILLE,-121.99319458007812,37.819309234619141
90978749,2019,2019-04-30,9320,2019-04-21,2110,019914,,7,2,5,0712,0,1,1,,2,681,"I-680 NB","SOUTH MAIN ST U/C",800.00,N,N,A,-,Y,,,680,,,,,,N,Y,4,0,1,1,A,-,08,22107,,N,E,I,A,A,H,-,C,D,0,,,,,Y,,A,01,0,0,1,0,0,0,0,0,0,"- ","- ",37.887401580810547,-122.05650329589844,"CONTRA COSTA","WALNUT CREEK",-122.05638885498047,37.887474060058594
90979944,2019,2019-05-01,9320,2019-04-22,1540,019914,,1,2,3,0715,0,1,3,,2,241,"SR-24 EB","OAK HILL ROAD U/C",500.00,E,N,A,-,Y,,,24,,,,,,E,Y,4,0,2,3,A,-,03,22350,,N,C,C,A,A,H,-,A,D,0,,,,,Y,,D,22,0,0,2,0,0,0,0,0,0,"- ","- ",37.894001007080078,-122.11949920654297,"CONTRA COSTA",LAFAYETTE,-122.1195068359375,37.894020080566406
90980063,2019,2019-05-01,9370,2019-04-24,1550,021281,,3,2,5,0710,0,1,1,,2,082,"I-80 E/B","CARLSON BLVD",900.00,W,N,A,-,Y,,,80,,,,,,E,Y,4,0,1,3,A,-,03,22350,,N,C,C,A,A,H,-,A,D,0,,,,,Y,,A,01,0,0,1,0,0,0,0,0,0,"- ","- ",37.908401489257812,-122.31575775146484,"CONTRA COSTA",RICHMOND,-122.31582641601562,37.908359527587891
90980094,2019,2019-05-01,9365,2019-04-24,0740,015293,,3,1,9,0700,0,1,1,,2,001,"I-80 E/B","SOLANO/CONTRA COSTA COUNTY LINE",528.00,W,N,A,-,Y,,,80,,,,,,E,Y,3,0,2,3,A,-,03,22350,,N,C,C,A,A,H,-,A,D,0,,,,,Y,,A,08,0,2,0,0,0,0,0,0,0,"- ","- ",38.058090209960938,-122.22503662109375,"CONTRA COSTA",UNINCORPORATED,-122.22494506835938,38.058097839355469
90980102,2019,2019-05-01,9320,2019-04-20,1615,022082,,6,2,4,0714,0,1,1,,2,683,"I-680 S/B",SR-4,4664.00,N,N,A,-,Y,,,680,,,,,,S,Y,3,0,1,1,A,-,08,22107,,N,E,I,A,A,H,-,A,D,0,,,,,Y,,A,01,0,1,0,0,0,0,0,0,0,"- ","- ",38.003501892089844,-122.08049774169922,"CONTRA COSTA",MARTINEZ,-122.08049774169922,38.003501892089844
9098024,2020,2020-11-12,0700,2020-05-07,0307,OA012,OAKLE,4,5,3,0734,0,0,0,,0,002,"CYPRESS RD","MAIN ST",0.00,,Y,A,-,N,,,,,,,,,,Y,4,0,1,1,A,-,01,23152,A,N,A,I,A,A,H,-,C,D,0,,,,,Y,Y,A,01,0,0,1,0,0,0,0,0,0,"- ","- ",,,"CONTRA COSTA",OAKLEY,-121.69728088378906,37.990631103515625
90980410,2019,2019-05-02,9320,2019-04-20,1833,022082,,6,2,9,0700,0,1,1,,2,683,"I-680 N/B","MARINA VISTA RD.",3880.00,S,N,A,-,Y,,,680,,,,,,N,Y,3,0,2,2,A,-,01,23152,A,N,E,I,A,A,H,-,A,D,0,,,,,Y,Y,A,01,0,2,0,0,0,0,0,0,0,"- ","- ",38.020500183105469,-122.09960174560547,"CONTRA COSTA",UNINCORPORATED,-122.09961700439453,38.020462036132812
90980424,2019,2019-05-02,9320,2019-04-24,0820,016563,,3,1,3,0792,0,1,3,,2,240,"SR-24 W/B","ST. STEPHENS DRIVE",1584.00,W,N,A,-,Y,,,24,,,,,,W,N,4,0,1,2,A,-,03,22350,,M,C,C,A,A,H,-,A,D,0,,,,,Y,,A,01,0,0,1,0,0,0,0,0,0,"- ","- ",37.888660430908203,-122.17668151855469,"CONTRA COSTA",ORINDA,-122.17665100097656,37.888626098632812
90980543,2019,2019-05-02,9320,2019-04-25,0830,014859,,4,1,9,0700,0,2,4,,2,095,"MARSH CREEK RD","SELLERS AVE",528.00,W,N,A,-,N,,,,,,,,,,N,4,0,1,2,A,-,03,22350,,N,C,C,A,A,H,-,A,D,0,,,,,Y,,A,01,0,0,1,0,0,0,0,0,0,"- ","- ",37.896518707275391,-121.6810302734375,"CONTRA COSTA",UNINCORPORATED,-121.67988586425781,37.896503448486328
90980563,2019,2019-05-02,9320,2019-04-25,0550,020949,,4,3,3,0707,0,1,1,,2,180,"W/B I-80","APPIAN WAY",2400.00,E,N,A,-,Y,,,80,,,,,,,N,4,0,1,2,A,-,03,22350,,M,C,C,A,A,H,-,B,D,0,,,,,Y,,-,99,0,0,1,0,0,0,0,0,0,"- ","- ",37.994720458984375,-122.29344940185547,"CONTRA COSTA",PINOLE,-122.29344177246094,37.994659423828125
90980643,2019,2019-05-02,9320,2019-04-25,0748,021185,,4,1,4,0709,0,1,1,,2,683,"INTERSTATE 680 SOUTHBOUND","WILLOW PASS ROAD",1450.00,S,N,A,-,Y,,,680,,,,,,S,Y,3,0,5,3,A,-,03,22350,,N,C,C,A,A,H,-,A,D,0,,,,,Y,,A,01,0,5,0,0,0,0,0,0,0,"- ","- ",37.962348937988281,-122.05403137207031,"CONTRA COSTA","PLEASANT HILL",-122.05404663085938,37.96234130859375
90980648,2019,2019-05-02,9320,2019-04-22,1615,019914,,1,2,3,0715,0,1,3,,2,241,"SR-24 EB","OAK HILL ROAD",200.00,W,N,A,-,Y,,,24,,,,,,E,Y,4,0,1,3,A,-,03,22350,,N,B,C,A,A,H,-,A,D,0,,,Y,,Y,,C,02,0,0,1,0,0,0,0,0,1,"- ","- ",37.893600463867188,-122.12210083007812,"CONTRA COSTA",LAFAYETTE,-122.12209320068359,37.893569946289062
90980753,2019,2019-06-24,9370,2019-04-24,2110,022086,,3,2,3,0705,0,1,1,,2,082,"I-80 E/B","POTRERO AVENUE",1042.00,E,N,A,-,Y,,,,,,,,,,Y,3,0,1,2,A,-,07,21658,A,N,B,C,A,A,H,-,C,D,0,,,Y,,Y,Y,A,01,0,1,0,0,0,0,0,0,1,"- ","- ",37.554370880126953,-122.19230651855469,"CONTRA COSTA","EL CERRITO",-122.31720733642578,37.919898986816406
90980993,2019,2019-05-02,9320,2019-04-26,0725,020949,,5,1,9,0700,0,1,3,,2,400,"W/B SR-4","CUMMINGS SKYWAY",3380.00,W,N,A,-,Y,,,4,,,,,,,Y,4,0,1,1,A,-,08,22107,,N,E,I,A,A,H,-,A,D,0,,,,,Y,,A,01,0,0,1,0,0,0,0,0,0,"- ","- ",38.011238098144531,-122.20085906982422,"CONTRA COSTA",UNINCORPORATED,-122.20087432861328,38.011283874511719
90981021,2019,2019-05-02,9370,2019-04-23,1834,020356,,2,2,9,0700,0,3,5,,2,010,"2ND STREET S/B","SILVER AVENUE",0.00,,Y,A,-,N,,,,,,,,,,Y,4,0,2,2,A,-,09,21800,A,N,D,C,A,A,H,-,A,D,0,,,,,Y,Y,-,"- ",0,0,2,0,0,0,0,0,0,"- ","- ",37.957408905029297,-122.367919921875,"CONTRA COSTA",UNINCORPORATED,-122.36786651611328,37.957420349121094
90981052,2019,2019-05-03,9370,2019-04-26,0140,022077,,5,3,5,0710,0,1,1,,2,082,"I-80 E/B","SAN PABLO AVE",950.00,W,N,A,-,Y,,,80,,,,,,E,Y,4,0,1,1,A,-,01,23152,A,N,E,I,A,A,H,-,C,D,0,,,,,Y,Y,D,22,0,0,1,0,0,0,0,0,0,"- ","- ",37.934608459472656,-122.32678985595703,"CONTRA COSTA",RICHMOND,-122.32679748535156,37.934608459472656
90981169,2019,2019-05-03,9320,2019-04-25,1735,018525,,4,2,9,0700,0,1,1,,2,683,"I-680 N/B",SR-4,750.00,S,N,A,-,Y,,,,,,,,,,Y,4,0,2,4,A,-,03,22350,,N,C,C,A,A,H,-,A,D,0,,,,,Y,,A,07,0,0,2,0,0,0,0,0,0,"- ","- ",,,"CONTRA COSTA",UNINCORPORATED,-122.06846618652344,37.992946624755859
90981190,2019,2019-05-03,9320,2019-04-25,0054,021710,,4,3,9,0700,0,1,3,,2,403,"SR-4 W/B","SAN MARCO BLVD.",1000.00,W,N,A,-,Y,,,4,,,,,,W,Y,3,0,1,2,A,-,01,23152,A,N,C,C,A,A,H,-,D,D,0,,,,,Y,Y,A,01,0,1,0,0,0,0,0,0,0,"- ","- ",38.024021148681641,-121.97184753417969,"CONTRA COSTA",UNINCORPORATED,-121.97184753417969,38.024021148681641
90981274,2019,2019-05-03,9320,2019-04-28,0142,020192,,7,3,5,0701,0,1,3,,2,404,"SR-4 EASTBOUND","SOMERSVILLE ROAD",1056.00,W,N,A,-,Y,,,4,,,,,,E,Y,4,0,1,2,A,-,01,23152,A,N,B,C,A,A,H,-,D,D,0,,,,,Y,Y,A,01,0,0,1,0,0,0,0,0,0,"- ","- ",38.007598876953125,-121.85144805908203,"CONTRA COSTA",ANTIOCH,-121.8514404296875,38.007637023925781
90981291,2019,2019-05-03,9320,2019-04-24,0900,014859,,3,1,9,0700,0,2,4,,2,093,"HOLLOWAY DR","CAMINO DIABLO RD",0.00,,Y,A,-,N,,,,,,,,,,Y,4,0,2,3,A,-,09,21802,A,N,D,C,A,A,H,-,A,D,0,,,,,Y,,D,22,0,0,2,0,0,0,0,0,0,"- ","- ",37.867691040039062,-121.64167022705078,"CONTRA COSTA",UNINCORPORATED,-121.6416015625,37.867469787597656
90981422,2019,2019-05-03,9320,2019-04-12,1250,020295,,5,1,5,0701,0,1,3,,2,404,"SR-4 E/B TO CONTRA LOMA BLVD.","CONTRA LOMA BLVD.",9.00,W,N,A,-,Y,,,,,,,,,,Y,4,0,1,2,A,-,08,22107,,F,E,I,A,A,H,-,A,A,0,,,,,Y,,A,01,0,0,1,0,0,0,0,0,0,"- ","- ",,,"CONTRA COSTA",ANTIOCH,-121.82170104980469,37.99932861328125
90981473,2019,2019-05-03,9320,2019-04-28,0043,021609,,7,3,5,0712,0,1,1,,2,682,"I-680 S/B","N. MAIN STREET",200.00,N,N,A,-,Y,,,680,,,,,,S,Y,3,0,1,1,A,-,01,23152,A,N,D,I,A,A,H,-,C,A,0,,,,,Y,Y,D,22,0,1,0,0,0,0,0,0,0,"- ","- ",37.916660308837891,-122.06494140625,"CONTRA COSTA","WALNUT CREEK",-122.06499481201172,37.916709899902344
90981584,2019,2019-05-03,9320,2019-04-30,1315,016788,,2,1,9,0700,0,2,4,,2,031,"SAN PABLO AVE","MERCHANT ST",2112.00,W,N,A,-,N,,,,,,,,,,Y,3,0,2,2,A,-,07,21658,A,N,B,C,A,A,H,-,A,D,0,,,,,Y,,A,01,0,1,1,0,0,0,0,0,0,"- ","- ",38.055339813232422,-122.23799896240234,"CONTRA COSTA",UNINCORPORATED,-122.23744201660156,38.055271148681641
9098163,2020,2020-11-10,0712,2020-05-05,1735,P450,,2,5,5,0712,0,0,0,,0,,"N MAIN ST","CYPRESS AV",0.00,,Y,A,-,N,,,,,,,,,,Y,4,0,1,2,A,-,00,22453,A,N,D,C,A,A,H,-,A,A,0,,,,,Y,,A,01,0,0,1,0,0,0,0,0,0,"- ","- ",,,"CONTRA COSTA","WALNUT CREEK",-122.06076812744141,37.899299621582031
90981678,2019,2019-05-03,9320,2019-04-30,1410,021373,,2,2,9,0700,0,1,1,,2,683,"I-680 NB",SR-4,0.00,,N,A,-,Y,,,680,,,,,,N,Y,3,0,1,3,A,-,03,22350,,N,C,C,A,A,H,-,A,D,0,,,,,Y,,A,07,0,1,0,0,0,0,0,0,0,"- ","- ",37.984321594238281,-122.06614685058594,"CONTRA COSTA",UNINCORPORATED,-122.06629180908203,37.984291076660156
9098177,2020,2020-08-18,0712,2020-04-10,0801,P527,,5,5,5,0712,0,0,0,,0,002,"YGNACIO VALLEY RD","NORTH CALIFORNIA BL",0.00,,Y,A,-,N,,,,,,,,,,Y,4,0,1,2,A,-,12,21453,A,N,D,C,A,A,H,-,A,A,0,,,,,Y,,A,01,0,0,1,0,0,0,0,0,0,"- ","- ",,,"CONTRA COSTA","WALNUT CREEK",-122.06575775146484,37.90496826171875
90981845,2019,2019-05-03,9320,2019-04-30,0050,021590,,2,3,6,0704,0,1,1,,2,683,"CONCORD AVENUE W/B","JOHN GLENN DRIVE",200.00,W,N,A,-,N,,,,,,,,,,Y,4,0,1,1,A,-,08,22107,,N,F,I,A,A,H,-,C,D,0,,,,,Y,,A,07,0,0,1,0,0,0,0,0,0,"- ","- ",37.979999542236328,-122.05660247802734,"CONTRA COSTA",CONCORD,-122.05654144287109,37.980018615722656
90982003,2019,2019-05-06,9370,2019-05-03,1550,022098,,5,2,5,0710,0,1,1,,2,082,"I-80 E/B","MACDONALD AVE",100.00,E,N,A,-,Y,,,,,,,,,,Y,3,0,1,2,A,-,07,21658,A,N,F,A,A,A,H,-,A,D,0,,,Y,,Y,,A,08,0,1,0,0,0,0,0,0,1,"- ","- ",37.555900573730469,-122.19344329833984,"CONTRA COSTA",RICHMOND,-122.32573699951172,37.932422637939453
90982191,2019,2019-05-06,9320,2019-04-24,1006,017906,,3,1,3,0707,0,1,1,,2,180,"I-80 W/B","APPIAN WAY O/C",467.00,E,N,A,-,Y,,,,,,,,,,Y,4,0,1,2,A,-,03,22350,,N,E,I,A,A,H,-,A,D,0,,,Y,,Y,,A,07,0,0,1,0,0,0,0,0,1,"- ","- ",37.593700408935547,-121.18000030517578,"CONTRA COSTA",PINOLE,-122.30168914794922,37.993488311767578
90982214,2019,2019-05-06,9320,2019-04-25,1600,022013,,4,2,9,0700,0,1,1,,2,683,"I-680 S/B TO SR-4 E/B",SR-4,1109.00,N,N,A,-,Y,,,680,,,,R,,S,Y,4,0,2,3,A,-,03,22350,,N,E,I,A,A,H,-,A,D,0,,,,,Y,,D,22,0,0,2,0,0,0,0,0,0,"- ","- ",37.996799468994141,-122.072998046875,"CONTRA COSTA",UNINCORPORATED,-122.072998046875,37.996799468994141
90982272,2019,2019-05-06,9390,2019-04-26,0245,021677,,5,3,4,0791,0,1,1,,2,068,"I-680 SOUTHBOUND","BOLLINGER CANYON ROAD",915.00,N,N,A,-,Y,,,680,,,,,,S,Y,4,0,1,1,A,-,01,23152,A,N,A,A,A,A,H,-,C,D,0,,,,,Y,Y,A,01,0,0,1,0,0,0,0,0,0,"- ","- ",37.761859893798828,-121.96697235107422,"CONTRA COSTA","SAN RAMON",-121.96682739257812,37.761955261230469
90982481,2019,2019-05-06,9320,2019-04-29,0025,021460,,1,3,9,0700,0,1,3,,2,402,"SR-4 E/B","PORT CHICAGO HIGHWAY",433.00,E,N,A,-,Y,,,,,,,,,,Y,3,0,2,2,A,-,03,22350,,N,C,C,A,A,H,-,C,D,0,,,,Y,Y,,A,07,0,1,1,0,0,0,0,0,0,"- ","- ",38.004039764404297,-122.04145812988281,"CONTRA COSTA",UNINCORPORATED,-122.02133941650391,38.009708404541016
90982538,2019,2019-05-06,9320,2019-04-26,0538,021185,,5,3,3,0792,0,1,3,,2,240,"STATE ROUTE 24 WESTBOUND","CAMINO PABLO",3000.00,E,N,A,-,Y,,,24,,,,,,W,Y,2,0,1,1,A,-,08,22107,,N,E,I,A,A,H,-,C,D,0,,,,,Y,,D,22,1,0,0,0,0,0,0,0,0,"- ","- ",37.88616943359375,-122.178466796875,"CONTRA COSTA",ORINDA,-122.17857360839844,37.886234283447266
90982563,2019,2019-05-06,9320,2019-04-24,0831,017906,,3,1,9,0700,0,1,1,,2,180,"I-80 E/B","CUMMINGS SKYWAY O/C",833.00,W,N,A,-,Y,,,,,,,,,,Y,4,0,1,4,A,-,03,22350,,N,B,C,A,A,H,-,A,D,0,,,,,Y,,A,01,0,0,1,0,0,0,0,0,0,"- ","- ",38.023601531982422,-122.14240264892578,"CONTRA COSTA",UNINCORPORATED,-122.24017333984375,38.043628692626953
90982632,2019,2019-05-06,9320,2019-04-27,1508,022082,,6,2,4,0714,0,1,1,,2,683,"I-680 N/B",SR-4,4005.00,S,N,A,-,Y,,,,,,,,,,Y,3,0,1,2,A,-,03,22350,,N,C,C,A,A,H,-,A,D,0,,,,,Y,,E,22,0,1,0,0,0,0,0,0,0,"- ","- ",37.983600616455078,-122.06600189208984,"CONTRA COSTA",MARTINEZ,-122.06622314453125,37.984214782714844
90982841,2019,2019-05-06,9370,2019-04-24,0835,019695,,3,1,5,0710,0,1,1,,2,082,"I-80 W/B","CUTTING BLVD",1200.00,W,N,A,-,Y,,,80,,,,,,W,Y,3,0,1,3,A,-,03,22350,,F,B,C,A,A,H,-,A,D,0,,,Y,,Y,,A,01,0,1,0,0,0,0,0,0,1,"- ","- ",37.9239501953125,-122.32000732421875,"CONTRA COSTA",RICHMOND,-122.32002258300781,37.923942565917969
90982902,2019,2019-05-06,9320,2019-04-29,1650,021352,,1,2,9,0700,0,1,3,,2,403,"SR-4 E/B","BAILEY ROAD",500.00,W,N,A,-,Y,,,4,,,,,,E,Y,3,0,2,3,A,-,03,22350,,N,C,C,A,A,H,-,A,D,0,,,,,Y,,A,07,0,2,0,0,0,0,0,0,0,"- ","- ",38.019691467285156,-121.95150756835938,"CONTRA COSTA",UNINCORPORATED,-121.95147705078125,38.019805908203125
90982917,2019,2019-05-06,9320,2019-04-27,0938,021423,,6,1,5,0701,0,1,3,,2,160,"SR-160 N/B","BRIDGEHEAD RD U/C",2700.00,N,N,A,G,Y,,,,,,,,,,N,3,0,1,1,C,-,18,,,N,H,A,A,A,H,-,A,D,0,,Y,,,Y,,-,"- ",0,1,0,0,0,0,1,0,0,"- ","- ",38.020500183105469,-121.75150299072266,"CONTRA COSTA",ANTIOCH,-121.75154876708984,38.024394989013672
90983066,2019,2019-05-07,9390,2019-04-26,2105,017966,,5,2,4,0791,0,1,1,,2,068,"I-680 NORTHBOUND","BOLLINGER CANYON ROAD",1056.00,S,N,A,-,Y,,,680,,,,,,N,Y,4,0,2,2,A,-,03,22350,,N,C,C,A,A,H,-,D,D,0,,,,,Y,,A,08,0,0,2,0,0,0,0,0,0,"- ","- ",37.756710052490234,-121.96308898925781,"CONTRA COSTA","SAN RAMON",-121.96312713623047,37.756687164306641
90983128,2019,2019-05-07,9370,2019-04-29,0850,021743,,1,1,3,0705,0,1,1,,2,082,"I-80 E/B","CARLSON BLVD",45.00,E,N,A,-,Y,,,,,,,,,,Y,4,0,1,2,A,-,03,22350,,N,C,C,A,A,H,-,A,D,0,,,,,Y,,A,01,0,0,1,0,0,0,0,0,0,"- ","- ",37.911151885986328,-122.31728363037109,"CONTRA COSTA","EL CERRITO",-122.31713104248047,37.910751342773438
90983292,2019,2019-05-07,9320,2019-04-30,1725,021373,,2,2,9,0700,0,1,3,,2,402,"SR-4 EB","PORT CHICAGO HIGHWAY",5280.00,W,N,A,-,Y,,,,,,,,,,Y,3,0,1,3,A,-,07,21658,A,N,B,C,A,A,H,-,A,D,0,,,,Y,Y,,G,25,0,1,0,0,0,0,0,0,0,"- ","- ",38.008739471435547,-122.02793884277344,"CONTRA COSTA",UNINCORPORATED,-122.03953552246094,38.004257202148438
90983307,2019,2019-05-07,9320,2019-04-30,0746,021440,,2,1,4,0714,0,1,1,,2,683,"I-680 S/B","BLUM RD",655.00,N,N,A,-,Y,,,680,,,,,,S,Y,4,0,1,1,A,-,08,22107,,N,E,I,A,A,H,-,A,D,0,,,,,Y,,A,01,0,0,1,0,0,0,0,0,0,"- ","- ",37.999519348144531,-122.07601165771484,"CONTRA COSTA",MARTINEZ,-122.07605743408203,37.999469757080078
90983454,2019,2019-05-07,9320,2019-04-22,1920,019914,,1,2,9,0700,0,3,5,,2,060,"LAS JUNTAS WAY","MAYHEW WAY",0.00,,Y,A,-,N,,,,,,,,,,Y,4,0,1,2,A,-,12,22450,A,N,D,C,A,A,H,-,A,A,0,,,,,Y,,A,07,0,0,1,0,0,0,0,0,0,"- ","- ",37.936698913574219,-122.05110168457031,"CONTRA COSTA",UNINCORPORATED,-122.05111694335938,37.936721801757812
90983591,2019,2019-05-07,9320,2019-04-23,0930,021203,,2,1,9,0700,0,1,3,,2,403,"SR-4 WESTBOUND","WILLOW PASS ROAD",1000.00,E,N,A,-,Y,,,4,,,,,,W,Y,4,0,2,3,A,-,03,22350,,N,C,C,A,A,H,-,A,D,0,,,,Y,Y,,A,01,0,0,2,0,0,0,0,0,0,"- ","- ",38.022418975830078,-121.96221160888672,"CONTRA COSTA",UNINCORPORATED,-121.96221160888672,38.02239990234375
90983753,2019,2019-05-07,9320,2019-05-01,1720,017219,,3,2,9,0700,0,2,4,,2,077,"MARSH CREEK RD","RUSSELMANN PARK RD",1400.00,E,N,A,-,N,,,,,,,,,,N,4,0,1,2,A,-,03,22350,,N,C,C,A,A,H,-,A,D,0,,,,,Y,,D,22,0,0,1,0,0,0,0,0,0,"- ","- ",37.921550750732422,-121.90223693847656,"CONTRA COSTA",UNINCORPORATED,-121.90221405029297,37.921520233154297
90983786,2019,2019-05-07,9320,2019-05-01,2010,020949,,3,2,9,0700,0,1,3,,2,403,"W/B SR-4 TO S. BAILEY ROAD","BAILEY ROAD",200.00,W,N,A,-,Y,,,4,,,,R,,,Y,3,0,1,1,A,-,01,23152,A,N,E,I,A,A,H,-,C,D,0,,,,,Y,Y,A,01,0,1,0,0,0,0,0,0,0,"- ","- ",38.019401550292969,-121.9429931640625,"CONTRA COSTA",UNINCORPORATED,-121.9429931640625,38.019401550292969
90983850,2019,2019-05-07,9320,2019-05-01,2020,021088,,3,2,9,0700,0,3,5,,2,075,"501 NICHOLS ROAD","NICHOLS ROAD",2890.00,E,N,B,-,N,,,,,,,,,,N,4,0,1,1,B,-,22,,,N,E,I,A,A,B,-,D,D,0,,,Y,,Y,,C,06,0,0,1,0,0,0,0,0,1,"- ","- ",38.043529510498047,-121.97791290283203,"CONTRA COSTA",UNINCORPORATED,,
90983989,2019,2019-05-07,9370,2019-04-28,1257,021457,,7,1,4,0711,0,1,1,,2,083,"I-80 E/B","SAN PABLO DAM ROAD",1715.00,E,N,A,-,Y,,,80,,,,,,E,Y,4,0,1,3,A,-,07,21658,A,N,B,C,A,A,H,-,A,D,0,,,,,Y,,A,01,0,0,1,0,0,0,0,0,0,"- ","- ",37.960659027099609,-122.33016204833984,"CONTRA COSTA","SAN PABLO",-122.33016204833984,37.960662841796875
90984177,2019,2019-05-08,9320,2019-04-18,0830,016563,,4,1,9,0700,0,1,3,,2,241,"SR-24 W/B","EL CURTOLA BLVD",1500.00,E,N,A,-,Y,,,24,,,,,,W,N,3,0,1,2,A,-,07,21658,A,F,F,I,A,A,H,-,A,D,0,,,Y,,Y,,A,01,0,1,0,0,0,0,0,0,1,"- ","- ",37.897060394287109,-122.08003997802734,"CONTRA COSTA",UNINCORPORATED,-122.08000946044922,37.897159576416016
90984348,2019,2019-05-08,9320,2019-05-01,1705,021526,,3,2,3,0715,0,1,3,,2,240,"SR-24 E/B","FIRST STREET",745.00,E,N,A,-,Y,,,24,,,,,,E,Y,4,0,1,2,A,-,03,22350,,N,C,C,A,A,H,-,A,D,0,,,,,Y,,A,07,0,0,1,0,0,0,0,0,0,"- ","- ",37.894969940185547,-122.11402130126953,"CONTRA COSTA",LAFAYETTE,-122.114013671875,37.894916534423828
90984457,2019,2019-05-08,9390,2019-05-01,1520,022273,,3,2,9,0700,0,3,5,,2,100,"LUSITANO STREET","CASHMERE STREET",220.00,S,N,A,-,N,,,,,,,,,,Y,3,0,1,1,A,-,08,22107,,N,E,I,A,A,H,-,A,D,0,,,,,Y,,A,07,0,1,0,0,0,0,0,0,0,"- ","- ",37.796710968017578,-121.880859375,"CONTRA COSTA",UNINCORPORATED,-121.88079071044922,37.796749114990234
90984470,2019,2019-05-08,9320,2019-05-01,0135,021590,,3,3,9,0700,0,3,5,,2,040,"IMHOFF DRIVE W/B","WATERBIRD WAY",100.00,W,N,A,-,N,,,,,,,,,,Y,4,0,1,1,A,-,01,23152,A,N,E,I,A,A,H,-,C,D,0,,,,,Y,Y,A,01,0,0,1,0,0,0,0,0,0,"- ","- ",37.999698638916016,-122.07029724121094,"CONTRA COSTA",UNINCORPORATED,-122.07041168212891,37.999561309814453