CASE_ID,ACCIDENT_YEAR,PROC_DATE,JURIS,COLLISION_DATE,COLLISION_TIME,OFFICER_ID,REPORTING_DISTRICT,DAY_OF_WEEK,CHP_SHIFT,POPULATION,CNTY_CITY_LOC,SPECIAL_COND,BEAT_TYPE,CHP_BEAT_TYPE,CITY_DIVISION_LAPD,CHP_BEAT_CLASS,BEAT_NUMBER,PRIMARY_RD,SECONDARY_RD,DISTANCE,DIRECTION,INTERSECTION,WEATHER_1,WEATHER_2,STATE_HWY_IND,CALTRANS_COUNTY,CALTRANS_DISTRICT,STATE_ROUTE,ROUTE_SUFFIX,POSTMILE_PREFIX,POSTMILE,LOCATION_TYPE,RAMP_INTERSECTION,SIDE_OF_HWY,TOW_AWAY,COLLISION_SEVERITY,NUMBER_KILLED,NUMBER_INJURED,PARTY_COUNT,PRIMARY_COLL_FACTOR,PCF_CODE_OF_VIOL,PCF_VIOL_CATEGORY,PCF_VIOLATION,PCF_VIOL_SUBSECTION,HIT_AND_RUN,TYPE_OF_COLLISION,MVIW,PED_ACTION,ROAD_SURFACE,ROAD_COND_1,ROAD_COND_2,LIGHTING,CONTROL_DEVICE,CHP_ROAD_TYPE,PEDESTRIAN_ACCIDENT,BICYCLE_ACCIDENT,MOTORCYCLE_ACCIDENT,TRUCK_ACCIDENT,NOT_PRIVATE_PROPERTY,ALCOHOL_INVOLVED,STWD_VEHTYPE_AT_FAULT,CHP_VEHTYPE_AT_FAULT,COUNT_SEVERE_INJ,COUNT_VISIBLE_INJ,COUNT_COMPLAINT_PAIN,COUNT_PED_KILLED,COUNT_PED_INJURED,COUNT_BICYCLIST_KILLED,COUNT_BICYCLIST_INJURED,COUNT_MC_KILLED,COUNT_MC_INJURED,PRIMARY_RAMP,SECONDARY_RAMP,LATITUDE,LONGITUDE,COUNTY,CITY,POINT_X,POINT_Y
90990758,2019,2019-05-17,9320,2019-05-13,0011,022123,,1,3,9,0700,0,1,1,,2,681,"I-680 S/B","LIVORNA RD.",900.00,N,N,A,-,Y,,,680,,,,,,S,Y,4,0,1,1,A,-,08,22107,,N,E,I,A,A,H,-,D,D,0,,,,,Y,,A,01,0,0,1,0,0,0,0,0,0,"- ","- ",37.864601135253906,-122.03745269775391,"CONTRA COSTA",UNINCORPORATED,-122.037353515625,37.864704132080078
90990763,2019,2019-05-17,9320,2019-05-13,0440,021590,,1,3,5,0712,0,1,1,,2,682,"I-680 S/B","OLYMPIC BLVD",300.00,N,N,A,-,Y,,,680,,,,,,S,Y,4,0,2,2,A,-,08,22107,,N,B,C,A,A,H,-,C,D,0,,,,,Y,,A,01,0,0,2,0,0,0,0,0,0,"- ","- ",37.894901275634766,-122.06929779052734,"CONTRA COSTA","WALNUT CREEK",-122.06929779052734,37.894905090332031
90990829,2019,2019-05-17,9320,2019-05-14,0810,016503,,2,1,9,0700,0,1,3,,2,403,"SR-4 W/B","WILLOW PASS RD. U/C BAY POINT",400.00,E,N,A,-,Y,,,4,,,,,,W,Y,3,0,1,3,A,-,07,21658,A,N,B,C,A,A,H,-,A,D,0,,,Y,,Y,,A,07,0,1,0,0,0,0,0,0,1,"- ","- ",38.022758483886719,-121.96417999267578,"CONTRA COSTA",UNINCORPORATED,-121.96417236328125,38.022785186767578
90990925,2019,2019-05-17,9320,2019-05-14,1825,021088,,2,2,9,0700,0,3,5,,2,075,"WILLOW PASS RD E/B","CLEARLAND DRIVE",10.00,N,N,B,-,N,,,,,,,,,,N,4,0,3,2,A,-,09,21802,A,N,A,C,A,A,H,-,A,D,0,,,,,Y,,A,01,0,0,3,0,0,0,0,0,0,"- ","- ",38.026748657226562,-121.94619750976562,"CONTRA COSTA",UNINCORPORATED,-121.9461669921875,38.026771545410156
90990947,2019,2019-05-17,9320,2019-05-15,2330,019546,,3,3,9,0700,0,1,3,,2,402,"SR-4 E/B","WILLOW PASS ROAD",2640.00,W,N,C,-,Y,,,4,,,,,,E,Y,4,0,1,1,A,-,08,22107,,N,E,I,A,B,H,-,D,D,0,,,,,Y,,A,01,0,0,1,0,0,0,0,0,0,"- ","- ",38.012210845947266,-122.00501251220703,"CONTRA COSTA",UNINCORPORATED,-122.00502014160156,38.012275695800781
90990974,2019,2019-05-17,9320,2019-05-15,2050,020949,,3,2,6,0704,0,1,3,,2,402,"E/B SR-4 TO WILLOW PASS ROAD (CONCORD)","WILLOW PASS ROAD",14.00,W,N,C,-,Y,,,4,,,,R,,,N,4,0,1,2,A,-,03,22350,,N,C,C,A,B,H,-,C,D,0,,,,,Y,,A,01,0,0,1,0,0,0,0,0,0,"- ","- ",38.012989044189453,-121.99726104736328,"CONTRA COSTA",CONCORD,-121.99726104736328,38.012989044189453
90991024,2019,2019-05-30,9320,2019-05-16,1640,017219,,4,2,5,0701,0,1,3,,2,160,"SR-160 N/B","WILBUR RD U/C",10.00,N,N,B,-,Y,,,,,,,,,,Y,4,0,2,4,A,-,03,22350,,N,C,C,A,A,H,-,A,D,0,,,,,Y,,A,07,0,0,2,0,0,0,0,0,0,"- ","- ",,,"CONTRA COSTA",ANTIOCH,-121.751953125,38.012298583984375
90991036,2019,2019-05-17,9320,2019-05-16,1655,020949,,4,2,9,0700,0,1,1,,2,683,"N/B I-680",SR-4,3300.00,S,N,C,-,Y,,,680,,,,,,,Y,4,0,1,2,A,-,07,21658,A,N,B,C,A,B,H,-,A,D,0,,,,,Y,,D,22,0,0,1,0,0,0,0,0,0,"- ","- ",37.986171722412109,-122.06667327880859,"CONTRA COSTA",UNINCORPORATED,-122.06666564941406,37.986171722412109
90991591,2019,2019-05-20,9320,2019-05-10,1340,021423,,5,1,3,0792,0,1,3,,2,240,"SR-24 E/B","FISH RANCH RD O/C",300.00,E,N,A,-,Y,,,,,,,,,,Y,3,0,1,2,A,-,07,21658,A,N,C,C,A,A,H,-,A,D,0,,,Y,,Y,,A,01,0,1,0,0,0,0,0,0,1,"- ","- ",37.861991882324219,-122.20928955078125,"CONTRA COSTA",ORINDA,-122.20930480957031,37.8619384765625
90991593,2019,2019-05-20,9320,2019-05-10,1835,021423,,5,2,9,0700,0,1,3,,2,241,"SR-24 E/B","OAKVALE RD O/C",480.00,W,N,A,-,Y,,,,,,,,,,Y,4,0,1,2,A,-,07,21658,A,N,B,C,A,A,H,-,A,D,0,,,Y,,Y,,A,07,0,0,1,0,0,0,0,0,1,"- ","- ",37.899921417236328,-122.07071685791016,"CONTRA COSTA",UNINCORPORATED,,
90991595,2019,2019-05-29,9320,2019-05-13,0350,021472,,1,3,9,0700,0,1,3,,2,241,"W/B SR-24","PLEASANT HILL ROAD",1056.00,E,N,A,-,Y,,,,,,,,,,Y,3,0,1,2,A,-,03,22350,,N,C,C,A,A,H,-,D,D,0,,,,,Y,,A,01,0,1,0,0,0,0,0,0,0,"- ","- ",37.89801025390625,-122.09203338623047,"CONTRA COSTA",UNINCORPORATED,,
90991601,2019,2019-05-20,9320,2019-05-08,1730,019238,,3,2,9,0700,0,1,1,,2,681,"I-680 N/B","LIVORNA RD U/C",100.00,S,N,A,-,Y,,,,,,,,,,Y,4,0,1,3,A,-,03,22350,,N,C,C,A,A,H,-,A,D,0,,,,,Y,,A,07,0,0,1,0,0,0,0,0,0,"- ","- ",,,"CONTRA COSTA",UNINCORPORATED,-122.03507232666016,37.863189697265625
90991657,2019,2019-05-20,9320,2019-05-13,1610,021088,,1,2,9,0700,0,3,5,,2,075,"MOTA DRIVE N/B","AZORES CIRCLE",30.00,S,N,A,-,N,,,,,,,,,,N,4,0,1,2,A,-,03,22350,,N,C,C,A,A,H,-,A,D,0,,,,,Y,,A,07,0,0,1,0,0,0,0,0,0,"- ","- ",38.027400970458984,-121.97470855712891,"CONTRA COSTA",UNINCORPORATED,-121.97480010986328,38.027362823486328
90991659,2019,2019-05-20,9320,2019-05-13,2138,022123,,1,2,9,0700,0,2,4,,2,026,"PLEASANT HILL RD.","TAYLOR BLVD.",600.00,E,N,A,-,N,,,,,,,,,,Y,2,0,1,2,A,-,08,22107,,N,D,G,A,A,H,-,D,D,0,,Y,,,Y,,L,04,1,0,0,0,0,0,1,0,0,"- ","- ",37.922821044921875,-122.095458984375,"CONTRA COSTA",UNINCORPORATED,-122.09653472900391,37.921058654785156
90991740,2019,2019-05-20,9320,2019-05-13,1100,016788,,1,1,9,0700,0,3,5,,2,039,"VIEWPOINTE BLVD","SANDPOINT DR",0.00,,Y,A,-,N,,,,,,,,,,Y,4,0,1,2,D,-,00,,,N,D,C,A,A,H,-,A,A,0,,,,,Y,,-,"- ",0,0,1,0,0,0,0,0,0,"- ","- ",38.023479461669922,-122.257080078125,"CONTRA COSTA",UNINCORPORATED,-122.25708770751953,38.023471832275391
90991850,2019,2019-05-20,9320,2019-05-15,2350,020192,,3,3,9,0700,0,1,3,,2,403,"SR-4 W/B","WILLOW PASS ROAD",528.00,E,N,C,-,Y,,,4,,,,,,W,Y,4,0,1,1,A,-,08,22107,,N,E,I,A,B,H,-,D,D,0,,,,,Y,,A,07,0,0,1,0,0,0,0,0,0,"- ","- ",38.020790100097656,-121.95442199707031,"CONTRA COSTA",UNINCORPORATED,-121.95439910888672,38.0208740234375
90991860,2019,2019-05-20,9320,2019-05-15,0848,017906,,3,1,6,0704,0,1,1,,2,683,"I-680 S/B","WILLOW PASS RD U/C",528.00,S,N,B,-,Y,,,,,,,,,,N,4,0,2,3,A,-,03,22350,,N,C,C,A,B,H,-,A,D,0,,,,,Y,,A,01,0,0,2,0,0,0,0,0,0,"- ","- ",,,"CONTRA COSTA",CONCORD,-122.05532073974609,37.96478271484375
90991946,2019,2019-05-20,9320,2019-05-16,0740,020026,,4,1,3,0706,0,1,1,,2,180,"I-80 EASTBOUND","WILLOW AVE U/C",1056.00,W,N,C,-,Y,,,,,,,,,,N,4,0,1,1,A,-,08,22107,,N,E,I,A,B,H,-,A,D,0,,,,,Y,,A,01,0,0,1,0,0,0,0,0,0,"- ","- ",,,"CONTRA COSTA",HERCULES,-122.27261352539062,38.011440277099609
90992071,2019,2019-05-20,9320,2019-05-16,0610,016788,,4,1,9,0700,0,1,3,,2,401,"SR-4 E/B","ALHAMBRA AVE U/C",4224.00,W,N,B,C,Y,,,,,,,,,,Y,4,0,1,2,A,-,08,22107,,N,E,I,A,B,H,-,A,D,0,,,,,Y,,A,01,0,0,1,0,0,0,0,0,0,"- ","- ",,,"CONTRA COSTA",UNINCORPORATED,-122.14308929443359,37.992313385009766
90992270,2019,2019-07-09,9370,2019-05-10,1330,021962,,5,1,5,0710,0,1,1,,2,082,"I-80 W/B","CUTTING BLVD.",250.00,W,N,A,-,Y,,,80,,,,,,W,Y,4,0,1,2,A,-,03,22350,,N,B,C,A,A,H,-,A,D,0,,,,,Y,,A,01,0,0,1,0,0,0,0,0,0,"- ","- ",37.924739837646484,-122.32066345214844,"CONTRA COSTA",RICHMOND,-122.32062530517578,37.924762725830078
90992706,2019,2019-05-21,9320,2019-05-14,0029,020192,,2,3,5,0708,0,1,3,,2,404,"SR-4 E/B","LOVERIDGE ROAD",528.00,W,N,A,-,Y,,,4,,,,,,E,Y,4,0,1,2,A,-,07,21658,A,N,B,C,A,A,H,-,C,D,0,,,,,Y,,A,01,0,0,1,0,0,0,0,0,0,"- ","- ",38.014080047607422,-121.87879943847656,"CONTRA COSTA",PITTSBURG,-121.87876129150391,38.014312744140625
9099283,2020,2020-06-26,0711,2020-03-27,1234,1112,RICHH,5,5,4,0711,0,0,0,,0,002,"CHURCH LN","EL PORTAL DR",750.00,S,N,A,-,N,,,,,,,,,,Y,3,0,2,3,A,-,01,23152,,N,-,C,A,A,H,-,A,D,0,,,,,Y,Y,A,01,0,1,1,0,0,0,0,0,0,"- ","- ",,,"CONTRA COSTA","SAN PABLO",-122.33700561523438,37.96124267578125
9099291,2020,2021-01-20,0711,2020-05-06,1449,S1112,,3,5,4,0711,0,0,0,,0,,"BROADWAY AV","17TH ST",0.00,,Y,A,-,N,,,,,,,,,,Y,4,0,1,2,A,-,09,21802,A,N,B,C,A,A,H,-,A,D,0,,,,,Y,,D,22,0,0,1,0,0,0,0,0,0,"- ","- ",,,"CONTRA COSTA","SAN PABLO",-122.34764862060547,37.970939636230469
9099299,2020,2020-08-05,0711,2020-04-06,1230,1129,,1,5,4,0711,0,0,0,,0,001,"RUMRILL BL","BROADWAY AV",0.00,,Y,B,-,N,,,,,,,,,,Y,4,0,1,2,A,-,12,21453,A,N,D,C,A,A,H,-,A,A,0,,,,Y,Y,,F,26,0,0,1,0,0,0,0,0,0,"- ","- ",,,"CONTRA COSTA","SAN PABLO",-122.34532928466797,37.968578338623047
90992995,2019,2019-05-21,9320,2019-05-16,0740,016788,,4,1,3,0706,0,1,1,,2,180,"I-80 E/B","SR-4 U/C",1200.00,E,N,B,-,Y,,,,,,,,,,Y,4,0,2,3,A,-,03,22350,,N,C,C,A,B,H,-,A,D,0,,,,,Y,,A,01,0,0,2,0,0,0,0,0,0,"- ","- ",,,"CONTRA COSTA",HERCULES,-122.26911926269531,38.015079498291016
90993154,2019,2019-05-21,9320,2019-05-16,1622,022082,,4,2,3,0715,0,1,3,,2,241,"SR-24 E/B","FIRST ST.",681.00,E,N,C,-,Y,,,24,,,,,,E,Y,4,0,2,3,A,-,03,22350,,N,C,C,A,B,H,-,A,D,0,,,,,Y,,A,07,0,0,2,0,0,0,0,0,0,"- ","- ",37.894901275634766,-122.11419677734375,"CONTRA COSTA",LAFAYETTE,-122.11419677734375,37.894886016845703
90993211,2019,2019-05-21,9370,2019-05-17,1413,019160,,5,2,5,0710,0,1,1,,2,082,"I-80 E/B","CARLSON BOULEVARD",2000.00,W,N,A,-,Y,,,80,,,,,,E,Y,4,0,2,5,A,-,03,22350,,N,C,C,A,A,H,-,A,D,0,,,,,Y,,A,01,0,0,2,0,0,0,0,0,0,"- ","- ",37.905471801757812,-122.31379699707031,"CONTRA COSTA",RICHMOND,-122.31383514404297,37.905445098876953
9099323,2020,2020-08-05,0711,2020-04-04,1646,1053,BAY,6,5,4,0711,0,0,0,,0,002,"SAN PABLO DAM RD","AMADOR ST",0.00,,Y,B,C,N,,,,,,,,,,Y,4,0,1,2,A,-,12,21453,A,N,D,C,A,B,H,-,A,A,0,,,,,Y,,D,22,0,0,1,0,0,0,0,0,0,"- ","- ",,,"CONTRA COSTA","SAN PABLO",-122.32943725585938,37.956489562988281
90993591,2019,2019-05-23,9370,2019-05-13,0703,019695,,1,1,5,0710,0,1,1,,2,083,"I-80 W/B","EL PORTAL DRIVE",60.00,E,N,A,-,Y,,,80,,,,,,W,Y,2,0,1,3,A,-,07,21658,A,N,B,C,A,A,H,-,A,D,0,,,Y,,Y,,D,22,1,0,0,0,0,0,0,0,1,"- ","- ",37.966560363769531,-122.32232666015625,"CONTRA COSTA",RICHMOND,-122.322265625,37.966495513916016
90993674,2019,2019-05-22,9320,2019-05-13,1615,021423,,1,2,4,0714,0,1,1,,2,684,"I-680 N/B","TOLL PLAZA",1140.00,N,N,A,-,Y,,,680,,,,,,N,Y,3,0,1,2,A,-,07,21658,A,N,B,C,A,A,H,-,A,D,0,,,Y,,Y,,C,02,0,1,0,0,0,0,0,0,1,"- ","- ",38.029628753662109,-122.11662292480469,"CONTRA COSTA",MARTINEZ,-122.11654663085938,38.029655456542969
90993729,2019,2019-05-22,9320,2019-05-13,0805,018628,,1,1,9,0700,0,3,5,,2,075,"POINSETTIA AVENUE","PULLMAN AVE",0.00,,Y,A,-,N,,,,,,,,,,Y,4,0,2,2,A,-,09,21802,A,N,D,C,A,A,H,-,A,A,0,,,,,Y,,A,07,0,0,2,0,0,0,0,0,0,"- ","- ",38.029701232910156,-121.9385986328125,"CONTRA COSTA",UNINCORPORATED,-121.93859100341797,38.029701232910156
90993747,2019,2019-05-22,9320,2019-05-13,0855,018628,,1,1,9,0700,0,1,3,,2,403,"SR-4 W/B","WILLOW PASS ROAD",2640.00,E,N,A,-,Y,,,4,,,,,,W,Y,4,0,2,4,A,-,03,22350,,N,C,C,A,A,H,-,A,D,0,,,,,Y,,A,07,0,0,2,0,0,0,0,0,0,"- ","- ",38.022109985351562,-121.9605712890625,"CONTRA COSTA",UNINCORPORATED,-121.9605712890625,38.022098541259766
90993752,2019,2019-05-22,9320,2019-05-15,1750,021373,,3,2,5,0712,0,1,1,,2,682,"I-680 NB","NORTH MAIN STREET",5280.00,S,N,C,-,Y,,,680,,,,,,N,N,4,0,1,2,A,-,03,22350,,M,C,C,A,B,H,-,A,D,0,,,,,Y,,-,99,0,0,1,0,0,0,0,0,0,"- ","- ",37.901901245117188,-122.070068359375,"CONTRA COSTA","WALNUT CREEK",-122.07013702392578,37.901908874511719
90993795,2019,2019-05-22,9390,2019-05-13,1108,014771,,1,1,4,0791,0,1,1,,2,068,"I-680 (NB)","BOLLINGER CYN RD.",2112.00,S,N,A,-,Y,,,680,,,,,,,Y,4,0,1,2,A,-,03,22350,,N,C,C,A,A,H,-,A,D,0,,,,,Y,,A,01,0,0,1,0,0,0,0,0,0,"- ","- ",37.753360748291016,-121.96092224121094,"CONTRA COSTA","SAN RAMON",-121.96095275878906,37.753337860107422
90993890,2019,2019-05-22,9320,2019-05-18,0210,021472,,6,3,5,0701,0,1,3,,2,404,"SR-4 E/B","LONE TREE WAY",1848.00,W,N,B,-,Y,,,4,,,,,,E,Y,4,0,1,1,A,-,08,22107,,N,E,I,A,A,H,-,D,D,0,,,,,Y,,A,01,0,0,1,0,0,0,0,0,0,"- ","- ",37.998161315917969,-121.81246948242188,"CONTRA COSTA",ANTIOCH,-121.81246948242188,37.998092651367188
90994072,2019,2019-05-22,9320,2019-05-18,0855,021185,,6,1,3,0715,0,1,3,,2,241,"STATE ROUTE 24 EASTBOUND","PLEASANT HILL ROAD",1400.00,W,N,B,-,Y,,,24,,,,,,E,Y,3,0,3,2,A,-,03,22350,,N,C,C,A,A,H,-,A,D,0,,,,,Y,,A,01,0,3,0,0,0,0,0,0,0,"- ","- ",37.897010803222656,-122.10115051269531,"CONTRA COSTA",LAFAYETTE,-122.10115814208984,37.897045135498047
90994098,2019,2019-05-22,9390,2019-05-15,1320,022273,,3,1,9,0700,0,2,4,,2,112,"CAMINO TASSAJARA","HIGHLAND ROAD",0.00,,Y,B,-,N,,,,,,,,,,N,3,0,1,1,C,-,18,,,N,F,A,A,B,H,-,A,A,0,,Y,,,Y,,-,"- ",0,1,0,0,0,0,1,0,0,"- ","- ",37.775840759277344,-121.86164855957031,"CONTRA COSTA",UNINCORPORATED,-121.86173248291016,37.775848388671875
90994307,2019,2019-05-22,9320,2019-05-14,0730,016563,,2,1,9,0700,0,1,1,,2,681,"I-680 N/B","STONE VALLEY ROAD",1584.00,S,N,B,-,Y,,,680,,,,,,N,Y,4,0,1,4,A,-,03,22350,,M,C,C,A,A,H,-,A,D,0,,,,,Y,,A,07,0,0,1,0,0,0,0,0,0,"- ","- ",37.846851348876953,-122.02680969238281,"CONTRA COSTA",UNINCORPORATED,-122.02677154541016,37.846893310546875
90994655,2019,2019-05-23,9320,2019-05-14,1720,021526,,2,2,9,0700,0,3,5,,2,092,"5100 BLOCK CLIFTON COURT ROAD","BYRON HIGHWAY",2640.00,E,N,B,-,N,,,,,,,,,,Y,3,0,1,1,A,-,01,23152,A,N,E,I,A,A,H,-,A,D,0,,,,,Y,Y,A,01,0,1,0,0,0,0,0,0,0,"- ","- ",37.837879180908203,-121.60294342041016,"CONTRA COSTA",UNINCORPORATED,-121.59454345703125,37.830539703369141
90994779,2019,2019-05-23,9320,2019-05-18,2345,021460,,6,3,9,0700,0,1,3,,2,402,"SR-4 E/B","WILLOW PASS RD",2835.00,W,N,C,-,Y,,,4,,,,,,E,N,4,0,1,2,A,-,03,22350,,N,C,C,A,B,H,-,C,D,0,,,,,Y,,A,01,0,0,1,0,0,0,0,0,0,"- ","- ",38.012580871582031,-122.00328063964844,"CONTRA COSTA",UNINCORPORATED,-122.00327301025391,38.012546539306641
90994790,2019,2019-05-23,9320,2019-05-18,1345,021499,,6,1,9,0700,0,1,3,,2,241,"SR-24 W/B FROM PLEASANT HILL RD","PLEASANT HILL RD",750.00,W,N,B,C,Y,,,,,,,,,,Y,4,0,1,1,A,-,08,22107,,N,E,I,A,B,H,-,A,D,0,,,,,Y,,A,07,0,0,1,0,0,0,0,0,0,"- ","- ",37.89794921875,-122.09880065917969,"CONTRA COSTA",UNINCORPORATED,-122.09854888916016,37.897773742675781
90994828,2019,2019-05-23,9320,2019-05-18,0823,020984,,6,1,4,0714,0,1,1,,2,684,"I-680 N/B","MARINA VISTA AVE",50.00,N,N,B,-,Y,,,680,,,,,,N,Y,4,0,1,2,A,-,03,22350,,N,C,C,A,A,H,-,A,D,0,,,,,Y,,D,22,0,0,1,0,0,0,0,0,0,"- ","- ",38.025600433349609,-122.11180114746094,"CONTRA COSTA",MARTINEZ,-122.11181640625,38.025562286376953
90994843,2019,2019-05-23,9320,2019-05-18,1740,021373,,6,2,9,0700,0,1,3,,2,240,"SR-24 EB","WILDER ROAD",1000.00,E,N,C,-,Y,,,24,,,,,,E,Y,3,0,1,2,A,-,07,21658,A,N,B,C,A,B,H,-,A,D,0,,,,,Y,,A,01,0,1,0,0,0,0,0,0,0,"- ","- ",37.868141174316406,-122.19512939453125,"CONTRA COSTA",UNINCORPORATED,-122.19521331787109,37.868278503417969
90994851,2019,2019-05-23,9320,2019-05-09,0805,016094,,4,1,9,0700,0,3,5,,2,092,"BALBOA WAY","COVE LN",0.00,,Y,A,-,N,,,,,,,,,,N,3,0,1,2,A,-,12,22450,A,N,D,G,A,A,H,-,A,A,0,,Y,,,Y,,L,04,0,1,0,0,0,0,1,0,0,"- ","- ",37.891498565673828,-121.61060333251953,"CONTRA COSTA",UNINCORPORATED,-121.61049652099609,37.891071319580078
90995014,2019,2019-05-23,9320,2019-05-18,2335,021590,,6,3,3,0792,0,1,3,,2,240,"SR-24 W/B","ST. STEPHENS DRIVE",300.00,E,N,B,-,Y,,,24,,,,,,W,Y,4,0,2,1,A,-,08,22107,,N,F,A,A,B,H,-,C,D,0,,,,,Y,,A,07,0,0,2,0,0,0,0,0,0,"- ","- ",37.892398834228516,-122.16899871826172,"CONTRA COSTA",ORINDA,-122.16900634765625,37.892440795898438
90995306,2019,2019-05-24,9320,2019-05-15,0740,016563,,3,1,3,0792,0,1,3,,2,240,"SR-24 E/B","WILDER RD",30.00,E,N,C,-,Y,,,24,,,,,,E,Y,4,0,1,1,A,-,03,22350,,N,E,I,A,B,H,-,A,D,0,,,,,Y,,A,01,0,0,1,0,0,0,0,0,0,"- ","- ",37.867439270019531,-122.19760131835938,"CONTRA COSTA",ORINDA,-122.19758605957031,37.867351531982422
90995544,2019,2019-05-24,9320,2019-05-16,1714,021526,,4,2,4,0714,0,1,1,,2,683,"I-680 N/B","MARINA VISTA AVENUE",1900.00,S,N,B,C,Y,,,,,,,,,,Y,4,0,1,4,A,-,03,22350,,N,C,C,A,B,H,-,A,D,0,,,,,Y,,A,07,0,0,1,0,0,0,0,0,0,"- ","- ",38.022861480712891,-122.10563659667969,"CONTRA COSTA",MARTINEZ,,
90995643,2019,2019-05-24,9320,2019-05-19,0150,021164,,7,3,5,0712,0,1,1,,2,682,"I-680 N/B","TREAT BOULEVARD",1550.00,S,N,B,C,Y,,,680,,,,,,N,N,3,0,1,2,A,-,07,21658,A,F,B,C,A,B,H,-,C,D,0,,,,,Y,,-,99,0,1,0,0,0,0,0,0,0,"- ","- ",37.922069549560547,-122.06134033203125,"CONTRA COSTA","WALNUT CREEK",-122.06145477294922,37.922111511230469
90995709,2019,2019-05-24,9320,2019-05-15,1000,016563,,3,1,9,0700,0,2,4,,2,012,"SAN PABLO DAM ROAD","GREENRIDGE DR",150.00,E,N,C,-,N,,,,,,,,,,Y,4,0,1,1,A,-,08,22107,,N,E,I,A,B,H,-,A,D,0,,,,,Y,,A,01,0,0,1,0,0,0,0,0,0,"- ","- ",37.963829040527344,-122.29547882080078,"CONTRA COSTA",UNINCORPORATED,-122.29554748535156,37.963733673095703
90996129,2019,2019-05-27,9370,2019-05-24,1430,021573,,5,2,5,0710,0,1,1,,2,083,"I-80 E/B","HILLTOP DR",1370.00,W,N,A,-,Y,,,,,,,,,,N,4,0,1,2,A,-,03,22350,,N,C,C,A,A,H,-,A,D,0,,,,,Y,,A,07,0,0,1,0,0,0,0,0,0,"- ","- ",37.582080841064453,-122.19109344482422,"CONTRA COSTA",RICHMOND,-122.319580078125,37.972545623779297
90996148,2019,2019-05-27,9370,2019-05-20,1630,020815,,1,2,5,0710,0,1,1,,2,082,"I-80 E/B","CUTTING BOULEVARD",500.00,W,N,B,-,Y,,,80,,,,,,E,N,3,0,1,3,A,-,03,22350,,N,C,C,A,A,H,-,A,D,0,,,,,Y,,A,08,0,1,0,0,0,0,0,0,0,"- ","- ",37.924198150634766,-122.31981658935547,"CONTRA COSTA",RICHMOND,-122.31982421875,37.9241943359375
90996252,2019,2019-05-27,9370,2019-05-19,0630,021747,,7,1,4,0711,0,1,1,,2,082,"I-80 E/B","EL PORTAL DR.",600.00,W,N,B,C,Y,,,80,,,,,,E,Y,4,0,1,2,A,-,03,22350,,N,B,I,A,B,H,-,B,D,0,,,,,Y,,A,07,0,0,1,0,0,0,0,0,0,"- ","- ",37.963630676269531,-122.32695007324219,"CONTRA COSTA","SAN PABLO",-122.32695770263672,37.963642120361328
90996479,2019,2019-05-27,9370,2019-05-15,2000,020356,,3,2,9,0700,0,3,5,,2,010,"RICHMOND PARKWAY S/B","PITTSBURG AVENUE",110.00,S,N,C,-,N,,,,,,,,,,Y,2,0,2,2,A,-,03,22350,,N,E,I,A,B,H,-,B,D,0,,,,,Y,Y,A,01,1,1,0,0,0,0,0,0,0,"- ","- ",37.962299346923828,-122.37362670898438,"CONTRA COSTA",UNINCORPORATED,-122.37375640869141,37.962867736816406
90996657,2019,2019-05-28,9320,2019-05-17,0902,021203,,5,1,6,0704,0,1,3,,2,402,"SR-4 EASTBOUND","PORT CHICAGO HIGHWAY",2300.00,W,N,B,-,Y,,,4,,,,,,E,Y,3,0,1,3,A,-,07,21658,A,N,B,C,A,A,H,-,A,D,0,,,,,Y,,-,99,0,1,0,0,0,0,0,0,0,"- ","- ",38.007999420166016,-122.03074645996094,"CONTRA COSTA",CONCORD,-122.03079223632812,38.008140563964844
90996689,2019,2019-05-28,9320,2019-05-17,2041,022082,,5,2,4,0709,0,2,S,,2,901,"CONTRA COSTA BLVD.","CRESCENT RD.",0.00,,Y,A,-,N,,,,,,,,,,Y,4,0,4,2,A,-,12,21453,A,N,D,C,A,A,H,-,C,A,0,,,,,Y,,-,98,0,0,4,0,0,0,0,0,0,"- ","- ",37.946701049804688,-122.060302734375,"CONTRA COSTA","PLEASANT HILL",-122.06047058105469,37.945339202880859
90996801,2019,2019-06-07,9370,2019-05-01,0925,021457,,3,1,9,0700,0,3,5,,2,012,"TARA HILLS DRIVE W/B (2800 BLOCK)","CORNELIUS COURT",70.00,E,N,A,-,N,,,,,,,,,,Y,2,0,3,3,A,-,09,21802,A,F,A,C,A,A,H,-,A,A,0,,,,,Y,,-,99,1,2,0,0,0,0,0,0,0,"- ","- ",37.998008728027344,-122.31217193603516,"CONTRA COSTA",UNINCORPORATED,-122.31216430664062,37.997905731201172
90996959,2019,2019-05-28,9320,2019-05-19,1025,021514,,7,1,9,0700,0,1,1,,2,684,"NB I-680","TOLL PLAZA",500.00,N,N,B,C,Y,,,,,,,,,,Y,4,0,1,1,A,-,03,22350,,N,E,I,A,B,H,-,A,D,0,,,,,Y,,D,22,0,0,1,0,0,0,0,0,0,"- ","- ",38.028499603271484,-122.11620330810547,"CONTRA COSTA",UNINCORPORATED,,