CASE_ID,ACCIDENT_YEAR,PROC_DATE,JURIS,COLLISION_DATE,COLLISION_TIME,OFFICER_ID,REPORTING_DISTRICT,DAY_OF_WEEK,CHP_SHIFT,POPULATION,CNTY_CITY_LOC,SPECIAL_COND,BEAT_TYPE,CHP_BEAT_TYPE,CITY_DIVISION_LAPD,CHP_BEAT_CLASS,BEAT_NUMBER,PRIMARY_RD,SECONDARY_RD,DISTANCE,DIRECTION,INTERSECTION,WEATHER_1,WEATHER_2,STATE_HWY_IND,CALTRANS_COUNTY,CALTRANS_DISTRICT,STATE_ROUTE,ROUTE_SUFFIX,POSTMILE_PREFIX,POSTMILE,LOCATION_TYPE,RAMP_INTERSECTION,SIDE_OF_HWY,TOW_AWAY,COLLISION_SEVERITY,NUMBER_KILLED,NUMBER_INJURED,PARTY_COUNT,PRIMARY_COLL_FACTOR,PCF_CODE_OF_VIOL,PCF_VIOL_CATEGORY,PCF_VIOLATION,PCF_VIOL_SUBSECTION,HIT_AND_RUN,TYPE_OF_COLLISION,MVIW,PED_ACTION,ROAD_SURFACE,ROAD_COND_1,ROAD_COND_2,LIGHTING,CONTROL_DEVICE,CHP_ROAD_TYPE,PEDESTRIAN_ACCIDENT,BICYCLE_ACCIDENT,MOTORCYCLE_ACCIDENT,TRUCK_ACCIDENT,NOT_PRIVATE_PROPERTY,ALCOHOL_INVOLVED,STWD_VEHTYPE_AT_FAULT,CHP_VEHTYPE_AT_FAULT,COUNT_SEVERE_INJ,COUNT_VISIBLE_INJ,COUNT_COMPLAINT_PAIN,COUNT_PED_KILLED,COUNT_PED_INJURED,COUNT_BICYCLIST_KILLED,COUNT_BICYCLIST_INJURED,COUNT_MC_KILLED,COUNT_MC_INJURED,PRIMARY_RAMP,SECONDARY_RAMP,LATITUDE,LONGITUDE,COUNTY,CITY,POINT_X,POINT_Y
91008611,2019,2019-06-12,9370,2019-06-05,2205,021674,,3,3,3,0705,0,1,1,,2,082,"I-80 E/B","POTRERO AVENUE",720.00,W,N,A,-,Y,,,,,,,,,,Y,4,0,1,3,A,-,03,22350,,M,C,C,A,A,H,-,D,D,0,,,,,Y,,A,01,0,0,1,0,0,0,0,0,0,"- ","- ",37.557949066162109,-122.19271850585938,"CONTRA COSTA","EL CERRITO",-122.31878662109375,37.922649383544922
91009061,2019,2019-06-13,9320,2019-06-08,2250,021609,,6,3,6,0704,0,1,3,,2,402,"SR-4 W/B","WILLOW PASS",528.00,W,N,A,-,Y,,,4,,,,,,W,Y,4,0,2,2,A,-,08,22107,,N,C,C,A,A,H,-,C,D,0,,,,,Y,,A,01,0,0,2,0,0,0,0,0,0,"- ","- ",38.013660430908203,-121.99839782714844,"CONTRA COSTA",CONCORD,-121.9984130859375,38.013710021972656
91009064,2019,2019-06-13,9320,2019-06-10,0800,019283,,1,1,6,0704,0,1,3,,2,402,"SR 4 W/B","SR 242 S/B",3097.00,W,N,A,-,Y,,,4,,,,,,W,Y,3,0,3,2,A,-,03,22350,,N,C,C,A,A,H,-,A,D,0,,,,,Y,,A,08,0,1,2,0,0,0,0,0,0,"- ","- ",38.007598876953125,-122.03325653076172,"CONTRA COSTA",CONCORD,-122.03325653076172,38.007587432861328
91009076,2019,2019-06-13,9320,2019-06-11,0855,019283,,2,1,6,0704,0,1,3,,2,402,"SR 4 W/B","PORT CHICAGO HWY U/C",8976.00,E,N,A,-,Y,,,4,,,,,,W,Y,4,0,1,3,A,-,03,22350,,N,C,C,A,A,H,-,A,D,0,,,,,Y,,A,01,0,0,1,0,0,0,0,0,0,"- ","- ",38.012920379638672,-122.00341033935547,"CONTRA COSTA",CONCORD,-122.00340270996094,38.012870788574219
91009094,2019,2019-06-13,9320,2019-06-11,0755,016094,,2,1,9,0700,0,1,3,,2,160,"SR-160 (S/B)","WILBUR AVE.",85.00,S,N,A,-,Y,,,,,,,,,,Y,3,0,3,2,A,-,03,22350,,N,C,C,A,A,H,-,A,D,0,,,,Y,Y,,D,22,0,3,0,0,0,0,0,0,0,"- ","- ",,,"CONTRA COSTA",UNINCORPORATED,-121.75228881835938,38.012039184570312
91009139,2019,2019-08-21,9320,2019-06-05,0833,017271,,3,1,9,0700,0,1,1,,2,681,"I-680 S/B","STONE VALLEY RD U/C",300.00,N,N,A,-,Y,,,680,,,,,,S,Y,4,0,1,4,A,-,03,22350,,N,C,C,A,A,H,-,A,D,0,,,,,Y,,A,07,0,0,1,0,0,0,0,0,0,"- ","- ",37.854179382324219,-122.02935791015625,"CONTRA COSTA",UNINCORPORATED,-122.02932739257812,37.85418701171875
91009145,2019,2019-06-13,9320,2019-06-11,1255,019283,,2,1,6,0704,0,1,3,,2,402,"SR 4 W/B","PORT CHICAGO HWY U/C",3677.00,E,N,A,-,Y,,,4,,,,,,W,Y,3,0,1,1,A,-,08,22107,,N,E,I,A,A,H,-,A,D,0,,,,,Y,,A,01,0,1,0,0,0,0,0,0,0,"- ","- ",38.011951446533203,-122.0101318359375,"CONTRA COSTA",CONCORD,-122.01011657714844,38.011859893798828
91009207,2019,2019-06-13,9350,2019-06-12,0854,016034,,3,1,9,0700,0,1,1,,2,115,"I-580 W/B","RICHMOND-SAN RAFAEL BRIDGE TOLL PLAZA",13200.00,W,N,A,-,Y,,,,,,,,,,N,4,0,1,2,A,-,03,22350,,N,C,C,A,A,H,-,A,D,0,,,,,Y,,A,07,0,0,1,0,0,0,0,0,0,"- ","- ",37.934421539306641,-122.43390655517578,"CONTRA COSTA",UNINCORPORATED,,
91009687,2019,2019-06-13,9320,2019-06-12,0745,020984,,3,1,6,0704,0,1,1,,2,683,"I-680 S/B","WILLOW PASS RD",250.00,N,N,A,-,Y,,,680,,,,,,S,Y,4,0,2,3,A,-,03,22350,,N,C,C,A,A,H,-,A,D,0,,,,,Y,,E,22,0,0,2,0,0,0,0,0,0,"- ","- ",37.966800689697266,-122.05690002441406,"CONTRA COSTA",CONCORD,-122.05683135986328,37.966869354248047
91009873,2019,2019-06-13,9320,2019-06-04,1630,021526,,2,2,6,0704,0,1,1,,2,683,"I-680 S/B","CONCORD AVENUE",1635.00,N,N,A,-,Y,,,,,,,,,,Y,3,0,1,2,A,-,03,22350,,N,C,C,A,A,H,-,A,D,0,,,,,Y,,A,01,0,1,0,0,0,0,0,0,0,"- ","- ",37.980419158935547,-122.06571960449219,"CONTRA COSTA",CONCORD,-122.06565856933594,37.980442047119141
91010126,2019,2019-06-14,9320,2019-06-08,2330,021164,,6,3,6,0704,0,1,3,,2,402,"SR-4 W/B TO PORT CHICAGO HWY","PORT CHICAGO HIGHWAY",650.00,E,N,A,-,Y,,,4,,,,R,,W,Y,3,0,1,2,A,-,08,22107,,F,B,C,A,A,H,-,C,D,0,,,,,Y,Y,-,99,0,1,0,0,0,0,0,0,0,"- ","- ",38.010429382324219,-122.02037811279297,"CONTRA COSTA",CONCORD,-122.02037811279297,38.010429382324219
91010192,2019,2019-06-14,9320,2019-06-09,2236,021440,,7,3,9,0700,0,1,3,,2,403,"EVORA RD","WILLOW PASS RD",900.00,E,N,A,-,N,,,,,,,,,,Y,4,0,2,4,A,-,01,23152,A,N,C,C,A,A,H,-,D,A,0,,,,,Y,Y,D,22,0,0,2,0,0,0,0,0,0,"- ","- ",38.0159912109375,-121.99594879150391,"CONTRA COSTA",UNINCORPORATED,-121.99611663818359,38.015937805175781
91010223,2019,2019-06-14,9320,2019-06-13,0815,016788,,4,1,3,0707,0,1,1,,2,180,"I-80 W/B","APPIAN WAY O/C",528.00,E,N,A,-,Y,,,,,,,,,,Y,4,0,1,2,A,-,08,22107,,N,B,E,A,A,H,-,A,D,0,,,,Y,Y,,D,22,0,0,1,0,0,0,0,0,0,"- ","- ",,,"CONTRA COSTA",PINOLE,-122.30168914794922,37.993488311767578
91010266,2019,2019-06-14,9320,2019-06-13,0506,021472,,4,3,9,0700,0,2,4,,2,091,"W/B SR-4","REGATTA DR.",230.00,E,N,A,-,Y,,,4,,,,,,,Y,3,0,1,1,C,-,18,,,N,E,I,A,A,H,-,A,D,0,,,,,Y,,-,"- ",0,1,0,0,0,0,0,0,0,"- ","- ",37.889369964599609,-121.62851715087891,"CONTRA COSTA",UNINCORPORATED,-121.62851715087891,37.889293670654297
91010608,2019,2019-06-14,9320,2019-06-07,1245,021185,,5,1,5,0712,0,1,1,,2,681,"INTERSTATE 680 NORTHBOUND","LIVORNA ROAD",1000.00,S,N,A,-,Y,,,,,,,,,,Y,3,0,1,4,A,-,03,22350,,N,C,C,A,A,H,-,A,D,0,,,,,Y,,A,01,0,1,0,0,0,0,0,0,0,"- ","- ",33.860710144042969,-122.03276062011719,"CONTRA COSTA","WALNUT CREEK",-122.03308868408203,37.861301422119141
91010619,2019,2019-06-14,9320,2019-06-09,1500,022013,,7,2,5,0708,0,1,3,,2,403,"SR-4 W/B","RAILROAD AVE",6389.00,W,N,A,-,Y,,,4,,,,,,W,Y,4,0,5,2,A,-,03,22350,,N,C,C,A,A,H,-,A,D,0,,,,,Y,,A,01,0,0,5,0,0,0,0,0,0,"- ","- ",38.020248413085938,-121.9111328125,"CONTRA COSTA",PITTSBURG,-121.9111328125,38.020118713378906
91010917,2019,2019-06-17,9370,2019-06-14,1742,021962,,5,2,5,0710,0,1,1,,2,083,"I-80 E/B","RICHMOND PARKWAY",1430.00,W,N,A,-,Y,,,80,,,,,,E,Y,3,0,2,3,A,-,03,22350,,N,C,C,A,A,H,-,A,D,0,,,,,Y,,A,01,0,1,1,0,0,0,0,0,0,"- ","- ",37.98297119140625,-122.31610870361328,"CONTRA COSTA",RICHMOND,-122.31607055664062,37.982955932617188
91010945,2019,2019-06-17,9390,2019-06-06,1515,017966,,4,2,4,0791,0,1,1,,2,068,"I-680 SOUTHBOUND","BOLLINGER CANYON ROAD",528.00,S,N,A,-,Y,,,680,,,,,,S,Y,4,0,1,3,A,-,03,22350,,N,B,C,A,A,H,-,A,D,0,,,,Y,Y,,A,01,0,0,1,0,0,0,0,0,0,"- ","- ",37.755588531494141,-121.962646484375,"CONTRA COSTA","SAN RAMON",-121.96267700195312,37.755573272705078
91011928,2019,2019-06-18,9320,2019-06-12,0930,016788,,3,1,3,0706,0,1,1,,2,180,"I-80 E/B TO SR-4 E/B","I-80 E/B",150.00,E,N,A,-,Y,,,80,,,,R,,E,Y,4,0,1,2,A,-,03,22350,,N,C,C,A,A,H,-,A,D,0,,,,,Y,,A,08,0,0,1,0,0,0,0,0,0,"- ","- ",38.012691497802734,-122.27127075195312,"CONTRA COSTA",HERCULES,-122.27127075195312,38.012691497802734
91011929,2019,2019-06-18,9320,2019-06-10,1300,021203,,1,1,9,0700,0,2,4,,2,026,"TAYLOR BOULEVARD","GREEN HILLS DRIVE",1056.00,S,N,A,-,N,,,,,,,,,,Y,2,0,1,1,C,-,18,,,N,E,J,A,A,H,-,A,D,0,,,Y,,Y,,-,"- ",1,0,0,0,0,0,0,0,1,"- ","- ",37.926399230957031,-122.09606170654297,"CONTRA COSTA",UNINCORPORATED,-122.09609985351562,37.926708221435547
91011949,2019,2019-06-18,9320,2019-06-11,1545,021423,,2,2,6,0704,0,1,3,,2,402,"SR-4 E/B","SOLANO WAY",1000.00,W,N,A,-,Y,,,4,,,,,,E,N,4,0,1,2,A,-,03,22350,,N,C,C,A,A,H,-,A,D,0,,,Y,,Y,,A,01,0,0,1,0,0,0,0,0,1,"- ","- ",37.999820709228516,-122.05690765380859,"CONTRA COSTA",CONCORD,-122.05693054199219,37.999889373779297
91012144,2019,2019-06-18,9320,2019-06-12,1630,021499,,3,2,9,0700,0,1,1,,2,683,"I-680 N/B","CENTER AVE",150.00,N,N,A,-,Y,,,680,,,,,,N,Y,4,0,2,4,A,-,03,22350,,N,C,C,A,A,H,-,A,D,0,,,,,Y,,A,01,0,0,2,0,0,0,0,0,0,"- ","- ",37.983951568603516,-122.06620788574219,"CONTRA COSTA",UNINCORPORATED,-122.06621551513672,37.98394775390625
91012250,2019,2019-06-18,9320,2019-06-13,1610,020026,,4,2,9,0700,0,1,3,,2,403,"SR-4 EASTBOUND","SAN MARCO BLVD",2112.00,E,N,A,-,Y,,,,,,,,,,N,4,0,4,2,A,-,03,22350,,N,C,C,A,A,H,-,A,D,0,,,,,Y,,A,01,0,0,4,0,0,0,0,0,0,"- ","- ",,,"CONTRA COSTA",UNINCORPORATED,-121.96572113037109,38.022769927978516
91012300,2019,2019-06-18,9320,2019-06-14,1340,018525,,5,1,9,0700,0,1,3,,2,402,"SR-4 E/B","SOLANO WAY",2640.00,W,N,A,-,Y,,,,,,,,,,Y,4,0,1,2,A,-,07,21658,A,N,B,C,A,A,H,-,A,D,0,,,,Y,Y,,G,25,0,0,1,0,0,0,0,0,0,"- ","- ",,,"CONTRA COSTA",UNINCORPORATED,-122.06130981445312,37.997783660888672
91012345,2019,2019-06-18,9320,2019-06-14,2240,021460,,5,3,9,0700,0,1,3,,2,242,"CONCORD AVE TO SR-242 N/B","CONCORD AVE",140.00,S,N,A,-,Y,,,,,,,,,,Y,4,0,1,1,A,-,08,22107,,N,E,I,A,A,H,-,D,D,0,,,,,Y,,A,01,0,0,1,0,0,0,0,0,0,"- ","- ",37.978530883789062,-122.04326629638672,"CONTRA COSTA",UNINCORPORATED,,
91012377,2019,2019-06-18,9320,2019-06-15,0915,021203,,6,1,6,0704,0,1,3,,2,242,"SR-242 SOUTHBOUND","WILLOW PASS ROAD",20.00,N,N,A,-,Y,,,242,,,,,,S,Y,2,0,1,2,A,-,03,22350,,N,C,C,A,A,H,-,A,D,0,,,Y,,Y,,C,02,1,0,0,0,0,0,0,0,1,"- ","- ",37.971530914306641,-122.04724884033203,"CONTRA COSTA",CONCORD,-122.04737091064453,37.971591949462891
91012421,2019,2019-06-18,9350,2019-06-13,1048,016034,,4,1,9,0700,0,1,1,,2,115,"I-580 W/B","RICHMOND-SAN RAFAEL BRIDGE TOLL PLAZA",5280.00,W,N,A,-,Y,,,,,,,,,,Y,4,0,1,3,A,-,03,22350,,N,C,C,A,A,H,-,A,D,0,,,,,Y,,A,01,0,0,1,0,0,0,0,0,0,"- ","- ",37.933731079101562,-122.42327117919922,"CONTRA COSTA",UNINCORPORATED,,
91012425,2019,2019-06-18,9320,2019-06-16,1120,021433,,7,1,9,0700,0,1,3,,2,403,"SR-4 E/B","BAILEY RD U/C",6600.00,E,N,A,-,Y,,,,,,,,,,Y,4,0,1,3,A,-,08,22107,,N,B,C,A,A,H,-,A,D,0,,,,,Y,,A,01,0,0,1,0,0,0,0,0,0,"- ","- ",,,"CONTRA COSTA",UNINCORPORATED,-121.91912078857422,38.019950866699219
91012496,2019,2019-06-18,9320,2019-06-10,2229,022082,,1,3,4,0714,0,1,3,,2,402,"SR-4 E/B","PACHECO BLVD.",894.00,W,N,A,-,Y,,,4,,,,,,E,Y,3,0,1,4,A,-,08,22107,,N,E,I,A,A,H,-,C,A,0,,,,,Y,,A,07,0,1,0,0,0,0,0,0,0,"- ","- ",37.992099761962891,-122.07689666748047,"CONTRA COSTA",MARTINEZ,-122.076904296875,37.992103576660156
91012510,2019,2019-06-18,9320,2019-06-11,0716,014859,,2,1,9,0700,0,2,4,,2,097,"VASCO RD","CAMINO DIABLO RD",1056.00,N,N,A,-,N,,,,,,,,,,N,4,0,1,2,A,-,03,22350,,N,C,C,A,A,H,-,A,D,0,,,,,Y,,D,22,0,0,1,0,0,0,0,0,0,"- ","- ",37.871101379394531,-121.67759704589844,"CONTRA COSTA",UNINCORPORATED,-121.67037963867188,37.867130279541016
91012931,2019,2019-06-19,9320,2019-06-13,1615,018371,,4,2,3,0706,0,1,1,,2,180,"INTERSTATE 80 EASTBOUND","WILLOW AVE UNDERCROSSING",1500.00,E,N,A,-,Y,,,,,,,,,,Y,3,0,1,2,A,-,03,22350,,N,C,C,A,A,H,-,A,D,0,,,,,Y,,A,01,0,1,0,0,0,0,0,0,0,"- ","- ",,,"CONTRA COSTA",HERCULES,,
91013036,2019,2019-07-25,9320,2019-06-16,0423,021440,,7,3,5,0708,0,1,3,,2,403,"SR-4 E/B","SAN MARCO BLVD",3379.00,E,N,A,-,Y,,,4,,,,,,E,Y,2,0,2,2,A,-,03,22350,,F,C,C,A,A,H,-,D,A,0,,,,,Y,,-,99,1,1,0,0,0,0,0,0,0,"- ","- ",38.020549774169922,-121.95436096191406,"CONTRA COSTA",PITTSBURG,-121.95433044433594,38.020645141601562
91013109,2019,2019-06-19,9320,2019-06-09,2214,021460,,7,3,9,0700,0,3,5,,2,075,"EVORA RD","WILLOW PASS RD",1210.00,E,N,A,-,N,,,,,,,,,,Y,2,0,2,2,A,-,08,22107,,N,A,C,A,A,H,-,C,D,0,,,,,Y,Y,A,01,1,0,1,0,0,0,0,0,0,"- ","- ",38.015861511230469,-121.99601745605469,"CONTRA COSTA",UNINCORPORATED,-121.9951171875,38.016250610351562
91013112,2019,2019-06-19,9320,2019-06-16,2330,021590,,7,3,5,0701,0,1,3,,2,404,"SR-4 E/B","L STREET",500.00,W,N,A,-,Y,,,4,,,,,,E,Y,3,0,2,2,A,-,08,22107,,N,B,C,A,A,H,-,C,D,0,,,,,Y,,A,01,0,1,1,0,0,0,0,0,0,"- ","- ",38.000099182128906,-121.82479858398438,"CONTRA COSTA",ANTIOCH,-121.82472991943359,38.000316619873047
91013181,2019,2019-06-19,9320,2019-06-17,2130,017211,,1,2,9,0700,0,2,4,,2,012,"SAN PABLO DAM ROAD (3800 BLOCK)","HILLCREST ROAD",500.00,E,N,A,-,N,,,,,,,,,,Y,4,0,2,3,A,-,03,22350,,M,C,C,A,A,H,-,C,D,0,,,,,Y,,-,99,0,0,2,0,0,0,0,0,0,"- ","- ",37.965221405029297,-122.31307220458984,"CONTRA COSTA",UNINCORPORATED,-122.31310272216797,37.965206146240234
91013194,2019,2019-06-19,9320,2019-06-17,1315,019283,,1,1,6,0704,0,1,3,,2,242,"SR 242 SB","WILLOW PASS RD.",227.00,S,N,A,-,Y,,,242,,,,,,S,Y,2,0,1,1,A,-,08,22107,,N,E,I,A,A,H,-,A,D,0,,,,,Y,,A,01,1,0,0,0,0,0,0,0,0,"- ","- ",37.970481872558594,-122.04811096191406,"CONTRA COSTA",CONCORD,-122.04783630371094,37.97039794921875
91013260,2019,2019-06-19,9320,2019-06-18,0650,016503,,2,1,5,0708,0,1,3,,2,403,"SR-4 W/B","BAILEY RD. U/C",100.00,E,N,A,-,Y,,,4,,,,,,W,N,3,0,1,3,A,-,07,21658,A,M,B,C,A,A,H,-,A,D,0,,,Y,,Y,,A,01,0,1,0,0,0,0,0,0,1,"- ","- ",38.019069671630859,-121.94133758544922,"CONTRA COSTA",PITTSBURG,-121.94133758544922,38.01910400390625
91013288,2019,2019-06-19,9320,2019-06-18,1300,016503,,2,1,9,0700,0,1,3,,2,403,"SR-4 E/B","BAILEY RD. U/C",1320.00,W,N,A,-,Y,,,4,,,,,,E,Y,3,0,1,1,C,-,18,,,N,E,J,A,A,H,-,A,D,0,,,Y,,Y,,-,"- ",0,1,0,0,0,0,0,0,1,"- ","- ",38.018741607666016,-121.94660186767578,"CONTRA COSTA",UNINCORPORATED,-121.94659423828125,38.018787384033203
91013295,2019,2019-06-19,9320,2019-06-18,0920,016563,,2,1,3,0792,0,1,3,,2,240,"SR-24 W/B","WILDER ROAD",500.00,W,N,A,-,Y,,,24,,,,,,W,Y,4,0,2,3,A,-,03,22350,,N,C,C,A,A,H,-,A,D,0,,,,,Y,,A,08,0,0,2,0,0,0,0,0,0,"- ","- ",37.867469787597656,-122.19998168945312,"CONTRA COSTA",ORINDA,-122.19998168945312,37.867431640625
91013298,2019,2019-06-19,9320,2019-06-18,0610,016788,,2,1,9,0700,0,1,1,,2,180,"I-80 W/B","WILLOW AVE U/C",250.00,E,N,B,-,Y,,,,,,,,,,Y,4,0,2,2,A,-,03,22350,,N,C,C,A,A,H,-,A,D,0,,,,,Y,,A,01,0,0,2,0,0,0,0,0,0,"- ","- ",,,"CONTRA COSTA",UNINCORPORATED,-122.27157592773438,38.012813568115234
91013585,2019,2019-06-19,9320,2019-06-13,1725,019914,,4,2,3,0715,0,1,3,,2,241,"SR-24 EB","OAK HILL ROAD U/C",5280.00,E,N,A,-,Y,,,24,,,,,,E,Y,4,0,1,2,A,-,03,22350,,N,C,C,A,A,H,-,A,D,0,,,,,Y,,A,01,0,0,1,0,0,0,0,0,0,"- ","- ",37.890998840332031,-122.14900207519531,"CONTRA COSTA",LAFAYETTE,-122.14900207519531,37.891010284423828
91013769,2019,2019-06-20,9370,2019-06-17,0655,019695,,1,1,5,0710,0,1,1,,2,082,"I-80 W/B","CUTTING BLVD",1100.00,E,N,B,-,Y,,,80,,,,,,W,Y,4,0,1,3,A,-,03,22350,,N,C,C,A,A,H,-,A,D,0,,,,,Y,,A,01,0,0,1,0,0,0,0,0,0,"- ","- ",37.929290771484375,-122.32379150390625,"CONTRA COSTA",RICHMOND,-122.32379150390625,37.929286956787109
91013904,2019,2019-06-20,9320,2019-06-17,1626,018371,,1,2,9,0700,0,1,3,,2,401,"STATE ROUTE 4 WESTBOUND","MCEWEN RD UNDERCROSSING",2600.00,E,N,A,-,Y,,,,,,,,,,Y,4,0,1,1,A,-,08,22107,,N,E,I,A,A,H,-,A,D,0,,,,,Y,,A,08,0,0,1,0,0,0,0,0,0,"- ","- ",,,"CONTRA COSTA",UNINCORPORATED,,
91013932,2019,2019-06-20,9320,2019-06-17,0021,020010,,1,3,9,0700,0,2,4,,2,012,"SAN PABLO DAM ROAD","CLARK ROAD",0.00,,Y,A,-,N,,,,,,,,,,Y,4,0,2,2,A,-,01,23152,A,N,D,C,A,A,H,-,C,A,0,,,,,Y,Y,A,01,0,0,2,0,0,0,0,0,0,"- ","- ",37.966220855712891,-122.30111694335938,"CONTRA COSTA",UNINCORPORATED,-122.3011474609375,37.966251373291016
91014003,2019,2019-06-20,9320,2019-06-17,0225,021590,,1,3,9,0700,0,1,3,,2,403,"SR-4 E/B","BAILEY ROAD",500.00,E,N,A,-,Y,,,4,,,,,,E,Y,4,0,2,2,A,-,03,22350,,N,C,C,A,A,H,-,C,D,0,,,,,Y,,A,01,0,0,2,0,0,0,0,0,0,"- ","- ",38.018699645996094,-121.9364013671875,"CONTRA COSTA",UNINCORPORATED,-121.9364013671875,38.018795013427734
91014044,2019,2019-06-20,9320,2019-06-18,1400,018525,,2,2,9,0700,0,1,3,,2,241,"SR-24 E/B","ACALANES RD",200.00,W,N,A,-,Y,,,,,,,,,,Y,4,0,1,2,A,-,03,22350,,N,C,C,A,A,H,-,A,D,0,,,,Y,Y,,A,01,0,0,1,0,0,0,0,0,0,"- ","- ",,,"CONTRA COSTA",UNINCORPORATED,-122.15508270263672,37.891933441162109
91014062,2019,2019-06-20,9320,2019-06-18,1555,018525,,2,2,9,0700,0,2,4,,1,061,"DANVILLE BLVD","KEMLINE CT",150.00,N,N,A,-,N,,,,,,,,,,Y,3,0,2,2,A,-,08,22107,,N,B,C,A,A,H,-,A,D,0,,,,,Y,,A,01,0,1,1,0,0,0,0,0,0,"- ","- ",37.842418670654297,-122.02607727050781,"CONTRA COSTA",UNINCORPORATED,-122.02628326416016,37.842624664306641
91014626,2019,2019-06-20,9320,2019-06-19,0925,016563,,3,1,3,0792,0,1,3,,2,240,"SR-24 W/B","ST. STEPHENS DRIVE",500.00,E,N,A,-,Y,,,24,,,,,,W,N,4,0,2,2,A,-,03,22350,,N,C,C,A,A,H,-,A,D,0,,,,,Y,,A,01,0,0,2,0,0,0,0,0,0,"- ","- ",37.892108917236328,-122.17002868652344,"CONTRA COSTA",ORINDA,-122.1700439453125,37.892162322998047
91014735,2019,2019-06-21,9390,2019-05-04,0049,021858,,6,3,4,0791,0,1,1,,2,068,"I-680 S/B TO CROW CANYON RD.","CROW CANYON ROAD",10.00,N,N,A,-,Y,,,680,,,,R,,S,Y,4,0,1,3,A,-,03,22350,,F,E,I,A,A,H,-,C,A,0,,,,,Y,,A,07,0,0,1,0,0,0,0,0,0,"- ","- ",37.776729583740234,-121.97679138183594,"CONTRA COSTA","SAN RAMON",-121.97679138183594,37.776729583740234
91014824,2019,2019-06-21,9320,2019-06-15,2133,021440,,6,2,9,0700,0,2,4,,2,091,"BIXLER RD","KELLOGG CREEK RD",510.00,N,N,A,-,N,,,,,,,,,,N,2,0,1,2,A,-,11,21956,,N,G,B,E,A,H,-,D,A,0,Y,,,,Y,Y,N,60,1,0,0,0,1,0,0,0,0,"- ","- ",37.883369445800781,-121.62307739257812,"CONTRA COSTA",UNINCORPORATED,-121.62308502197266,37.883319854736328
91014872,2019,2019-06-21,9320,2019-06-16,1945,021526,,7,2,3,0707,0,1,1,,2,180,"APPIAN WAY TO I-80 E/B","APPIAN WAY",490.00,E,N,B,-,Y,,,,,,,,,,Y,4,0,1,3,A,-,03,22350,,N,C,C,A,A,H,-,B,D,0,,,,,Y,,A,07,0,0,1,0,0,0,0,0,0,"- ","- ",37.993389129638672,-122.29975128173828,"CONTRA COSTA",PINOLE,,
91014881,2019,2019-06-21,9320,2019-06-16,0050,021472,,7,3,4,0714,0,2,4,,2,037,"FRANKLIN CANYON ROAD","FRANKLIN CANYON RD",310.00,N,N,A,-,Y,,,,,,,,,,Y,2,0,1,1,A,-,08,22107,,N,E,I,A,A,H,-,D,D,0,,,,,Y,,A,07,1,0,0,0,0,0,0,0,0,"- ","- ",37.992240905761719,-122.14398956298828,"CONTRA COSTA",MARTINEZ,-122.14584350585938,37.993240356445312
91014902,2019,2019-06-21,9320,2019-06-16,2110,021526,,7,2,9,0700,0,2,4,,2,012,"SAN PABLO DAM ROAD W/B","OAK CREEK ROAD",205.00,W,N,A,-,Y,,,,,,,,,,Y,3,0,1,1,A,-,01,23152,A,N,F,I,A,A,H,-,C,D,0,,,Y,,Y,Y,C,02,0,1,0,0,0,0,0,0,1,"- ","- ",37.954940795898438,-122.27600860595703,"CONTRA COSTA",UNINCORPORATED,-122.27600860595703,37.954872131347656
91015602,2019,2019-06-24,9370,2019-06-12,1059,021457,,3,1,9,0700,0,3,5,,2,010,"RICHMOND PARKWAY S/B","PITTSBURG AVENUE",70.00,N,N,A,-,N,,,,,,,,,,Y,4,0,1,2,A,-,03,22350,,N,C,C,A,A,H,-,A,A,0,,,,Y,Y,,D,22,0,0,1,0,0,0,0,0,0,"- ","- ",37.96343994140625,-122.37380218505859,"CONTRA COSTA",UNINCORPORATED,-122.37376403808594,37.963363647460938
91015617,2019,2019-06-24,9370,2019-06-17,0855,020941,,1,1,5,0710,0,1,1,,2,082,"I-80 W/B","CENTRAL AVE",137.00,W,N,A,-,Y,,,80,,,,,,W,N,4,0,1,2,A,-,07,21658,A,N,B,D,A,A,H,-,A,D,0,,,Y,,Y,,D,22,0,0,1,0,0,0,0,0,1,"- ","- ",37.900600433349609,-122.31085968017578,"CONTRA COSTA",RICHMOND,-122.31075286865234,37.900672912597656
91015781,2019,2019-06-24,9320,2019-06-15,1805,021423,,6,2,9,0700,0,1,1,,2,683,"I-680 S/B","CENTER AVE",1500.00,N,N,A,-,Y,,,680,,,,,,S,Y,4,0,1,3,A,-,07,21658,A,N,B,C,A,A,H,-,A,D,0,,,,,Y,,A,01,0,0,1,0,0,0,0,0,0,"- ","- ",37.988620758056641,-122.0673828125,"CONTRA COSTA",UNINCORPORATED,-122.06732940673828,37.988628387451172