CASE_ID,ACCIDENT_YEAR,PROC_DATE,JURIS,COLLISION_DATE,COLLISION_TIME,OFFICER_ID,REPORTING_DISTRICT,DAY_OF_WEEK,CHP_SHIFT,POPULATION,CNTY_CITY_LOC,SPECIAL_COND,BEAT_TYPE,CHP_BEAT_TYPE,CITY_DIVISION_LAPD,CHP_BEAT_CLASS,BEAT_NUMBER,PRIMARY_RD,SECONDARY_RD,DISTANCE,DIRECTION,INTERSECTION,WEATHER_1,WEATHER_2,STATE_HWY_IND,CALTRANS_COUNTY,CALTRANS_DISTRICT,STATE_ROUTE,ROUTE_SUFFIX,POSTMILE_PREFIX,POSTMILE,LOCATION_TYPE,RAMP_INTERSECTION,SIDE_OF_HWY,TOW_AWAY,COLLISION_SEVERITY,NUMBER_KILLED,NUMBER_INJURED,PARTY_COUNT,PRIMARY_COLL_FACTOR,PCF_CODE_OF_VIOL,PCF_VIOL_CATEGORY,PCF_VIOLATION,PCF_VIOL_SUBSECTION,HIT_AND_RUN,TYPE_OF_COLLISION,MVIW,PED_ACTION,ROAD_SURFACE,ROAD_COND_1,ROAD_COND_2,LIGHTING,CONTROL_DEVICE,CHP_ROAD_TYPE,PEDESTRIAN_ACCIDENT,BICYCLE_ACCIDENT,MOTORCYCLE_ACCIDENT,TRUCK_ACCIDENT,NOT_PRIVATE_PROPERTY,ALCOHOL_INVOLVED,STWD_VEHTYPE_AT_FAULT,CHP_VEHTYPE_AT_FAULT,COUNT_SEVERE_INJ,COUNT_VISIBLE_INJ,COUNT_COMPLAINT_PAIN,COUNT_PED_KILLED,COUNT_PED_INJURED,COUNT_BICYCLIST_KILLED,COUNT_BICYCLIST_INJURED,COUNT_MC_KILLED,COUNT_MC_INJURED,PRIMARY_RAMP,SECONDARY_RAMP,LATITUDE,LONGITUDE,COUNTY,CITY,POINT_X,POINT_Y
91023089,2019,2019-07-02,9320,2019-06-28,0530,020026,,5,3,9,0700,0,1,3,,2,403,"SR-4 WESTBOUND","WILLOW PASS RD",2640.00,E,N,A,-,Y,,,,,,,,,,N,4,0,1,3,A,-,03,22350,,N,C,C,A,A,H,-,A,D,0,,,,,Y,,A,01,0,0,1,0,0,0,0,0,0,"- ","- ",,,"CONTRA COSTA",UNINCORPORATED,-121.99752044677734,38.013931274414062
91023519,2019,2019-07-03,9320,2019-06-29,0815,020957,,6,1,9,0700,0,1,3,,2,403,"SR-4 E/B","BAILEY RD",4000.00,E,N,A,-,Y,,,,,,,,,,Y,4,0,2,2,A,-,01,23152,A,N,C,C,A,A,H,-,A,D,0,,,,,Y,Y,A,01,0,0,2,0,0,0,0,0,0,"- ","- ",38.019561767578125,-121.92343139648438,"CONTRA COSTA",UNINCORPORATED,-121.92802429199219,38.018875122070312
91023523,2019,2019-07-03,9320,2019-06-27,1230,018628,,4,1,5,0708,0,1,3,,2,404,"SR-4 EB","LOVERIDGE RD",528.00,W,N,A,-,Y,,,4,,,,,,E,Y,3,0,1,2,A,-,07,21658,A,F,B,C,A,A,H,-,A,D,0,,,Y,,Y,,C,02,0,1,0,0,0,0,0,0,1,"- ","- ",38.011959075927734,-121.86824798583984,"CONTRA COSTA",PITTSBURG,-121.86823272705078,38.01202392578125
91023553,2019,2019-07-03,9320,2019-06-27,1345,019522,,4,1,6,0704,0,1,3,,2,402,"SR-4 W/B","PERALTA RD.",1000.00,W,N,A,-,Y,,,,,,,,,,Y,3,0,1,1,A,-,08,22107,,N,E,I,A,A,H,-,A,A,0,,,,,Y,,A,01,0,1,0,0,0,0,0,0,0,"- ","- ",,,"CONTRA COSTA",CONCORD,-122.05098724365234,38.001693725585938
91023559,2019,2019-07-03,9320,2019-06-27,1820,019522,,4,2,6,0704,0,1,3,,2,242,"SR-242 N/B","OLIVERA RD.",20.00,N,N,A,-,Y,,,,,,,,,,N,3,0,2,2,A,-,03,22350,,N,C,C,A,A,H,-,A,A,0,,,,,Y,,A,01,0,1,1,0,0,0,0,0,0,"- ","- ",,,"CONTRA COSTA",CONCORD,-122.03839874267578,37.997505187988281
91023661,2019,2019-07-03,9320,2019-06-28,1630,018525,,5,2,9,0700,0,1,3,,2,241,"SR-24 E/B","OAK HILL RD",400.00,W,N,A,-,Y,,,,,,,,,,Y,4,0,1,2,A,-,03,22350,,N,C,C,A,A,H,-,A,D,0,,,,,Y,,A,07,0,0,1,0,0,0,0,0,0,"- ","- ",,,"CONTRA COSTA",UNINCORPORATED,-122.12234497070312,37.893531799316406
91023776,2019,2019-07-03,9320,2019-06-29,1415,021499,,6,2,9,0700,0,1,3,,1,406,SR-4,"WILLOW WAY",600.00,E,N,A,-,Y,,,,,,,,,,N,3,0,1,2,A,-,03,22350,,N,C,C,A,A,H,-,A,D,0,,,,,Y,,A,07,0,1,0,0,0,0,0,0,0,"- ","- ",37.889270782470703,-122.63449096679688,"CONTRA COSTA",UNINCORPORATED,-121.63435363769531,37.889297485351562
91023793,2019,2019-07-03,9320,2019-05-12,1925,021373,,7,2,5,0712,0,1,1,,2,682,"I-680 SB","NORTH MAIN ST.",0.00,,N,A,-,Y,,,680,,,,,,S,Y,4,0,2,2,A,-,07,21658,A,M,B,C,A,A,H,-,B,D,0,,,,,Y,,-,99,0,0,2,0,0,0,0,0,0,"- ","- ",37.909370422363281,-122.06854248046875,"CONTRA COSTA","WALNUT CREEK",-122.06852722167969,37.909366607666016
91023932,2019,2019-07-03,9390,2019-06-26,1525,019612,,3,2,4,0790,0,1,1,,2,069,"I-680 NORTHBOUND","SYCAMORE VALLEY ROAD",550.00,S,N,A,-,Y,,,680,,,,,,N,Y,4,0,1,3,A,-,03,22350,,N,C,C,A,A,H,-,A,D,0,,,,,Y,,D,22,0,0,1,0,0,0,0,0,0,"- ","- ",37.809768676757812,-121.99199676513672,"CONTRA COSTA",DANVILLE,-121.99208831787109,37.809734344482422
91023959,2019,2019-07-03,9320,2019-06-27,1245,016563,,4,1,9,0700,0,1,3,,2,402,"SR-4 E/B",I-680,800.00,E,N,A,-,Y,,,4,,,,,,E,N,4,0,1,2,A,-,08,22107,,N,B,C,A,A,D,H,A,D,0,,,,Y,Y,,A,01,0,0,1,0,0,0,0,0,0,"- ","- ",37.995410919189453,-122.06697082519531,"CONTRA COSTA",UNINCORPORATED,-122.06700134277344,37.995502471923828
91024008,2019,2019-07-03,9320,2019-06-29,1155,020984,,6,1,9,0700,0,2,4,,2,023,"BEAR CREEK RD","BEAR OAKS LN",1056.00,S,N,A,-,N,,,,,,,,,,N,2,0,2,2,A,-,08,22107,,N,D,G,A,A,H,-,A,D,0,,Y,,,Y,,L,04,2,0,0,0,0,0,2,0,0,"- ","- ",37.942798614501953,-122.18550109863281,"CONTRA COSTA",UNINCORPORATED,-122.18561553955078,37.943038940429688
91024323,2019,2019-07-04,9370,2019-06-23,0207,022054,,7,3,5,0710,0,1,1,,2,083,"I-80 W/B","EL PORTAL DRIVE",365.00,W,N,A,-,Y,,,80,,,,,,W,N,4,0,1,2,A,-,03,22350,,N,C,C,A,A,H,-,C,D,0,,,,,Y,,A,01,0,0,1,0,0,0,0,0,0,"- ","- ",37.965629577636719,-122.32306671142578,"CONTRA COSTA",RICHMOND,-122.32315826416016,37.965774536132812
91024772,2019,2019-07-05,9320,2019-06-24,0452,022123,,1,3,9,0700,0,1,3,,2,241,"SR-24 W/B","EL CURTOLA BLVD.",600.00,E,N,A,-,Y,,,24,,,,,,W,Y,4,0,1,3,A,-,07,21658,A,M,B,E,A,A,H,-,B,D,0,,,,,Y,,A,01,0,0,1,0,0,0,0,0,0,"- ","- ",37.898048400878906,-122.08309173583984,"CONTRA COSTA",UNINCORPORATED,-122.08311462402344,37.897941589355469
91024831,2019,2019-07-05,9320,2019-06-27,2330,021710,,4,3,9,0700,0,1,3,,2,404,"SR-4 W/B","CENTURY BLVD.",1200.00,E,N,A,-,Y,,,,,,,,,,Y,4,0,1,2,A,-,01,23152,A,N,C,C,A,A,H,-,C,D,0,,,,,Y,Y,A,01,0,0,1,0,0,0,0,0,0,"- ","- ",38.007438659667969,-121.84950256347656,"CONTRA COSTA",UNINCORPORATED,-121.85103607177734,38.007789611816406
91024838,2019,2019-07-05,9320,2019-06-28,0045,020009,,5,3,9,0700,0,1,1,,2,180,"I-80 E/B","APPIAN WAY",300.00,E,N,A,-,Y,,,,,,,,,,Y,3,0,2,2,A,-,03,22350,,N,C,D,A,A,D,-,D,D,0,,,,,Y,,D,22,0,1,1,0,0,0,0,0,0,"- ","- ",37.993518829345703,-122.30056762695312,"CONTRA COSTA",UNINCORPORATED,-122.30162048339844,37.993358612060547
91024852,2019,2019-07-05,9320,2019-06-28,0620,020026,,5,1,9,0700,0,1,3,,2,403,"SR-4 WESTBOUND","SAN MARCO BLVD",1056.00,E,N,A,-,Y,,,,,,,,,,N,3,0,1,2,A,-,03,22350,,N,C,C,A,A,H,-,A,D,0,,,Y,,Y,,C,02,0,1,0,0,0,0,0,0,1,"- ","- ",,,"CONTRA COSTA",UNINCORPORATED,-121.96559906005859,38.023048400878906
91024881,2019,2019-07-05,9320,2019-06-28,2205,021293,,5,3,9,0700,0,2,4,,2,093,"BYRON HWY","CAMINO DIABLO",485.00,E,N,A,-,N,,,,,,,,,,Y,2,0,1,1,A,-,13,22515,A,N,G,B,A,A,H,-,D,D,0,,,,,Y,,E,22,1,0,0,0,0,0,0,0,0,"- ","- ",37.866321563720703,-121.63739776611328,"CONTRA COSTA",UNINCORPORATED,-121.637451171875,37.866390228271484
91024945,2019,2019-07-05,9320,2019-06-29,1720,021499,,6,2,9,0700,0,2,4,,2,086,"BYRON HWY","HOLEY RD",15.00,E,N,A,-,N,,,,,,,,,,N,3,0,1,1,A,-,08,22107,,N,E,I,A,A,H,-,A,D,0,,,,,Y,,A,01,0,1,0,0,0,0,0,0,0,"- ","- ",37.830928802490234,-121.60704040527344,"CONTRA COSTA",UNINCORPORATED,-121.60690307617188,37.830982208251953
91025005,2019,2019-07-05,9320,2019-06-30,0300,021590,,7,3,9,0700,0,1,3,,2,403,"SR-4 E/B","SAN MARCO BLVD",500.00,W,N,A,-,Y,,,4,,,,,,E,Y,4,0,1,1,A,-,08,22107,,N,E,I,A,A,H,-,D,D,0,,,,,Y,,A,01,0,0,1,0,0,0,0,0,0,"- ","- ",38.023601531982422,-121.97200012207031,"CONTRA COSTA",UNINCORPORATED,-121.97200012207031,38.023750305175781
91025019,2019,2019-07-05,9320,2019-06-30,0215,021590,,7,3,6,0704,0,1,1,,2,683,"I-680 N/B",SR-242,100.00,S,N,A,-,Y,,,680,,,,,,N,Y,2,0,1,1,A,-,08,22107,,N,E,I,A,A,H,-,C,D,0,,,,,Y,,A,01,1,0,0,0,0,0,0,0,0,"- ","- ",37.958900451660156,-122.05239868164062,"CONTRA COSTA",CONCORD,-122.05249786376953,37.958889007568359
91025069,2019,2019-07-05,9320,2019-06-30,2200,021472,,7,3,9,0700,0,1,3,,2,241,"E/B SR-24","OAK HILL ROAD",320.00,E,N,A,-,Y,,,,,,,,,,Y,4,0,2,2,A,-,07,21658,A,N,B,C,A,A,H,-,D,D,0,,,,,Y,,A,07,0,0,2,0,0,0,0,0,0,"- ","- ",37.893928527832031,-122.11972045898438,"CONTRA COSTA",UNINCORPORATED,,
91025138,2019,2019-07-05,9320,2019-06-28,1140,018628,,5,1,9,0700,0,2,4,,2,095,"VASCO RD","MARSH CREEK RD",0.00,,Y,A,-,Y,,,,,,,,,,Y,4,0,1,2,A,-,09,21453,C,N,D,C,A,A,H,-,A,A,0,,,,Y,Y,,G,27,0,0,1,0,0,0,0,0,0,"- ","- ",37.895778656005859,-121.71246337890625,"CONTRA COSTA",UNINCORPORATED,-121.71270751953125,37.895790100097656
91025552,2019,2019-07-08,9370,2019-07-03,1415,022086,,3,2,5,0710,0,1,1,,2,082,"I-80 E/B","CARLSON BLVD",2840.00,W,N,A,-,Y,,,,,,,,,,N,4,0,1,2,A,-,03,22350,,N,C,C,A,A,H,-,A,D,0,,,,,Y,,A,01,0,0,1,0,0,0,0,0,0,"- ","- ",37.541358947753906,-122.18456268310547,"CONTRA COSTA",RICHMOND,-122.31733703613281,37.918663024902344
91025768,2019,2019-07-29,9320,2019-06-28,1720,021514,,5,2,9,0700,0,1,1,,2,180,"I-80 W/B","PINOLE VALLEY RD",2640.00,E,N,A,-,Y,,,,,,,,,,Y,4,0,1,2,A,-,08,22107,,N,B,C,A,A,H,-,A,D,0,,,,,Y,,A,07,0,0,1,0,0,0,0,0,0,"- ","- ",38.004798889160156,-122.27890014648438,"CONTRA COSTA",UNINCORPORATED,-122.28067779541016,38.003002166748047
91025844,2019,2019-10-16,9320,2019-06-28,1835,021526,,5,2,6,0704,0,1,1,,2,683,"I-680 N/B","MONUMENT BOULEVARD",480.00,N,N,A,-,Y,,,,,,,,,,Y,2,0,3,2,A,-,07,21658,A,N,B,C,A,A,H,-,A,D,0,,,,,Y,,A,01,1,0,2,0,0,0,0,0,0,"- ","- ",37.946788787841797,-122.05706787109375,"CONTRA COSTA",CONCORD,-122.05747222900391,37.946582794189453
91025857,2019,2019-07-08,9320,2019-06-29,2010,021526,,6,2,9,0700,0,2,4,,2,077,"DEER VALLEY ROAD N/B","ALBERS COURT",1110.00,N,N,A,-,Y,,,,,,,,,,Y,3,0,1,1,A,-,08,22107,,N,E,I,A,A,H,-,B,D,0,,,Y,,Y,,C,02,0,1,0,0,0,0,0,0,1,"- ","- ",37.907230377197266,-121.76335906982422,"CONTRA COSTA",UNINCORPORATED,-121.76341247558594,37.907199859619141
91025864,2019,2019-07-08,9320,2019-06-30,1033,021185,,7,1,9,0700,0,1,3,,2,403,"STATE ROUTE 4 WESTBOUND","WILLOW PASS ROAD",3000.00,E,N,A,-,Y,,,4,,,,,,W,Y,3,0,1,1,A,-,03,22350,,N,C,C,A,A,H,-,A,D,0,,,Y,,Y,,C,02,0,1,0,0,0,0,0,0,1,"- ","- ",38.018451690673828,-121.9886474609375,"CONTRA COSTA",UNINCORPORATED,-121.9886474609375,38.018447875976562
91025925,2019,2019-07-08,9320,2019-06-30,2040,021352,,7,2,9,0700,0,3,5,,2,060,"CHERRY LANE","HAVEN LANE",150.00,S,N,A,-,N,,,,,,,,,,N,4,0,1,2,A,-,09,21804,A,N,D,G,A,A,H,-,B,D,0,,Y,,,Y,,L,04,0,0,1,0,0,0,1,0,0,"- ","- ",37.922489166259766,-122.05304718017578,"CONTRA COSTA",UNINCORPORATED,-122.052978515625,37.922504425048828
91025953,2019,2020-09-28,9320,2019-06-23,0106,021440,,7,3,9,0700,0,2,4,,2,091,"BIXLER RD","KELLOGG CREEK RD",0.00,,Y,A,-,N,,,,,,,,,,Y,3,0,2,2,A,-,01,23152,G,N,A,C,A,A,H,-,D,A,0,,,,,Y,Y,A,01,0,1,1,0,0,0,0,0,0,"- ","- ",37.881950378417969,-121.62313079833984,"CONTRA COSTA",UNINCORPORATED,-121.62309265136719,37.881919860839844
91026006,2019,2019-07-08,9320,2019-07-01,1210,019283,,1,1,4,0714,0,1,1,,2,683,"I-680 N/B","MARINA VISTA AVE. U/C",1725.00,S,N,A,-,Y,,,,,,,,,,Y,4,0,1,3,A,-,03,22350,,N,C,C,A,A,H,-,A,D,0,,,,,Y,,D,22,0,0,1,0,0,0,0,0,0,"- ","- ",38.023021697998047,-122.10591125488281,"CONTRA COSTA",MARTINEZ,,
91026023,2019,2019-07-08,9320,2019-07-01,0235,021590,,1,3,5,0712,0,1,1,,2,681,"I-680 S/B","OLIMPIC BLVD",1000.00,S,N,A,-,Y,,,680,,,,,,S,Y,4,0,2,2,A,-,08,22107,,N,C,C,A,A,D,-,D,D,0,,,,,Y,,A,01,0,0,2,0,0,0,0,0,0,"- ","- ",37.891498565673828,-122.0625,"CONTRA COSTA","WALNUT CREEK",-122.06244659423828,37.891605377197266
91026125,2019,2019-07-08,9320,2019-05-15,0548,016788,,3,3,3,0707,0,1,1,,2,180,"I-80 W/B","PINOLE VALLEY RD U/C",2112.00,E,N,B,-,Y,,,,,,,,,,Y,4,0,2,2,A,-,01,23152,F,N,C,C,A,B,H,-,B,D,0,,,,,Y,,A,01,0,0,2,0,0,0,0,0,0,"- ","- ",,,"CONTRA COSTA",PINOLE,-122.28176879882812,38.001838684082031
91026220,2019,2019-07-08,9320,2019-07-02,1750,018525,,2,2,6,0704,0,1,3,,2,402,"SR-4 E/B FROM SOLANO WAY","SOLANO WAY",500.00,E,N,A,-,Y,,,,,,,,,,N,4,0,2,2,A,-,08,22107,,N,D,C,A,A,H,-,A,D,0,,,,,Y,,-,"- ",0,0,2,0,0,0,0,0,0,"- ","- ",,,"CONTRA COSTA",CONCORD,-122.05143737792969,38.001285552978516
91026264,2019,2019-07-08,9390,2019-06-29,0555,021445,,6,3,4,0791,0,1,1,,2,068,"I-680 SOUTHBOUND","BOLLINGER CANYON ROAD",2640.00,S,N,A,-,Y,,,680,,,,,,S,Y,3,0,1,1,A,-,08,22107,,N,E,I,A,A,H,-,A,D,0,,,,,Y,,D,22,0,1,0,0,0,0,0,0,0,"- ","- ",37.75360107421875,-121.96145629882812,"CONTRA COSTA","SAN RAMON",-121.96141052246094,37.753631591796875
91026285,2019,2019-07-08,9320,2019-07-02,1425,021088,,2,2,9,0700,0,1,3,,2,401,"MCEWEN ROAD S/B","FRANKLIN CANYON ROAD",5.00,N,N,A,-,N,,,,,,,,,,N,2,0,1,1,A,-,03,22350,,N,F,A,A,A,H,-,A,D,0,,,Y,,Y,,C,02,1,0,0,0,0,0,0,0,1,"- ","- ",38.014430999755859,-122.17788696289062,"CONTRA COSTA",UNINCORPORATED,-122.17783355712891,38.014392852783203
91026326,2019,2019-07-08,9320,2019-07-03,1222,017906,,3,1,9,0700,0,1,3,,1,406,"BYRON HIGHWAY","HOLEY RD",33.00,S,N,A,-,N,,,,,,,,,,N,3,0,1,2,A,-,03,22350,,N,C,C,A,A,H,-,A,D,0,,,,,Y,,A,01,0,1,0,0,0,0,0,0,0,"- ","- ",37.830951690673828,-121.60685729980469,"CONTRA COSTA",UNINCORPORATED,-121.60688018798828,37.830940246582031
91026412,2019,2019-07-08,9320,2019-07-03,1335,018525,,3,1,9,0700,0,1,3,,2,160,"SR-160 N/B","ANTIOCH BRIDGE TOLL PLAZA",75.00,N,N,A,-,Y,,,,,,,,,,N,2,0,1,2,A,-,03,22350,,N,C,C,A,A,H,-,A,D,0,,,Y,,Y,,C,02,1,0,0,0,0,0,0,0,1,"- ","- ",,,"CONTRA COSTA",UNINCORPORATED,,
9102661,2020,2020-08-03,0702,2020-04-27,1808,543D,204B,1,5,3,0702,0,0,0,,0,002,"SYCAMORE AV","LIGHT POLE 6572",71.00,E,N,A,-,N,,,,,,,,,,N,3,0,1,2,A,-,08,22107,,N,H,G,A,A,H,-,A,D,0,,Y,,,Y,,A,01,0,1,0,0,0,0,1,0,0,"- ","- ",37.94049072265625,-121.68501281738281,"CONTRA COSTA",BRENTWOOD,,
9102662,2020,2020-08-03,0702,2020-04-21,1622,542E,309B,2,5,3,0702,0,0,0,,0,003,"WALNUT BL","CENTRAL BL",380.00,S,N,A,-,N,,,,,,,,,,Y,4,0,1,1,A,-,08,22107,,N,E,I,A,A,H,-,A,D,0,,,,,Y,,A,01,0,0,1,0,0,0,0,0,0,"- ","- ",37.935970306396484,-121.70250701904297,"CONTRA COSTA",BRENTWOOD,-121.70157623291016,37.935169219970703
91026762,2019,2019-07-09,9320,2019-07-03,1515,019238,,3,2,4,0790,0,1,1,,2,681,"I-680 N/B","EL CERRO BLVD U/C",1320.00,N,N,A,-,Y,,,,,,,,,,N,4,0,1,2,A,-,03,22350,,N,C,C,A,A,H,-,A,D,0,,,,,Y,,A,01,0,0,1,0,0,0,0,0,0,"- ","- ",,,"CONTRA COSTA",DANVILLE,-122.00432586669922,37.832027435302734
91026775,2019,2019-07-09,9320,2019-07-03,1110,020957,,3,1,5,0708,0,1,3,,2,404,"SR-4 W/B","HARBOR ST",1000.00,E,N,A,-,Y,,,4,,,,,,W,N,4,0,1,2,A,-,03,22350,,N,C,C,A,A,H,-,A,D,0,,,,,Y,,A,01,0,0,1,0,0,0,0,0,0,"- ","- ",38.013900756835938,-121.87570190429688,"CONTRA COSTA",PITTSBURG,-121.87569427490234,38.013912200927734
91026777,2019,2019-07-09,9320,2019-07-05,1010,020026,,5,1,9,0700,0,1,1,,2,180,"I-80 EASTBOUND","CUMMINGS SKWY",2640.00,W,N,A,-,Y,,,,,,,,,,Y,2,0,1,1,A,-,08,22107,,N,E,I,A,A,H,-,A,D,0,,,,,Y,,A,01,1,0,0,0,0,0,0,0,0,"- ","- ",,,"CONTRA COSTA",UNINCORPORATED,-122.24486541748047,38.040336608886719
91026782,2019,2019-07-09,9320,2019-07-05,1420,021352,,5,2,9,0700,0,1,3,,2,401,"SR-4 W/B","ALHAMBRA AVENUE",5280.00,W,N,A,-,Y,,,4,,,,,,W,Y,2,0,1,2,A,-,07,21658,A,F,B,C,A,A,H,-,A,D,0,,,Y,,Y,,-,99,1,0,0,0,0,0,0,0,1,"- ","- ",37.999099731445312,-122.14649963378906,"CONTRA COSTA",UNINCORPORATED,-122.14646148681641,37.999126434326172
91026791,2019,2019-07-09,9320,2019-07-04,0730,020957,,4,1,9,0700,0,1,3,,2,403,"SR-4 W/B","BAILEY RD",1000.00,E,N,A,-,Y,,,4,,,,,,W,Y,4,0,1,2,A,-,08,22107,,N,B,C,A,A,H,-,A,D,0,,,,,Y,,A,01,0,0,1,0,0,0,0,0,0,"- ","- ",38.019069671630859,-121.93521118164062,"CONTRA COSTA",UNINCORPORATED,-121.93521118164062,38.019115447998047
91026848,2019,2019-07-09,9320,2019-07-06,1705,021373,,6,2,9,0700,0,1,1,,2,180,"I-80 EB","PINOLE VALLEY ROAD",0.00,,N,A,-,Y,,,,,,,,,,Y,3,0,1,2,A,-,03,22350,,N,C,C,A,A,H,-,A,D,0,,,,,Y,,A,01,0,1,0,0,0,0,0,0,0,"- ","- ",38.002071380615234,-122.28125762939453,"CONTRA COSTA",UNINCORPORATED,-122.28607177734375,37.9970703125
91026867,2019,2019-07-09,9320,2019-07-06,1422,021352,,6,2,9,0700,0,1,3,,2,400,"SR-4 W/B","CUMMINGS SKYWAY",5280.00,W,N,A,-,Y,,,4,,,,,,W,Y,3,0,1,1,A,-,08,22107,,N,F,J,A,A,H,-,A,D,0,,,,,Y,,A,01,0,1,0,0,0,0,0,0,0,"- ","- ",38.013019561767578,-122.19709014892578,"CONTRA COSTA",UNINCORPORATED,-122.19707489013672,38.012985229492188
91026903,2019,2019-07-09,9390,2019-07-01,2335,019740,,1,3,4,0791,0,1,1,,2,068,"I-680 SOUTHBOUND","BOLLINGER CANYON ROAD",350.00,S,N,A,-,Y,,,680,,,,,,S,Y,2,0,1,2,A,-,01,23152,A,N,C,C,A,A,H,-,E,D,0,,,,Y,Y,Y,D,22,1,0,0,0,0,0,0,0,0,"- ","- ",37.758110046386719,-121.96427917480469,"CONTRA COSTA","SAN RAMON",-121.96433258056641,37.758075714111328
91027431,2019,2019-07-09,9390,2019-07-02,1615,015650,,2,2,4,0791,0,1,1,,2,068,"I-680 N/B","ALCOSTA BLVD.",3696.00,N,N,A,-,Y,,,,,,,,,,Y,4,0,2,2,A,-,03,22350,,N,C,C,A,A,H,-,A,D,0,,,,,Y,,A,01,0,0,2,0,0,0,0,0,0,"- ","- ",37.440700531005859,-121.56999969482422,"CONTRA COSTA","SAN RAMON",-121.94675445556641,37.732139587402344
91027655,2019,2019-07-09,9370,2019-03-27,0218,021093,,3,3,5,0710,0,1,1,,2,058,"I-580 W/B","MARINA BAY PARKWAY O/C",930.00,W,N,B,-,Y,,,580,,,,,,W,Y,1,1,0,2,A,-,11,21954,A,N,G,B,E,B,H,-,D,D,0,Y,,,,Y,,N,60,0,0,0,1,0,0,0,0,0,"- ","- ",37.921909332275391,-122.35096740722656,"CONTRA COSTA",RICHMOND,-122.35096740722656,37.921894073486328
91027703,2019,2019-07-09,9365,2019-06-29,1948,020774,,6,2,9,0700,0,1,1,,2,001,"I-80 E/B TO POMONA ST","POMONA ST",130.00,N,N,A,-,Y,,,,,,,,,,Y,2,0,1,1,A,-,08,22107,,N,E,I,A,A,H,-,A,D,0,,,,,Y,,A,01,1,0,0,0,0,0,0,0,0,"- ","- ",38.055240631103516,-122.2301025390625,"CONTRA COSTA",UNINCORPORATED,-122.22706604003906,38.052841186523438
91027774,2019,2019-07-10,9320,2019-07-01,1535,019759,,1,2,3,0702,0,1,3,,1,406,"SR-4 W/B","SAND CREEK RD.",300.00,W,N,A,-,Y,,,4,,,,,,W,Y,3,0,3,2,A,-,03,22350,,N,C,C,A,A,H,-,A,A,0,,,,,Y,,A,07,0,1,2,0,0,0,0,0,0,"- ","- ",37.944549560546875,-121.74185180664062,"CONTRA COSTA",BRENTWOOD,-121.74191284179688,37.94451904296875
91027775,2019,2019-07-10,9320,2019-07-01,1440,019759,,1,2,3,0702,0,1,3,,1,406,"SR-4 W/B","LONE TREE WAY",2640.00,E,N,A,-,Y,,,4,,,,,,W,Y,4,0,1,2,A,-,03,22350,,N,C,C,A,A,H,-,A,A,0,,,,,Y,,A,01,0,0,1,0,0,0,0,0,0,"- ","- ",37.954158782958984,-121.74437713623047,"CONTRA COSTA",BRENTWOOD,-121.74443817138672,37.954158782958984
91027776,2019,2019-07-10,9320,2019-07-01,1420,021423,,1,2,9,0700,0,1,3,,2,402,"SR-4 W/B","MORELLO AVE",1400.00,E,N,A,-,Y,,,,,,,,,,Y,4,0,2,2,A,-,07,21658,A,N,B,C,A,A,H,-,A,D,0,,,,,Y,,A,01,0,0,2,0,0,0,0,0,0,"- ","- ",37.990688323974609,-122.09471893310547,"CONTRA COSTA",UNINCORPORATED,-122.09613037109375,37.990753173828125
91027777,2019,2019-07-10,9320,2019-07-02,1845,019914,,2,2,9,0700,0,3,5,,2,010,"PINEHURST ROAD SB","CONTRA COSTA COUNTY LINE",2640.00,N,N,A,-,N,,,,,,,,,,N,4,0,1,2,A,-,03,22350,,N,E,I,A,A,H,-,A,D,0,,Y,,,Y,,L,04,0,0,1,0,0,0,1,0,0,"- ","- ",37.807598114013672,-122.13970184326172,"CONTRA COSTA",UNINCORPORATED,-122.13983917236328,37.807609558105469
91027796,2019,2019-07-10,9320,2019-07-08,1440,019759,,1,2,9,0700,0,2,4,,2,094,"BYRON HIGHWAY","BRUNS RD.",20.00,S,N,A,-,N,,,,,,,,,,Y,4,0,1,2,A,-,06,21750,,N,B,C,A,A,H,-,A,A,0,,,,,Y,,A,01,0,0,1,0,0,0,0,0,0,"- ","- ",37.822681427001953,-121.59523773193359,"CONTRA COSTA",UNINCORPORATED,-121.60474395751953,37.829345703125
91028423,2019,2019-07-16,9320,2019-06-29,1735,021423,,6,2,9,0700,0,1,3,,2,241,"I-680 S/B TO SR-24 W/B","OAKVALE RD OVERCROSSING",320.00,S,N,A,-,Y,,,680,,,,R,,S,Y,2,0,4,7,A,-,21,22106,,N,C,C,E,A,H,-,A,D,0,Y,,,,Y,,D,22,2,2,0,0,3,0,0,0,0,"- ","- ",37.902179718017578,-122.07079315185547,"CONTRA COSTA",UNINCORPORATED,-122.07079315185547,37.902179718017578
91028672,2019,2019-07-11,9370,2019-07-02,2213,022077,,2,3,5,0710,0,1,1,,2,082,"I-80 W/B","SOLANO AVENUE",1080.00,W,N,B,-,Y,,,80,,,,,,W,Y,3,0,3,4,A,-,01,23152,A,N,A,C,A,A,H,-,C,D,0,,,,,Y,Y,A,01,0,3,0,0,0,0,0,0,0,"- ","- ",37.940418243408203,-122.32463073730469,"CONTRA COSTA",RICHMOND,-122.32465362548828,37.940433502197266