CASE_ID,ACCIDENT_YEAR,PROC_DATE,JURIS,COLLISION_DATE,COLLISION_TIME,OFFICER_ID,REPORTING_DISTRICT,DAY_OF_WEEK,CHP_SHIFT,POPULATION,CNTY_CITY_LOC,SPECIAL_COND,BEAT_TYPE,CHP_BEAT_TYPE,CITY_DIVISION_LAPD,CHP_BEAT_CLASS,BEAT_NUMBER,PRIMARY_RD,SECONDARY_RD,DISTANCE,DIRECTION,INTERSECTION,WEATHER_1,WEATHER_2,STATE_HWY_IND,CALTRANS_COUNTY,CALTRANS_DISTRICT,STATE_ROUTE,ROUTE_SUFFIX,POSTMILE_PREFIX,POSTMILE,LOCATION_TYPE,RAMP_INTERSECTION,SIDE_OF_HWY,TOW_AWAY,COLLISION_SEVERITY,NUMBER_KILLED,NUMBER_INJURED,PARTY_COUNT,PRIMARY_COLL_FACTOR,PCF_CODE_OF_VIOL,PCF_VIOL_CATEGORY,PCF_VIOLATION,PCF_VIOL_SUBSECTION,HIT_AND_RUN,TYPE_OF_COLLISION,MVIW,PED_ACTION,ROAD_SURFACE,ROAD_COND_1,ROAD_COND_2,LIGHTING,CONTROL_DEVICE,CHP_ROAD_TYPE,PEDESTRIAN_ACCIDENT,BICYCLE_ACCIDENT,MOTORCYCLE_ACCIDENT,TRUCK_ACCIDENT,NOT_PRIVATE_PROPERTY,ALCOHOL_INVOLVED,STWD_VEHTYPE_AT_FAULT,CHP_VEHTYPE_AT_FAULT,COUNT_SEVERE_INJ,COUNT_VISIBLE_INJ,COUNT_COMPLAINT_PAIN,COUNT_PED_KILLED,COUNT_PED_INJURED,COUNT_BICYCLIST_KILLED,COUNT_BICYCLIST_INJURED,COUNT_MC_KILLED,COUNT_MC_INJURED,PRIMARY_RAMP,SECONDARY_RAMP,LATITUDE,LONGITUDE,COUNTY,CITY,POINT_X,POINT_Y
91040470,2019,2019-07-29,9320,2019-07-17,1905,018525,,3,2,9,0700,0,1,3,,2,401,"SR-4 W/B","FRANKLIN CANYON RD",528.00,E,N,A,-,Y,,,,,,,,,,Y,3,0,3,1,A,-,08,22107,,N,F,A,A,A,H,-,A,D,0,,,,,Y,,A,01,0,2,1,0,0,0,0,0,0,"- ","- ",,,"CONTRA COSTA",UNINCORPORATED,-122.24304962158203,38.015037536621094
91040472,2019,2019-07-29,9320,2019-07-19,2215,021609,,5,3,5,0712,0,3,5,,2,060,"ARNOLD WAY","LAS JUNTAS WAY",3.00,S,N,A,-,N,,,,,,,,,,N,4,0,1,2,D,-,00,,,N,G,B,B,A,H,-,C,D,0,Y,,,,Y,,-,"- ",0,0,1,0,1,0,0,0,0,"- ","- ",37.930110931396484,-122.05637359619141,"CONTRA COSTA","WALNUT CREEK",-122.05636596679688,37.930099487304688
91040910,2019,2019-07-29,9320,2019-07-23,0555,021433,,2,3,9,0700,0,1,1,,2,681,"I-680 SB","STONE VALLEY RD U/C",2270.00,S,N,A,-,Y,,,,,,,,,,Y,4,0,1,1,A,-,08,22107,,N,E,I,A,A,H,-,B,D,0,,,,,Y,,A,01,0,0,1,0,0,0,0,0,0,"- ","- ",,,"CONTRA COSTA",UNINCORPORATED,,
91040952,2019,2019-07-29,9320,2019-07-23,0634,020984,,2,1,6,0704,0,1,3,,2,242,"SR-242 S/B","CONCORD AVE",200.00,S,N,A,-,Y,,,242,,,,,,S,N,4,0,1,3,A,-,03,22350,,N,C,C,A,A,H,-,A,D,0,,,,,Y,,A,01,0,0,1,0,0,0,0,0,0,"- ","- ",37.978199005126953,-122.04380035400391,"CONTRA COSTA",CONCORD,-122.04377746582031,37.978187561035156
91040962,2019,2019-07-29,9320,2019-07-23,1810,021352,,2,2,3,0707,0,1,1,,2,180,"I-80 E/B","PINOLE VALLEY ROAD",200.00,E,N,A,-,Y,,,80,,,,,,E,Y,4,0,1,2,A,-,03,22350,,N,C,C,A,A,H,-,A,D,0,,,,,Y,,A,01,0,0,1,0,0,0,0,0,0,"- ","- ",37.997890472412109,-122.28518676757812,"CONTRA COSTA",PINOLE,-122.28519439697266,37.997898101806641
91041025,2019,2019-07-29,9370,2019-07-17,0910,019695,,3,1,5,0710,0,1,1,,2,058,"I-580 W/B TO HARBOUR WAY","HARBOUR WAY",30.00,E,N,A,-,Y,,,580,,,,R,,W,Y,4,0,1,3,A,-,03,22350,,N,C,C,A,A,H,-,A,D,0,,,,Y,Y,,A,01,0,0,1,0,0,0,0,0,0,"- ","- ",37.923900604248047,-122.35968780517578,"CONTRA COSTA",RICHMOND,-122.35968780517578,37.923900604248047
91041535,2019,2019-07-30,9320,2019-07-21,1850,021423,,7,2,5,0712,0,2,4,,2,046,"CHERRY LN","TREAT BLVD",66.00,S,N,A,-,N,,,,,,,,,,Y,2,0,1,1,C,-,18,,,N,E,I,A,A,H,-,B,D,0,,,,,Y,,-,"- ",1,0,0,0,0,0,0,0,0,"- ","- ",37.926158905029297,-122.0509033203125,"CONTRA COSTA","WALNUT CREEK",-122.05100250244141,37.926349639892578
91041758,2019,2019-07-30,9320,2019-07-18,1455,019914,,4,2,3,0715,0,1,3,,2,240,"SR-24 EB","CAMINO PABLO UI/C",400.00,W,N,A,-,Y,,,,,,,,,,Y,4,0,1,2,A,-,08,22107,,N,E,C,A,A,H,-,A,D,0,,,,,Y,,A,01,0,0,1,0,0,0,0,0,0,"- ","- ",37.878501892089844,-122.18419647216797,"CONTRA COSTA",LAFAYETTE,,
91041843,2019,2019-07-30,9320,2019-07-19,1135,021185,,5,1,5,0712,0,1,1,,2,681,"INTERSTATE 680 SOUTHBOUND","LIVORNA ROAD",870.00,N,N,A,-,Y,,,680,,,,,,S,Y,3,0,4,3,A,-,03,22350,,N,C,C,A,A,H,-,A,D,0,,,,,Y,,A,08,0,4,0,0,0,0,0,0,0,"- ","- ",37.865081787109375,-122.03772735595703,"CONTRA COSTA","WALNUT CREEK",-122.03774261474609,37.865066528320312
91041949,2019,2019-07-30,9320,2019-07-19,1250,021185,,5,1,3,0715,0,1,3,,2,241,"STATE ROUTE 24 EASTBOUND","OAK HILL ROAD",1575.00,W,N,A,-,Y,,,24,,,,,,E,N,3,0,1,3,A,-,03,22350,,N,C,C,A,A,H,-,A,D,0,,,,,Y,,D,22,0,1,0,0,0,0,0,0,0,"- ","- ",37.892509460449219,-122.12631988525391,"CONTRA COSTA",LAFAYETTE,-122.12632751464844,37.892555236816406
91042047,2019,2019-07-30,9370,2019-07-25,1351,019059,,4,1,5,0710,0,1,1,,2,058,"I-580 W/B","RICHMOND/SAN RAFAEL TOLL PLAZA",528.00,E,N,A,-,Y,,,,,,,,,,Y,4,0,1,2,A,-,03,22350,,M,C,C,A,A,H,-,A,D,0,,,,,Y,,D,22,0,0,1,0,0,0,0,0,0,"- ","- ",37.555599212646484,-122.24054718017578,"CONTRA COSTA",RICHMOND,,
91042165,2019,2019-07-31,9320,2019-07-24,1345,021246,,3,1,6,0704,0,1,3,,2,402,"SR-4 W/B","PORT CHICAGO HIGHWAY",200.00,E,N,A,-,Y,,,4,,,,,,W,Y,4,0,1,2,A,-,03,22350,,N,C,C,A,A,H,-,A,D,0,,,,,Y,,A,07,0,0,1,0,0,0,0,0,0,"- ","- ",38.009719848632812,-122.02336120605469,"CONTRA COSTA",CONCORD,-122.02337646484375,38.009830474853516
91042195,2019,2019-07-31,9320,2019-07-25,0800,016503,,4,1,5,0708,0,1,3,,2,403,"SR-4 W/B","RAILROAD AVE. O/C",7392.00,W,N,A,-,Y,,,4,,,,,,W,Y,2,0,1,4,A,-,03,22350,,M,C,C,A,A,H,-,A,D,0,,,,Y,Y,,A,01,1,0,0,0,0,0,0,0,0,"- ","- ",38.020198822021484,-121.91506195068359,"CONTRA COSTA",PITTSBURG,-121.91506195068359,38.020137786865234
91042291,2019,2019-08-19,9350,2019-07-19,1550,019150,,5,2,9,0700,0,1,1,,2,115,"I-580 E/B","RICHMOND-SAN RAFAEL BRIDGE EAST END",3696.00,W,N,A,-,Y,,,,,,,,,,Y,4,0,2,3,A,-,04,21703,,N,C,C,A,A,H,-,A,D,0,,,,,Y,,D,22,0,0,2,0,0,0,0,0,0,"- ","- ",37.933361053466797,-122.41844940185547,"CONTRA COSTA",UNINCORPORATED,,
91042741,2019,2019-07-31,9370,2019-07-22,1320,020356,,1,1,9,0700,0,2,4,,1,011,"SAN PABLO AVENUE  S/B","TARA HILLS DRIVE",700.00,S,N,A,-,N,,,,,,,,,,Y,4,0,1,2,A,-,07,21658,A,N,B,C,A,A,H,-,A,D,0,,,,,Y,,D,22,0,0,1,0,0,0,0,0,0,"- ","- ",37.998329162597656,-122.324462890625,"CONTRA COSTA",UNINCORPORATED,-122.32431793212891,37.998485565185547
9104295,2020,2020-06-09,0701,2020-02-05,0936,5825,511,3,5,5,0701,0,0,0,,0,005,"DEER VALLEY RD","SAND CREEK RD",15.00,N,N,A,-,N,,,,,,,,,,Y,4,0,1,2,A,-,03,22350,,N,C,C,A,A,H,-,A,A,0,,,,,Y,,A,08,0,0,1,0,0,0,0,0,0,"- ","- ",,,"CONTRA COSTA",ANTIOCH,-121.77757263183594,37.949058532714844
91043003,2019,2019-07-31,9320,2019-07-25,1800,016584,,4,2,9,0700,0,3,5,,2,039,"CORAL DR.","STIRLING DR.",40.00,S,N,A,-,N,,,,,,,,,,Y,4,0,1,1,A,-,08,22107,,N,E,I,A,A,H,-,A,D,0,,,,,Y,,A,01,0,0,1,0,0,0,0,0,0,"- ","- ",38.025341033935547,-122.24633026123047,"CONTRA COSTA",UNINCORPORATED,-122.24642944335938,38.025344848632812
91043100,2019,2019-08-01,9370,2019-07-23,1635,022311,,2,2,4,0711,0,1,1,,2,083,"I-80 E/B","EL PORTAL DRIVE",1100.00,W,N,A,-,Y,,,80,,,,,,E,Y,4,0,1,3,A,-,03,22350,,N,C,C,A,A,H,-,A,D,0,,,,,Y,,A,01,0,0,1,0,0,0,0,0,0,"- ","- ",37.964179992675781,-122.32585144042969,"CONTRA COSTA","SAN PABLO",-122.32588195800781,37.964225769042969
91043358,2019,2019-08-01,9390,2019-07-26,1430,019917,,5,2,4,0791,0,1,1,,2,068,"I-680 SOUTHBOUND","BOLLINGER CANYON RD O/C",1584.00,S,N,A,-,Y,,,680,,,,,,S,Y,4,0,2,4,A,-,03,22350,,F,C,C,A,A,H,-,A,D,0,,,,,Y,,-,99,0,0,2,0,0,0,0,0,0,"- ","- ",37.751701354980469,-121.95999908447266,"CONTRA COSTA","SAN RAMON",-121.96009826660156,37.751632690429688
91043373,2019,2019-08-01,9320,2019-07-25,1700,021499,,4,2,9,0700,0,3,5,,2,010,"VALLEY VIEW RD","SOBRANTE AVE",0.00,,Y,A,-,N,,,,,,,,,,Y,4,0,3,2,A,-,12,21453,A,N,D,C,A,A,H,-,A,A,0,,,,,Y,,A,01,0,0,3,0,0,0,0,0,0,"- ","- ",37.977668762207031,-122.29369354248047,"CONTRA COSTA",UNINCORPORATED,-122.29351043701172,37.977680206298828
91043405,2019,2019-08-01,9320,2019-07-26,0605,016503,,5,1,9,0700,0,2,4,,2,094,"BYRON HIGHWAY (J-4)","BYER RD.",220.00,S,N,A,-,N,,,,,,,,,,Y,3,0,1,1,A,-,08,22107,,N,B,I,A,A,H,-,A,D,0,,,,,Y,,D,22,0,1,0,0,0,0,0,0,0,"- ","- ",37.874031066894531,-121.64145660400391,"CONTRA COSTA",UNINCORPORATED,-121.64153289794922,37.87408447265625
91043461,2019,2019-08-01,9320,2019-07-27,0940,016503,,6,1,9,0700,0,2,4,,2,094,"BYRON HIGHWAY","SUNSET RD.",170.00,S,N,A,-,N,,,,,,,,,,Y,3,0,1,2,A,-,03,22350,,N,A,C,A,A,H,-,A,D,0,,,,,Y,,E,22,0,1,0,0,0,0,0,0,0,"- ","- ",37.95172119140625,-121.64096069335938,"CONTRA COSTA",UNINCORPORATED,-121.6409912109375,37.951763153076172
91043465,2019,2019-08-01,9320,2019-07-27,1220,016503,,6,1,9,0700,0,1,3,,1,406,"SR-4 W/B","DISCOVERY BAY BLVD.",1584.00,E,N,A,-,Y,,,4,,,,,,W,Y,3,0,2,2,A,-,08,22107,,N,C,C,A,A,H,-,A,D,0,,,,,Y,Y,A,01,0,2,0,0,0,0,0,0,0,"- ","- ",37.890178680419922,-121.595947265625,"CONTRA COSTA",UNINCORPORATED,-121.595947265625,37.890201568603516
91043505,2019,2019-08-01,9370,2019-07-25,1555,019059,,4,2,5,0710,0,1,1,,2,083,"I-80 E/B","RICHMOND PARKWAY",300.00,W,N,A,-,Y,,,,,,,,,,Y,4,0,1,2,A,-,03,22350,,N,C,C,A,A,H,-,A,D,0,,,,,Y,,A,08,0,0,1,0,0,0,0,0,0,"- ","- ",37.590999603271484,-122.18534851074219,"CONTRA COSTA",RICHMOND,,
91043511,2019,2019-08-01,9320,2019-07-27,1300,020026,,6,1,9,0700,0,1,3,,2,400,"SR-4 EASTBOUND","FRANKLIN CANYON RD",0.00,,Y,A,-,Y,,,4,,,,,,E,Y,2,0,1,2,A,-,09,21802,A,N,D,C,A,A,H,-,A,D,0,,,Y,,Y,,A,01,1,0,0,0,0,0,0,0,1,"- ","- ",38.009998321533203,-122.22840881347656,"CONTRA COSTA",UNINCORPORATED,-122.22843933105469,38.009914398193359
91043553,2019,2019-08-01,9320,2019-07-27,0235,020834,,6,3,5,0701,0,1,3,,2,404,"SR-4 W/B","LOVERIDGE RD",1100.00,E,N,A,-,Y,,,,,,,,,,Y,4,0,1,2,A,-,03,22350,,N,C,C,A,A,H,-,D,D,0,,,,,Y,,A,01,0,0,1,0,0,0,0,0,0,"- ","- ",38.011070251464844,-121.862060546875,"CONTRA COSTA",ANTIOCH,-121.86675262451172,38.011890411376953
91043584,2019,2019-10-17,9320,2019-07-27,0220,021590,,6,3,9,0700,0,3,5,,2,040,"PACHECO BLVD","MORELLO AVE",500.00,W,N,A,-,N,,,,,,,,,,Y,2,0,1,1,A,-,01,23152,A,N,E,I,A,A,H,-,C,D,0,,,,,Y,Y,D,22,1,0,0,0,0,0,0,0,0,"- ","- ",38.011199951171875,-122.10279846191406,"CONTRA COSTA",UNINCORPORATED,-122.10340881347656,38.011329650878906
91043595,2019,2019-08-01,9320,2019-07-27,2133,021472,,6,2,9,0700,0,1,3,,2,401,"E/B SR-4","CUMMINGS SKYWAY",0.25,E,N,A,-,Y,,,4,,,,,,,Y,4,0,1,1,A,-,08,22107,,N,E,I,A,A,H,-,D,D,0,,,,,Y,,D,22,0,0,1,0,0,0,0,0,0,"- ","- ",38.016120910644531,-122.18609619140625,"CONTRA COSTA",UNINCORPORATED,-122.18609619140625,38.016181945800781
91043634,2019,2019-08-01,9320,2019-07-28,1410,021023,,7,2,9,0700,0,2,4,,2,093,"CAMINO DIABLO","WALNUT BOULEVARD",1900.00,W,N,A,-,N,,,,,,,,,,Y,3,0,1,1,A,-,01,23152,A,N,F,A,A,A,H,-,A,D,0,,,,,Y,Y,A,01,0,1,0,0,0,0,0,0,0,"- ","- ",37.876571655273438,-121.70481872558594,"CONTRA COSTA",UNINCORPORATED,-121.70440673828125,37.876575469970703
91043861,2019,2019-08-26,9350,2019-07-27,0145,021668,,6,3,9,0700,0,1,1,,2,115,"W/B I-580","RICHMOND TOLL PLAZA",2070.00,W,N,A,-,Y,,,,,,,,,,Y,3,0,2,2,A,-,01,23152,A,N,C,C,A,A,D,-,D,D,0,,,,,Y,Y,A,07,0,2,0,0,0,0,0,0,0,"- ","- ",37.93280029296875,-122.41055297851562,"CONTRA COSTA",UNINCORPORATED,,
91043985,2019,2019-08-02,9320,2019-07-25,1645,016584,,4,2,9,0700,0,2,4,,2,031,"SAN PABLO AVE.","CALIFORNIA ST.",0.00,,Y,A,-,N,,,,,,,,,,Y,4,0,1,2,A,-,09,21801,A,N,D,C,A,A,H,-,A,A,0,,,,,Y,,A,01,0,0,1,0,0,0,0,0,0,"- ","- ",38.039981842041016,-122.26357269287109,"CONTRA COSTA",UNINCORPORATED,-122.26360321044922,38.040050506591797
91044084,2019,2019-08-02,9320,2019-07-19,1720,022013,,5,2,9,0700,0,2,4,,2,097,"VASCO RD","WALNUT BLVD",4118.00,S,N,A,-,N,,,,,,,,,,Y,2,0,7,7,A,-,03,22350,,N,C,C,A,A,H,-,A,D,0,,,,,Y,,D,22,1,0,6,0,0,0,0,0,0,"- ","- ",37.880199432373047,-121.68609619140625,"CONTRA COSTA",UNINCORPORATED,-121.69647979736328,37.887500762939453
91044126,2019,2019-08-02,9320,2019-07-27,0340,022123,,6,3,9,0700,0,2,4,,2,037,"CLAEYS LN.","FRANKLIN CANYON RD.",60.00,S,N,A,-,N,,,,,,,,,,Y,3,0,1,1,A,-,08,22107,,N,E,I,A,A,H,-,D,D,0,,,,,Y,,A,08,0,1,0,0,0,0,0,0,0,"- ","- ",38.016708374023438,-122.24495697021484,"CONTRA COSTA",UNINCORPORATED,-122.24777221679688,38.013828277587891
91044157,2019,2019-08-02,9320,2019-07-29,1730,021352,,1,2,9,0700,0,1,1,,2,180,"I-80 E/B","CUMMINGS SKYWAY",5280.00,W,N,A,-,Y,,,80,,,,,,E,Y,4,0,1,3,A,-,03,22350,,N,C,C,A,A,H,-,A,D,0,,,,,Y,,A,01,0,0,1,0,0,0,0,0,0,"- ","- ",38.034980773925781,-122.25070953369141,"CONTRA COSTA",UNINCORPORATED,-122.25071716308594,38.034988403320312
91044219,2019,2019-08-02,9320,2019-07-29,2200,021710,,1,3,9,0700,0,1,1,,2,682,"I-680 N/B","OAK PARK BLVD",400.00,N,N,A,-,Y,,,680,,,,,,N,N,4,0,1,2,A,-,07,21658,A,N,B,A,A,A,H,-,D,D,0,,,,,Y,,A,07,0,0,1,0,0,0,0,0,0,"- ","- ",37.935001373291016,-122.06006622314453,"CONTRA COSTA",UNINCORPORATED,-122.06008911132812,37.93499755859375
91044265,2019,2019-08-02,9320,2019-07-30,1427,017219,,2,2,9,0700,0,2,4,,2,077,"MARSH CREEK RD","MORGAN TERRITORY RD",3696.00,W,N,A,-,N,,,,,,,,,,Y,4,0,1,1,A,-,08,22107,,N,E,I,A,A,H,-,A,A,0,,,,,Y,,A,01,0,0,1,0,0,0,0,0,0,"- ","- ",37.912189483642578,-121.88229370117188,"CONTRA COSTA",UNINCORPORATED,-121.88331604003906,37.912220001220703
91044308,2019,2019-08-02,9320,2019-07-30,0755,016503,,2,1,5,0708,0,1,3,,2,403,"SR-4 W/B","BAILEY RD. U/C",2904.00,E,N,A,-,Y,,,,,,,,,,Y,2,0,1,3,A,-,07,21658,A,N,H,C,A,A,H,-,A,D,0,,,Y,,Y,,D,22,1,0,0,0,0,0,0,0,1,"- ","- ",38.19110107421875,-121.93163299560547,"CONTRA COSTA",PITTSBURG,-121.93179321289062,38.019111633300781
91044491,2019,2019-08-02,9320,2019-07-30,1620,021352,,2,2,9,0700,0,1,1,,2,180,"I-80 E/B","WILLOW AVENUE",800.00,E,N,A,-,Y,,,80,,,,,,E,Y,4,0,3,3,A,-,03,22350,,N,C,C,A,A,H,-,A,D,0,,,,,Y,,A,01,0,0,3,0,0,0,0,0,0,"- ","- ",38.027061462402344,-122.25803375244141,"CONTRA COSTA",UNINCORPORATED,-122.25806427001953,38.027095794677734
91045019,2019,2019-08-05,9370,2019-07-24,0735,019695,,3,1,9,0700,0,1,1,,2,083,"I-80 W/B","SAN PABLO DAM ROAD",1200.00,E,N,A,-,Y,,,80,,,,,,W,Y,3,0,1,2,A,-,07,21658,A,N,B,C,A,A,H,-,A,D,0,,,Y,,Y,,A,01,0,1,0,0,0,0,0,0,1,"- ","- ",37.963909149169922,-122.32685089111328,"CONTRA COSTA",UNINCORPORATED,-122.32683563232422,37.963882446289062
91045047,2019,2019-08-05,9350,2019-07-26,0144,021487,,5,3,9,0700,0,1,1,,2,115,"I-580 W/B","RICHMOND SAN RAFAEL BRIDGE TOLL PLAZA",9.00,E,N,A,-,Y,,,,,,,,,,Y,3,0,1,1,A,-,01,23152,A,M,E,I,A,A,H,-,C,D,0,,,,,Y,Y,A,07,0,1,0,0,0,0,0,0,0,"- ","- ",37.932430267333984,-122.40326690673828,"CONTRA COSTA",UNINCORPORATED,,
91045098,2019,2019-08-05,9320,2019-07-27,1946,022082,,6,2,6,0704,0,1,3,,2,242,"SR-242 N/B TO SR-4 W/B","ARNOLD INDUSTRIAL WAY",321.00,S,N,A,-,Y,,,242,,,,R,,N,Y,4,0,1,1,A,-,08,22107,,N,E,I,A,A,H,-,B,A,0,,,,,Y,,A,01,0,0,1,0,0,0,0,0,0,"- ","- ",38.004901885986328,-122.03710174560547,"CONTRA COSTA",CONCORD,-122.03710174560547,38.004901885986328
91045183,2019,2019-08-05,9320,2019-07-26,2235,020834,,5,3,5,0701,0,1,3,,2,405,"SR-4 W/B TO LAUREL RD","LAUREL RD",38.00,E,N,A,-,Y,,,,,,,,,,Y,4,0,1,3,A,-,01,23152,A,N,C,C,A,A,H,-,C,A,0,,,,,Y,,D,22,0,0,1,0,0,0,0,0,0,"- ","- ",39.979118347167969,-121.74343872070312,"CONTRA COSTA",ANTIOCH,-121.74398040771484,37.978908538818359
91045235,2019,2019-08-05,9320,2019-07-28,2243,021590,,7,3,9,0700,0,2,4,,2,012,"SAN PABLO DAM ROAD","PHEASANT LANE",0.00,,Y,A,-,N,,,,,,,,,,N,4,0,1,2,A,-,09,21801,A,N,D,C,A,A,H,-,D,D,0,,,Y,,Y,,A,01,0,0,1,0,0,0,0,0,1,"- ","- ",37.963401794433594,-122.29209899902344,"CONTRA COSTA",UNINCORPORATED,-122.29219818115234,37.963371276855469
91045285,2019,2019-08-05,9320,2019-07-29,1808,021423,,1,2,4,0709,0,1,1,,2,682,"I-680 N/B TO MONUMENT BLVD","MONUMENT BLVD",125.00,S,N,A,-,Y,,,680,,,,R,,N,N,4,0,1,2,A,-,07,21658,A,N,C,C,A,A,H,-,A,A,0,,,,,Y,Y,D,22,0,0,1,0,0,0,0,0,0,"- ","- ",37.944881439208984,-122.05782318115234,"CONTRA COSTA","PLEASANT HILL",-122.05782318115234,37.944881439208984
91045344,2019,2019-08-05,9320,2019-07-30,1600,021023,,2,2,9,0700,0,3,5,,2,075,"KEVIN DRIVE","SHARON WAY",0.00,,Y,A,-,N,,,,,,,,,,Y,3,0,1,2,A,-,09,21801,A,N,A,C,A,A,H,-,A,D,0,,,,,Y,,D,22,0,1,0,0,0,0,0,0,0,"- ","- ",38.031719207763672,-121.95948028564453,"CONTRA COSTA",UNINCORPORATED,-121.95945739746094,38.031681060791016
91045434,2019,2019-08-05,9320,2019-07-30,0540,018628,,2,3,9,0700,0,1,3,,1,406,"SR-4 EASTBOUND","DISCOVERY BAY BLVD",20.00,W,N,A,-,Y,,,4,,,,,,E,Y,4,0,2,2,A,-,01,23152,A,N,C,C,A,A,H,-,C,D,0,,,,,Y,Y,A,01,0,0,2,0,0,0,0,0,0,"- ","- ",37.890098571777344,-121.60237121582031,"CONTRA COSTA",UNINCORPORATED,-121.60237121582031,37.890167236328125
91045719,2019,2019-08-05,9320,2019-07-28,1635,021526,,7,2,9,0700,0,2,4,,2,062,"CAMILLE AVENUE","IRON HORSE REGIONAL TRAIL",0.00,,Y,A,-,N,,,,,,,,,,N,4,0,1,2,A,-,03,22350,,N,H,G,A,A,H,-,A,D,0,,Y,,,Y,,D,22,0,0,1,0,0,0,1,0,0,"- ","- ",37.836898803710938,-122.02216339111328,"CONTRA COSTA",UNINCORPORATED,-122.022164,37.836869
91045786,2019,2019-08-06,9370,2019-07-30,1809,022086,,2,2,5,0710,0,1,1,,2,082,"I-80 E/B","CARLSON BLVD",1410.00,W,N,A,-,Y,,,,,,,,,,N,4,0,1,3,A,-,03,22350,,N,C,C,A,A,H,-,A,D,0,,,,,Y,,A,01,0,0,1,0,0,0,0,0,0,"- ","- ",37.545330047607422,-122.19024658203125,"CONTRA COSTA",RICHMOND,-122.31733703613281,37.91473388671875
91045836,2019,2019-08-06,9320,2019-07-28,1657,022082,,7,2,5,0708,0,1,3,,2,403,SR-4,"SAN MARCO BLVD",2867.00,W,N,A,-,Y,,,4,,,,,,,Y,4,0,2,3,A,-,07,21658,A,N,B,C,A,A,H,-,A,A,0,,,,,Y,,-,99,0,0,2,0,0,0,0,0,0,"- ","- ",38.023200988769531,-121.97630310058594,"CONTRA COSTA",PITTSBURG,-121.976318359375,38.023269653320312
91045838,2019,2019-08-06,9320,2019-07-31,1530,018525,,3,2,9,0700,0,1,3,,2,241,"SR-24 E/B","ACALANES RD",500.00,E,N,A,-,Y,,,,,,,,,,Y,4,0,2,2,A,-,03,22350,,N,C,C,A,A,H,-,A,D,0,,,,,Y,,D,22,0,0,2,0,0,0,0,0,0,"- ","- ",,,"CONTRA COSTA",UNINCORPORATED,-122.15269470214844,37.891578674316406
91045846,2019,2019-08-06,9320,2019-07-31,0850,020984,,3,1,3,0715,0,1,3,,2,241,"SR-24 E/B","OAK HILL RD",20.00,W,N,A,-,Y,,,24,,,,,,E,Y,4,0,1,2,A,-,07,21658,A,N,B,C,A,A,H,-,A,D,0,,,,,Y,,A,01,0,0,1,0,0,0,0,0,0,"- ","- ",37.893699645996094,-122.12120056152344,"CONTRA COSTA",LAFAYETTE,-122.12120819091797,37.893730163574219
91045852,2019,2019-08-06,9320,2019-07-31,0910,020984,,3,1,3,0715,0,1,3,,2,240,"SR-24 W/B","ACALANES DR",1056.00,W,N,A,-,Y,,,24,,,,,,W,Y,4,0,1,2,A,-,03,22350,,N,C,C,A,A,H,-,A,D,0,,,,,Y,,A,01,0,0,1,0,0,0,0,0,0,"- ","- ",37.892501831054688,-122.15730285644531,"CONTRA COSTA",LAFAYETTE,-122.15727996826172,37.892650604248047
91045861,2019,2019-08-06,9320,2019-07-31,1600,021246,,3,2,5,0708,0,1,3,,2,403,"SR-4 E/B","SAN MARCO BOULEVARD",1000.00,W,N,A,-,Y,,,4,,,,,,E,Y,4,0,3,3,A,-,03,22350,,N,C,C,A,A,H,-,A,D,0,,,,,Y,,A,01,0,0,3,0,0,0,0,0,0,"- ","- ",38.022201538085938,-121.97920227050781,"CONTRA COSTA",PITTSBURG,-121.97921752929688,38.022243499755859
91045873,2019,2019-08-06,9320,2019-07-31,1720,021373,,3,2,9,0700,0,1,1,,2,683,"I-680 NB","MONUMENT BOULEVARD",30.00,N,N,A,-,Y,,,,,,,,,,Y,4,0,1,3,A,-,03,22350,,N,C,C,A,A,H,-,A,D,0,,,,,Y,,A,01,0,0,1,0,0,0,0,0,0,"- ","- ",37.945720672607422,-122.05782318115234,"CONTRA COSTA",UNINCORPORATED,-122.0579833984375,37.945419311523438
91045935,2019,2019-08-06,9320,2019-08-01,1450,021499,,4,2,9,0700,0,1,3,,2,402,"CONCORD AVE","STANWELL DR",500.00,W,N,A,-,N,,,,,,,,,,N,4,0,1,2,A,-,03,22350,,N,C,C,A,A,H,-,A,D,0,,,,,Y,,A,01,0,0,1,0,0,0,0,0,0,"- ","- ",37.98065185546875,-122.05206298828125,"CONTRA COSTA",UNINCORPORATED,-122.05194854736328,37.98052978515625
91045985,2019,2019-08-06,9320,2019-08-01,2130,021318,,4,2,3,0792,0,1,3,,2,241,"SR-24 E/B","SAINT STEPHENS",400.00,W,N,A,-,Y,,,,,,,,,,Y,4,0,1,1,A,-,08,22107,,N,A,I,A,A,H,-,A,D,0,,,,,Y,,A,07,0,0,1,0,0,0,0,0,0,"- ","- ",37.897098541259766,-122.17185974121094,"CONTRA COSTA",ORINDA,-122.17234039306641,37.890960693359375