CASE_ID,ACCIDENT_YEAR,PROC_DATE,JURIS,COLLISION_DATE,COLLISION_TIME,OFFICER_ID,REPORTING_DISTRICT,DAY_OF_WEEK,CHP_SHIFT,POPULATION,CNTY_CITY_LOC,SPECIAL_COND,BEAT_TYPE,CHP_BEAT_TYPE,CITY_DIVISION_LAPD,CHP_BEAT_CLASS,BEAT_NUMBER,PRIMARY_RD,SECONDARY_RD,DISTANCE,DIRECTION,INTERSECTION,WEATHER_1,WEATHER_2,STATE_HWY_IND,CALTRANS_COUNTY,CALTRANS_DISTRICT,STATE_ROUTE,ROUTE_SUFFIX,POSTMILE_PREFIX,POSTMILE,LOCATION_TYPE,RAMP_INTERSECTION,SIDE_OF_HWY,TOW_AWAY,COLLISION_SEVERITY,NUMBER_KILLED,NUMBER_INJURED,PARTY_COUNT,PRIMARY_COLL_FACTOR,PCF_CODE_OF_VIOL,PCF_VIOL_CATEGORY,PCF_VIOLATION,PCF_VIOL_SUBSECTION,HIT_AND_RUN,TYPE_OF_COLLISION,MVIW,PED_ACTION,ROAD_SURFACE,ROAD_COND_1,ROAD_COND_2,LIGHTING,CONTROL_DEVICE,CHP_ROAD_TYPE,PEDESTRIAN_ACCIDENT,BICYCLE_ACCIDENT,MOTORCYCLE_ACCIDENT,TRUCK_ACCIDENT,NOT_PRIVATE_PROPERTY,ALCOHOL_INVOLVED,STWD_VEHTYPE_AT_FAULT,CHP_VEHTYPE_AT_FAULT,COUNT_SEVERE_INJ,COUNT_VISIBLE_INJ,COUNT_COMPLAINT_PAIN,COUNT_PED_KILLED,COUNT_PED_INJURED,COUNT_BICYCLIST_KILLED,COUNT_BICYCLIST_INJURED,COUNT_MC_KILLED,COUNT_MC_INJURED,PRIMARY_RAMP,SECONDARY_RAMP,LATITUDE,LONGITUDE,COUNTY,CITY,POINT_X,POINT_Y
91096889,2019,2019-10-14,9370,2019-10-02,0505,020941,,3,3,5,0710,0,1,1,,2,058,"I-580 W/B TO MARINA BAY PKWY","MARINA BAY PKWY",102.00,E,N,A,-,Y,,,580,,,,R,,W,N,2,0,1,2,A,-,05,21202,A,F,B,G,A,A,H,-,D,D,0,,Y,,,Y,,L,04,1,0,0,0,0,0,1,0,0,"- ","- ",37.922920227050781,-122.34687042236328,"CONTRA COSTA",RICHMOND,-122.34687042236328,37.922920227050781
91097133,2019,2019-10-14,9370,2019-10-08,1435,021866,,2,2,3,0707,0,1,1,,2,083,"I-80 E/B","APPIAN WAY",2300.00,W,N,A,-,Y,,,80,,,,,,E,Y,4,0,1,2,A,-,03,22350,,N,C,C,A,A,H,-,A,D,0,,,Y,,Y,,C,02,0,0,1,0,0,0,0,0,1,"- ","- ",37.991130828857422,-122.30960083007812,"CONTRA COSTA",PINOLE,-122.30954742431641,37.991016387939453
91097357,2019,2019-10-15,9320,2019-10-07,1055,016788,,1,1,9,0700,0,1,3,,2,400,"SR-4 W/B","CLEAYS LANE",64.00,W,N,A,-,Y,,,4,,,,,,W,Y,3,0,1,1,A,-,08,22107,,N,E,I,A,A,H,-,A,D,0,,,,,Y,,A,01,0,1,0,0,0,0,0,0,0,"- ","- ",38.014858245849609,-122.24072265625,"CONTRA COSTA",UNINCORPORATED,-122.24075317382812,38.014705657958984
91097363,2019,2019-11-25,9320,2019-10-08,0810,014911,,2,1,3,0792,0,1,3,,2,240,"SR-24 W/B","ST. STEPHENS ROAD O/C",1056.00,W,N,A,-,Y,,,,,,,,,,N,3,0,1,2,A,-,03,22350,,N,B,C,A,A,H,-,A,D,0,,,Y,,Y,,C,02,0,1,0,0,0,0,0,0,1,"- ","- ",,,"CONTRA COSTA",ORINDA,-122.17442321777344,37.890312194824219
91097384,2019,2019-10-15,9320,2019-10-08,1405,021352,,2,2,3,0706,0,1,1,,2,180,"I-80 E/B",SR-4,800.00,W,N,A,-,Y,,,80,,,,,,E,Y,3,0,1,1,A,-,03,22350,,N,F,A,A,A,H,-,A,D,0,,,Y,,Y,,C,02,0,1,0,0,0,0,0,0,1,"- ","- ",38.008769989013672,-122.27507019042969,"CONTRA COSTA",HERCULES,-122.27507019042969,38.008769989013672
91097421,2019,2019-10-15,9320,2019-10-08,0547,014911,,2,3,5,0712,0,1,1,,2,682,"I-680 S/B","NORTH MAIN STREET O/C",1584.00,S,N,A,-,Y,,,,,,,,,,Y,4,0,2,3,A,-,03,22350,,N,C,C,A,A,H,-,C,D,0,,,,,Y,,A,01,0,0,2,0,0,0,0,0,0,"- ","- ",,,"CONTRA COSTA","WALNUT CREEK",-122.06764221191406,37.911727905273438
91097432,2019,2019-10-15,9320,2019-10-08,0805,016094,,2,1,9,0700,0,1,3,,2,404,"SR-4 (W/B)","LOVERIDGE RD.",455.00,E,N,A,-,Y,,,,,,,,,,Y,3,0,1,3,A,-,03,22350,,N,C,C,A,A,H,-,A,D,0,,,,,Y,,A,01,0,1,0,0,0,0,0,0,0,"- ","- ",,,"CONTRA COSTA",UNINCORPORATED,-121.86727142333984,38.011680603027344
91097438,2019,2019-10-15,9370,2019-09-25,0814,019695,,3,1,5,0710,0,1,1,,2,083,"I-80 W/B","RICHMOND PARKWAY",850.00,W,N,A,-,Y,,,80,,,,,,W,Y,2,0,1,2,A,-,07,21658,A,N,B,C,A,A,H,-,A,D,0,,,Y,,Y,,A,01,1,0,0,0,0,0,0,0,1,"- ","- ",37.983978271484375,-122.31620788574219,"CONTRA COSTA",RICHMOND,-122.31620025634766,37.983978271484375
91097474,2019,2019-10-15,9320,2019-10-08,1625,021433,,2,2,9,0700,0,3,5,,2,060,"OLYMPIC BLVD E/B","BRIDGEFIELD RD",0.00,,Y,A,-,N,,,,,,,,,,Y,4,0,1,3,A,-,03,22350,,N,C,C,A,A,H,-,A,D,0,,,,,Y,,A,07,0,0,1,0,0,0,0,0,0,"- ","- ",37.884418487548828,-122.08386993408203,"CONTRA COSTA",UNINCORPORATED,-122.08384704589844,37.884418487548828
91097504,2019,2019-10-15,9390,2019-10-05,2040,020494,,6,2,9,0700,0,2,4,,2,112,"CAMINO TASSAJARA","BRUCE DRIVE",0.00,,Y,A,-,N,,,,,,,,,,Y,3,0,1,2,A,-,09,21802,A,N,D,G,A,A,H,-,D,A,0,,Y,,,Y,,A,01,0,1,0,0,0,0,1,0,0,"- ","- ",37.791790008544922,-121.86351013183594,"CONTRA COSTA",UNINCORPORATED,-121.86383056640625,37.791538238525391
91097681,2019,2019-10-15,9320,2019-10-09,1355,018371,,3,1,3,0707,0,1,1,,2,180,"INTERSTATE 80 WESTBOUND","APPIAN WAY",1320.00,E,N,A,-,Y,,,,,,,,,,Y,3,0,1,1,A,-,08,22107,,N,E,I,A,A,H,-,A,A,0,,,,,Y,,A,01,0,1,0,0,0,0,0,0,0,"- ","- ",,,"CONTRA COSTA",PINOLE,-122.30168914794922,37.993488311767578
91097772,2019,2019-10-15,9370,2019-10-05,0050,021979,,6,3,5,0710,0,1,1,,2,083,"I-80 EB TO RICHMOND PARKWAY","RICHMOND PARKWAY",500.00,W,N,A,-,Y,,,80,,,,R,,E,Y,3,0,1,1,A,-,01,23152,A,N,F,A,A,A,H,-,D,D,0,,,,,Y,Y,A,07,0,1,0,0,0,0,0,0,0,"- ","- ",37.985519409179688,-122.31484222412109,"CONTRA COSTA",RICHMOND,-122.31484222412109,37.985519409179688
91097851,2019,2019-10-15,9320,2019-10-03,0630,016563,,4,1,4,0709,0,1,1,,2,683,"I-680 S/B","MONUMENT BLVD",500.00,N,N,A,-,Y,,,680,,,,,,S,N,3,0,1,3,A,-,03,22350,,N,C,C,A,A,A,-,D,D,0,,,,,Y,,A,07,0,1,0,0,0,0,0,0,0,"- ","- ",37.946678161621094,-122.05763244628906,"CONTRA COSTA","PLEASANT HILL",-122.0577392578125,37.946727752685547
91097868,2019,2019-10-15,9390,2019-10-07,1640,018869,,1,2,4,0791,0,1,1,,2,068,"I680 S/B","MONTEVIDEO DRIVE UNDERCROSSING",300.00,N,N,A,-,Y,,,,,,,,,,Y,4,0,1,2,A,-,03,22350,,N,C,C,A,A,H,-,A,D,0,,,,,Y,,A,01,0,0,1,0,0,0,0,0,0,"- ","- ",37.749931335449219,-121.95897674560547,"CONTRA COSTA","SAN RAMON",,
91097952,2019,2019-10-15,9320,2019-10-07,0800,016788,,1,1,9,0700,0,2,4,,2,038,"ALHAMBRA VALLEY RD","CASTRO RANCH RD",0.00,,Y,A,-,N,,,,,,,,,,Y,3,0,6,2,A,-,09,21801,A,N,A,C,A,A,H,-,A,D,0,,,,,Y,,A,01,0,2,4,0,0,0,0,0,0,"- ","- ",37.97100830078125,-122.24327850341797,"CONTRA COSTA",UNINCORPORATED,-122.24318695068359,37.971088409423828
91098314,2019,2019-10-16,9320,2019-10-04,0530,021460,,5,3,9,0700,0,1,3,,2,242,"SR-242 N/B","SOLONO WAY",390.00,S,N,A,-,Y,,,,,,,,,,Y,3,0,1,3,C,-,18,,,N,D,C,A,A,H,-,D,D,0,,,,,Y,,-,"- ",0,1,0,0,0,0,0,0,0,"- ","- ",37.987281799316406,-122.04061889648438,"CONTRA COSTA",UNINCORPORATED,-122.04070281982422,37.987674713134766
91098330,2019,2019-10-16,9320,2019-10-02,0835,021203,,3,1,4,0714,0,3,5,,2,040,"PACHECO BOULEVARD","MUIR ROAD",0.00,,Y,A,-,N,,,,,,,,,,Y,4,0,1,2,A,-,12,21453,A,N,D,C,A,A,H,-,A,A,0,,,,,Y,,D,22,0,0,1,0,0,0,0,0,0,"- ","- ",37.992118835449219,-122.0738525390625,"CONTRA COSTA",MARTINEZ,-122.07376861572266,37.992069244384766
91098364,2019,2019-10-16,9320,2019-10-05,1945,021433,,6,2,9,0700,0,1,3,,2,401,"SR-4 WB","MCEWEN RD U/C",7128.00,E,N,A,-,Y,,,,,,,,,,Y,3,0,1,1,A,-,01,23152,A,N,E,I,A,A,H,-,D,D,0,,,,,Y,Y,A,01,0,1,0,0,0,0,0,0,0,"- ","- ",,,"CONTRA COSTA",UNINCORPORATED,-122.15718078613281,38.005451202392578
91098439,2019,2019-10-16,9350,2019-10-10,0833,016034,,4,1,9,0700,0,1,1,,2,115,"I-580 W/B","RICHMOND-SAN RAFAEL BRIDGE TOLL PLAZA",1584.00,W,N,A,-,Y,,,,,,,,,,N,4,0,2,3,A,-,03,22350,,N,C,C,A,A,H,-,A,D,0,,,,,Y,,D,22,0,0,2,0,0,0,0,0,0,"- ","- ",37.932701110839844,-122.40849304199219,"CONTRA COSTA",UNINCORPORATED,,
91098450,2019,2019-10-16,9320,2019-10-09,1102,017271,,3,1,9,0700,0,2,4,,2,043,"MARSH DR","SALLY RIDE DR",205.00,S,N,A,-,N,,,,,,,,,,Y,2,0,1,2,A,-,08,22107,,N,C,C,A,A,H,-,A,D,0,,,Y,,Y,,C,02,1,0,0,0,0,0,0,0,1,"- ","- ",37.986759185791016,-122.06308746337891,"CONTRA COSTA",UNINCORPORATED,-122.06304168701172,37.986995697021484
91098566,2019,2019-10-16,9320,2019-10-11,0810,014911,,5,1,3,0792,0,1,3,,2,240,"SR-24 E/B","ST. STEPHENS O/C",1584.00,W,N,A,-,Y,,,,,,,,,,Y,4,0,1,2,A,-,07,21658,A,N,D,C,A,A,H,-,A,D,0,,,,,Y,,A,01,0,0,1,0,0,0,0,0,0,"- ","- ",,,"CONTRA COSTA",ORINDA,-122.17559814453125,37.889007568359375
91098585,2019,2019-10-16,9320,2019-10-11,0015,021847,,5,3,9,0700,0,1,3,,2,405,"SR-4 E/B","LAUREL ROAD",2640.00,W,N,A,-,Y,,,,,,,,,,N,4,0,1,2,A,-,07,21658,A,N,B,C,A,A,H,-,D,D,0,,,,,Y,,A,01,0,0,1,0,0,0,0,0,0,"- ","- ",37.984500885009766,-121.78479766845703,"CONTRA COSTA",UNINCORPORATED,-121.74880981445312,37.985115051269531
91098743,2019,2019-10-16,9320,2019-10-11,0440,021293,,5,3,9,0700,0,1,1,,2,683,"I680 NB","MARINA VISTA AVE",2640.00,S,N,A,-,Y,,,,,,,,,,Y,4,0,2,2,A,-,03,22350,,N,C,C,A,A,H,-,D,D,0,,,,,Y,,A,01,0,0,2,0,0,0,0,0,0,"- ","- ",38.022109985351562,-122.10372924804688,"CONTRA COSTA",UNINCORPORATED,,
91098915,2019,2019-10-16,9370,2019-10-10,0630,021426,,4,1,5,0710,0,1,1,,2,058,"I-580 WESTBOUND","S. 2ND STREET",150.00,W,N,A,-,Y,,,580,,,,,,W,Y,4,0,2,2,A,-,03,22350,,N,C,C,A,A,H,-,A,D,0,,,,,Y,,A,07,0,0,2,0,0,0,0,0,0,"- ","- ",37.927169799804688,-122.36821746826172,"CONTRA COSTA",RICHMOND,-122.36821746826172,37.927162170410156
91099293,2019,2019-10-17,9390,2019-10-08,1840,019740,,2,2,4,0791,0,1,1,,2,068,"I-680 SOUTHBOUND","CROW CANYON ROAD",5280.00,N,N,A,-,Y,,,,,,,,,,Y,3,0,1,2,A,-,16,24002,A,N,H,J,A,A,H,-,A,D,0,,,,,Y,,A,01,0,1,0,0,0,0,0,0,0,"- ","- ",37.790370941162109,-121.98195648193359,"CONTRA COSTA","SAN RAMON",-121.97673797607422,37.779918670654297
91099382,2019,2019-10-17,9320,2019-10-09,1635,018525,,3,2,9,0700,0,1,3,,2,403,"SR-4 E/B","WILLOW PASS RD",1056.00,E,N,A,-,Y,,,,,,,,,,Y,3,0,1,2,A,-,03,22350,,N,C,C,A,A,H,-,A,D,0,,,,,Y,,A,01,0,1,0,0,0,0,0,0,0,"- ","- ",,,"CONTRA COSTA",UNINCORPORATED,-121.99727630615234,38.013568878173828
91099591,2019,2019-10-17,9320,2019-10-12,2255,022006,,6,3,9,0700,0,3,5,,2,010,"ROLPH AVENUE","POMONA ST",330.00,N,N,A,-,N,,,,,,,,,,N,3,0,1,1,A,-,08,22107,,N,E,I,A,A,H,-,D,D,0,,,Y,,Y,,C,02,0,1,0,0,0,0,0,0,1,"- ","- ",38.053340911865234,-122.22003173828125,"CONTRA COSTA",UNINCORPORATED,-122.21998596191406,38.053287506103516
91099598,2019,2019-10-17,9320,2019-10-13,1755,020984,,7,2,9,0700,0,2,4,,2,071,"WILLOW PASS RD","EVORA RD",50.00,N,N,A,-,N,,,,,,,,,,Y,4,0,1,2,A,-,03,22350,,N,C,C,A,A,H,-,A,A,0,,,,,Y,Y,A,01,0,0,1,0,0,0,0,0,0,"- ","- ",38.024700164794922,-121.96379852294922,"CONTRA COSTA",UNINCORPORATED,-121.99884796142578,38.014789581298828
91099633,2019,2019-10-17,9320,2019-10-13,1045,021185,,7,1,9,0700,0,1,1,,2,683,"INTERSTATE 680 NORTHBOUND","STATE ROUTE 4",2000.00,N,N,A,-,Y,,,680,,,,,,N,Y,3,0,1,1,A,-,03,22350,,N,F,A,A,A,H,-,A,D,0,,,Y,,Y,,C,02,0,1,0,0,0,0,0,0,1,"- ","- ",37.998691558837891,-122.07472991943359,"CONTRA COSTA",UNINCORPORATED,-122.07477569580078,37.998634338378906
91099902,2019,2019-10-17,9320,2019-10-14,1140,016094,,1,1,9,0700,0,1,3,,2,403,"SR-4 (E/B)","BAILEY RD",2640.00,E,N,A,-,Y,,,,,,,,,,Y,3,0,1,1,A,-,08,22107,,N,E,I,A,A,H,-,A,D,0,,,,,Y,,D,22,0,1,0,0,0,0,0,0,0,"- ","- ",,,"CONTRA COSTA",UNINCORPORATED,-121.93274688720703,38.018760681152344
91100324,2019,2019-10-18,9320,2019-10-10,0913,021864,,4,1,9,0700,0,2,4,,2,072,"BAILEY ROAD","WILLOW PASS ROAD",0.00,,Y,A,-,N,,,,,,,,,,Y,2,0,2,1,A,-,08,22107,,N,E,I,A,A,H,-,A,A,0,,,,,Y,,D,22,2,0,0,0,0,0,0,0,0,"- ","- ",38.026851654052734,-122.94167327880859,"CONTRA COSTA",UNINCORPORATED,-121.9420166015625,38.026760101318359
91100333,2019,2019-10-18,9320,2019-10-14,1750,018525,,1,2,9,0700,0,1,3,,2,241,"SR-24 E/B","ACALANES RD",200.00,W,N,A,-,Y,,,,,,,,,,Y,3,0,2,2,A,-,03,22350,,N,C,C,A,A,H,-,A,D,0,,,,,Y,,A,01,0,1,1,0,0,0,0,0,0,"- ","- ",,,"CONTRA COSTA",UNINCORPORATED,-122.15508270263672,37.891933441162109
91100405,2019,2019-10-18,9320,2019-10-11,1920,021499,,5,2,9,0700,0,1,1,,2,681,"I-680 N/B","RUDGEAR RD",1600.00,N,N,A,-,Y,,,680,,,,,,N,Y,3,0,1,4,A,-,03,22350,,N,C,C,A,A,H,-,D,D,0,,,,,Y,,A,01,0,1,0,0,0,0,0,0,0,"- ","- ",37.88330078125,-122.05243682861328,"CONTRA COSTA",UNINCORPORATED,-122.05245208740234,37.883281707763672
91100553,2019,2019-10-18,9320,2019-10-15,0740,020957,,2,1,9,0700,0,1,3,,2,402,"SR-4 E/B","PINE STREET",3000.00,E,N,A,-,Y,,,,,,,,,,Y,4,0,1,2,A,-,08,22107,,N,B,C,A,A,H,-,A,D,0,,,,,Y,,A,01,0,0,1,0,0,0,0,0,0,"- ","- ",37.995639801025391,-122.11078643798828,"CONTRA COSTA",UNINCORPORATED,,
91100605,2019,2019-10-18,9320,2019-10-15,1030,020957,,2,1,9,0700,0,1,3,,2,402,"SR-4 W/B","PORT CHICAGO HWY",3000.00,W,N,A,-,Y,,,,,,,,,,N,4,0,1,2,A,-,03,22350,,N,C,C,A,A,H,-,A,D,0,,,,,Y,,A,01,0,0,1,0,0,0,0,0,0,"- ","- ",38.007400512695312,-122.03549957275391,"CONTRA COSTA",UNINCORPORATED,-122.03286743164062,38.007740020751953
91100608,2019,2019-10-18,9320,2019-10-15,0835,016503,,2,1,5,0708,0,1,3,,2,403,"SR-4 W/B","RAILROAD AVE. O/C",2059.00,W,N,A,-,Y,,,4,,,,,,W,N,3,0,1,2,A,-,03,22350,,N,C,C,A,A,H,-,A,D,0,,,,,Y,,A,07,0,1,0,0,0,0,0,0,0,"- ","- ",38.018901824951172,-121.89639282226562,"CONTRA COSTA",PITTSBURG,-121.89639282226562,38.018882751464844
91100649,2019,2019-10-18,9320,2019-10-17,1650,017533,,4,2,6,0704,0,1,3,,2,242,"SR-242 N/B","MEADOW LANE",2000.00,S,N,A,-,Y,,,242,,,,,,N,Y,3,0,1,2,A,-,03,22350,,N,C,C,A,A,H,-,A,D,0,,,,Y,Y,,A,07,0,1,0,0,0,0,0,0,0,"- ","- ",37.961620330810547,-122.05094146728516,"CONTRA COSTA",CONCORD,-122.05097198486328,37.961631774902344
9110130,2020,2020-11-02,0700,2020-05-19,1234,OA009,59,2,5,3,0734,0,0,0,,0,052,"MAIN ST","BROWNSTONE RD",103.00,N,N,A,-,N,,,,,,,,,,Y,4,0,1,2,A,-,03,22350,,F,C,C,A,A,H,-,A,D,0,,,,,Y,,A,01,0,0,1,0,0,0,0,0,0,"- ","- ",37.582820892333984,-121.41763305664062,"CONTRA COSTA",OAKLEY,-121.69601440429688,37.971603393554688
91101625,2019,2019-10-21,9320,2019-10-09,0820,016788,,3,1,9,0700,0,2,4,,2,012,"SAN PABLO DAM RD","CASTRO RANCH RD",75.00,W,N,A,-,N,,,,,,,,,,Y,4,0,1,3,A,-,03,22350,,M,C,C,A,A,H,-,A,A,0,,,,Y,Y,,F,26,0,0,1,0,0,0,0,0,0,"- ","- ",37.953159332275391,-122.27203369140625,"CONTRA COSTA",UNINCORPORATED,-122.27218627929688,37.953319549560547
91102087,2019,2019-10-21,9320,2019-10-12,0130,021864,,6,3,3,0707,0,1,1,,2,180,"I-80 OFF-RAMP TO PINOLE VALLEY ROAD","PINOLE VALLEY ROAD",25.00,W,N,A,-,Y,,,80,,,,R,,,N,4,0,1,2,A,-,03,22350,,M,C,C,A,A,H,-,D,D,0,,,,,Y,Y,D,22,0,0,1,0,0,0,0,0,0,"- ","- ",37.996608734130859,-122.28591156005859,"CONTRA COSTA",PINOLE,-122.28591156005859,37.996608734130859
91102503,2019,2019-10-22,9370,2019-10-08,0730,019695,,2,1,9,0700,0,3,5,,2,012,"ROLLINDWOOD DRIVE","GREENWOOD DRIVE",0.00,,Y,A,-,N,,,,,,,,,,Y,2,0,1,2,A,-,09,21802,A,N,D,C,A,A,H,-,A,A,0,,,,,Y,,A,01,1,0,0,0,0,0,0,0,0,"- ","- ",37.966541290283203,-122.3284912109375,"CONTRA COSTA",UNINCORPORATED,-122.328491,37.966540999999999
91102519,2019,2019-10-22,9320,2019-10-14,1155,021203,,1,1,4,0714,0,1,3,,2,402,"SR-4 EASTBOUND","PINE STREET",210.00,W,N,A,-,Y,,,4,,,,,,E,Y,2,0,1,2,A,-,07,21658,A,F,F,A,A,A,H,-,A,D,0,,,,,Y,,-,99,1,0,0,0,0,0,0,0,0,"- ","- ",37.994438171386719,-122.12085723876953,"CONTRA COSTA",MARTINEZ,-122.12092590332031,37.994552612304688
91102530,2019,2019-10-22,9320,2019-10-14,2351,021864,,1,3,9,0700,0,1,3,,2,402,"SR-4 EASTBOUND","KINNE BLVD",1267.00,E,N,A,-,Y,,,,,,,,,,Y,4,0,1,2,A,-,03,22350,,N,G,C,A,A,C,H,C,D,0,,,,,Y,,A,01,0,0,1,0,0,0,0,0,0,"- ","- ",38.011871337890625,-122.00723266601562,"CONTRA COSTA",UNINCORPORATED,-122.00723266601562,38.011863708496094
91102595,2019,2019-10-22,9320,2019-10-13,0044,021857,,7,3,6,0704,0,1,3,,2,403,"WILLOW PASS ROAD TO SR-4 EASTBOUND","WILLOW PASS ROAD",528.00,E,N,A,-,Y,,,,,,,,,,Y,4,0,1,2,A,-,01,23152,A,N,C,E,A,A,H,-,D,D,0,,,,,Y,Y,A,01,0,0,1,0,0,0,0,0,0,"- ","- ",38.01422119140625,-121.99439239501953,"CONTRA COSTA",CONCORD,,
91102689,2019,2019-10-22,9320,2019-10-14,1545,021433,,1,2,9,0700,0,2,4,,2,013,"SAN PABLO DAM RD E/B","OLD SAN PABLO DAM RD",2941.00,W,N,A,-,N,,,,,,,,,,Y,3,0,4,4,A,-,05,21460,A,N,A,C,A,A,H,-,A,A,0,,,,,Y,,A,01,0,2,2,0,0,0,0,0,0,"- ","- ",37.9051513671875,-122.225341796875,"CONTRA COSTA",UNINCORPORATED,-122.26163482666016,37.940864562988281
91102756,2019,2019-10-22,9320,2019-10-15,1615,021373,,2,2,9,0700,0,1,1,,2,681,"I-680 SB","LIVORNA RD.",0.00,,N,A,-,Y,,,680,,,,,,S,N,4,0,1,2,A,-,03,22350,,N,C,C,A,A,H,-,A,D,0,,,,,Y,,A,08,0,0,1,0,0,0,0,0,0,"- ","- ",37.86676025390625,-122.03901672363281,"CONTRA COSTA",UNINCORPORATED,-122.03903198242188,37.866748809814453
91102875,2019,2019-10-22,9320,2019-10-16,1639,019759,,3,2,9,0700,0,2,4,,2,093,"BYRON HIGHWAY","CAMINO DIABLO",600.00,S,N,A,-,N,,,,,,,,,,Y,3,0,1,2,A,-,06,21755,,N,D,C,A,A,H,-,A,A,0,,,Y,,Y,,C,02,0,1,0,0,0,0,0,0,1,"- ","- ",37.866069793701172,-121.63675689697266,"CONTRA COSTA",UNINCORPORATED,-121.63722229003906,37.866134643554688
91102879,2019,2019-10-22,9320,2019-10-17,2200,021864,,4,3,9,0700,0,3,5,,2,060,"PINEHURST ROAD","MANZANITA DR",6864.00,S,N,A,-,N,,,,,,,,,,Y,3,0,1,1,A,-,08,22107,,N,E,I,A,A,H,-,D,D,0,,,,,Y,,A,01,0,1,0,0,0,0,0,0,0,"- ","- ",37.840900421142578,-122.18489837646484,"CONTRA COSTA",UNINCORPORATED,-122.18483734130859,37.840652465820312
91102905,2019,2019-10-22,9320,2019-10-16,0905,018628,,3,1,9,0700,0,2,4,,2,094,"BYRON HIGHWAY",SR-4,25.00,S,N,A,-,N,,,,,,,,,,N,4,0,1,2,A,-,03,22350,,N,C,C,A,A,H,-,A,A,0,,,,Y,Y,,G,27,0,0,1,0,0,0,0,0,0,"- ","- ",37.890201568603516,-121.64109802246094,"CONTRA COSTA",UNINCORPORATED,-121.64099884033203,37.890350341796875
91102987,2019,2019-10-22,9320,2019-10-16,1915,021433,,3,2,9,0700,0,1,3,,2,402,"SR-4 EB",SR-242,1056.00,W,N,A,-,Y,,,,,,,,,,Y,4,0,1,3,A,-,03,22350,,M,C,C,A,A,H,-,C,D,0,,,,,Y,,A,01,0,0,1,0,0,0,0,0,0,"- ","- ",,,"CONTRA COSTA",UNINCORPORATED,,
91103093,2019,2019-10-22,9320,2019-10-16,1920,021433,,3,2,9,0700,0,1,3,,2,402,"SR-4 EB","SR-242 O/C",950.00,W,N,B,-,Y,,,,,,,,,,N,4,0,1,2,A,-,11,21954,A,N,G,B,E,A,H,-,C,D,0,Y,,,,Y,,N,60,0,0,1,0,1,0,0,0,0,"- ","- ",,,"CONTRA COSTA",UNINCORPORATED,,
91103112,2019,2019-10-22,9320,2019-10-16,0550,016094,,3,3,9,0700,0,1,3,,2,404,SR-4(W/B),"LOVERIDGE RD.",2112.00,W,N,A,-,Y,,,,,,,,,,Y,2,0,1,3,A,-,03,22350,,N,C,C,A,A,H,-,D,D,0,,,,Y,Y,,F,26,1,0,0,0,0,0,0,0,0,"- ","- ",,,"CONTRA COSTA",UNINCORPORATED,-121.87474060058594,38.013256072998047
91103450,2019,2019-10-23,9370,2019-10-14,0950,021743,,1,1,4,0711,0,1,1,,2,083,"I-80 W/B","EL PORTAL DRIVE",850.00,W,N,A,-,Y,,,80,,,,,,W,Y,4,0,1,2,A,-,07,21658,A,N,B,C,A,A,H,-,A,D,0,,,,,Y,,A,01,0,0,1,0,0,0,0,0,0,"- ","- ",37.964908599853516,-122.32505035400391,"CONTRA COSTA","SAN PABLO",-122.32498168945312,37.964778900146484
91103673,2019,2019-10-23,9320,2019-10-19,2353,022123,,6,3,9,0700,0,1,3,,2,403,"SR-4 E/B","BAILEY RD.",2000.00,E,N,A,-,Y,,,4,,,,,,E,Y,2,0,2,2,A,-,03,22350,,N,C,C,A,A,H,-,D,D,0,,,Y,,Y,,C,02,1,0,1,0,0,0,0,0,1,"- ","- ",38.018730163574219,-121.93512725830078,"CONTRA COSTA",UNINCORPORATED,-121.93512725830078,38.018795013427734
91103676,2019,2019-10-23,9320,2019-10-07,1110,019283,,1,1,6,0704,0,1,3,,2,242,"SR 242 S/B","SR 4 E/B TO PORT CHICAGO HWY O/C",25.00,S,N,A,-,Y,,,242,,,,,,S,Y,2,0,1,1,A,-,08,22107,,N,F,A,A,A,H,-,A,D,0,,,,,Y,,D,22,1,0,0,0,0,0,0,0,0,"- ","- ",38.005130767822266,-122.0369873046875,"CONTRA COSTA",CONCORD,-122.03681182861328,38.005023956298828
91103768,2019,2019-10-23,9320,2019-10-17,1600,017211,,4,2,9,0700,0,1,1,,2,180,"INTERSTATE 80 E/B","WILLOW AVENUE",1560.00,E,N,A,-,Y,,,80,,,,,,E,Y,4,0,3,5,A,-,03,22350,,N,C,C,A,A,C,H,A,D,0,,,,,Y,,D,22,0,0,3,0,0,0,0,0,0,"- ","- ",38.026168823242188,-122.25894165039062,"CONTRA COSTA",UNINCORPORATED,-122.25893402099609,38.026165008544922
91103784,2019,2019-10-23,9320,2019-10-17,1700,017211,,4,2,9,0700,0,2,4,,2,032,"POMONA STREET","INTERSTATE 80 E/B FROM POMONA STREET",0.00,,Y,A,-,N,,,,,,,,,,Y,4,0,3,2,A,-,09,21801,A,N,A,C,A,A,H,-,A,D,0,,,,,Y,,A,01,0,0,3,0,0,0,0,0,0,"- ","- ",38.052440643310547,-122.22698211669922,"CONTRA COSTA",UNINCORPORATED,-122.2269,38.052424999999999