CASE_ID,ACCIDENT_YEAR,PROC_DATE,JURIS,COLLISION_DATE,COLLISION_TIME,OFFICER_ID,REPORTING_DISTRICT,DAY_OF_WEEK,CHP_SHIFT,POPULATION,CNTY_CITY_LOC,SPECIAL_COND,BEAT_TYPE,CHP_BEAT_TYPE,CITY_DIVISION_LAPD,CHP_BEAT_CLASS,BEAT_NUMBER,PRIMARY_RD,SECONDARY_RD,DISTANCE,DIRECTION,INTERSECTION,WEATHER_1,WEATHER_2,STATE_HWY_IND,CALTRANS_COUNTY,CALTRANS_DISTRICT,STATE_ROUTE,ROUTE_SUFFIX,POSTMILE_PREFIX,POSTMILE,LOCATION_TYPE,RAMP_INTERSECTION,SIDE_OF_HWY,TOW_AWAY,COLLISION_SEVERITY,NUMBER_KILLED,NUMBER_INJURED,PARTY_COUNT,PRIMARY_COLL_FACTOR,PCF_CODE_OF_VIOL,PCF_VIOL_CATEGORY,PCF_VIOLATION,PCF_VIOL_SUBSECTION,HIT_AND_RUN,TYPE_OF_COLLISION,MVIW,PED_ACTION,ROAD_SURFACE,ROAD_COND_1,ROAD_COND_2,LIGHTING,CONTROL_DEVICE,CHP_ROAD_TYPE,PEDESTRIAN_ACCIDENT,BICYCLE_ACCIDENT,MOTORCYCLE_ACCIDENT,TRUCK_ACCIDENT,NOT_PRIVATE_PROPERTY,ALCOHOL_INVOLVED,STWD_VEHTYPE_AT_FAULT,CHP_VEHTYPE_AT_FAULT,COUNT_SEVERE_INJ,COUNT_VISIBLE_INJ,COUNT_COMPLAINT_PAIN,COUNT_PED_KILLED,COUNT_PED_INJURED,COUNT_BICYCLIST_KILLED,COUNT_BICYCLIST_INJURED,COUNT_MC_KILLED,COUNT_MC_INJURED,PRIMARY_RAMP,SECONDARY_RAMP,LATITUDE,LONGITUDE,COUNTY,CITY,POINT_X,POINT_Y
91110283,2019,2019-10-30,9320,2019-10-28,0820,021949,,1,1,9,0700,0,1,3,,2,403,"SR-4 W/B","BAILEY RD.",2700.00,W,N,A,-,Y,,,4,,,,,,W,Y,4,0,1,4,A,-,03,22350,,N,C,C,A,A,H,-,A,D,0,,,,,Y,,A,07,0,0,1,0,0,0,0,0,0,"- ","- ",38.020339965820312,-121.95259094238281,"CONTRA COSTA",UNINCORPORATED,-121.95258331298828,38.020359039306641
91110542,2019,2019-10-31,9320,2019-10-30,1830,014911,,3,2,5,0701,0,1,3,,2,404,"SR-4 E/B","SR-160 O/C",1056.00,W,N,A,-,Y,,,,,,,,,,Y,4,0,1,3,A,-,03,22350,,N,C,C,A,A,H,-,D,A,0,,,,,Y,,A,07,0,0,1,0,0,0,0,0,0,"- ","- ",,,"CONTRA COSTA",ANTIOCH,-121.76943969726562,37.993053436279297
91110552,2019,2019-10-31,9320,2019-10-30,1915,021857,,3,2,6,0704,0,1,3,,2,242,"SR-242 NORTHBOUND","GRANT STREET",460.00,N,N,A,-,Y,,,,,,,,,,Y,4,0,1,3,A,-,03,22350,,N,C,C,A,A,H,-,C,D,0,,,,,Y,,A,01,0,0,1,0,0,0,0,0,0,"- ","- ",38.990348815917969,-122.04004669189453,"CONTRA COSTA",CONCORD,-122.04005432128906,37.989795684814453
91110592,2019,2019-10-31,9320,2019-10-20,1837,021649,,7,2,9,0700,0,1,3,,2,402,"SR-4 W/B TO I-680 N/B",I-680,382.00,E,N,A,-,Y,,,4,,,,R,,W,Y,3,0,2,1,A,-,08,22107,,N,E,I,A,A,H,-,C,D,0,,,,,Y,,A,07,0,1,1,0,0,0,0,0,0,"- ","- ",37.995521545410156,-122.06887817382812,"CONTRA COSTA",UNINCORPORATED,-122.06887817382812,37.995521545410156
91110748,2019,2019-10-31,9320,2019-10-30,1635,016503,,3,2,9,0700,0,1,3,,2,403,"SR-4 W/B TO S. BAILEY RD.","BAILEY RD.",243.00,W,N,A,-,Y,,,4,,,,R,,W,Y,3,0,1,1,A,-,08,22107,,N,E,I,A,A,H,-,A,D,0,,,,,Y,,A,01,0,1,0,0,0,0,0,0,0,"- ","- ",38.019279479980469,-121.94297027587891,"CONTRA COSTA",UNINCORPORATED,-121.94297027587891,38.019279479980469
91111481,2019,2019-11-01,9320,2019-10-27,1931,022123,,7,2,9,0700,0,2,4,,2,071,"WILLOW PASS RD.","MANOR DR.",60.00,W,N,A,-,N,,,,,,,,,,N,3,0,1,2,A,-,08,22107,,F,G,B,E,A,H,-,C,D,0,Y,,,,Y,,-,99,0,1,0,0,1,0,0,0,0,"- ","- ",38.026851654052734,-121.94789886474609,"CONTRA COSTA",UNINCORPORATED,-121.94774627685547,38.026775360107422
91111485,2019,2019-11-01,9320,2019-10-28,1716,019759,,1,2,9,0700,0,2,4,,2,096,"VASCO RD.","WALNUT BLVD.",0.00,,Y,A,-,N,,,,,,,,,,Y,3,0,1,2,A,-,09,21800,D,N,D,C,A,A,H,-,A,B,0,,,,,Y,,D,22,0,1,0,0,0,0,0,0,0,"- ","- ",37.887458801269531,-121.6964111328125,"CONTRA COSTA",UNINCORPORATED,-121.69647979736328,37.887500762939453
91111502,2019,2019-11-01,9320,2019-10-30,0745,019759,,3,1,5,0708,0,1,3,,2,404,"SR-4 W/B","HARBOR ST.",302.00,W,N,A,-,Y,,,4,,,,,,W,Y,3,0,1,2,A,-,07,21658,A,N,B,C,A,A,H,-,A,A,0,,,,,Y,,A,07,0,1,0,0,0,0,0,0,0,"- ","- ",38.015678405761719,-121.88359832763672,"CONTRA COSTA",PITTSBURG,-121.88358306884766,38.015739440917969
9111166,2020,2020-11-03,0740,2020-05-27,0815,SR078,SR/72,3,5,4,0791,0,0,0,,0,005,"BOLLINGER CANYON RD","BLUEHART DR",23.00,N,N,A,-,N,,,,,,,,,,N,4,0,1,1,A,-,01,23152,A,N,E,I,A,A,H,-,A,A,0,,,,,Y,Y,A,01,0,0,1,0,0,0,0,0,0,"- ","- ",37.769699096679688,-121.90895080566406,"CONTRA COSTA","SAN RAMON",-121.90892791748047,37.769893646240234
91111903,2019,2019-11-04,9320,2019-10-22,1530,018525,,2,2,6,0704,0,1,1,,2,683,"I-680 N/B","MONUMENT BLVD",528.00,N,N,A,-,Y,,,,,,,,,,Y,4,0,2,4,A,-,03,22350,,N,C,C,A,A,H,-,A,D,0,,,,Y,Y,,F,25,0,0,2,0,0,0,0,0,0,"- ","- ",,,"CONTRA COSTA",CONCORD,-122.05741119384766,37.946708679199219
91112457,2019,2019-11-04,9320,2019-10-25,1443,021514,,5,2,9,0700,0,1,3,,2,402,"SR-4 EB","SOLANO WAY",100.00,E,N,A,-,Y,,,4,,,,,,E,Y,4,0,1,2,A,-,03,22350,,N,C,C,A,A,H,-,A,D,0,,,,,Y,,A,07,0,0,1,0,0,0,0,0,0,"- ","- ",38.001300811767578,-122.05079650878906,"CONTRA COSTA",UNINCORPORATED,-122.05084228515625,38.001480102539062
91112512,2019,2019-11-04,9320,2019-10-26,1700,021023,,6,2,9,0700,0,3,5,,2,090,"WALNUT BOULEVARD","MARSH CREEK RD",550.00,S,N,A,-,N,,,,,,,,,,Y,3,0,1,1,A,-,08,22107,,N,F,A,A,A,H,-,A,D,0,,,,,Y,,A,01,0,1,0,0,0,0,0,0,0,"- ","- ",37.894809722900391,-121.69651794433594,"CONTRA COSTA",UNINCORPORATED,-121.69635772705078,37.894870758056641
91112723,2019,2019-11-04,9320,2019-10-28,1030,018628,,1,1,9,0700,0,3,5,,2,060,"HOLIDAY DR","LA SERENA AVE",528.00,W,N,A,-,N,,,,,,,,,,Y,3,0,1,1,A,-,08,22107,,N,E,I,A,A,H,-,A,D,0,,,,,Y,,A,01,0,1,0,0,0,0,0,0,0,"- ","- ",37.839088439941406,-122.03263092041016,"CONTRA COSTA",UNINCORPORATED,-122.03469848632812,37.841331481933594
91112741,2019,2019-11-04,9320,2019-10-28,2330,022006,,1,3,5,0712,0,1,1,,2,683,"I-680 NORTHBOUND","TREAT BOULEVARD",100.00,N,N,A,-,Y,,,680,,,,,,N,Y,4,0,1,1,A,-,08,22107,,N,E,I,A,A,H,-,C,D,0,,,,,Y,,A,01,0,0,1,0,0,0,0,0,0,"- ","- ",37.927131652832031,-122.06043243408203,"CONTRA COSTA","WALNUT CREEK",-122.06043243408203,37.927131652832031
91113061,2019,2019-11-04,9370,2019-11-03,1601,021519,,7,2,3,0705,0,1,1,,2,082,"I-80 E/B","POTRERO AVE",1375.00,W,N,A,-,Y,,,80,,,,,,E,N,4,0,1,2,A,-,03,22350,,N,C,C,A,A,H,-,A,D,0,,,,,Y,,A,01,0,0,1,0,0,0,0,0,0,"- ","- ",37.917011260986328,-122.31733703613281,"CONTRA COSTA","EL CERRITO",-122.3173828125,37.917007446289062
91113320,2019,2019-11-05,9320,2019-10-21,0552,019283,,1,3,6,0704,0,1,3,,2,402,"SR 4 W/B","PORT CHICAGO HWY U/C",4971.00,E,N,A,-,Y,,,4,,,,,,W,Y,4,0,3,4,A,-,03,22350,,M,C,C,A,A,H,-,C,D,0,,,,,Y,,A,08,0,0,3,0,0,0,0,0,0,"- ","- ",38.012481689453125,-122.00567626953125,"CONTRA COSTA",CONCORD,-122.00568389892578,38.012519836425781
91113378,2019,2019-11-05,9390,2019-10-29,0815,017095,,2,1,4,0790,0,1,1,,2,069,"I-680 NORTHBOUND","SYCAMORE VALLEY ROAD",1000.00,S,N,A,-,Y,,,680,,,,,,N,N,4,0,1,2,A,-,03,22350,,N,C,C,A,A,H,-,A,D,0,,,,,Y,,A,07,0,0,1,0,0,0,0,0,0,"- ","- ",37.805099487304688,-121.99019622802734,"CONTRA COSTA",DANVILLE,-121.99013519287109,37.805130004882812
91113524,2019,2019-11-05,9390,2019-10-29,2242,021468,,2,3,4,0791,0,1,1,,2,068,"I-680 NORTHBOUND","ALCOSTA BOULEVARD",1056.00,N,N,A,-,Y,,,680,,,,,,N,N,4,0,1,2,A,-,03,22350,,N,C,C,A,A,H,-,D,D,0,,,,,Y,,A,01,0,0,1,0,0,0,0,0,0,"- ","- ",37.726921081542969,-121.94255828857422,"CONTRA COSTA","SAN RAMON",-121.94265747070312,37.726840972900391
91113813,2019,2019-11-05,9320,2019-10-28,0450,020192,,1,3,9,0700,0,2,4,,2,095,"MARSH CREEK ROAD","BYRON HIGHWAY",0.00,,Y,A,-,N,,,,,,,,,,Y,3,0,2,2,A,-,09,21453,C,N,D,C,A,A,H,-,C,D,0,,,,,Y,,A,07,0,1,1,0,0,0,0,0,0,"- ","- ",37.896511077880859,-121.64190673828125,"CONTRA COSTA",UNINCORPORATED,-121.64138793945312,37.896430969238281
91113900,2019,2019-11-05,9370,2019-10-29,0840,022392,,2,1,5,0710,0,1,1,,2,058,"I-580 E/B","CENTRAL AVE",992.00,W,N,A,-,Y,,,580,,,,,,E,N,4,0,2,2,A,-,03,22350,,N,C,C,A,A,H,-,A,D,0,,,,,Y,,A,07,0,0,2,0,0,0,0,0,0,"- ","- ",37.902469635009766,-122.31604766845703,"CONTRA COSTA",RICHMOND,-122.31607055664062,37.902454376220703
91114009,2019,2019-11-25,9320,2019-10-24,1140,019546,,4,1,9,0700,0,2,4,,2,071,"WILLOW PASS ROAD","KEVIN ST",0.00,,Y,A,-,N,,,,,,,,,,Y,4,0,2,2,A,-,12,21453,A,N,D,C,A,A,H,-,A,D,0,,,,,Y,,A,01,0,0,2,0,0,0,0,0,0,"- ","- ",38.026798248291016,-121.95445251464844,"CONTRA COSTA",UNINCORPORATED,-121.95442962646484,38.026779174804688
91114101,2019,2019-11-05,9320,2019-10-29,1442,021949,,2,2,4,0714,0,1,3,,2,402,"SR-4 WESTBOUND","PINE ST.",1050.00,W,N,A,-,Y,,,4,,,,,,W,Y,4,0,1,2,A,-,03,22350,,N,C,C,A,A,H,-,A,D,0,,,,,Y,,A,01,0,0,1,0,0,0,0,0,0,"- ","- ",37.993480682373047,-122.12345886230469,"CONTRA COSTA",MARTINEZ,-122.12340545654297,37.993377685546875
91114508,2019,2019-11-06,9350,2019-10-31,1010,016034,,4,1,9,0700,0,1,1,,2,115,"I-580 W/B","RICHMOND-SAN RAFAEL BRIDGE TOLL PLAZA",5280.00,W,N,A,-,Y,,,,,,,,,,N,4,0,1,2,A,-,03,22350,,N,C,C,A,A,H,-,A,D,0,,,,,Y,,A,01,0,0,1,0,0,0,0,0,0,"- ","- ",37.934909820556641,-122.42140197753906,"CONTRA COSTA",UNINCORPORATED,,
91114513,2019,2019-11-06,9320,2019-10-29,1603,021949,,2,2,9,0700,0,1,3,,2,403,"SR-4 EASTBOUND","BAILEY RD.",2700.00,E,N,A,-,Y,,,4,,,,,,E,Y,3,0,2,3,A,-,03,22350,,N,C,C,A,A,H,-,A,D,0,,,,,Y,,A,07,0,1,1,0,0,0,0,0,0,"- ","- ",38.018730163574219,-121.93144226074219,"CONTRA COSTA",UNINCORPORATED,-121.93144226074219,38.018787384033203
91114568,2019,2019-11-06,9320,2019-10-31,1640,021373,,4,2,9,0700,0,1,3,,2,241,"SR-24 EB","PLEASANT HILL ROAD",0.00,,N,A,-,Y,,,24,,,,,,E,N,3,0,1,2,A,-,07,21658,A,N,B,C,A,A,H,-,A,D,0,,,Y,,Y,,A,01,0,1,0,0,0,0,0,0,1,"- ","- ",37.897548675537109,-122.08291625976562,"CONTRA COSTA",UNINCORPORATED,-122.08291625976562,37.8975830078125
91114657,2019,2019-11-06,9320,2019-10-31,1505,019759,,4,2,9,0700,0,2,4,,2,093,"MAIN ST.","HOLWAY DR.",60.00,E,N,A,-,N,,,,,,,,,,N,2,0,1,1,A,-,08,22107,,N,F,A,A,A,H,-,A,A,0,,,Y,,Y,Y,C,02,1,0,0,0,0,0,0,0,1,"- ","- ",37.869758605957031,-121.64134979248047,"CONTRA COSTA",UNINCORPORATED,-121.64136505126953,37.869712829589844
91114758,2019,2019-11-06,9320,2019-10-31,1512,021514,,4,2,9,0700,0,1,3,,2,402,"SR-4 EB","MORELLO AVE",2640.00,E,N,A,-,Y,,,,,,,,,,Y,4,0,1,2,A,-,03,22350,,N,C,C,A,A,H,-,A,D,0,,,,,Y,,A,01,0,0,1,0,0,0,0,0,0,"- ","- ",37.9906005859375,-122.09149932861328,"CONTRA COSTA",UNINCORPORATED,-122.09185791015625,37.99066162109375
91114764,2019,2019-11-06,9320,2019-10-31,1215,017271,,4,1,9,0700,0,2,4,,2,046,"BUSKIRK BLVD","WAYNE DR",25.00,S,N,A,-,N,,,,,,,,,,N,4,0,1,2,A,-,03,22350,,N,C,C,A,A,H,-,A,D,0,,,,,Y,,A,01,0,0,1,0,0,0,0,0,0,"- ","- ",37.927780151367188,-122.06001281738281,"CONTRA COSTA",UNINCORPORATED,-122.06004333496094,37.927883148193359
91114936,2019,2019-11-06,9320,2019-10-31,0310,020984,,4,3,9,0700,0,3,5,,2,060,"OLYMPIC BLVD","N. VILLA WAY",36.00,N,N,A,-,N,,,,,,,,,,Y,3,0,1,1,A,-,01,23152,A,N,E,I,A,A,H,-,C,D,0,,,,,Y,Y,A,01,0,1,0,0,0,0,0,0,0,"- ","- ",37.890399932861328,-122.06839752197266,"CONTRA COSTA",UNINCORPORATED,-122.06843566894531,37.890468597412109
91115246,2019,2019-11-07,9370,2019-10-24,1950,020356,,4,2,5,0710,0,1,1,,2,082,"I-80 E/B","SAN PABLO AVENUE",815.00,W,N,A,-,Y,,,80,,,,,,E,N,4,0,1,2,A,-,03,22350,,N,C,C,A,A,H,-,C,D,0,,,,,Y,,A,07,0,0,1,0,0,0,0,0,0,"- ","- ",37.940639495849609,-122.32434844970703,"CONTRA COSTA",RICHMOND,-122.32430267333984,37.940620422363281
91115303,2019,2019-11-07,9320,2019-10-29,2100,021710,,2,2,9,0700,0,1,3,,2,404,"SR-4 E/B","SOMERSVILLE ROAD",900.00,E,N,A,-,Y,,,,,,,,,,Y,4,0,1,2,A,-,01,23152,A,M,B,C,A,A,H,-,D,D,0,,,,,Y,Y,A,01,0,0,1,0,0,0,0,0,0,"- ","- ",38.002010345458984,-121.83165740966797,"CONTRA COSTA",UNINCORPORATED,,
91115310,2019,2019-11-07,9320,2019-10-29,2102,021710,,2,2,9,0700,0,1,3,,2,404,"SR-4 W/B TO AUTO CENTER DRIVE","AUTO CENTER DRIVE",250.00,W,N,A,-,Y,,,,,,,,,,Y,4,0,1,1,A,-,01,23152,A,M,E,I,A,A,H,-,C,D,0,,,,,Y,Y,A,01,0,0,1,0,0,0,0,0,0,"- ","- ",38.004779815673828,-121.83820343017578,"CONTRA COSTA",UNINCORPORATED,-121.83810424804688,38.004173278808594
91115672,2019,2019-11-07,9370,2019-10-29,2120,022311,,2,2,5,0710,0,1,1,,2,058,"I-580 W/B","BAYVIEW AVE",100.00,E,N,A,-,Y,,,580,,,,,,W,Y,4,0,2,2,A,-,01,23152,A,N,C,C,A,A,H,-,C,D,0,,,,,Y,Y,A,01,0,0,2,0,0,0,0,0,0,"- ","- ",37.921821594238281,-122.34342956542969,"CONTRA COSTA",RICHMOND,-122.34342956542969,37.921817779541016
91115815,2019,2019-11-07,9320,2019-10-29,0736,017906,,2,1,9,0700,0,2,4,,2,093,"BYRON HIGHWAY","CAMINO DIABLO",2851.00,S,N,A,-,N,,,,,,,,,,Y,3,0,1,3,A,-,08,22107,,N,B,C,A,A,H,-,A,D,0,,,,Y,Y,,A,01,0,1,0,0,0,0,0,0,0,"- ","- ",37.513900756835938,-121.37570190429688,"CONTRA COSTA",UNINCORPORATED,-121.6326904296875,37.861103057861328
91115845,2019,2019-11-07,9370,2019-10-29,0040,022309,,2,3,5,0710,0,1,1,,2,083,"I-80 W/B","RICHMOND PKWY",200.00,W,N,A,-,Y,,,80,,,,,,W,Y,4,0,1,2,A,-,07,21658,A,N,B,C,A,A,H,-,D,D,0,,,,,Y,,-,"- ",0,0,1,0,0,0,0,0,0,"- ","- ",37.986110687255859,-122.31524658203125,"CONTRA COSTA",RICHMOND,-122.31529235839844,37.986133575439453
91115901,2019,2019-11-07,9320,2019-11-01,0130,021472,,5,3,9,0700,0,1,3,,2,403,"SR-4 E/B","SAN MARCO BLVD",2640.00,W,N,A,-,Y,,,4,,,,,,E,Y,3,0,3,2,A,-,03,22350,,N,C,C,A,A,H,-,D,D,0,,,,,Y,,A,07,0,3,0,0,0,0,0,0,0,"- ","- ",38.023509979248047,-121.97483825683594,"CONTRA COSTA",UNINCORPORATED,-121.97484588623047,38.023551940917969
91116090,2019,2019-11-08,9370,2019-10-30,2335,022054,,3,3,5,0710,0,1,1,,2,083,"I-80 E/B TO HILLTOP DRIVE","HILLTOP DRIVE",825.00,W,N,A,-,Y,,,80,,,,R,,E,Y,2,0,1,3,A,-,01,23152,A,N,E,I,A,A,H,-,C,D,0,,,,,Y,Y,A,01,1,0,0,0,0,0,0,0,0,"- ","- ",37.9739990234375,-122.31907653808594,"CONTRA COSTA",RICHMOND,-122.31907653808594,37.9739990234375
9111628,2020,2020-09-18,0701,2020-05-11,2356,5557,408,1,5,5,0701,0,0,0,,0,004,"W TREGALLAS RD","ALCALA ST",0.00,,Y,A,-,N,,,,,,,,,,Y,3,0,1,2,A,-,05,21650,,N,C,E,A,A,H,-,C,D,0,,,,,Y,,A,01,0,1,0,0,0,0,0,0,0,"- ","- ",,,"CONTRA COSTA",ANTIOCH,-121.8109130859375,37.997528076171875
91116384,2019,2019-11-08,9320,2019-11-02,1215,020949,,6,1,3,0715,0,1,3,,2,241,"E/B SR-24","ACALANES ROAD UNDER-CROSSING",800.00,E,N,A,-,Y,,,24,,,,,,,Y,4,0,1,2,A,-,03,22350,,N,C,C,A,A,H,-,A,D,0,,,,,Y,,A,01,0,0,1,0,0,0,0,0,0,"- ","- ",37.891399383544922,-122.1514892578125,"CONTRA COSTA",LAFAYETTE,-122.1514892578125,37.891384124755859
91116394,2019,2019-11-08,9320,2019-11-02,1435,021433,,6,2,9,0700,0,1,1,,2,682,"I-680 SB","N. MAIN ST O/C",1742.00,N,N,A,-,Y,,,,,,,,,,Y,3,0,1,2,A,-,03,22350,,N,C,C,A,A,H,-,A,D,0,,,,,Y,,A,01,0,1,0,0,0,0,0,0,0,"- ","- ",,,"CONTRA COSTA",UNINCORPORATED,-122.06266784667969,37.919864654541016
91116535,2019,2019-11-08,9370,2019-10-31,0715,022299,,4,1,4,0711,0,1,1,,2,083,"I-80 W/B","EL PORTAL DR",400.00,W,N,A,-,Y,,,80,,,,,,W,N,4,0,1,4,A,-,03,22350,,N,C,C,A,A,H,-,A,D,0,,,,,Y,,A,01,0,0,1,0,0,0,0,0,0,"- ","- ",37.965221405029297,-122.32431793212891,"CONTRA COSTA","SAN PABLO",-122.32427978515625,37.965137481689453
91116556,2019,2019-11-08,9320,2019-11-04,1424,019759,,1,2,9,0700,0,2,4,,2,086,"CHESTNUT ST.","EDEN PLAINS RD.",275.00,E,N,A,-,N,,,,,,,,,,Y,3,0,2,1,A,-,08,22107,,N,F,I,A,A,H,-,A,A,0,,,,,Y,,A,01,0,1,1,0,0,0,0,0,0,"- ","- ",37.932701110839844,-121.65892028808594,"CONTRA COSTA",UNINCORPORATED,-121.65852355957031,37.932735443115234
91116808,2019,2019-11-11,9320,2019-10-29,1935,021847,,2,2,4,0709,0,1,1,,2,683,"I-680 N/B","MONUMENT BLVD U/C",2000.00,N,N,A,-,Y,,,680,,,,,,N,Y,4,0,2,5,A,-,03,22350,,F,C,C,A,A,H,-,D,D,0,,,,,Y,,A,01,0,0,2,0,0,0,0,0,0,"- ","- ",37.95159912109375,-122.05519866943359,"CONTRA COSTA","PLEASANT HILL",-122.05525207519531,37.951622009277344
91116871,2019,2019-12-04,9370,2019-10-29,1520,022424,,2,2,9,0700,0,1,1,,2,083,"SAN PABLO AVENUE","KAY ROAD",0.00,,Y,A,-,N,,,,,,,,,,Y,3,0,2,2,A,-,09,21453,C,N,D,C,A,A,H,-,A,A,0,,,,,Y,,A,01,0,1,1,0,0,0,0,0,0,"- ","- ",37.991741180419922,-122.33188629150391,"CONTRA COSTA",UNINCORPORATED,-122.33184814453125,37.991649627685547
91116913,2019,2019-11-11,9320,2019-10-29,1900,021857,,2,2,6,0704,0,1,3,,2,402,"SR-4 WESTBOUND","WILLOW PASS ROAD (CONCORD)",1056.00,W,N,A,-,Y,,,4,,,,,,W,Y,3,0,2,2,A,-,08,22107,,N,B,C,A,A,H,-,C,D,0,,,,,Y,,A,01,0,1,1,0,0,0,0,0,0,"- ","- ",38.013080596923828,-122.00186157226562,"CONTRA COSTA",CONCORD,-122.00186157226562,38.013111114501953
91116917,2019,2019-11-11,9320,2019-10-30,2345,021847,,3,3,5,0712,0,1,1,,2,681,"I-680 S/B","N. MAIN STREET",2000.00,N,N,A,-,Y,,,680,,,,,,S,Y,4,0,1,2,A,-,07,21658,A,F,B,C,A,A,H,-,D,D,0,,,,,Y,,-,99,0,0,1,0,0,0,0,0,0,"- ","- ",37.919101715087891,-122.06289672851562,"CONTRA COSTA","WALNUT CREEK",-122.06303405761719,37.919166564941406
91117027,2019,2019-11-11,9370,2019-10-31,1735,021913,,4,2,9,0700,0,1,1,,2,083,"I-80 E/B","EL PORTAL DR",500.00,W,N,A,-,Y,,,80,,,,,,E,N,3,0,2,2,A,-,03,22350,,N,C,C,A,A,H,-,B,D,0,,,,,Y,,A,01,0,2,0,0,0,0,0,0,0,"- ","- ",37.965221405029297,-122.32405090332031,"CONTRA COSTA",UNINCORPORATED,-122.32406616210938,37.965251922607422
91117432,2019,2019-11-11,9370,2019-11-01,0800,021743,,5,1,5,0710,0,1,1,,2,058,"I-580 E/B","CANAL BLVD",270.00,W,N,A,-,Y,,,580,,,,,,E,Y,3,0,1,1,A,-,08,22107,,N,E,I,A,A,H,-,A,D,0,,,,,Y,,A,01,0,1,0,0,0,0,0,0,0,"- ","- ",37.927219390869141,-122.37933349609375,"CONTRA COSTA",RICHMOND,-122.37933349609375,37.927154541015625
91117845,2019,2019-11-12,9320,2019-10-25,1200,019546,,5,1,9,0700,0,2,4,,2,012,"SAN PABLO DAM ROAD","HILLCREST ROAD",200.00,W,N,A,-,N,,,,,,,,,,Y,3,0,1,2,A,-,01,23152,F,N,C,C,A,A,H,-,A,D,0,,,,,Y,,A,01,0,1,0,0,0,0,0,0,0,"- ","- ",37.964630126953125,-122.31585693359375,"CONTRA COSTA",UNINCORPORATED,-122.31546020507812,37.964729309082031
91117863,2019,2019-11-12,9320,2019-10-29,1420,021514,,2,2,9,0700,0,1,1,,2,682,"HAWTHORNE DR","LAUREL DR",0.00,,Y,A,-,N,,,,,,,,,,Y,4,0,1,2,A,-,09,21803,A,N,D,C,A,A,H,-,A,A,0,,,,,Y,,A,07,0,0,1,0,0,0,0,0,0,"- ","- ",37.885200500488281,-122.03089904785156,"CONTRA COSTA",UNINCORPORATED,-122.03095245361328,37.885219573974609
91117877,2019,2020-01-06,9320,2019-10-31,1732,021499,,4,2,9,0700,0,2,4,,2,071,"EVORA RD","WILLOW PASS RD",150.00,W,N,A,-,N,,,,,,,,,,Y,4,0,2,2,A,-,01,23152,A,M,C,C,A,A,H,-,A,A,0,,,,,Y,Y,A,01,0,0,2,0,0,0,0,0,0,"- ","- ",38.014469146728516,-121.99929809570312,"CONTRA COSTA",UNINCORPORATED,-121.99919891357422,38.014488220214844
91117883,2019,2019-11-12,9320,2019-11-07,1415,014911,,4,2,9,0700,0,1,3,,2,402,"SR-4 E/B","PORT CHICAGO HIGHWAY U/C",10.00,E,N,A,-,Y,,,,,,,,,,Y,4,0,1,3,A,-,03,22350,,N,C,C,A,A,H,-,A,D,0,,,,,Y,,A,01,0,0,1,0,0,0,0,0,0,"- ","- ",,,"CONTRA COSTA",UNINCORPORATED,-122.02278900146484,38.009494781494141
91117896,2019,2019-11-12,9320,2019-10-31,0701,017906,,4,1,5,0708,0,1,3,,2,404,"SR-4 W/B","HARBOR ST O/C",528.00,E,N,A,-,Y,,,4,,,,,,W,N,3,0,1,2,A,-,07,21658,A,N,B,C,A,A,H,-,A,D,0,,,Y,,Y,,A,01,0,1,0,0,0,0,0,0,1,"- ","- ",38.013839721679688,-121.87637329101562,"CONTRA COSTA",PITTSBURG,-121.87633514404297,38.014026641845703
91118022,2019,2019-11-12,9320,2019-11-02,1939,021649,,6,2,3,0706,0,1,1,,2,180,"I-80 E/B","SYCAMORE AVENUE",223.00,W,N,A,-,Y,,,80,,,,,,E,Y,4,0,1,3,A,-,03,22350,,N,C,C,A,A,H,-,D,D,0,,,,,Y,,A,07,0,0,1,0,0,0,0,0,0,"- ","- ",38.010688781738281,-122.27337646484375,"CONTRA COSTA",HERCULES,-122.27330780029297,38.010623931884766
91118109,2019,2019-11-12,9320,2019-11-03,2350,021864,,7,3,6,0704,0,1,3,,2,242,"NORTHBOUND 242","MONUMENT BOULEVARD",4805.00,N,N,A,-,Y,,,,,,,,,,Y,4,0,3,3,A,-,07,21658,A,M,B,C,A,A,H,-,C,A,0,,,,,Y,,A,01,0,0,3,0,0,0,0,0,0,"- ","- ",37.957988739013672,-122.05220031738281,"CONTRA COSTA",CONCORD,,
91118118,2019,2019-11-12,9320,2019-11-04,1530,020129,,1,2,9,0700,0,1,3,,2,402,"SR-4 E/B","PACHECO BLVD",100.00,W,N,A,-,Y,,,4,,,,,,E,Y,4,0,1,3,A,-,03,22350,,N,C,C,A,A,H,-,A,D,0,,,,,Y,,A,07,0,0,1,0,0,0,0,0,0,"- ","- ",37.993228912353516,-122.07321166992188,"CONTRA COSTA",UNINCORPORATED,-122.0732421875,37.993316650390625