CASE_ID,ACCIDENT_YEAR,PROC_DATE,JURIS,COLLISION_DATE,COLLISION_TIME,OFFICER_ID,REPORTING_DISTRICT,DAY_OF_WEEK,CHP_SHIFT,POPULATION,CNTY_CITY_LOC,SPECIAL_COND,BEAT_TYPE,CHP_BEAT_TYPE,CITY_DIVISION_LAPD,CHP_BEAT_CLASS,BEAT_NUMBER,PRIMARY_RD,SECONDARY_RD,DISTANCE,DIRECTION,INTERSECTION,WEATHER_1,WEATHER_2,STATE_HWY_IND,CALTRANS_COUNTY,CALTRANS_DISTRICT,STATE_ROUTE,ROUTE_SUFFIX,POSTMILE_PREFIX,POSTMILE,LOCATION_TYPE,RAMP_INTERSECTION,SIDE_OF_HWY,TOW_AWAY,COLLISION_SEVERITY,NUMBER_KILLED,NUMBER_INJURED,PARTY_COUNT,PRIMARY_COLL_FACTOR,PCF_CODE_OF_VIOL,PCF_VIOL_CATEGORY,PCF_VIOLATION,PCF_VIOL_SUBSECTION,HIT_AND_RUN,TYPE_OF_COLLISION,MVIW,PED_ACTION,ROAD_SURFACE,ROAD_COND_1,ROAD_COND_2,LIGHTING,CONTROL_DEVICE,CHP_ROAD_TYPE,PEDESTRIAN_ACCIDENT,BICYCLE_ACCIDENT,MOTORCYCLE_ACCIDENT,TRUCK_ACCIDENT,NOT_PRIVATE_PROPERTY,ALCOHOL_INVOLVED,STWD_VEHTYPE_AT_FAULT,CHP_VEHTYPE_AT_FAULT,COUNT_SEVERE_INJ,COUNT_VISIBLE_INJ,COUNT_COMPLAINT_PAIN,COUNT_PED_KILLED,COUNT_PED_INJURED,COUNT_BICYCLIST_KILLED,COUNT_BICYCLIST_INJURED,COUNT_MC_KILLED,COUNT_MC_INJURED,PRIMARY_RAMP,SECONDARY_RAMP,LATITUDE,LONGITUDE,COUNTY,CITY,POINT_X,POINT_Y
9117337,2020,2020-09-03,0704,2020-06-13,0951,556,,6,5,6,0704,0,0,0,,0,003,"JUDY LN","NICHOLAS DR",165.00,S,N,A,-,N,,,,,,,,,,N,4,0,1,2,A,-,21,22106,,N,E,C,A,A,H,-,A,D,0,,,,,Y,,A,01,0,0,1,0,0,0,0,0,0,"- ","- ",,,"CONTRA COSTA",CONCORD,-122.04745483398438,37.954849243164062
9117338,2020,2020-09-03,0704,2020-06-01,0556,0580,3,1,5,6,0704,0,0,0,,0,003,"WHITMAN RD","OAK GROVE   RD",992.00,E,N,A,-,N,,,,,,,,,,N,3,0,1,1,A,-,01,23152,F,N,E,I,A,A,H,-,B,A,0,,,,,Y,,A,01,0,1,0,0,0,0,0,0,0,"- ","- ",37.948490142822266,-122.03410339355469,"CONTRA COSTA",CONCORD,-122.03140258789062,37.950176239013672
9117361,2020,2020-09-09,0704,2020-06-21,1826,595,,7,5,6,0704,0,0,0,,0,003,"JUNCTION DR","PULLMAN CT",15.00,W,N,A,-,N,,,,,,,,,,N,2,0,1,2,A,-,11,21950,B,N,G,B,D,A,H,-,A,D,0,Y,,,,Y,,N,60,1,0,0,0,1,0,0,0,0,"- ","- ",,,"CONTRA COSTA",CONCORD,-122.03279113769531,37.946258544921875
9117362,2020,2020-09-18,0704,2020-06-22,0245,0588,,1,5,6,0704,0,0,0,,0,003,"SAN MIGUEL RD","GALLOWAY DR",194.00,S,N,A,-,N,,,,,,,,,,Y,2,0,1,2,A,-,03,22350,,M,A,E,A,A,H,-,C,D,0,,,,,Y,,A,07,1,0,0,0,0,0,0,0,0,"- ","- ",,,"CONTRA COSTA",CONCORD,-122.02741241455078,37.958003997802734
9117363,2020,2020-09-09,0704,2020-06-18,1825,548,"MT DI",4,5,6,0704,0,0,0,,0,005,"COWELL RD","COVENTRY RD",45.00,W,N,A,-,N,,,,,,,,,,Y,4,0,1,2,A,-,03,22350,,N,C,C,A,A,H,-,A,A,0,,,,,Y,,A,07,0,0,1,0,0,0,0,0,0,"- ","- ",,,"CONTRA COSTA",CONCORD,-122.02347564697266,37.966121673583984
9117364,2020,2020-09-09,0704,2020-06-17,2125,610,DIABL,3,5,6,0704,0,0,0,,0,003,"CAREY DR","MONUMENT BLVD",400.00,N,N,A,-,N,,,,,,,,,,Y,3,0,2,2,A,-,01,23152,A,N,B,C,A,A,H,-,C,D,0,,,,,Y,Y,-,"- ",0,1,1,0,0,0,0,0,0,"- ","- ",37.949958801269531,-122.05039215087891,"CONTRA COSTA",CONCORD,-122.05034637451172,37.9498291015625
9117365,2020,2020-09-15,0704,2020-06-09,1358,0580,,2,5,6,0704,0,0,0,,0,002,"WILLOW PASS RD","DIAMOND BL",18.00,W,N,A,-,N,,,,,,,,,,,4,0,1,2,A,-,03,22350,,F,C,C,A,A,H,-,A,A,0,,,,,Y,,A,07,0,0,1,0,0,0,0,0,0,"- ","- ",37.968330383300781,-122.05238342285156,"CONTRA COSTA",CONCORD,-122.05252838134766,37.968460083007812
91173665,2020,2020-01-27,9370,2020-01-14,1805,021326,,2,2,4,0711,0,1,1,,2,082,"I-80 E/B","SAN PABLO DAM ROAD",300.00,W,N,A,-,Y,,,80,,,,,,E,Y,4,0,2,4,A,-,03,22350,,N,C,C,A,A,H,-,C,D,0,,,,,Y,,A,01,0,0,2,0,0,0,0,0,0,"- ","- ",37.950111389160156,-122.32659912109375,"CONTRA COSTA","SAN PABLO",-122.32665252685547,37.950084686279297
91173709,2020,2020-01-27,9370,2020-01-24,1216,021787,,5,1,5,0710,0,1,1,,2,082,"I-80 E/B","POTRERO AVENUE",510.00,E,N,A,-,Y,,,80,,,,,,E,Y,4,0,1,3,A,-,03,22350,,N,C,C,A,A,H,-,A,D,0,,,,Y,Y,,G,25,0,0,1,0,0,0,0,0,0,"- ","- ",37.922481536865234,-122.31861114501953,"CONTRA COSTA",RICHMOND,-122.31865692138672,37.922451019287109
91173805,2020,2020-01-27,9370,2020-01-22,1140,020286,,3,1,5,0710,0,1,1,,2,058,"I-580 W/B","MARINE ST.",995.00,W,N,A,-,Y,,,580,,,,,,W,Y,4,0,1,2,A,-,07,21658,A,M,B,C,A,A,H,-,A,A,0,,,,,Y,,-,99,0,0,1,0,0,0,0,0,0,"- ","- ",37.932590484619141,-122.39463043212891,"CONTRA COSTA",RICHMOND,-122.39463806152344,37.932548522949219
91174178,2020,2020-01-27,9390,2020-01-17,1630,022149,,5,2,4,0790,0,1,1,,2,068,"I-680 NORTHBOUND","DIABLO ROAD",1800.00,S,N,A,-,Y,,,680,,,,,,N,Y,3,0,1,5,A,-,03,22350,,N,C,C,A,A,H,-,A,D,0,,,,,Y,,A,01,0,1,0,0,0,0,0,0,0,"- ","- ",37.822769165039062,-121.99321746826172,"CONTRA COSTA",DANVILLE,-121.99349975585938,37.822673797607422
91174888,2020,2020-01-28,9320,2020-01-16,1548,021496,,4,2,9,0700,0,1,1,,2,684,"I-680 NORTHBOUND","MOCOCCO ROAD U/C",600.00,N,N,B,-,Y,,,,,,,,,,Y,4,0,2,2,A,-,08,22107,,N,D,C,A,B,H,-,A,D,0,,,,,Y,,D,22,0,0,2,0,0,0,0,0,0,"- ","- ",,,"CONTRA COSTA",UNINCORPORATED,-122.11473083496094,38.027469635009766
91174930,2020,2020-01-28,9320,2020-01-17,0239,021514,,5,3,9,0700,0,1,3,,2,403,"SR-4 EB","SAN MARCO BLVD",500.00,W,N,B,-,Y,,,,,,,,,,Y,4,0,1,1,A,-,01,23152,F,N,E,I,A,B,H,-,C,D,0,,,,,Y,,A,07,0,0,1,0,0,0,0,0,0,"- ","- ",37.023700714111328,-121.97389984130859,"CONTRA COSTA",UNINCORPORATED,-121.96756744384766,38.023117065429688
91174942,2020,2020-01-28,9320,2020-01-17,0212,022082,,5,3,3,0792,0,1,3,,2,241,"SR-24 E/B","WILDER RD.",1410.00,E,N,A,-,Y,,,24,,,,,,E,Y,4,0,1,3,A,-,03,22350,,N,C,C,A,D,H,-,C,A,0,,,,,Y,,A,01,0,0,1,0,0,0,0,0,0,"- ","- ",37.86920166015625,-122.19390106201172,"CONTRA COSTA",ORINDA,-122.19391632080078,37.869224548339844
91174952,2020,2020-01-28,9320,2020-01-17,1752,021352,,5,2,4,0714,0,1,1,,2,683,"I-680 S/B",SR-4,800.00,N,N,A,-,Y,,,,,,,,,,Y,3,0,1,4,A,-,03,22350,,M,C,C,A,A,H,-,C,D,0,,,,,Y,,A,01,0,1,0,0,0,0,0,0,0,"- ","- ",37.996250152587891,-122.07228851318359,"CONTRA COSTA",MARTINEZ,-122.07196044921875,37.996196746826172
91175110,2020,2020-01-28,9320,2020-01-18,1755,021373,,6,2,9,0700,0,1,3,,2,241,"SR-24 EB","OAK HILL ROAD",2112.00,W,N,A,-,Y,,,,,,,,,,Y,2,0,1,1,A,-,08,22107,,N,E,I,A,A,H,-,D,D,0,,,Y,,Y,,C,02,1,0,0,0,0,0,0,0,1,"- ","- ",37.89215087890625,-122.12786865234375,"CONTRA COSTA",UNINCORPORATED,-122.12609100341797,37.892631530761719
91175164,2020,2020-01-28,9320,2020-01-18,2055,022049,,6,2,6,0704,0,1,1,,2,683,"I-680 N/B","WILLOW PASS RD",2640.00,S,N,A,-,Y,,,680,,,,,,N,Y,2,0,1,1,A,-,08,22107,,N,E,J,A,A,H,-,D,D,0,,,,,Y,,A,01,1,0,0,0,0,0,0,0,0,"- ","- ",37.959098815917969,-122.052001953125,"CONTRA COSTA",CONCORD,-122.05252075195312,37.959033966064453
91175175,2020,2020-01-28,9320,2020-01-19,1130,020834,,7,1,9,0700,0,1,1,,2,683,"I-680 N/B","MARINA VISTA AVE",300.00,S,N,A,-,Y,,,680,,,,,,N,Y,4,0,1,4,A,-,03,22350,,N,C,C,A,A,H,-,A,D,0,,,,,Y,,A,01,0,0,1,0,0,0,0,0,0,"- ","- ",38.023971557617188,-122.10745239257812,"CONTRA COSTA",UNINCORPORATED,-122.10755920410156,38.023735046386719
9117518,2020,2020-09-14,0704,2020-06-12,1236,20-5989,SUPER,5,5,6,0704,0,0,0,,0,006,"ROLLING WOODS WY","MORENGO DR",5.00,S,N,A,-,N,,,,,,,,,,Y,4,0,2,2,A,-,03,22350,,N,C,C,A,A,H,-,A,D,0,,,,,Y,,A,01,0,0,2,0,0,0,0,0,0,"- ","- ",,,"CONTRA COSTA",CONCORD,-121.96319580078125,37.939697265625
91175198,2020,2020-01-28,9320,2020-01-20,2045,021499,,1,2,9,0700,0,1,3,,2,240,"SR-24 E/B","FISH RANCH RD",300.00,E,N,B,-,Y,,,24,,,,,,E,N,4,0,1,2,A,-,03,22350,,N,C,C,A,A,H,-,C,D,0,,,,,Y,,A,01,0,0,1,0,0,0,0,0,0,"- ","- ",37.861869812011719,-122.20919799804688,"CONTRA COSTA",UNINCORPORATED,-122.20924377441406,37.86187744140625
91175291,2020,2020-01-28,9320,2020-01-14,1300,018628,,2,1,3,0715,0,1,3,,2,241,"SR-24 EASTBOUND","OAK HILL ROAD",2640.00,W,N,B,-,Y,,,24,,,,,,E,Y,4,0,2,3,A,-,03,22350,,N,C,C,A,A,H,-,A,D,0,,,,,Y,,A,01,0,0,2,0,0,0,0,0,0,"- ","- ",37.892841339111328,-122.12545776367188,"CONTRA COSTA",LAFAYETTE,-122.12544250488281,37.892768859863281
91175326,2020,2020-01-28,9320,2020-01-19,0525,018628,,7,3,9,0700,0,2,4,,2,094,"BYRON HWY","CAMINO DIABLO",0.00,,Y,E,-,N,,,,,,,,,,Y,4,0,3,1,A,-,03,22350,,N,E,I,A,B,H,-,C,A,0,,,,,Y,,A,01,0,0,3,0,0,0,0,0,0,"- ","- ",37.867450714111328,-121.638427734375,"CONTRA COSTA",UNINCORPORATED,-121.63839721679688,37.867488861083984
91175811,2020,2020-01-29,9320,2020-01-19,2042,021519,,7,2,9,0700,0,2,4,,2,012,"SAN PABLO DAM ROAD","WILDCAT CANYON ROAD",7970.00,E,N,A,-,N,,,,,,,,,,Y,4,0,1,1,A,-,01,23152,A,N,E,I,A,A,H,-,D,D,0,,,,,Y,Y,A,01,0,0,1,0,0,0,0,0,0,"- ","- ",37.911769866943359,-122.23359680175781,"CONTRA COSTA",UNINCORPORATED,-122.21050262451172,37.899528503417969
91175875,2020,2020-01-29,9320,2020-01-22,0048,022138,,3,3,3,0715,0,1,3,,2,241,"STATE ROUTE 24 EASTBOUND","OAK HILL ROAD",5280.00,W,N,C,-,Y,,,24,,,,,,E,Y,3,0,1,2,A,-,03,22350,,N,A,C,A,B,H,-,D,D,0,,,,,Y,,A,01,0,1,0,0,0,0,0,0,0,"- ","- ",37.891071319580078,-122.14430236816406,"CONTRA COSTA",LAFAYETTE,-122.14430236816406,37.891109466552734
91175968,2020,2020-01-29,9320,2020-01-22,2040,020649,,3,2,3,0702,0,1,3,,2,405,"SR-4 EASTBOUND","BALFOUR ROAD",120.00,W,N,B,-,Y,,,,,,,,,,Y,4,0,1,2,A,-,03,22350,,N,C,C,A,A,H,-,C,A,0,,,,,Y,,A,01,0,0,1,0,0,0,0,0,0,"- ","- ",37.925849914550781,-121.73475646972656,"CONTRA COSTA",BRENTWOOD,-121.73293304443359,37.925662994384766
91176002,2020,2020-01-29,9320,2020-01-22,0050,022138,,3,3,3,0715,0,1,3,,2,241,"STATE ROUTE 24 EASTBOUND","OAK HILL ROAD",5280.00,W,N,C,-,Y,,,24,,,,,,E,N,2,0,1,2,A,-,03,22350,,F,G,B,E,B,H,-,D,D,0,Y,,,,Y,,-,99,1,0,0,0,1,0,0,0,0,"- ","- ",37.891071319580078,-122.14430236816406,"CONTRA COSTA",LAFAYETTE,-122.14430236816406,37.891109466552734
91176024,2020,2020-01-29,9320,2020-01-22,0603,020984,,3,1,6,0704,0,1,1,,2,683,"I-680 S/B","MONUMENT BLVD",2640.00,N,N,B,-,Y,,,680,,,,,,S,Y,4,0,1,2,A,-,07,21658,A,N,C,C,A,B,H,-,C,D,0,,,,,Y,,A,01,0,0,1,0,0,0,0,0,0,"- ","- ",37.954200744628906,-122.05429840087891,"CONTRA COSTA",CONCORD,-122.05435180664062,37.954227447509766
91176312,2020,2020-01-29,9390,2020-01-24,1725,022149,,5,2,4,0791,0,1,1,,2,068,"I-680 SOUTHBOUND","BOLLINGER CANYON ROAD",500.00,N,N,A,-,Y,,,680,,,,,,S,N,4,0,1,2,A,-,03,22350,,N,C,C,A,A,H,-,B,D,0,,,,,Y,,D,22,0,0,1,0,0,0,0,0,0,"- ","- ",37.761360168457031,-121.96652984619141,"CONTRA COSTA","SAN RAMON",-121.96646881103516,37.761398315429688
91176706,2020,2020-01-30,9320,2020-01-24,0530,016094,,5,3,9,0700,0,1,3,,2,404,SR-4(E/B),"SOMERSVILLE RD.",2640.00,W,N,A,-,Y,,,,,,,,,,Y,2,0,1,2,A,-,03,22350,,N,C,C,A,A,H,-,D,D,0,,,,Y,Y,,A,01,1,0,0,0,0,0,0,0,0,"- ","- ",,,"CONTRA COSTA",UNINCORPORATED,,
91176897,2020,2020-01-30,9320,2020-01-25,0435,021847,,6,3,5,0712,0,1,1,,2,682,"I-680 S/B","TREAT BLVD",2000.00,N,N,B,-,Y,,,680,,,,,,S,Y,4,0,2,2,A,-,03,22350,,N,C,C,A,A,H,-,C,D,0,,,,,Y,,A,01,0,0,2,0,0,0,0,0,0,"- ","- ",37.932399749755859,-122.06040191650391,"CONTRA COSTA","WALNUT CREEK",-122.06037902832031,37.932399749755859
9117695,2020,2020-08-12,0704,2020-05-21,0648,0482,,4,5,6,0704,0,0,0,,0,005,"CLAYTON RD","LUCKY DR",50.00,W,N,A,-,N,,,,,,,,,,Y,4,0,1,1,A,-,03,22350,,N,A,I,A,A,H,-,A,A,0,,,,,Y,,A,01,0,0,1,0,0,0,0,0,0,"- ","- ",,,"CONTRA COSTA",CONCORD,-122.00981140136719,37.970195770263672
9117696,2020,2020-08-12,0704,2020-05-27,1207,592,,3,5,6,0704,0,0,0,,0,003,"OAK GROVE RD","MONUMENT BL",59.00,S,N,A,-,N,,,,,,,,,,N,4,0,1,2,A,-,03,22350,,M,C,C,A,A,H,-,A,A,0,,,,,Y,,A,01,0,0,1,0,0,0,0,0,0,"- ","- ",,,"CONTRA COSTA",CONCORD,-122.03890228271484,37.956260681152344
91177548,2020,2020-01-31,9320,2020-01-24,1602,021352,,5,2,5,0712,0,1,1,,2,681,"I-680 N/B","NORTH MAIN STREET",2000.00,S,N,A,-,Y,,,680,,,,,,N,Y,4,0,1,2,A,-,07,21658,A,N,B,C,A,A,H,-,A,A,0,,,Y,,Y,,D,22,0,0,1,0,0,0,0,0,0,"- ","- ",37.911411285400391,-122.06742095947266,"CONTRA COSTA","WALNUT CREEK",-122.06744384765625,37.911418914794922
91177591,2020,2020-01-31,9320,2020-01-24,1730,020957,,5,2,9,0700,0,2,4,,2,094,"BYRON HWY N/B","MOUNTAIN HOUSE RD",50.00,N,N,A,-,N,,,,,,,,,,Y,2,0,2,2,A,-,09,21802,A,N,C,C,A,A,H,-,B,A,0,,,,,Y,,A,01,1,0,1,0,0,0,0,0,0,"- ","- ",37.811908721923828,-121.57779693603516,"CONTRA COSTA",UNINCORPORATED,,
91177699,2020,2020-01-31,9350,2020-01-27,1630,017201,,1,2,5,0710,0,1,1,,2,115,"I-580 E/B","RICHMOND SAN RAFEL BRIDGE",2850.00,E,N,A,-,Y,,,580,,,,,,E,Y,2,0,3,2,A,-,03,22350,,N,C,C,A,A,H,-,A,D,0,,,,,Y,,A,01,1,0,2,0,0,0,0,0,0,"- ","- ",37.933189392089844,-122.41684722900391,"CONTRA COSTA",RICHMOND,-122.41684722900391,37.933250427246094
91178177,2020,2020-02-03,9370,2020-01-29,2154,021979,,3,2,3,0707,0,1,1,,2,083,"I-80 E/B TO APPIAN WAY","APPAIN WAY",350.00,W,N,A,-,Y,,,80,,,,R,,E,Y,2,0,1,1,A,-,08,22107,,N,E,J,A,A,H,-,D,D,0,,,,,Y,,A,01,1,0,0,0,0,0,0,0,0,"- ","- ",37.992759704589844,-122.30341339111328,"CONTRA COSTA",PINOLE,-122.30341339111328,37.992759704589844
91178301,2020,2020-02-03,9370,2020-01-30,0825,021645,,4,1,5,0710,0,1,1,,2,083,"I-80 W/B","HILLTOP DRIVE",542.00,E,N,B,-,Y,,,80,,,,,,W,N,4,0,1,3,A,-,03,22350,,N,C,C,A,A,H,-,A,D,0,,,,,Y,,A,01,0,0,1,0,0,0,0,0,0,"- ","- ",37.98114013671875,-122.31690216064453,"CONTRA COSTA",RICHMOND,-122.31689453125,37.98114013671875
91178362,2020,2020-02-03,9320,2020-01-22,0800,018525,,3,1,9,0700,0,2,4,,2,038,"ALHAMBRA VALLEY RD","BEAR CREEK RD",5280.00,E,N,B,-,N,,,,,,,,,,Y,3,0,1,1,A,-,08,22107,,N,F,A,A,B,H,-,A,D,0,,,,,Y,,D,22,0,1,0,0,0,0,0,0,0,"- ","- ",37.962181091308594,-122.18113708496094,"CONTRA COSTA",UNINCORPORATED,-122.18480682373047,37.962379455566406
91178380,2020,2020-02-03,9320,2020-01-24,1600,022013,,5,2,6,0704,0,1,3,,2,402,"SR-4 E/B","PORT CHICAGO HIGHWAY",1109.00,W,N,A,-,Y,,,4,,,,,,E,Y,3,0,2,3,A,-,07,21658,A,N,B,C,A,A,H,-,A,D,0,,,,,Y,,A,01,0,2,0,0,0,0,0,0,0,"- ","- ",38.008899688720703,-122.02660369873047,"CONTRA COSTA",CONCORD,-122.02660369873047,38.008937835693359
91178392,2020,2020-02-25,9320,2020-01-23,1400,021496,,4,2,9,0700,0,3,5,,2,040,"2ND AV","DEODAR DR",0.00,,Y,B,-,N,,,,,,,,,,Y,4,0,1,2,A,-,12,22450,A,N,D,C,A,A,H,-,A,A,0,,,,,Y,,A,01,0,0,1,0,0,0,0,0,0,"- ","- ",37.981498718261719,-122.07099914550781,"CONTRA COSTA",UNINCORPORATED,-122.07093048095703,37.981498718261719
91178470,2020,2020-02-03,9320,2020-01-25,2230,021857,,6,3,5,0712,0,1,1,,2,682,"I-680 SOUTHBOUND","TREAT BOULEVARD",1056.00,S,N,B,-,Y,,,680,,,,,,S,Y,4,0,1,2,A,-,08,22107,,N,B,C,A,B,H,-,C,D,0,,,,,Y,,A,01,0,0,1,0,0,0,0,0,0,"- ","- ",37.922748565673828,-122.06150054931641,"CONTRA COSTA","WALNUT CREEK",-122.06153106689453,37.922760009765625
91178588,2020,2020-02-03,9370,2020-02-01,1220,021645,,6,1,5,0710,0,1,1,,2,082,"I-80 E/B","MACDONALD AVENUE",687.00,W,N,A,-,Y,,,80,,,,,,E,Y,4,0,2,2,A,-,03,22350,,N,C,C,A,A,H,-,A,D,0,,,,,Y,,A,01,0,0,2,0,0,0,0,0,0,"- ","- ",37.930858612060547,-122.32463073730469,"CONTRA COSTA",RICHMOND,-122.32460021972656,37.930881500244141
91178743,2020,2020-02-03,9320,2020-01-24,1835,021352,,5,2,5,0712,0,1,1,,2,682,"I-680 N/B","YGNACIO VALLEY ROAD",1000.00,S,N,A,-,Y,,,680,,,,,,N,Y,4,0,1,2,A,-,07,21658,A,N,B,C,A,A,H,-,C,D,0,,,Y,,Y,,A,01,0,0,1,0,0,0,0,0,1,"- ","- ",37.899909973144531,-122.07044219970703,"CONTRA COSTA","WALNUT CREEK",-122.07048797607422,37.899917602539062
91178763,2020,2020-02-03,9320,2020-01-26,0950,020949,,7,1,9,0700,0,1,1,,2,180,"I-80 E/B","CUMMINGS SKYWAY OVER-CROSSING",1700.00,E,N,B,-,Y,,,80,,,,,,E,Y,4,0,2,2,A,-,03,22350,,N,C,C,A,A,H,-,A,D,0,,,,,Y,,A,01,0,0,2,0,0,0,0,0,0,"- ","- ",38.048419952392578,-122.2332763671875,"CONTRA COSTA",UNINCORPORATED,-122.23333740234375,38.048496246337891
91178825,2020,2020-02-03,9320,2020-01-27,1512,021519,,1,2,6,0704,0,1,3,,2,242,"SR-242 S/B","SOLANO WAY",1270.00,S,N,A,-,Y,,,242,,,,,,S,Y,4,0,2,1,A,-,08,22107,,N,B,I,A,A,H,-,A,D,0,,,,,Y,,A,01,0,0,2,0,0,0,0,0,0,"- ","- ",37.992439270019531,-122.03972625732422,"CONTRA COSTA",CONCORD,-122.03973388671875,37.992439270019531
91178908,2020,2020-02-03,9320,2020-01-22,0855,016563,,3,1,9,0700,0,3,5,,2,020,"HILLCROFT WAY","SPRINGBROOK ROAD",130.00,W,N,B,-,N,,,,,,,,,,Y,4,0,1,1,A,-,03,22350,,N,E,I,A,B,H,-,A,D,0,,,,,Y,,A,01,0,0,1,0,0,0,0,0,0,"- ","- ",37.900588989257812,-122.08003234863281,"CONTRA COSTA",UNINCORPORATED,-122.080078125,37.900558471679688
91178924,2020,2020-02-03,9320,2020-01-27,0944,020984,,1,1,6,0704,0,1,3,,2,402,"SR-4 E/B","I-680 N/B",1320.00,E,N,B,-,Y,,,,,,,,,,N,4,0,1,2,A,-,03,22350,,N,C,C,A,A,D,-,A,D,0,,,,,Y,,A,01,0,0,1,0,0,0,0,0,0,"- ","- ",37.996200561523438,-122.06479644775391,"CONTRA COSTA",CONCORD,,
91179073,2020,2020-02-03,9320,2020-01-27,0945,020984,,1,1,6,0704,0,1,3,,2,402,"SR-4 E/B","I-680 N/B",1320.00,E,N,B,-,Y,,,,,,,,,,N,4,0,1,3,A,-,03,22350,,N,C,C,A,A,D,-,A,D,0,,,,,Y,,A,01,0,0,1,0,0,0,0,0,0,"- ","- ",37.996200561523438,-122.06479644775391,"CONTRA COSTA",CONCORD,,
91179382,2020,2020-02-04,9320,2020-01-23,1837,016584,,4,2,9,0700,0,2,4,,2,032,"CARQUINEZ SCENIC DR.","WINSLOW ST.",530.00,E,N,A,-,N,,,,,,,,,,Y,3,0,2,1,A,-,01,23152,G,N,E,I,A,A,H,-,D,D,0,,,,,Y,Y,A,01,0,1,1,0,0,0,0,0,0,"- ","- ",38.052761077880859,-122.20738983154297,"CONTRA COSTA",UNINCORPORATED,-122.20759582519531,38.052505493164062
91179392,2020,2020-02-04,9320,2020-01-27,1435,018371,,1,2,9,0700,0,3,5,,2,010,"HILLCREST RD","QUAIL HILL LN",500.00,W,N,A,-,N,,,,,,,,,,Y,4,0,1,2,A,-,05,21460,A,N,D,C,A,A,H,-,A,A,0,,,,Y,Y,,G,25,0,0,1,0,0,0,0,0,0,"- ","- ",37.961238861083984,-122.31735229492188,"CONTRA COSTA",UNINCORPORATED,-122.31719207763672,37.961296081542969
91179460,2020,2020-02-04,9320,2020-01-28,0730,016094,,2,1,9,0700,0,2,4,,2,093,"CAMINO DIABLO RD.","HOLWAY RD.",0.00,,Y,B,-,N,,,,,,,,,,Y,3,0,1,2,A,-,09,21802,A,N,D,C,A,A,H,-,A,A,0,,,,,Y,,A,01,0,1,0,0,0,0,0,0,0,"- ","- ",37.867500305175781,-121.6416015625,"CONTRA COSTA",UNINCORPORATED,-121.6416015625,37.867469787597656
91179536,2020,2020-02-04,9320,2020-01-28,1300,016788,,2,1,3,0792,0,1,3,,2,240,"SR-24 W/B","WILDER RD O/C",75.00,E,N,B,-,Y,,,,,,,,,,Y,4,0,1,1,A,-,08,22107,,N,E,I,A,B,H,-,A,D,0,,,,,Y,,D,22,0,0,1,0,0,0,0,0,0,"- ","- ",,,"CONTRA COSTA",ORINDA,,
9117955,2020,2020-07-17,0710,2020-02-12,0909,1486,CENTR,3,5,5,0710,0,0,0,,0,004,"22ND ST","MACDONALD AV",0.00,,Y,A,-,N,,,,,,,,,,N,3,0,1,2,A,-,12,21453,A,N,D,C,A,A,H,-,A,A,0,,,,,Y,,A,01,0,1,0,0,0,0,0,0,0,"- ","- ",,,"CONTRA COSTA",RICHMOND,-122.34857940673828,37.935741424560547
91179571,2020,2020-02-04,9320,2020-01-28,1820,021373,,2,2,9,0700,0,1,3,,2,241,"SR-24 EB","ACALANES ROAD",0.00,,N,A,-,Y,,,,,,,,,,Y,4,0,1,2,A,-,07,21658,A,N,B,C,A,A,H,-,D,D,0,,,Y,,Y,,A,07,0,0,1,0,0,0,0,0,1,"- ","- ",37.891410827636719,-122.14813995361328,"CONTRA COSTA",UNINCORPORATED,-122.15440368652344,37.891830444335938
91179716,2020,2020-02-04,9320,2020-01-29,1055,016094,,3,1,9,0700,0,1,3,,2,405,"E/B SR-4 BYPASS OFF RAMP TO LAUREL RD.","LAUREL RD.",736.00,W,N,A,-,Y,,,,,,,,,,Y,3,0,1,1,A,-,08,22107,,N,F,A,A,A,H,-,A,D,0,,,,,Y,,A,01,0,1,0,0,0,0,0,0,0,"- ","- ",37.980300903320312,-121.74600219726562,"CONTRA COSTA",UNINCORPORATED,,
91179749,2020,2020-02-04,9320,2020-01-05,1540,020981,,7,2,9,0700,0,2,4,,2,077,"MARSH CREEK ROAD","MORGAN TERRITORY",1163.00,E,N,A,-,N,,,,,,,,,,Y,1,1,0,1,A,-,03,22350,,N,F,A,A,A,H,-,A,D,0,,,Y,,Y,,C,02,0,0,0,0,0,0,0,1,0,"- ","- ",37.9031982421875,-121.87100219726562,"CONTRA COSTA",UNINCORPORATED,-121.87157440185547,37.903575897216797
91179790,2019,2020-02-04,9320,2019-11-21,1800,021352,,4,2,9,0700,0,2,4,,2,012,"SAN PABLO DAM ROAD","CLARK ROAD",400.00,E,N,A,-,N,,,,,,,,,,N,1,1,0,2,A,-,11,21954,A,N,G,B,D,A,H,-,D,A,0,Y,,,,Y,Y,N,60,0,0,0,1,0,0,0,0,0,"- ","- ",37.965339660644531,-122.29905700683594,"CONTRA COSTA",UNINCORPORATED,-122.2999267578125,37.965724945068359