CASE_ID,ACCIDENT_YEAR,PROC_DATE,JURIS,COLLISION_DATE,COLLISION_TIME,OFFICER_ID,REPORTING_DISTRICT,DAY_OF_WEEK,CHP_SHIFT,POPULATION,CNTY_CITY_LOC,SPECIAL_COND,BEAT_TYPE,CHP_BEAT_TYPE,CITY_DIVISION_LAPD,CHP_BEAT_CLASS,BEAT_NUMBER,PRIMARY_RD,SECONDARY_RD,DISTANCE,DIRECTION,INTERSECTION,WEATHER_1,WEATHER_2,STATE_HWY_IND,CALTRANS_COUNTY,CALTRANS_DISTRICT,STATE_ROUTE,ROUTE_SUFFIX,POSTMILE_PREFIX,POSTMILE,LOCATION_TYPE,RAMP_INTERSECTION,SIDE_OF_HWY,TOW_AWAY,COLLISION_SEVERITY,NUMBER_KILLED,NUMBER_INJURED,PARTY_COUNT,PRIMARY_COLL_FACTOR,PCF_CODE_OF_VIOL,PCF_VIOL_CATEGORY,PCF_VIOLATION,PCF_VIOL_SUBSECTION,HIT_AND_RUN,TYPE_OF_COLLISION,MVIW,PED_ACTION,ROAD_SURFACE,ROAD_COND_1,ROAD_COND_2,LIGHTING,CONTROL_DEVICE,CHP_ROAD_TYPE,PEDESTRIAN_ACCIDENT,BICYCLE_ACCIDENT,MOTORCYCLE_ACCIDENT,TRUCK_ACCIDENT,NOT_PRIVATE_PROPERTY,ALCOHOL_INVOLVED,STWD_VEHTYPE_AT_FAULT,CHP_VEHTYPE_AT_FAULT,COUNT_SEVERE_INJ,COUNT_VISIBLE_INJ,COUNT_COMPLAINT_PAIN,COUNT_PED_KILLED,COUNT_PED_INJURED,COUNT_BICYCLIST_KILLED,COUNT_BICYCLIST_INJURED,COUNT_MC_KILLED,COUNT_MC_INJURED,PRIMARY_RAMP,SECONDARY_RAMP,LATITUDE,LONGITUDE,COUNTY,CITY,POINT_X,POINT_Y
91210054,2019,2020-03-17,9320,2019-11-21,1145,016563,,4,1,3,0792,0,1,3,,2,240,"SR-24 W/B","ST. STEPHENS DR",275.00,E,N,A,-,Y,,,24,,,,,,W,N,3,0,1,3,A,-,07,21658,A,F,D,C,A,A,H,-,A,D,0,,,,,Y,,A,07,0,1,0,0,0,0,0,0,0,"- ","- ",37.892131805419922,-122.17030334472656,"CONTRA COSTA",ORINDA,-122.1702880859375,37.892093658447266
91210218,2020,2020-03-17,9370,2020-03-06,1630,022392,,5,2,4,0711,0,1,1,,2,083,"I-80 E/B","SAN PABLO DAM RD",2175.00,E,N,A,-,Y,,,80,,,,,,E,Y,4,0,1,2,A,-,07,21658,A,N,B,C,A,A,H,-,A,D,0,,,Y,,Y,,A,01,0,0,1,0,0,0,0,0,1,"- ","- ",37.961799621582031,-122.32952117919922,"CONTRA COSTA","SAN PABLO",-122.3294677734375,37.961761474609375
91210335,2020,2020-03-17,9320,2020-03-10,0758,016563,,2,1,3,0715,0,1,3,,2,241,"SR-24 W/B","ACALANES ROAD",100.00,E,N,B,-,Y,,,24,,,,,,W,Y,3,0,2,4,A,-,03,22350,,N,C,C,A,A,H,-,A,D,0,,,,,Y,,A,01,0,1,1,0,0,0,0,0,0,"- ","- ",37.89208984375,-122.15411376953125,"CONTRA COSTA",LAFAYETTE,-122.15409851074219,37.892166137695312
91210730,2020,2020-03-18,9320,2020-02-22,1750,019914,,6,2,5,0712,0,1,1,,2,681,"I-680 SB","NEWELL AVENUE",500.00,S,N,A,-,Y,,,680,,,,,,S,Y,4,0,1,3,A,-,07,21658,A,N,B,C,A,A,H,-,B,D,0,,,,,Y,,A,01,0,0,1,0,0,0,0,0,0,"- ","- ",37.890598297119141,-122.06060028076172,"CONTRA COSTA","WALNUT CREEK",-122.06055450439453,37.890701293945312
91210891,2020,2020-03-18,9320,2020-03-11,0600,016788,,3,1,9,0700,0,2,4,,2,032,"MCEWEN RD",SR-4,1250.00,N,N,B,-,N,,,,,,,,,,Y,3,0,1,1,A,-,08,22107,,N,E,I,A,A,H,-,D,D,0,,,,,Y,,D,22,0,1,0,0,0,0,0,0,0,"- ","- ",38.019050598144531,-122.17803955078125,"CONTRA COSTA",UNINCORPORATED,-122.17805480957031,38.018230438232422
91210953,2020,2020-03-18,9320,2020-03-03,1255,021203,,2,1,6,0704,0,1,3,,2,242,"SR-242 SOUTHBOUND AND NORTHBOUND","OLIVERA ROAD",500.00,N,N,A,-,Y,,,242,,,,,,S,Y,4,0,2,4,A,-,01,23152,F,N,B,C,A,A,H,-,A,D,0,,,,,Y,,D,22,0,0,2,0,0,0,0,0,0,"- ","- ",37.998989105224609,-122.03826904296875,"CONTRA COSTA",CONCORD,-122.03830718994141,37.998996734619141
91211011,2020,2020-03-18,9320,2020-03-12,1410,021649,,4,2,6,0704,0,1,1,,2,683,"I-680 N/B","MONUMENT BLVD.",1691.00,N,N,A,-,Y,,,680,,,,,,N,Y,3,0,1,4,A,-,03,22350,,N,C,C,A,A,H,-,A,D,0,,,,,Y,,D,22,0,1,0,0,0,0,0,0,0,"- ","- ",37.955459594726562,-122.05339813232422,"CONTRA COSTA",CONCORD,-122.05345153808594,37.955482482910156
91211026,2020,2021-03-26,9320,2020-03-12,1225,016503,,4,1,9,0700,0,2,4,,2,072,"BAILEY RD.","CANAL RD.",0.00,,Y,A,-,N,,,,,,,,,,Y,3,0,1,2,A,-,12,21453,A,N,D,C,A,A,H,-,A,A,0,,,,,Y,,A,01,0,1,0,0,0,0,0,0,0,"- ","- ",38.020198822021484,-121.94180297851562,"CONTRA COSTA",UNINCORPORATED,-121.94187927246094,38.021560668945312
91211038,2020,2020-03-18,9320,2020-03-12,1545,020957,,4,2,9,0700,0,1,3,,2,403,"SR-4 E/B","SAN MARCO BLVD",1000.00,W,N,A,-,Y,,,4,,,,,,E,Y,4,0,3,6,A,-,08,22107,,N,B,C,A,A,H,-,A,D,0,,,,,Y,,A,01,0,0,3,0,0,0,0,0,0,"- ","- ",38.023799896240234,-121.97187805175781,"CONTRA COSTA",UNINCORPORATED,-121.97187805175781,38.023746490478516
91211059,2020,2020-03-18,9390,2020-03-12,1500,020395,,4,2,9,0700,0,3,5,,2,100,"MANNING ROAD (8500 BLOCK)","HIGHLAND ROAD",3168.00,W,N,B,-,N,,,,,,,,,,N,2,0,1,1,A,-,08,22107,,N,E,I,A,A,H,-,A,D,0,,,Y,,Y,,C,02,1,0,0,0,0,0,0,0,1,"- ","- ",37.759300231933594,-121.80239868164062,"CONTRA COSTA",UNINCORPORATED,,
91211141,2020,2020-03-18,9320,2020-03-12,1802,021649,,4,2,4,0714,0,1,3,,2,402,"SR-4 E/B","MORELLO AVE",1786.00,E,N,A,-,Y,,,4,,,,,,E,N,4,0,2,2,A,-,03,22350,,N,C,C,A,A,H,-,A,D,0,,,,,Y,,A,01,0,0,2,0,0,0,0,0,0,"- ","- ",37.990581512451172,-122.09333038330078,"CONTRA COSTA",MARTINEZ,-122.09333038330078,37.990550994873047
91211153,2020,2020-03-18,9320,2020-03-12,0515,021293,,4,3,9,0700,0,1,3,,2,160,"SR-160 S/B TO SR-4 W/B","OAKLEY RD UNDERCROSSING",1637.00,S,N,A,-,Y,,,,,,,,,,Y,4,0,1,3,A,-,03,22350,,N,C,C,A,A,H,-,D,A,0,,,,,Y,,A,01,0,0,1,0,0,0,0,0,0,"- ","- ",37.993171691894531,-121.75733947753906,"CONTRA COSTA",UNINCORPORATED,,
91211343,2020,2020-03-18,9370,2020-03-14,1921,021357,,6,2,5,0710,0,1,1,,2,058,"I-580 W/B","BAYVIEW AVE",640.00,W,N,C,-,Y,,,,,,,,,,Y,4,0,1,1,A,-,03,22350,,N,E,J,A,B,H,-,D,D,0,,,,,Y,,A,01,0,0,1,0,0,0,0,0,0,"- ","- ",37.544979095458984,-122.19302368164062,"CONTRA COSTA",RICHMOND,-122.32516479492188,37.913814544677734
91211605,2020,2020-03-19,9320,2020-03-09,2035,022483,,1,2,3,0707,0,1,1,,2,180,"I-80 E/B","PINOLE VALLEY ROAD",0.00,,N,A,-,Y,,,80,,,,,,E,Y,4,0,2,2,A,-,08,22107,,N,D,C,A,A,H,-,D,D,0,,,,,Y,,A,01,0,0,2,0,0,0,0,0,0,"- ","- ",37.998180389404297,-122.28475952148438,"CONTRA COSTA",PINOLE,-122.28484344482422,37.998256683349609
91211798,2020,2020-03-19,9320,2020-03-11,1845,021373,,3,2,5,0712,0,1,1,,2,682,"I-680 NB","YGNACIO VALLEY ROAD",5280.00,S,N,A,-,Y,,,680,,,,,,N,Y,4,0,3,2,A,-,08,22107,,N,B,E,A,A,H,-,B,D,0,,,,,Y,,A,01,0,0,3,0,0,0,0,0,0,"- ","- ",37.897750854492188,-122.07083892822266,"CONTRA COSTA","WALNUT CREEK",-122.07089233398438,37.897747039794922
91211905,2020,2020-03-19,9320,2020-03-12,1540,022462,,4,2,6,0704,0,1,3,,2,242,"SR-242 N/B","CLAYTON RD",1600.00,S,N,A,-,Y,,,242,,,,,,N,N,3,0,1,2,A,-,03,22350,,N,C,C,A,A,H,-,B,D,0,,,,,Y,,D,22,0,1,0,0,0,0,0,0,0,"- ","- ",37.965541839599609,-122.04917907714844,"CONTRA COSTA",CONCORD,-122.04933929443359,37.965610504150391
91212139,2020,2020-03-19,9390,2020-03-16,0235,021853,,1,3,4,0790,0,1,1,,2,069,"I-680 NORTHBOUND","DIABLO ROAD",528.00,S,N,B,C,Y,,,680,,,,,,N,Y,3,0,1,2,A,-,07,21658,A,M,B,C,A,B,H,-,C,D,0,,,,,Y,,-,99,0,1,0,0,0,0,0,0,0,"- ","- ",37.821651458740234,-121.99311828613281,"CONTRA COSTA",DANVILLE,-121.99325561523438,37.821636199951172
91212149,2020,2020-03-19,9320,2020-03-12,1815,019759,,4,2,9,0700,0,2,4,,2,083,"GATEWAY RD.","WINDSWEEP RD.",2100.00,W,N,A,-,N,,,,,,,,,,N,3,0,1,2,A,-,03,22350,,N,B,C,A,A,H,-,A,A,0,,,Y,,Y,,C,02,0,1,0,0,0,0,0,0,1,"- ","- ",38.019489288330078,-121.62953186035156,"CONTRA COSTA",UNINCORPORATED,-121.63053131103516,38.019485473632812
91212311,2020,2020-03-19,9320,2020-03-10,1125,016563,,2,1,9,0700,0,1,1,,2,681,"I-680 N/B","LA GONDA WAY",300.00,N,N,A,-,Y,,,680,,,,,,N,Y,4,0,1,3,A,-,03,22350,,N,C,C,A,A,H,-,A,D,0,,,,,Y,,D,22,0,0,1,0,0,0,0,0,0,"- ","- ",37.839580535888672,-122.01679992675781,"CONTRA COSTA",UNINCORPORATED,-122.01676177978516,37.839637756347656
91212412,2019,2020-03-19,9370,2019-11-23,2009,021519,,6,2,3,0707,0,1,1,,2,083,"I-80 W/B","RICHMOND PARKWAY OVERCROSSING",820.00,E,N,A,-,Y,,,80,,,,,,W,N,1,1,0,2,A,-,11,21954,A,N,G,B,E,A,H,-,D,D,0,Y,,,Y,Y,,N,60,0,0,0,1,0,0,0,0,0,"- ","- ",37.988861083984375,-122.31320190429688,"CONTRA COSTA",PINOLE,-122.31314086914062,37.988800048828125
91212448,2020,2020-03-19,9370,2020-03-16,1310,020356,,1,1,9,0700,0,3,5,,2,010,"WILLARD AVENUE, W/B","YORK STREET",0.00,,Y,B,-,N,,,,,,,,,,N,4,0,1,2,A,-,09,21800,A,M,D,C,A,A,H,-,A,D,0,,,,,Y,,A,07,0,0,1,0,0,0,0,0,0,"- ","- ",37.951271057128906,-122.368896484375,"CONTRA COSTA",UNINCORPORATED,-122.36885833740234,37.951248168945312
91212726,2020,2020-03-20,9320,2020-03-14,1455,022462,,6,2,9,0700,0,1,1,,2,684,"I-680 N/B","MARINA VISTA AVE",1345.00,N,N,B,C,Y,,,,,,,,,,N,3,0,1,1,A,-,03,22350,,N,E,I,A,B,H,-,A,D,0,,,,,Y,,D,22,0,1,0,0,0,0,0,0,0,"- ","- ",38.028228759765625,-122.11582183837891,"CONTRA COSTA",UNINCORPORATED,,
9121287,2020,2020-09-11,0740,2020-06-24,1418,SR085,,3,5,4,0791,0,0,0,,0,003,"BOLLINGER CANYON RD","SUNSET DR",48.00,E,N,A,-,N,,,,,,,,,,N,4,0,1,2,A,-,04,21703,,N,C,C,A,A,H,-,A,A,0,,,,,Y,,-,,0,0,1,0,0,0,0,0,0,"- ","- ",37.761440277099609,-121.96009063720703,"CONTRA COSTA","SAN RAMON",-121.9600830078125,37.761589050292969
91212994,2020,2020-03-20,9320,2020-03-14,1025,022505,,6,1,4,0714,0,1,1,,2,684,"I-680 N/B","BENICIA MARTINEZ TOLL PLAZA",1530.00,N,N,C,-,Y,,,680,,,,,,N,Y,3,0,1,1,A,-,08,22107,,N,E,I,A,B,H,-,A,D,0,,,,,Y,,A,07,0,1,0,0,0,0,0,0,0,"- ","- ",38.030948638916016,-122.11723327636719,"CONTRA COSTA",MARTINEZ,-122.11677551269531,38.030967712402344
91213000,2020,2020-03-20,9320,2020-03-15,0907,020192,,7,1,6,0704,0,1,3,,2,242,"SR-242 N/B","GRANT AVE.",1000.00,S,N,C,-,Y,,,242,,,,,,N,Y,4,0,1,2,A,-,08,22107,,N,D,C,A,B,H,-,A,D,0,,,,,Y,,A,01,0,0,1,0,0,0,0,0,0,"- ","- ",37.984298706054688,-122.04139709472656,"CONTRA COSTA",CONCORD,-122.04133605957031,37.984287261962891
91213006,2020,2020-04-22,9320,2020-03-15,1010,020949,,7,1,9,0700,0,2,4,,2,012,"SAN PABLO DAM ROAD","HILLCREST ROAD",0.00,,Y,B,C,N,,,,,,,,,,Y,3,0,2,2,A,-,09,21453,C,N,D,C,A,B,H,-,A,A,0,,,,,Y,,A,07,0,1,1,0,0,0,0,0,0,"- ","- ",37.964908599853516,-122.31484222412109,"CONTRA COSTA",UNINCORPORATED,-122.31478118896484,37.964851379394531
91213011,2020,2020-03-20,9320,2020-03-15,0155,021460,,7,3,9,0700,0,1,3,,2,241,"SR-24 E/B","EL NIDO RANCH RD",1214.00,E,N,C,-,Y,,,,,,,,,,Y,4,0,1,1,A,-,03,22350,,N,E,I,A,B,H,-,C,D,0,,,,,Y,,D,22,0,0,1,0,0,0,0,0,0,"- ","- ",37.891220092773438,-122.14157867431641,"CONTRA COSTA",UNINCORPORATED,-122.14022064208984,37.890945434570312
91213026,2020,2020-03-20,9320,2020-03-15,0150,022006,,7,3,5,0708,0,1,3,,2,404,"SR-4 W/B","LOVERIDGE RD.",300.00,W,N,C,-,Y,,,4,,,,,,W,Y,4,0,1,2,A,-,03,22350,,M,C,C,A,B,H,-,C,D,0,,,,,Y,,A,01,0,0,1,0,0,0,0,0,0,"- ","- ",38.013339996337891,-121.87351226806641,"CONTRA COSTA",PITTSBURG,-121.87349700927734,38.013408660888672
91213066,2020,2020-03-20,9320,2020-03-15,0155,022006,,7,3,5,0708,0,1,3,,2,404,"SR-4 W/B","LOVERIDGE RD.",335.00,W,N,C,-,Y,,,4,,,,,,W,Y,4,0,3,3,A,-,01,23152,A,N,C,C,A,B,C,H,C,D,0,,,,,Y,Y,A,01,0,0,3,0,0,0,0,0,0,"- ","- ",38.013450622558594,-121.87384796142578,"CONTRA COSTA",PITTSBURG,-121.87384033203125,38.013492584228516
91213075,2020,2020-03-20,9320,2020-03-15,0157,022006,,7,3,5,0708,0,1,3,,2,403,"SR-4 W/B","LOVERIDGE RD.",325.00,W,N,C,-,Y,,,4,,,,,,W,Y,2,0,3,1,A,-,08,22107,,N,E,I,A,B,H,-,C,D,0,,,,,Y,,A,07,1,0,2,0,0,0,0,0,0,"- ","- ",38.013679504394531,-121.87523651123047,"CONTRA COSTA",PITTSBURG,-121.87520599365234,38.013820648193359
91213251,2020,2020-03-23,9320,2020-03-11,1645,021526,,3,2,6,0704,0,1,3,,2,242,"SR-242 S/B","CONCORD AVENUE",1480.00,N,N,A,-,Y,,,242,,,,,,S,Y,4,0,2,3,A,-,07,21658,A,N,B,C,A,A,H,-,A,D,0,,,,,Y,,A,07,0,0,2,0,0,0,0,0,0,"- ","- ",37.983051300048828,-122.04170227050781,"CONTRA COSTA",CONCORD,-122.041748046875,37.983055114746094
91213253,2020,2020-03-23,9320,2020-03-09,0715,022505,,1,1,9,0700,0,1,3,,2,403,"SR-4 W/B","BAILEY ROAD",2000.00,E,N,A,-,Y,,,4,,,,,,W,Y,3,0,1,3,A,-,07,21658,A,N,B,C,A,A,H,-,A,D,0,,,Y,,Y,,A,07,0,1,0,0,0,0,0,0,1,"- ","- ",38.019039154052734,-121.93126678466797,"CONTRA COSTA",UNINCORPORATED,-121.9312744140625,38.019119262695312
91213255,2020,2020-03-23,9320,2020-03-13,1630,022049,,5,2,6,0704,0,1,3,,2,242,"SR-242 N/B",I-680,2640.00,N,N,A,-,Y,,,,,,,,,,Y,3,0,1,2,A,-,03,22350,,N,C,C,A,A,H,-,A,D,0,,,,,Y,,A,01,0,1,0,0,0,0,0,0,0,"- ","- ",,,"CONTRA COSTA",CONCORD,-122.04935455322266,37.965816497802734
91213256,2020,2020-03-23,9320,2020-03-14,1525,021185,,6,2,3,0792,0,1,3,,2,240,"STATE ROUTE 24 EASTBOUND","CAMINO PABLO",60.00,E,N,B,C,Y,,,24,,,,,,E,Y,3,0,1,5,A,-,03,22350,,N,D,C,A,B,H,-,A,D,0,,,,,Y,,A,08,0,1,0,0,0,0,0,0,0,"- ","- ",37.878589630126953,-122.18315887451172,"CONTRA COSTA",ORINDA,-122.1832275390625,37.878639221191406
91213381,2020,2020-03-23,9370,2020-03-11,0941,021457,,3,1,9,0700,0,3,5,,2,012,"EL PORTAL DRIVE W/B","I-80 E/B",140.00,E,N,A,B,N,,,,,,,,,,Y,3,0,1,2,A,-,12,21453,A,N,A,C,A,A,H,-,A,A,0,,,,,Y,,A,01,0,1,0,0,0,0,0,0,0,"- ","- ",37.966140747070312,-122.32177734375,"CONTRA COSTA",UNINCORPORATED,,
91213394,2020,2020-03-23,9370,2020-03-13,1815,022392,,5,2,5,0710,0,1,1,,2,083,"I-80 E/B","RICHMOND PARKWAY",1900.00,W,N,A,-,Y,,,80,,,,,,E,Y,4,0,1,2,A,-,03,22350,,N,C,C,A,A,H,-,A,D,0,,,,,Y,,A,01,0,0,1,0,0,0,0,0,0,"- ","- ",37.98175048828125,-122.31652069091797,"CONTRA COSTA",RICHMOND,-122.31649017333984,37.981739044189453
91213449,2020,2020-03-23,9370,2020-03-13,1420,022392,,5,2,5,0710,0,1,1,,2,083,"I-80 E/B","EL PORTAL DR",630.00,E,N,A,-,Y,,,80,,,,,,E,Y,4,0,1,2,A,-,03,22350,,N,A,C,A,A,H,-,A,D,0,,,,,Y,,A,07,0,0,1,0,0,0,0,0,0,"- ","- ",37.967800140380859,-122.32115173339844,"CONTRA COSTA",RICHMOND,-122.3212890625,37.967857360839844
91213506,2020,2020-03-23,9320,2020-03-11,2230,021460,,3,3,9,0700,0,1,1,,2,682,"I-680 N/B","YGNACIO VALLEY RD",1550.00,S,N,A,-,Y,,,,,,,,,,Y,4,0,1,2,D,-,00,,,N,C,C,A,A,D,-,C,A,0,,,,Y,Y,,-,"- ",0,0,1,0,0,0,0,0,0,"- ","- ",37.900871276855469,-122.07026672363281,"CONTRA COSTA",UNINCORPORATED,-122.07015228271484,37.901470184326172
91213602,2020,2020-03-23,9320,2020-03-13,1505,021526,,5,2,4,0714,0,1,1,,2,683,"I-680 N/B","CENTER AVENUE",680.00,N,N,A,-,Y,,,,,,,,,,Y,4,0,1,2,A,-,03,22350,,N,C,C,A,A,H,-,A,D,0,,,,,Y,,D,22,0,0,1,0,0,0,0,0,0,"- ","- ",37.985450744628906,-122.06642150878906,"CONTRA COSTA",MARTINEZ,-122.06644439697266,37.985343933105469
91213678,2020,2020-03-23,9320,2020-03-14,1305,022484,,6,1,9,0700,0,1,1,,2,180,"SR-4 W/B TO I-80 W/B","I-80 O/C",100.00,W,N,C,-,Y,,,,,,,,,,Y,3,0,1,1,A,-,08,22107,,N,E,I,A,B,H,-,A,D,0,,,,,Y,,A,01,0,1,0,0,0,0,0,0,0,"- ","- ",38.014801025390625,-122.2698974609375,"CONTRA COSTA",UNINCORPORATED,-122.26972961425781,38.015239715576172
91213687,2020,2020-03-23,9320,2020-03-14,0720,021203,,6,1,5,0712,0,1,1,,2,682,"SR-24 EASTBOUND TO I-680 NORTHBOUND","EL CURTOLA BOULEVARD",2900.00,E,N,B,C,Y,,,24,,,,R,,E,Y,4,0,1,1,A,-,03,22350,,N,E,I,A,B,H,-,A,D,0,,,,,Y,,A,01,0,0,1,0,0,0,0,0,0,"- ","- ",37.896011352539062,-122.07396697998047,"CONTRA COSTA","WALNUT CREEK",-122.07396697998047,37.896011352539062
91213804,2020,2020-03-23,9320,2020-03-14,1000,020009,,6,1,4,0714,0,1,3,,2,402,"SR-4 W/B","MORELLO AVE",1100.00,W,N,C,-,Y,,,4,,,,,,W,N,4,0,1,1,A,-,08,22107,,N,E,I,A,B,H,-,A,D,0,,,,,Y,,A,01,0,0,1,0,0,0,0,0,0,"- ","- ",37.992351531982422,-122.10183715820312,"CONTRA COSTA",MARTINEZ,-122.101806640625,37.992427825927734
91213836,2020,2020-03-23,9320,2020-03-14,1620,022049,,6,2,3,0792,0,1,3,,2,240,"SR-24 E/B","CAMINO PABLO",2693.00,W,N,B,C,Y,,,24,,,,,,E,Y,4,0,1,3,A,-,03,22350,,N,C,C,A,B,H,-,A,D,0,,,,,Y,,D,22,0,0,1,0,0,0,0,0,0,"- ","- ",37.871101379394531,-122.19139862060547,"CONTRA COSTA",ORINDA,-122.19140625,37.871112823486328
91213848,2020,2020-03-23,9320,2020-03-14,1340,022049,,6,1,3,0715,0,1,3,,2,241,"SR-24 E/B","SAINT STEPHENS DR",2693.00,W,N,B,C,Y,,,,,,,,,,Y,4,0,3,2,A,-,03,22350,,N,E,I,A,B,H,-,A,D,0,,,,,Y,,A,01,0,0,3,0,0,0,0,0,0,"- ","- ",37.886100769042969,-122.1781005859375,"CONTRA COSTA",LAFAYETTE,-122.17784118652344,37.886547088623047
91213859,2020,2020-03-23,9320,2020-03-15,1350,021949,,7,1,5,0712,0,1,3,,2,241,"SR-24 E/B TO I-680 S/B","BOULEVARD WAY U/C",570.00,E,N,B,C,Y,,,,,,,,,,Y,4,0,1,1,A,-,03,22350,,N,E,J,A,B,H,-,A,D,0,,,,,Y,,A,07,0,0,1,0,0,0,0,0,0,"- ","- ",37.894969940185547,-122.06996917724609,"CONTRA COSTA","WALNUT CREEK",,
91213875,2020,2020-03-23,9320,2020-03-15,1620,022049,,7,2,9,0700,0,2,4,,2,038,"ALHAMBRA VALLEY RD","CASTRO RANCH RD",5280.00,E,N,A,B,N,,,,,,,,,,Y,2,0,1,1,A,-,08,22107,,N,E,J,A,B,H,-,A,D,0,,,,,Y,,A,01,1,0,0,0,0,0,0,0,0,"- ","- ",37.964778900146484,-122.17745971679688,"CONTRA COSTA",UNINCORPORATED,-122.22705841064453,37.973400115966797
91213961,2020,2020-03-23,9320,2020-03-16,0625,016563,,1,1,3,0715,0,1,3,,2,241,"SR-24 E/B","FIRST STREET",1000.00,E,N,B,C,Y,,,24,,,,,,E,N,4,0,1,2,A,-,03,22350,,M,C,C,A,B,H,-,D,D,0,,,,,Y,,-,99,0,0,1,0,0,0,0,0,0,"- ","- ",37.894588470458984,-122.11611938476562,"CONTRA COSTA",LAFAYETTE,-122.11611938476562,37.894573211669922
91213969,2020,2020-03-23,9320,2020-03-16,0800,016563,,1,1,3,0792,0,1,3,,2,240,"SR-24 E/B","WILDER ROAD",1320.00,E,N,B,C,Y,,,24,,,,,,E,Y,4,0,1,1,A,-,03,22350,,N,E,I,A,B,H,-,A,D,0,,,,,Y,,A,01,0,0,1,0,0,0,0,0,0,"- ","- ",37.868949890136719,-122.19406127929688,"CONTRA COSTA",ORINDA,-122.19413757324219,37.869052886962891
91213997,2020,2020-03-23,9320,2020-03-16,0335,022119,,1,3,3,0792,0,1,3,,2,240,"SR-24 E/B","WILDER RD",1100.00,E,N,C,-,Y,,,,,,,,,,Y,4,0,1,1,A,-,03,22350,,N,E,I,A,B,H,-,D,D,0,,,,,Y,,A,01,0,0,1,0,0,0,0,0,0,"- ","- ",37.865848541259766,-122.19454956054688,"CONTRA COSTA",ORINDA,,
91214013,2020,2020-03-23,9320,2020-03-17,0335,022462,,2,3,3,0707,0,1,1,,2,180,"I-80 WESTBOUND","APPIAN WAY",2500.00,E,N,A,-,Y,,,80,,,,,,W,N,4,0,1,1,A,-,08,22107,,N,E,I,A,A,H,-,C,D,0,,,,,Y,,D,22,0,0,1,0,0,0,0,0,0,"- ","- ",37.994651794433594,-122.29287719726562,"CONTRA COSTA",PINOLE,-122.29288482666016,37.994728088378906
91214034,2020,2020-03-23,9320,2020-03-18,0730,016503,,3,1,9,0700,0,2,4,,2,071,"WILLOW PASS RD.","WELDON ST.",0.00,,Y,B,C,N,,,,,,,,,,Y,3,0,1,2,A,-,12,21453,A,N,D,C,A,B,H,-,A,A,0,,,,,Y,,A,01,0,1,0,0,0,0,0,0,0,"- ","- ",38.026821136474609,-121.95735931396484,"CONTRA COSTA",UNINCORPORATED,-121.95731353759766,38.026779174804688
91214217,2020,2020-03-23,9320,2020-03-13,1935,021519,,5,2,9,0700,0,3,5,,2,010,"SAN PABLO DAM RD, 1700 BLOCK","MAY RD",160.00,W,N,A,-,Y,,,,,,,,,,Y,4,0,1,2,A,-,09,21804,A,N,D,C,A,A,H,-,C,D,0,,,,,Y,Y,A,01,0,0,1,0,0,0,0,0,0,"- ","- ",37.964679718017578,-122.29759216308594,"CONTRA COSTA",UNINCORPORATED,-122.29751586914062,37.9647216796875
91214225,2020,2020-03-23,9320,2020-03-14,1728,021949,,6,2,3,0706,0,1,1,,2,180,"I-80 E/B","SYCAMORE AVE U/C",40.00,E,N,B,-,Y,,,80,,,,,,E,Y,2,0,1,4,A,-,03,22350,,N,D,C,A,B,H,-,A,D,0,,,,,Y,,D,22,1,0,0,0,0,0,0,0,0,"- ","- ",38.011699676513672,-122.27239990234375,"CONTRA COSTA",HERCULES,-122.27235412597656,38.01165771484375
91214392,2020,2020-03-24,9370,2020-03-15,1530,022392,,7,2,3,0707,0,1,1,,2,083,"I-80 W/B TO FITZGERALD DR","FITZGERALD DR",40.00,E,N,A,-,Y,,,80,,,,R,,W,N,4,0,1,2,A,-,03,22350,,M,C,C,A,A,H,-,A,D,0,,,,,Y,Y,-,99,0,0,1,0,0,0,0,0,0,"- ","- ",37.987258911132812,-122.31684112548828,"CONTRA COSTA",PINOLE,-122.31684112548828,37.987258911132812
91214515,2020,2020-03-24,9320,2020-02-21,2217,022082,,5,3,9,0700,0,3,5,,2,075,"CANAL RD.","BAILEY RD.",60.00,E,N,A,-,N,,,,,,,,,,Y,4,0,1,3,A,-,09,21804,A,M,D,C,A,A,H,-,C,A,0,,,,,Y,,A,01,0,0,1,0,0,0,0,0,0,"- ","- ",38.020099639892578,-121.94149780273438,"CONTRA COSTA",UNINCORPORATED,-121.94187927246094,38.021560668945312