CASE_ID,ACCIDENT_YEAR,PROC_DATE,JURIS,COLLISION_DATE,COLLISION_TIME,OFFICER_ID,REPORTING_DISTRICT,DAY_OF_WEEK,CHP_SHIFT,POPULATION,CNTY_CITY_LOC,SPECIAL_COND,BEAT_TYPE,CHP_BEAT_TYPE,CITY_DIVISION_LAPD,CHP_BEAT_CLASS,BEAT_NUMBER,PRIMARY_RD,SECONDARY_RD,DISTANCE,DIRECTION,INTERSECTION,WEATHER_1,WEATHER_2,STATE_HWY_IND,CALTRANS_COUNTY,CALTRANS_DISTRICT,STATE_ROUTE,ROUTE_SUFFIX,POSTMILE_PREFIX,POSTMILE,LOCATION_TYPE,RAMP_INTERSECTION,SIDE_OF_HWY,TOW_AWAY,COLLISION_SEVERITY,NUMBER_KILLED,NUMBER_INJURED,PARTY_COUNT,PRIMARY_COLL_FACTOR,PCF_CODE_OF_VIOL,PCF_VIOL_CATEGORY,PCF_VIOLATION,PCF_VIOL_SUBSECTION,HIT_AND_RUN,TYPE_OF_COLLISION,MVIW,PED_ACTION,ROAD_SURFACE,ROAD_COND_1,ROAD_COND_2,LIGHTING,CONTROL_DEVICE,CHP_ROAD_TYPE,PEDESTRIAN_ACCIDENT,BICYCLE_ACCIDENT,MOTORCYCLE_ACCIDENT,TRUCK_ACCIDENT,NOT_PRIVATE_PROPERTY,ALCOHOL_INVOLVED,STWD_VEHTYPE_AT_FAULT,CHP_VEHTYPE_AT_FAULT,COUNT_SEVERE_INJ,COUNT_VISIBLE_INJ,COUNT_COMPLAINT_PAIN,COUNT_PED_KILLED,COUNT_PED_INJURED,COUNT_BICYCLIST_KILLED,COUNT_BICYCLIST_INJURED,COUNT_MC_KILLED,COUNT_MC_INJURED,PRIMARY_RAMP,SECONDARY_RAMP,LATITUDE,LONGITUDE,COUNTY,CITY,POINT_X,POINT_Y
91250358,2020,2020-06-10,9370,2020-06-05,1220,022491,,5,1,4,0711,0,1,1,,2,083,"I-80 W/B","EL PORTAL DRIVE",1840.00,W,N,B,-,Y,,,80,,,,,,W,Y,3,0,1,1,A,-,08,22107,,N,E,I,A,A,H,-,A,D,0,,,,,Y,,A,01,0,1,0,0,0,0,0,0,0,"- ","- ",37.963100433349609,-122.32865142822266,"CONTRA COSTA","SAN PABLO",-122.32850646972656,37.962902069091797
91250529,2019,2020-06-10,9365,2019-09-22,1825,020566,,7,2,9,0700,0,1,1,,2,001,"I-80 E/B","DOWRELIO DR",530.00,E,N,A,-,Y,,,80,,,,,,E,Y,1,1,0,2,A,-,03,22350,,N,C,C,A,A,H,-,A,D,0,,,Y,,Y,Y,C,02,0,0,0,0,0,0,0,1,0,"- ","- ",38.056098937988281,-122.22470092773438,"CONTRA COSTA",UNINCORPORATED,-122.22474670410156,38.056095123291016
91250626,2020,2020-06-11,9320,2020-06-06,0535,021203,,6,3,5,0708,0,1,3,,2,404,"SR-4 WESTBOUND","RAILROAD AVENUE",425.00,E,N,A,-,Y,,,4,,,,,,W,Y,3,0,1,1,A,-,08,22107,,N,F,I,A,A,H,-,A,D,0,,,,,Y,,A,07,0,1,0,0,0,0,0,0,0,"- ","- ",38.016689300537109,-121.88780975341797,"CONTRA COSTA",PITTSBURG,-121.88779449462891,38.016742706298828
91250978,2020,2020-06-11,9320,2020-03-07,0559,020009,,6,3,9,0700,0,1,1,,2,681,"I-680 S/B","STONE VALLEY RD",1663.00,S,N,B,-,Y,,,680,,,,,,S,Y,1,1,0,1,A,-,08,22107,,N,E,I,A,A,H,-,D,A,0,,,,Y,Y,,G,25,0,0,0,0,0,0,0,0,0,"- ","- ",37.843841552734375,-122.02308654785156,"CONTRA COSTA",UNINCORPORATED,-122.02309417724609,37.843837738037109
91251047,2020,2020-06-11,9320,2020-06-11,0815,016094,,4,1,9,0700,0,1,3,,2,404,SR-4(W/B),"HILLCREST AVE.",300.00,E,N,A,-,Y,,,,,,,,,,Y,3,0,1,2,A,-,07,21658,A,M,B,C,A,A,H,-,A,D,0,,,,,Y,,A,01,0,1,0,0,0,0,0,0,0,"- ","- ",,,"CONTRA COSTA",UNINCORPORATED,-121.784423828125,37.996166229248047
91251607,2020,2020-06-15,9320,2020-06-07,1440,020009,,7,2,9,0700,0,1,3,,2,405,"HOLLAND TRACT RD","TRANQUILITY BAY RD",6800.00,E,N,A,-,N,,,,,,,,,,Y,4,0,2,1,A,-,08,22107,,N,E,I,A,A,H,-,A,D,0,,,,,Y,,A,01,0,0,2,0,0,0,0,0,0,"- ","- ",37.975738525390625,-121.59381103515625,"CONTRA COSTA",UNINCORPORATED,,
91251630,2020,2020-06-15,9320,2020-06-07,1730,020949,,7,2,5,0712,0,1,1,,2,682,"I-680 S/B","TREAT BOULEVARD OVER-CROSSING",1500.00,S,N,A,-,Y,,,680,,,,,,S,Y,2,0,1,2,A,-,07,21658,A,N,B,C,A,A,H,-,A,D,0,,,,,Y,,A,07,1,0,0,0,0,0,0,0,0,"- ","- ",37.922271728515625,-122.06105041503906,"CONTRA COSTA","WALNUT CREEK",-122.06163024902344,37.922458648681641
91251882,2020,2020-06-15,9320,2020-06-12,2145,021293,,5,2,9,0700,0,1,3,,2,403,"SR4 EASTBOUND","RAILROAD AVE",2006.00,W,N,A,-,Y,,,,,,,,,,Y,4,0,1,1,A,-,08,22107,,N,E,I,A,A,H,-,D,D,0,,,,,Y,,A,07,0,0,1,0,0,0,0,0,0,"- ","- ",38.018501281738281,-121.89649963378906,"CONTRA COSTA",UNINCORPORATED,-121.896240234375,38.018562316894531
91252291,2019,2020-07-10,9370,2019-09-29,0355,021747,,7,3,3,0705,0,1,1,,2,082,"I-80 W/B","BARRETT AVE.",510.00,W,N,A,-,Y,,,,,,,,,,Y,1,2,1,4,A,-,01,23152,A,N,A,C,A,A,H,-,D,D,0,,,,,Y,Y,A,07,1,0,0,0,0,0,0,0,0,"- ","- ",37.933361053466797,-122.32652282714844,"CONTRA COSTA","EL CERRITO",-122.32688140869141,37.934158325195312
91252338,2020,2020-08-31,9320,2020-06-09,1900,022049,,2,2,3,0706,0,1,1,,2,180,"I-80 E/B","PINOLE VALLEY RD",1056.00,W,N,A,-,Y,,,,,,,,,,Y,2,0,1,3,A,-,07,21658,A,N,B,C,A,A,H,-,A,D,0,,,Y,,Y,,-,"- ",1,0,0,0,0,0,0,0,1,"- ","- ",37.995498657226562,-122.2886962890625,"CONTRA COSTA",HERCULES,-122.2890625,37.995418548583984
91252355,2020,2020-06-16,9320,2020-05-25,1125,018525,,1,1,9,0700,0,3,5,,2,092,"WHITMAN CT","WILDE DR",250.00,E,N,A,-,N,,,,,,,,,,N,3,0,1,2,A,-,01,23152,A,N,B,E,A,A,H,-,A,D,0,,,,,Y,Y,A,01,0,1,0,0,0,0,0,0,0,"- ","- ",37.905410766601562,-121.61653137207031,"CONTRA COSTA",UNINCORPORATED,-121.61626434326172,37.905410766601562
91252380,2020,2020-06-16,9320,2020-05-26,0830,018628,,2,1,9,0700,0,3,5,,2,060,"HILGRADE AVE","LUNADA LN.",340.00,E,N,A,-,N,,,,,,,,,,N,4,0,1,2,A,-,09,21801,A,N,D,G,A,A,H,-,A,D,0,,Y,,,Y,,L,04,0,0,1,0,0,0,1,0,0,"- ","- ",37.868461608886719,-122.04630279541016,"CONTRA COSTA",UNINCORPORATED,-122.04643249511719,37.868389129638672
91252578,2020,2020-06-16,9320,2020-06-13,1135,020984,,6,1,9,0700,0,2,4,,2,038,"ALHAMBRA VALLEY RD","FERNDALE RD",2640.00,E,N,A,-,N,,,,,,,,,,N,2,0,1,1,A,-,03,22350,,N,F,A,A,A,H,-,A,A,0,,Y,,,Y,,L,04,1,0,0,0,0,0,1,0,0,"- ","- ",37.970298767089844,-122.16770172119141,"CONTRA COSTA",UNINCORPORATED,-122.16732788085938,37.970169067382812
91252592,2020,2020-09-21,9320,2020-06-13,2300,021472,,6,3,5,0712,0,1,1,,2,681,"I-680 S/B","S MAIN ST",800.00,N,N,A,-,Y,,,680,,,,,,S,Y,4,0,1,1,A,-,08,22107,,N,E,I,A,A,H,-,C,D,0,,,,,Y,,A,01,0,0,1,0,0,0,0,0,0,"- ","- ",37.887378692626953,-122.05695343017578,"CONTRA COSTA","WALNUT CREEK",-122.05681610107422,37.887466430664062
91252617,2020,2020-06-16,9320,2020-06-13,1338,022116,,6,1,3,0715,0,2,4,,2,023,"BEAR CREEK RD","HAPPY VALLEY RD",2110.00,W,N,A,-,N,,,,,,,,,,N,3,0,1,1,A,-,08,22107,,N,F,A,A,A,H,-,A,D,0,,Y,,,Y,,L,04,0,1,0,0,0,0,1,0,0,"- ","- ",37.917930603027344,-122.17330932617188,"CONTRA COSTA",LAFAYETTE,-122.17060089111328,37.918464660644531
91253008,2020,2020-06-17,9320,2020-06-06,1900,020010,,6,2,9,0700,0,2,4,,2,031,"SAN PABLO AVE","PARKER AVE",0.00,,Y,A,-,N,,,,,,,,,,N,4,0,1,2,A,-,09,21801,A,M,D,C,A,A,H,-,A,D,0,,,,,Y,,A,01,0,0,1,0,0,0,0,0,0,"- ","- ",38.038059234619141,-122.26809692382812,"CONTRA COSTA",UNINCORPORATED,-122.26812744140625,38.038040161132812
91253029,2020,2020-06-17,9320,2020-06-08,1245,016788,,1,1,3,0706,0,1,1,,2,180,"I-80 W/B","PINOLE VALLEY RD U/C",1884.00,E,N,A,-,Y,,,80,,,,,,W,Y,4,0,2,2,B,-,22,,,N,C,C,A,A,H,-,A,D,0,,,,,Y,,-,98,0,0,2,0,0,0,0,0,0,"- ","- ",38.001838684082031,-122.28189086914062,"CONTRA COSTA",HERCULES,-122.28182220458984,38.001781463623047
91253089,2020,2020-06-17,9320,2020-06-15,1945,018371,,1,2,9,0700,0,2,4,,2,011,"APPIAN WAY","LA PALOMA ROAD",10.00,N,N,A,-,N,,,,,,,,,,N,4,0,3,2,A,-,03,22350,,N,C,C,A,A,H,-,A,A,0,,,,,Y,,D,22,0,0,3,0,0,0,0,0,0,"- ","- ",37.971229553222656,-122.30563354492188,"CONTRA COSTA",UNINCORPORATED,-122.30570220947266,37.971157073974609
91253100,2020,2020-06-17,9320,2020-06-15,1810,021373,,1,2,9,0700,0,1,1,,2,681,"I-680 SB","SOUTH MAIN STREET",0.00,,N,A,-,Y,,,,,,,,,,Y,4,0,1,1,A,-,08,22107,,N,E,I,A,A,H,-,A,D,0,,,,,Y,,A,01,0,0,1,0,0,0,0,0,0,"- ","- ",37.888370513916016,-122.05724334716797,"CONTRA COSTA",UNINCORPORATED,-122.05536651611328,37.885570526123047
91253108,2020,2020-06-17,9320,2020-06-15,2310,021472,,1,3,9,0700,0,1,3,,2,403,"SR-4 E/B","SAN MARCO BLVD",211.00,W,N,A,-,Y,,,4,,,,,,E,N,4,0,1,2,A,-,07,21658,A,M,C,C,A,A,H,-,D,D,0,,,,,Y,,D,22,0,0,1,0,0,0,0,0,0,"- ","- ",38.012321472167969,-122.00437164306641,"CONTRA COSTA",UNINCORPORATED,-122.00437927246094,38.012378692626953
91253177,2020,2020-06-17,9320,2020-06-15,2125,021949,,1,2,9,0700,0,2,4,,2,074,"DEER VALLEY RD.","BRIONES VALLEY RD.",1480.00,N,N,A,-,N,,,,,,,,,,Y,3,0,1,1,A,-,08,22107,,N,E,I,A,A,H,-,D,D,0,,,,,Y,,A,01,0,1,0,0,0,0,0,0,0,"- ","- ",37.899799346923828,-121.76467132568359,"CONTRA COSTA",UNINCORPORATED,-121.76462554931641,37.899272918701172
91253191,2020,2020-06-17,9390,2020-06-15,1515,022273,,1,2,9,0700,0,2,4,,2,110,"BOLLINGER CANYON ROAD (BLOCK #18189)","BOLLINGER ESTATES CT",380.00,E,N,A,-,N,,,,,,,,,,N,3,0,1,1,C,-,18,,,N,A,H,A,A,H,-,A,D,0,,,Y,,Y,,-,"- ",0,1,0,0,0,0,0,0,1,"- ","- ",37.804119110107422,-121.03418731689453,"CONTRA COSTA",UNINCORPORATED,-122.03420257568359,37.804111480712891
91253257,2020,2020-06-17,9320,2020-06-15,1850,022116,,1,2,5,0701,0,1,3,,2,404,"SR-4 E/B","SOMERSVILLE RD",0.00,,N,A,-,Y,,,4,,,,,,E,Y,4,0,1,2,A,-,03,22350,,N,C,C,A,A,H,-,A,D,0,,,,,Y,,A,01,0,0,1,0,0,0,0,0,0,"- ","- ",38.005229949951172,-121.84319305419922,"CONTRA COSTA",ANTIOCH,-121.8431396484375,38.005405426025391
91253275,2020,2020-06-17,9320,2020-06-16,0727,017906,,2,1,3,0706,0,1,1,,2,180,"I-80 W/B","SR-4 U/C",110.00,E,N,A,-,Y,,,,,,,,,,N,4,0,1,2,A,-,08,22107,,N,B,C,A,A,H,-,A,D,0,,,,,Y,,A,01,0,0,1,0,0,0,0,0,0,"- ","- ",,,"CONTRA COSTA",HERCULES,-122.269287109375,38.015121459960938
91253635,2020,2020-06-18,9320,2020-06-08,0730,016563,,1,1,3,0715,0,1,3,,2,241,"SR-24 E/B","OAK HILL ROAD",500.00,E,N,A,-,Y,,,24,,,,,,E,Y,4,0,1,2,A,-,07,21658,A,N,B,C,A,A,H,-,A,D,0,,,,,Y,,E,22,0,0,1,0,0,0,0,0,0,"- ","- ",37.894081115722656,-122.11894226074219,"CONTRA COSTA",LAFAYETTE,-122.11894226074219,37.894111633300781
91253719,2020,2020-06-18,9320,2020-06-17,0930,016788,,3,1,9,0700,0,1,3,,2,401,"SR-4 W/B","MCEWEN RD U/C",7700.00,E,N,A,-,Y,,,,,,,,,,Y,3,0,1,1,A,-,08,22107,,N,E,I,A,A,H,-,A,D,0,,,,,Y,,A,01,0,1,0,0,0,0,0,0,0,"- ","- ",,,"CONTRA COSTA",UNINCORPORATED,-122.15536499023438,38.004840850830078
91253774,2020,2020-06-18,9320,2020-06-12,1030,022459,,5,1,6,0704,0,1,3,,2,242,"SR242 S/B","CONCORD AVE. U/C",70.00,S,N,A,-,Y,,,242,,,,,,S,Y,4,0,1,1,A,-,08,22107,,N,F,A,A,A,H,-,A,D,0,,,,Y,Y,,F,26,0,0,1,0,0,0,0,0,0,"- ","- ",37.978691101074219,-122.04371643066406,"CONTRA COSTA",CONCORD,-122.04354858398438,37.978595733642578
91253957,2020,2020-06-18,9320,2020-06-08,1115,017271,,1,1,9,0700,0,2,4,,1,061,"DANVILLE BLVD","ORCHARD CT",155.00,S,N,A,-,N,,,,,,,,,,N,3,0,1,2,A,-,09,21801,A,N,D,G,A,A,H,-,A,D,0,,Y,,,Y,,A,01,0,1,0,0,0,0,1,0,0,"- ","- ",37.851589202880859,-122.03330230712891,"CONTRA COSTA",UNINCORPORATED,-122.03343963623047,37.8516845703125
91254267,2020,2020-06-19,9320,2020-06-11,1505,021847,,4,2,6,0704,0,1,3,,2,242,"SR-242 S/B",SR-4,1000.00,S,N,A,-,Y,,,242,,,,,,S,Y,3,0,1,1,A,-,01,23152,A,N,E,I,A,A,H,-,A,D,0,,,,,Y,Y,A,01,0,1,0,0,0,0,0,0,0,"- ","- ",38.001598358154297,-122.03759765625,"CONTRA COSTA",CONCORD,-122.03775787353516,38.001632690429688
91254287,2020,2020-06-19,9320,2020-06-16,1615,018371,,2,2,3,0707,0,1,1,,2,180,"INTERSTATE 80 WESTBOUND","APPIAN WAY",500.00,E,N,A,-,Y,,,,,,,,,,Y,4,0,1,2,A,-,07,21658,A,N,B,C,A,A,H,-,A,D,0,,,,,Y,,A,08,0,0,1,0,0,0,0,0,0,"- ","- ",,,"CONTRA COSTA",PINOLE,-122.30168914794922,37.993488311767578
91254329,2020,2020-06-19,9365,2020-06-09,1407,019815,,2,2,9,0700,0,1,1,,2,080,"I-80 W/B","POMONA ST.",1500.00,E,N,A,-,Y,,,80,,,,,,W,Y,4,0,1,2,A,-,07,21658,A,N,B,C,A,A,H,-,A,D,0,,,,,Y,,A,01,0,0,1,0,0,0,0,0,0,"- ","- ",38.056549072265625,-122.22589874267578,"CONTRA COSTA",UNINCORPORATED,-122.22601318359375,38.056545257568359
91254483,2020,2020-06-19,9320,2020-03-29,2009,021185,,7,2,4,0790,0,1,1,,2,681,"INTERSTATE 680 NORTHBOUND","EL PINTADO RD",1896.00,N,N,B,-,Y,,,680,,,,,,N,Y,1,1,0,1,A,-,03,22350,,N,F,A,A,A,H,-,D,A,0,,,Y,,Y,,C,02,0,0,0,0,0,0,0,1,0,"- ","- ",37.838039398193359,-122.01409912109375,"CONTRA COSTA",DANVILLE,-122.01412200927734,37.838005065917969
91254933,2020,2020-06-22,9320,2020-06-12,1343,021649,,5,1,9,0700,0,1,1,,2,180,"I-80 E/B","POMONA ST",1776.00,W,N,A,-,Y,,,80,,,,,,E,Y,3,0,2,4,A,-,08,22107,,N,E,I,A,A,H,-,A,D,0,,,,,Y,,D,22,0,1,1,0,0,0,0,0,0,"- ","- ",38.04949951171875,-122.23200988769531,"CONTRA COSTA",UNINCORPORATED,-122.23197174072266,38.049449920654297
91255403,2020,2020-06-22,9320,2020-06-14,2000,022484,,7,2,3,0792,0,1,3,,2,240,"SR-24 E/B","FISH RANCH ROAD",375.00,E,N,A,-,Y,,,,,,,,,,Y,3,0,1,2,A,-,07,21658,A,M,E,I,A,A,H,-,B,D,0,,,,,Y,,-,99,0,1,0,0,0,0,0,0,0,"- ","- ",37.862091064453125,-122.20922088623047,"CONTRA COSTA",ORINDA,-122.20926666259766,37.862140655517578
91255445,2020,2020-06-22,9320,2020-06-03,1510,022463,,3,2,3,0715,0,1,3,,2,241,"SR 24 E/B","EL NIDO RANCH RD UNDERCROSSING",2640.00,E,N,A,-,Y,,,24,,,,,,E,N,4,0,1,2,A,-,08,22107,,N,E,I,A,A,H,-,A,D,0,,,,,Y,,A,07,0,0,1,0,0,0,0,0,0,"- ","- ",37.89044189453125,-122.13533782958984,"CONTRA COSTA",LAFAYETTE,-122.13533782958984,37.890399932861328
91255455,2020,2020-06-22,9320,2020-06-17,1555,019914,,3,2,6,0704,0,1,3,,2,402,"SR-4 EB","KINNEY BLVD",300.00,E,N,A,-,Y,,,4,,,,,,E,Y,3,0,1,2,A,-,03,22350,,N,C,C,A,A,H,-,A,D,0,,,,,Y,,D,22,0,1,0,0,0,0,0,0,0,"- ","- ",38.011299133300781,-122.01039886474609,"CONTRA COSTA",CONCORD,-122.01042175292969,38.011440277099609
91256520,2020,2020-06-24,9320,2020-06-16,0445,019546,,2,3,9,0700,0,1,1,,2,180,"I-80 EASTBOUND","POMONA STREET",694.00,W,N,A,-,Y,,,80,,,,,,E,Y,3,0,1,1,A,-,08,22107,,N,E,I,A,A,H,-,D,D,0,,,,,Y,,A,01,0,1,0,0,0,0,0,0,0,"- ","- ",38.051319122314453,-122.22924041748047,"CONTRA COSTA",UNINCORPORATED,-122.22926330566406,38.051353454589844
91256544,2020,2020-06-24,9320,2020-06-13,1720,022116,,6,2,5,0712,0,1,1,,2,682,"I-680 N/B","N MAIN ST",40.00,N,N,A,-,Y,,,680,,,,,,N,Y,3,0,3,1,A,-,08,22107,,N,F,A,A,A,H,-,A,D,0,,,,,Y,,D,22,0,1,2,0,0,0,0,0,0,"- ","- ",37.915218353271484,-122.06578826904297,"CONTRA COSTA","WALNUT CREEK",-122.06581115722656,37.915233612060547
91256601,2020,2020-06-24,9320,2020-06-17,1310,017530,,3,1,9,0700,0,2,4,,2,094,"BYRON HWY",SR4,35.00,S,N,A,-,N,,,4,,,,,,,N,4,0,1,2,A,-,03,22350,,N,C,C,A,A,H,-,A,A,0,,,,,Y,,A,01,0,0,1,0,0,0,0,0,0,"- ","- ",37.890071868896484,-121.64112091064453,"CONTRA COSTA",UNINCORPORATED,-121.64088439941406,37.890266418457031
91256605,2020,2020-06-24,9320,2020-06-18,0540,022459,,4,3,9,0700,0,1,3,,2,402,"STATE ROUTE 4 E/B","WILLOW PASS RD.",1100.00,W,N,A,-,Y,,,4,,,,,,E,Y,2,0,1,3,A,-,03,22350,,N,C,C,A,A,H,-,A,D,0,,,,Y,Y,,A,01,1,0,0,0,0,0,0,0,0,"- ","- ",38.012729644775391,-122.00124359130859,"CONTRA COSTA",UNINCORPORATED,-122.00125885009766,38.012844085693359
91256636,2020,2020-06-24,9320,2020-06-19,1600,017792,,5,2,5,0712,0,1,3,,2,241,SR-24,"OAKVALE RD. OVERCROSSING",200.00,E,N,A,-,Y,,,24,,,,,,,Y,4,0,1,2,A,-,03,22350,,N,C,C,A,A,H,-,A,D,0,,,,Y,Y,,F,26,0,0,1,0,0,0,0,0,0,"- ","- ",37.90203857421875,-122.07013702392578,"CONTRA COSTA","WALNUT CREEK",-122.07071685791016,37.902153015136719
91256821,2020,2020-06-24,9370,2020-06-16,1530,020844,,2,2,5,0710,0,1,1,,2,058,"I-580 E/B TO BAYVIEW AVENUE","BAYVIEW AVE",337.00,W,N,A,-,Y,,,580,,,,R,,E,Y,4,0,2,1,A,-,03,22350,,N,E,I,A,A,H,-,A,D,0,,,,,Y,,A,01,0,0,2,0,0,0,0,0,0,"- ","- ",37.912578582763672,-122.32523345947266,"CONTRA COSTA",RICHMOND,-122.32523345947266,37.912578582763672
91257166,2020,2020-06-25,9320,2020-06-12,0248,021857,,5,3,4,0790,0,1,1,,2,681,"I-680 SOUTHBOUND","EL CERRO BOULEVARD",1056.00,N,N,A,-,Y,,,680,,,,,,S,Y,3,0,1,2,A,-,01,23152,A,N,C,C,A,A,H,-,C,D,0,,,,Y,Y,Y,A,01,0,1,0,0,0,0,0,0,0,"- ","- ",37.831951141357422,-122.00459289550781,"CONTRA COSTA",DANVILLE,-122.00458526611328,37.831954956054688
91257171,2020,2020-06-25,9320,2020-06-14,2059,022505,,7,2,9,0700,0,2,4,,2,096,"VASCO ROAD S/B","CAMINO DIABLO ROAD",34320.00,S,N,A,-,N,,,,,,,,,,Y,3,0,1,2,A,-,01,23152,A,N,C,C,A,A,H,-,D,D,0,,,,,Y,Y,A,01,0,1,0,0,0,0,0,0,0,"- ","- ",37.793590545654297,-121.68818664550781,"CONTRA COSTA",UNINCORPORATED,-121.66764068603516,37.865211486816406
91257198,2020,2020-06-25,9320,2020-06-20,1603,021519,,6,2,9,0700,0,1,3,,2,401,"SR-4 E/B","MCEWEN RD",3400.00,E,N,A,-,Y,,,4,,,,,,E,Y,3,0,1,1,A,-,08,22107,,N,E,I,A,A,H,-,A,D,0,,,,,Y,,A,07,0,1,0,0,0,0,0,0,0,"- ","- ",38.008319854736328,-122.16847229003906,"CONTRA COSTA",UNINCORPORATED,-122.16849517822266,38.008289337158203
91257248,2020,2020-06-25,9320,2020-06-20,2001,021649,,6,2,9,0700,0,2,4,,2,097,"VASCO ROAD","WALNUT BOULEVARD",63.00,E,N,A,-,N,,,,,,,,,,N,4,0,1,2,A,-,03,22350,,M,C,C,A,A,H,-,A,D,0,,,,,Y,,-,99,0,0,1,0,0,0,0,0,0,"- ","- ",37.887561798095703,-121.69615936279297,"CONTRA COSTA",UNINCORPORATED,-121.69625854492188,37.887500762939453
91257284,2020,2020-06-25,9320,2020-06-21,0628,020984,,7,1,5,0712,0,1,3,,2,241,"SR-24 E/B","EL CURTOLA BLVD",450.00,E,N,A,-,Y,,,24,,,,,,E,Y,2,0,1,1,A,-,01,23152,A,N,E,I,A,A,H,-,A,A,0,,,,,Y,Y,A,01,1,0,0,0,0,0,0,0,0,"- ","- ",37.897598266601562,-122.08370208740234,"CONTRA COSTA","WALNUT CREEK",-122.08368682861328,37.897697448730469
91257319,2020,2020-06-25,9320,2020-06-22,0630,017530,,1,1,9,0700,0,2,4,,2,094,"BYRON HWY","HERDLYN RD",30.00,N,N,A,-,N,,,,,,,,,,N,4,0,1,2,A,-,03,22350,,M,C,C,A,A,H,-,A,D,0,,,,,Y,,A,01,0,0,1,0,0,0,0,0,0,"- ","- ",37.816448211669922,-121.58553314208984,"CONTRA COSTA",UNINCORPORATED,-121.58521270751953,37.816421508789062
91257331,2020,2020-06-25,9320,2020-06-22,1500,020957,,1,2,9,0700,0,2,4,,2,094,"BYRON HWY","MARSH CREEK RD",2500.00,N,N,A,-,N,,,,,,,,,,Y,4,0,1,3,A,-,03,22350,,N,C,C,A,A,H,-,A,D,0,,,,,Y,,A,01,0,0,1,0,0,0,0,0,0,"- ","- ",37.902889251708984,-121.64144897460938,"CONTRA COSTA",UNINCORPORATED,-121.64130401611328,37.903297424316406
9125869,2019,2020-07-29,0704,2019-12-13,1135,0533,0,5,5,6,0704,0,0,0,,0,002,"CLAYTON RD","FRY WY",0.00,,Y,B,-,N,,,,,,,,,,N,3,0,1,2,A,-,12,21453,A,F,G,B,B,B,H,-,A,A,0,Y,,,,Y,,A,01,0,1,0,0,1,0,0,0,0,"- ","- ",37.972011566162109,-122.04039001464844,"CONTRA COSTA",CONCORD,-122.04054260253906,37.972019195556641
91258848,2020,2020-06-26,9320,2020-06-17,1435,021499,,3,2,9,0700,0,3,5,,2,040,"ASPEN DR","BROWN DR",0.00,,Y,A,-,N,,,,,,,,,,N,4,0,1,2,A,-,09,21801,A,N,D,C,A,A,H,-,A,D,0,,,,,Y,,A,07,0,0,1,0,0,0,0,0,0,"- ","- ",37.985729217529297,-122.06954193115234,"CONTRA COSTA",UNINCORPORATED,-122.0694580078125,37.985698699951172
91259020,2020,2020-06-26,9320,2020-06-21,1104,022459,,7,1,9,0700,0,1,3,,1,406,"BIXLER RD.","STATE ROUTE 4",475.00,N,N,A,-,N,,,,,,,,,,Y,4,0,1,1,A,-,08,22107,,N,E,I,A,A,H,-,A,D,0,,,,,Y,,A,01,0,0,1,0,0,0,0,0,0,"- ","- ",37.890911102294922,-121.62335205078125,"CONTRA COSTA",UNINCORPORATED,-121.62309265136719,37.890754699707031
91259041,2020,2020-06-26,9320,2020-06-01,1920,021514,,1,2,9,0700,0,1,1,,2,683,"OAK HILL LN","MORGAN TERRITORY RD",1584.00,W,N,A,-,N,,,,,,,,,,N,2,0,1,2,A,-,11,21954,A,N,G,B,E,A,H,-,A,D,0,Y,,,,Y,,N,60,1,0,0,0,1,0,0,0,0,"- ","- ",37.88800048828125,-121.87359619140625,"CONTRA COSTA",UNINCORPORATED,-121.87281799316406,37.888099670410156
91259232,2020,2020-06-26,9390,2020-06-03,1955,022527,,3,2,9,0700,0,2,4,,2,112,"4995 ENDERBY ST DANVILLE, CA 94506","CHARBRAY ST.",100.00,S,N,A,-,N,,,,,,,,,,Y,4,0,1,1,A,-,01,23152,A,N,E,I,A,A,H,-,A,D,0,,,,,Y,Y,A,07,0,0,1,0,0,0,0,0,0,"- ","- ",37.793098449707031,-121.87960052490234,"CONTRA COSTA",UNINCORPORATED,,
91259873,2020,2020-06-29,9320,2020-06-19,2225,021293,,5,3,9,0700,0,1,3,,2,403,"SR4 WESTBOUND","BAILEY RD",4594.00,E,N,A,-,Y,,,4,,,,,,W,Y,3,0,2,3,A,-,08,22107,,N,B,A,A,A,H,-,D,D,0,,,,,Y,,A,01,0,1,1,0,0,0,0,0,0,"- ","- ",38.019210815429688,-121.92549133300781,"CONTRA COSTA",UNINCORPORATED,-121.92552185058594,38.019451141357422