CASE_ID,ACCIDENT_YEAR,PROC_DATE,JURIS,COLLISION_DATE,COLLISION_TIME,OFFICER_ID,REPORTING_DISTRICT,DAY_OF_WEEK,CHP_SHIFT,POPULATION,CNTY_CITY_LOC,SPECIAL_COND,BEAT_TYPE,CHP_BEAT_TYPE,CITY_DIVISION_LAPD,CHP_BEAT_CLASS,BEAT_NUMBER,PRIMARY_RD,SECONDARY_RD,DISTANCE,DIRECTION,INTERSECTION,WEATHER_1,WEATHER_2,STATE_HWY_IND,CALTRANS_COUNTY,CALTRANS_DISTRICT,STATE_ROUTE,ROUTE_SUFFIX,POSTMILE_PREFIX,POSTMILE,LOCATION_TYPE,RAMP_INTERSECTION,SIDE_OF_HWY,TOW_AWAY,COLLISION_SEVERITY,NUMBER_KILLED,NUMBER_INJURED,PARTY_COUNT,PRIMARY_COLL_FACTOR,PCF_CODE_OF_VIOL,PCF_VIOL_CATEGORY,PCF_VIOLATION,PCF_VIOL_SUBSECTION,HIT_AND_RUN,TYPE_OF_COLLISION,MVIW,PED_ACTION,ROAD_SURFACE,ROAD_COND_1,ROAD_COND_2,LIGHTING,CONTROL_DEVICE,CHP_ROAD_TYPE,PEDESTRIAN_ACCIDENT,BICYCLE_ACCIDENT,MOTORCYCLE_ACCIDENT,TRUCK_ACCIDENT,NOT_PRIVATE_PROPERTY,ALCOHOL_INVOLVED,STWD_VEHTYPE_AT_FAULT,CHP_VEHTYPE_AT_FAULT,COUNT_SEVERE_INJ,COUNT_VISIBLE_INJ,COUNT_COMPLAINT_PAIN,COUNT_PED_KILLED,COUNT_PED_INJURED,COUNT_BICYCLIST_KILLED,COUNT_BICYCLIST_INJURED,COUNT_MC_KILLED,COUNT_MC_INJURED,PRIMARY_RAMP,SECONDARY_RAMP,LATITUDE,LONGITUDE,COUNTY,CITY,POINT_X,POINT_Y
91259933,2020,2020-06-29,9320,2020-06-19,1245,021847,,5,1,9,0700,0,1,1,,2,180,"I-80 E/B","POMONA STREET",1500.00,W,N,A,-,Y,,,80,,,,,,E,Y,4,0,1,2,A,-,03,22350,,N,C,C,A,A,H,-,A,D,0,,,,,Y,,I,09,0,0,1,0,0,0,0,0,0,"- ","- ",38.048229217529297,-122.23354339599609,"CONTRA COSTA",UNINCORPORATED,-122.23359680175781,38.048313140869141
9126007,2020,2020-09-09,0708,2020-06-02,1105,339,8203,2,5,5,0708,0,0,0,,0,002,"HARBOR ST","EAST 10TH ST",0.00,,Y,A,-,N,,,,,,,,,,N,4,0,1,2,A,-,09,21800,A,N,A,C,A,-,H,-,A,A,0,,,,,Y,,A,01,0,0,1,0,0,0,0,0,0,"- ",EO,,,"CONTRA COSTA",PITTSBURG,-121.87860870361328,38.026329040527344
9126008,2020,2020-09-09,0708,2020-06-03,0700,344,8403,3,5,5,0708,0,0,0,,0,003,"BAILEY RD","WILLOW AV",7392.00,,N,A,-,N,,,,,,,,,,Y,2,0,2,1,A,-,03,22350,,N,E,I,A,A,H,-,A,D,0,,,,,Y,,A,01,2,0,0,0,0,0,0,0,0,"- ","- ",,,"CONTRA COSTA",PITTSBURG,-121.94183349609375,38.012451171875
9126009,2020,2020-09-09,0708,2020-06-22,0507,374,8302,1,5,5,0708,0,0,0,,0,004,"RAILROAD AV","RT 4",0.00,,Y,A,-,N,,,,,,,,,,N,4,0,1,2,A,-,12,21453,A,N,G,B,B,A,H,-,B,A,0,Y,,,,Y,,A,01,0,0,1,0,1,0,0,0,0,"- ",EO,,,"CONTRA COSTA",PITTSBURG,-121.88964080810547,38.016811370849609
91260168,2020,2020-06-29,9320,2020-06-22,1130,022462,,1,1,5,0712,0,1,1,,2,682,"I-680 N/B","NEWELL AVE UNDERCROSSING",640.00,S,N,A,-,Y,,,680,,,,,,N,Y,4,0,2,2,A,-,07,21658,A,N,B,C,A,A,H,-,A,A,0,,,,,Y,,A,01,0,0,2,0,0,0,0,0,0,"- ","- ",37.891029357910156,-122.06047821044922,"CONTRA COSTA","WALNUT CREEK",-122.06051635742188,37.890956878662109
91260187,2020,2020-06-29,9320,2020-06-22,1650,021649,,1,2,9,0700,0,1,1,,2,684,"I-680 N/B","BAYSHORE ROAD",5122.00,S,N,A,-,Y,,,680,,,,,,N,Y,3,0,1,1,A,-,08,22107,,N,E,I,A,A,H,-,A,D,0,,,,,Y,,D,22,0,1,0,0,0,0,0,0,0,"- ","- ",38.039470672607422,-122.11927795410156,"CONTRA COSTA",UNINCORPORATED,-122.11905670166016,38.039642333984375
91260222,2020,2020-06-29,9320,2020-06-23,0924,020949,,2,1,5,0712,0,1,3,,2,241,"SR-24 E/B","BOULEVARD WAY UNDER-CROSSING",1200.00,W,N,A,-,Y,,,24,,,,,,E,Y,3,0,1,1,A,-,08,22107,,N,E,I,A,A,H,-,A,D,0,,,,,Y,,A,01,0,1,0,0,0,0,0,0,0,"- ","- ",37.895748138427734,-122.07633209228516,"CONTRA COSTA","WALNUT CREEK",-122.07630157470703,37.895931243896484
91260301,2020,2020-06-29,9320,2020-06-19,1530,021499,,5,2,9,0700,0,1,3,,2,241,"SR-24 E/B","OAK HILL RD",250.00,W,N,A,-,Y,,,,,,,,,,N,3,0,1,2,A,-,07,21658,A,N,B,C,A,A,H,-,A,D,0,,,Y,,Y,,A,07,0,1,0,0,0,0,0,0,1,"- ","- ",37.893638610839844,-122.12197113037109,"CONTRA COSTA",UNINCORPORATED,-122.12184906005859,37.893638610839844
91260389,2020,2020-06-29,9320,2020-06-18,1430,021496,,4,2,9,0700,0,2,4,,2,086,"KNIGHTSEN AVE","TULE LN",0.00,,Y,A,-,N,,,,,,,,,,Y,4,0,1,2,A,-,03,22350,,N,B,C,A,A,H,-,A,D,0,,,,,Y,,A,01,0,0,1,0,0,0,0,0,0,"- ","- ",37.976070404052734,-121.66842651367188,"CONTRA COSTA",UNINCORPORATED,-121.66842651367188,37.976070404052734
91260423,2020,2020-06-29,9370,2020-06-18,1430,022487,,4,2,4,0711,0,1,1,,2,082,"I-80 E/B","SAN PABLO DAM ROAD",375.00,W,N,A,-,Y,,,80,,,,,,E,Y,3,0,2,3,A,-,03,22350,,N,C,C,A,A,H,-,A,D,0,,,,,Y,,A,01,0,2,0,0,0,0,0,0,0,"- ","- ",37.955001831054688,-122.32929992675781,"CONTRA COSTA","SAN PABLO",-122.32924652099609,37.955032348632812
9126058,2020,2020-08-11,0708,2020-05-30,1301,375,8417,6,5,5,0708,0,0,0,,0,005,"CANYON OAKS CIR","PARK WEST DR",35.00,E,N,B,C,N,,,,,,,,,,N,3,0,1,1,A,-,03,22350,,N,F,I,A,A,H,-,A,A,0,,,Y,,Y,,C,02,0,1,0,0,0,0,0,0,1,"- ","- ",,,"CONTRA COSTA",PITTSBURG,-121.86167144775391,37.993583679199219
91261304,2020,2020-07-01,9320,2020-06-13,1912,021649,,6,2,9,0700,0,3,5,,2,090,"4306 VIRGINIA LANE","KNIGHTSEN AVE.",908.00,E,N,A,-,N,,,,,,,,,,N,3,0,1,1,C,-,18,,,N,E,I,A,A,H,-,A,D,0,,,Y,,Y,,-,"- ",0,1,0,0,0,0,0,0,1,"- ","- ",37.987720489501953,-121.66510772705078,"CONTRA COSTA",UNINCORPORATED,,
91261335,2020,2020-07-01,9320,2020-06-24,1510,021499,,3,2,9,0700,0,1,1,,2,180,"I-80 E/B","WILLOW AVE",150.00,E,N,A,-,Y,,,80,,,,,,E,Y,4,0,2,1,A,-,08,22107,,N,E,I,A,A,H,-,A,D,0,,,,,Y,,A,01,0,0,2,0,0,0,0,0,0,"- ","- ",38.022850036621094,-122.26184844970703,"CONTRA COSTA",UNINCORPORATED,-122.26194763183594,38.022941589355469
91261531,2020,2020-07-01,9320,2020-06-24,1400,019914,,3,2,5,0712,0,1,1,,2,682,"I-680 NB","CONTRA COSTA BLVD O/C",100.00,N,N,A,-,Y,,,,,,,,,,N,3,0,2,1,C,-,18,,,N,E,J,A,A,H,-,A,D,0,,,,,Y,,-,"- ",0,2,0,0,0,0,0,0,0,"- ","- ",37.941398620605469,-122.05979919433594,"CONTRA COSTA","WALNUT CREEK",,
91261589,2020,2020-07-01,9320,2020-06-26,1208,020984,,5,1,9,0700,0,2,4,,2,046,"TREAT BLVD","JONES RD",400.00,E,N,A,-,N,,,,,,,,,,Y,4,0,1,3,A,-,03,22350,,N,C,C,A,A,H,-,A,A,0,,,,,Y,,A,07,0,0,1,0,0,0,0,0,0,"- ","- ",37.926498413085938,-122.0531005859375,"CONTRA COSTA",UNINCORPORATED,-122.05339050292969,37.926620483398438
91261857,2020,2020-07-01,9320,2020-06-27,0135,021857,,6,3,9,0700,0,1,3,,2,402,"SR-4 EASTBOUND","WILLOW PASS ROAD",3168.00,W,N,A,-,Y,,,,,,,,,,Y,3,0,3,2,A,-,03,22350,,N,C,C,A,A,H,-,D,D,0,,,,,Y,,A,01,0,3,0,0,0,0,0,0,0,"- ","- ",38.011680603027344,-122.00855255126953,"CONTRA COSTA",UNINCORPORATED,-122.00557708740234,38.012119293212891
91261858,2020,2020-07-01,9320,2020-06-25,1620,019914,,4,2,3,0715,0,1,3,,2,241,"SR-24 EB","PLEASANT HILL U/C",0.00,,N,A,-,Y,,,24,,,,,,E,Y,4,0,1,2,A,-,03,22350,,N,C,C,A,A,H,-,A,D,0,,,,,Y,Y,A,01,0,0,1,0,0,0,0,0,0,"- ","- ",37.897800445556641,-122.08740234375,"CONTRA COSTA",LAFAYETTE,-122.08740234375,37.897781372070312
91261866,2020,2020-07-01,9370,2020-06-19,1640,022487,,5,2,5,0710,0,1,1,,2,083,"I-80 E/B FROM FITZGERALD DRIVE","FITZGERALD DR",897.00,E,N,A,-,Y,,,,,,,,,,Y,3,0,1,2,A,-,03,22350,,N,C,C,A,A,H,-,A,A,0,,,,,Y,,A,01,0,1,0,0,0,0,0,0,0,"- ","- ",37.989089965820312,-122.31202697753906,"CONTRA COSTA",RICHMOND,-122.31259918212891,37.988880157470703
91262546,2020,2020-07-02,9320,2020-06-26,1510,019914,,5,2,5,0712,0,1,1,,2,682,"I-680 SB","CONTRA COSTA BLVD O/C",0.00,,N,A,-,Y,,,,,,,,,,N,4,0,1,2,A,-,03,22350,,N,C,C,A,A,H,-,A,D,0,,,,,Y,,A,01,0,0,1,0,0,0,0,0,0,"- ","- ",37.937900543212891,-122.06040191650391,"CONTRA COSTA","WALNUT CREEK",-122.060158,37.941116999999998
91262549,2020,2020-07-02,9320,2020-06-26,0255,020010,,5,3,9,0700,0,1,1,,2,681,"I-680 N/B","STONE VALLEY ROAD U/C",1584.00,N,N,A,-,Y,,,680,,,,,,N,Y,2,0,1,1,A,-,08,22107,,N,E,I,A,A,H,-,C,D,0,,,,,Y,,A,07,1,0,0,0,0,0,0,0,0,"- ","- ",37.856739044189453,-122.03053283691406,"CONTRA COSTA",UNINCORPORATED,-122.03037261962891,37.856838226318359
91262654,2020,2020-07-03,9320,2020-06-28,2345,022119,,7,3,4,0714,0,1,3,,2,401,"SR-4 E/B","ALHAMBRA AVE",7920.00,W,N,A,-,Y,,,,,,,,,,Y,4,0,2,3,A,-,06,21750,,N,B,C,A,A,H,-,D,D,0,,,,,Y,,A,01,0,0,2,0,0,0,0,0,0,"- ","- ",37.999629974365234,-121.14717864990234,"CONTRA COSTA",MARTINEZ,-122.14921569824219,38.001014709472656
91262865,2020,2020-07-03,9320,2020-06-28,0555,020984,,7,3,5,0708,0,1,3,,2,403,"SR-4 W/B","RAILROAD AVE",0.00,,N,A,-,Y,,,4,,,,,,W,Y,4,0,1,1,A,-,01,23152,A,N,E,I,A,A,H,-,B,A,0,,,,,Y,Y,A,01,0,0,1,0,0,0,0,0,0,"- ","- ",38.019798278808594,-121.90119934082031,"CONTRA COSTA",PITTSBURG,-121.90119171142578,38.019882202148438
91263363,2020,2020-07-06,9370,2020-06-28,0001,022054,,7,3,5,0710,0,1,1,,2,083,"I-80 W/B","SAN PABLO DAM ROAD",1580.00,E,N,A,-,Y,,,,,,,,,,Y,4,0,1,2,A,-,07,21658,A,N,B,C,A,A,H,-,C,D,0,,,,Y,Y,,-,"- ",0,0,1,0,0,0,0,0,0,"- ","- ",37.960338592529297,-122.33058166503906,"CONTRA COSTA",RICHMOND,-122.32778167724609,37.951934814453125
91263388,2020,2020-07-06,9370,2020-06-23,1630,022476,,2,2,3,0707,0,1,1,,2,083,"I-80 E/B","APPIAN WAY",2112.00,W,N,B,-,Y,,,80,,,,,,E,N,4,0,1,3,A,-,03,22350,,N,C,C,A,A,H,-,A,D,0,,,,,Y,,D,22,0,0,1,0,0,0,0,0,0,"- ","- ",37.991550445556641,-122.30873870849609,"CONTRA COSTA",PINOLE,-122.30870056152344,37.991462707519531
9126343,2020,2020-09-24,0701,2020-06-03,1527,5945,402,3,5,5,0701,0,0,0,,0,004,"JAIMES DONLON BL","G ST",0.00,,Y,A,-,N,,,,,,,,,,N,4,0,1,2,A,-,12,21453,A,N,C,C,A,A,H,-,A,A,0,,,,,Y,,A,01,0,0,1,0,0,0,0,0,0,"- ","- ",,,"CONTRA COSTA",ANTIOCH,-121.81424713134766,37.979831695556641
91263483,2020,2020-07-06,9320,2020-06-29,1210,022463,,1,1,9,0700,0,1,1,,2,180,"I-80 E/B","CUMMINGS SKYWAY O/C",800.00,E,N,A,-,Y,,,80,,,,,,E,Y,4,0,1,2,A,-,03,22350,,N,C,C,A,A,H,-,A,D,0,,,,,Y,,A,01,0,0,1,0,0,0,0,0,0,"- ","- ",38.046649932861328,-122.23586273193359,"CONTRA COSTA",UNINCORPORATED,-122.23589324951172,38.046695709228516
91263490,2020,2020-07-06,9320,2020-06-26,0615,020009,,5,1,9,0700,0,2,4,,2,094,"BYRON HIGHWAY",SR-4,150.00,S,N,A,-,N,,,,,,,,,,Y,3,0,2,3,A,-,05,21650,,N,B,C,A,A,H,-,A,A,0,,,,,Y,,A,07,0,1,1,0,0,0,0,0,0,"- ","- ",37.889999389648438,-121.64122772216797,"CONTRA COSTA",UNINCORPORATED,-121.64127349853516,37.890090942382812
91263502,2020,2020-07-06,9320,2020-06-27,0055,021293,,6,3,9,0700,0,2,4,,2,093,"BYRON HWY","HOLWAY DR",62.00,N,N,A,-,N,,,,,,,,,,Y,4,0,1,1,A,-,08,22107,,N,E,I,A,A,H,-,C,D,0,,,,,Y,Y,D,22,0,0,1,0,0,0,0,0,0,"- ","- ",37.871448516845703,-121.64150238037109,"CONTRA COSTA",UNINCORPORATED,-121.64156341552734,37.871627807617188
91263617,2020,2020-07-06,9320,2020-06-30,1645,020957,,2,2,9,0700,0,2,4,,2,095,"MARSH CREEK RD","WALNUT BLVD",0.00,,Y,A,-,N,,,,,,,,,,Y,4,0,1,2,A,-,12,21453,A,N,D,C,A,A,H,-,A,A,0,,,,,Y,,A,07,0,0,1,0,0,0,0,0,0,"- ","- ",37.896400451660156,-121.69629669189453,"CONTRA COSTA",UNINCORPORATED,-121.6962890625,37.896381378173828
91263823,2020,2020-07-06,9320,2020-07-02,1300,016503,,4,1,9,0700,0,1,3,,2,160,"SR-160 N/B","WILBUR AVE. U/C",2112.00,N,N,A,-,Y,,,160,,,,,,N,Y,3,0,1,2,A,-,03,22350,,N,C,C,A,A,H,-,A,D,0,,,,,Y,,D,22,0,1,0,0,0,0,0,0,0,"- ","- ",38.018081665039062,-121.75153350830078,"CONTRA COSTA",UNINCORPORATED,-121.75154113769531,38.018081665039062
91263954,2020,2020-07-06,9370,2020-06-19,0010,022068,,5,3,4,0711,0,1,1,,2,083,"I-80 E/B","EL PORTAL DR",150.00,E,N,A,-,Y,,,80,,,,,,E,Y,3,0,2,1,A,-,08,22107,,N,E,I,A,A,H,-,D,D,0,,,,,Y,,A,01,0,2,0,0,0,0,0,0,0,"- ","- ",37.966999053955078,-122.32150268554688,"CONTRA COSTA","SAN PABLO",-122.32170867919922,37.967140197753906
91264722,2020,2020-07-07,9320,2020-04-11,1938,021499,,6,2,9,0700,0,3,5,,2,075,"INLET DR","MAR VISTA RD",265.00,S,N,B,-,N,,,,,,,,,,N,1,1,0,2,A,-,08,22107,,N,C,E,A,A,H,-,B,D,0,,,Y,,Y,,C,06,0,0,0,0,0,0,0,1,0,"- ","- ",38.037311553955078,-121.96900939941406,"CONTRA COSTA",UNINCORPORATED,-121.96903991699219,38.037353515625
91264932,2020,2020-07-08,9390,2020-06-30,0110,019780,,2,3,4,0791,0,1,1,,2,068,"I-680 NORTHBOUND","BOLLINGER CANYON ROAD",3960.00,S,N,A,-,Y,,,680,,,,,,N,Y,3,0,2,2,A,-,07,21658,A,N,B,C,A,A,H,-,C,D,0,,,,,Y,,A,01,0,1,1,0,0,0,0,0,0,"- ","- ",37.7529296875,-121.96061706542969,"CONTRA COSTA","SAN RAMON",-121.96067047119141,37.752899169921875
91264980,2020,2020-07-08,9320,2020-06-24,1355,022484,,3,1,5,0708,0,1,3,,2,404,"SR-4 E/B","LOVERIDGE ROAD",3168.00,W,N,A,-,Y,,,4,,,,,,E,Y,3,0,1,1,A,-,08,22107,,N,F,A,A,A,H,-,A,D,0,,,,,Y,,A,01,0,1,0,0,0,0,0,0,0,"- ","- ",38.014301300048828,-121.87920379638672,"CONTRA COSTA",PITTSBURG,-121.87918090820312,38.014385223388672
91264984,2020,2020-07-08,9320,2020-07-03,2005,020957,,5,2,9,0700,0,2,4,,2,091,"DISCOVERY BAY BLVD N/B","SUNSET PT",5.00,S,N,A,-,N,,,,,,,,,,Y,4,0,1,2,A,-,03,22350,,N,C,C,A,A,H,-,B,D,0,,,,,Y,Y,A,01,0,0,1,0,0,0,0,0,0,"- ","- ",37.894309997558594,-121.60224914550781,"CONTRA COSTA",UNINCORPORATED,-121.60224914550781,37.894386291503906
91265353,2020,2020-07-08,9320,2020-05-08,2115,020957,,5,2,5,0701,0,1,3,,2,405,"SR-4 W/B","LAUREL RD",1140.00,E,N,A,-,Y,,,4,,,,,,W,Y,1,1,3,2,A,-,11,21954,A,N,G,B,D,A,H,-,C,A,0,Y,,,,Y,,N,60,0,1,2,1,0,0,0,0,0,"- ","- ",37.976829528808594,-121.742431640625,"CONTRA COSTA",ANTIOCH,-121.74246978759766,37.976802825927734
91265768,2020,2020-07-09,9320,2020-06-29,0849,017906,,1,1,5,0708,0,1,3,,2,404,"SR-4 W/B","HARBOR ST O/C",1848.00,E,N,A,-,Y,,,,,,,,,,Y,3,0,1,1,A,-,08,22107,,N,F,A,A,A,H,-,A,D,0,,,,,Y,,D,22,0,1,0,0,0,0,0,0,0,"- ","- ",38.005001068115234,-121.52359771728516,"CONTRA COSTA",PITTSBURG,-121.87675476074219,38.014057159423828
91265804,2020,2020-07-09,9320,2020-03-10,1427,020649,,2,2,9,0700,0,2,4,,2,096,"VASCO ROAD","CAMINO DIABLO",3696.00,S,N,A,-,N,,,,,,,,,,Y,1,1,2,3,A,-,01,23152,A,N,A,C,A,A,H,-,A,D,0,,,,Y,Y,Y,D,22,0,1,1,0,0,0,0,0,0,"- ","- ",37.859161376953125,-121.65765380859375,"CONTRA COSTA",UNINCORPORATED,-121.66764068603516,37.865211486816406
91265910,2020,2020-07-09,9320,2020-06-29,1157,017906,,1,1,5,0701,0,1,3,,2,160,"SR-160 N/B","TOLL PLAZA",518.00,N,N,A,-,Y,,,,,,,,,,Y,4,0,1,1,A,-,03,22350,,N,E,I,A,A,H,-,A,D,0,,,,,Y,,A,01,0,0,1,0,0,0,0,0,0,"- ","- ",38.005901336669922,-121.45050048828125,"CONTRA COSTA",ANTIOCH,,
91265937,2020,2020-07-09,9320,2020-06-30,1725,018525,,2,2,9,0700,0,1,3,,2,160,"SR-160 N/B","ANTIOCH BRIDGE TOLL PLAZA",25.00,S,N,A,-,Y,,,,,,,,,,Y,4,0,1,2,A,-,03,22350,,N,C,C,A,A,H,-,A,D,0,,,Y,,Y,,C,02,0,0,1,0,0,0,0,0,1,"- ","- ",,,"CONTRA COSTA",UNINCORPORATED,,
91265947,2020,2020-07-09,9320,2020-07-01,1555,020649,,3,2,9,0700,0,1,3,,1,406,"SR-4 WESTBOUND","DISCOVERY BAY BLVD",528.00,E,N,A,-,Y,,,4,,,,,,W,N,3,0,3,2,A,-,03,22350,,N,C,C,A,A,H,-,A,A,0,,,,,Y,,D,22,0,1,2,0,0,0,0,0,0,"- ","- ",37.890148162841797,-121.59960174560547,"CONTRA COSTA",UNINCORPORATED,-121.59960174560547,37.890178680419922
91266140,2020,2020-07-09,9320,2020-07-02,1440,022467,,4,2,4,0714,0,1,3,,2,402,"SR-4 W/B","SOLANO WAY U/C",630.00,W,N,A,-,Y,,,4,,,,,,W,Y,3,0,1,2,A,-,07,21658,A,M,B,C,A,A,D,-,A,A,0,,,,,Y,,-,99,0,1,0,0,0,0,0,0,0,"- ","- ",37.993000030517578,-122.0740966796875,"CONTRA COSTA",MARTINEZ,-122.07417297363281,37.993194580078125
91266144,2020,2020-07-09,9320,2020-07-06,1707,021649,,1,2,3,0706,0,1,1,,2,180,"I-80 E/B",SR-4,1235.00,N,N,A,-,Y,,,80,,,,,,E,Y,4,0,1,2,A,-,03,22350,,N,C,C,A,A,H,-,A,D,0,,,,,Y,,D,22,0,0,1,0,0,0,0,0,0,"- ","- ",38.017929077148438,-122.26656341552734,"CONTRA COSTA",HERCULES,-122.26656341552734,38.017932891845703
91266391,2020,2020-07-10,9320,2020-07-08,1650,022467,,3,2,6,0704,0,1,3,,2,242,"SR-242 N/B TO GRANT ST","GRANT ST.",10.00,S,N,A,-,Y,,,242,,,,R,,N,N,3,0,1,2,A,-,03,22350,,N,C,C,A,A,H,-,A,A,0,,,,,Y,,D,22,0,1,0,0,0,0,0,0,0,"- ","- ",37.987499237060547,-122.03990173339844,"CONTRA COSTA",CONCORD,-122.03990173339844,37.987499237060547
91266522,2020,2020-07-10,9320,2020-07-07,1644,022467,,2,2,6,0704,0,1,3,,2,403,"WILLOW PASS RD TO SR-4 E/B","WILLOW PASS RD U/C",450.00,E,N,A,-,Y,,,,,,,,,,Y,3,0,1,1,A,-,08,22107,,N,E,I,A,A,H,-,A,D,0,,,,,Y,,A,01,0,1,0,0,0,0,0,0,0,"- ","- ",38.013500213623047,-121.99539947509766,"CONTRA COSTA",CONCORD,,
91266571,2020,2020-07-10,9320,2020-06-20,1330,022505,,6,1,4,0714,0,1,1,,2,683,"I-680 S/B","WATERFRONT ROAD",660.00,S,N,A,-,Y,,,680,,,,,,S,Y,3,0,2,2,A,-,08,22107,,N,D,E,A,A,H,-,A,D,0,,,,,Y,,D,22,0,2,0,0,0,0,0,0,0,"- ","- ",38.023880004882812,-122.10872650146484,"CONTRA COSTA",MARTINEZ,-122.10871124267578,38.023918151855469
91267253,2020,2020-07-13,9320,2020-07-04,2000,022127,,6,2,5,0701,0,1,3,,2,404,"SR-4 W/B (CALIFORNIA DELTA HIGHWAY)","L ST.",700.00,E,N,A,-,Y,,,4,,,,,,W,Y,4,0,2,1,A,-,08,22107,,N,E,J,A,A,H,-,B,D,0,,,,,Y,,A,01,0,0,2,0,0,0,0,0,0,"- ","- ",37.998748779296875,-121.81884002685547,"CONTRA COSTA",ANTIOCH,-121.81881713867188,37.998828887939453
91267291,2020,2020-07-13,9320,2020-07-03,1650,021519,,5,2,9,0700,0,3,5,,2,040,"PACHECO BLVD, 4600","FALLING STAR DR",130.00,N,N,A,-,N,,,,,,,,,,Y,4,0,1,2,A,-,09,21804,A,N,D,C,A,A,H,-,A,D,0,,,,,Y,,A,07,0,0,1,0,0,0,0,0,0,"- ","- ",38.003860473632812,-122.08537292480469,"CONTRA COSTA",UNINCORPORATED,,
91267318,2020,2020-07-13,9370,2020-07-02,0000,022288,,4,3,5,0710,0,1,1,,2,082,"I-80 W/B","CUTTING BLVD",1700.00,E,N,A,-,Y,,,80,,,,,,W,Y,3,0,1,2,A,-,03,22350,,N,C,C,A,A,H,-,D,D,0,,,,,Y,Y,A,01,0,1,0,0,0,0,0,0,0,"- ","- ",37.930019378662109,-122.32440185546875,"CONTRA COSTA",RICHMOND,-122.32432556152344,37.930068969726562
91267467,2020,2020-07-13,9320,2020-07-05,0040,022138,,7,3,5,0701,0,1,3,,2,404,"STATE ROUTE 4 EASTBOUND","HILLCREST AVENUE",2640.00,W,N,A,-,Y,,,4,,,,,,E,Y,4,0,1,2,A,-,03,22350,,M,C,C,A,A,H,-,C,D,0,,,,,Y,,A,01,0,0,1,0,0,0,0,0,0,"- ","- ",37.997360229492188,-121.79318237304688,"CONTRA COSTA",ANTIOCH,-121.79316711425781,37.997425079345703
91267619,2020,2020-07-13,9320,2020-06-27,0930,022495,,6,1,5,0708,0,1,3,,2,404,"SR-4 WB TO LOVERIDGE RD","LOVERIDGE RD",155.00,W,N,A,-,Y,,,4,,,,R,,W,N,3,0,2,2,A,-,03,22350,,N,C,C,A,A,H,-,A,D,0,,,,,Y,,A,01,0,2,0,0,0,0,0,0,0,"- ","- ",38.012348175048828,-121.86743927001953,"CONTRA COSTA",PITTSBURG,-121.86743927001953,38.012348175048828
91267637,2020,2020-07-13,9320,2020-07-07,1710,022006,,2,2,3,0706,0,1,1,,2,180,"I-80 W/B","CUMMINGS SKYWAY",400.00,W,N,A,-,Y,,,,,,,,,,Y,4,0,3,2,A,-,01,23152,A,N,B,C,A,A,H,-,A,D,0,,,,,Y,Y,A,01,0,0,3,0,0,0,0,0,0,"- ","- ",38.041740417480469,-122.24315643310547,"CONTRA COSTA",HERCULES,-122.23934173583984,38.044445037841797
91267669,2020,2020-07-13,9320,2020-07-07,1630,020957,,2,2,5,0701,0,2,S,,2,901,"DEER VALLEY RD N/B","BLUEROCK DR",280.00,S,N,A,-,N,,,,,,,,,,Y,4,0,1,2,A,-,05,21651,B,N,A,C,A,A,H,-,A,D,0,,,,,Y,,A,07,0,0,1,0,0,0,0,0,0,"- ","- ",37.979961395263672,-121.78504180908203,"CONTRA COSTA",ANTIOCH,-121.784912109375,37.980236053466797
91267682,2020,2020-07-13,9390,2020-07-09,2149,022273,,4,2,9,0700,0,3,5,,2,100,"SUN STREAM COURT (BLOCK 302)","BLACKHAWK MEADOW DRIVE",0.00,,Y,A,-,N,,,,,,,,,,Y,4,0,1,1,A,-,01,23152,A,N,E,I,A,A,H,-,C,D,0,,,,,Y,Y,A,01,0,0,1,0,0,0,0,0,0,"- ","- ",37.804191589355469,-121.89775848388672,"CONTRA COSTA",UNINCORPORATED,-121.89756774902344,37.804130554199219
91267843,2020,2020-07-13,9320,2020-05-25,1310,018628,,1,1,4,0714,0,1,1,,2,683,"I-680 NB","PACHECO BLVD",528.00,S,N,A,-,Y,,,,,,,,,,Y,4,0,3,2,A,-,07,21658,A,M,B,C,A,A,H,-,A,D,0,,,,,Y,,A,07,0,0,3,0,0,0,0,0,0,"- ","- ",38.005191802978516,-122.08216857910156,"CONTRA COSTA",MARTINEZ,,
91267878,2020,2020-07-13,9370,2020-06-23,1325,022476,,2,1,4,0711,0,1,1,,2,083,"I-80 E/B","SAN PABLO DAM ROAD",1318.00,E,N,A,-,Y,,,80,,,,,,E,Y,3,0,1,1,A,-,03,22350,,N,F,A,A,A,H,-,A,D,0,,,Y,,Y,,C,02,0,1,0,0,0,0,0,0,1,"- ","- ",37.959701538085938,-122.33055877685547,"CONTRA COSTA","SAN PABLO",-122.33052825927734,37.959693908691406
91267929,2020,2020-07-14,9370,2020-07-08,1522,021946,,3,2,3,0705,0,1,1,,2,082,"I-80 E/B","SAN PABLO AVENUE",350.00,W,N,A,-,Y,,,,,,,,,,Y,3,0,3,2,A,-,07,21658,A,N,B,C,A,A,H,-,A,D,0,,,,,Y,,A,01,0,3,0,0,0,0,0,0,0,"- ","- ",37.561111450195312,-122.19355010986328,"CONTRA COSTA","EL CERRITO",-122.32647705078125,37.936447143554688