CASE_ID,ACCIDENT_YEAR,PROC_DATE,JURIS,COLLISION_DATE,COLLISION_TIME,OFFICER_ID,REPORTING_DISTRICT,DAY_OF_WEEK,CHP_SHIFT,POPULATION,CNTY_CITY_LOC,SPECIAL_COND,BEAT_TYPE,CHP_BEAT_TYPE,CITY_DIVISION_LAPD,CHP_BEAT_CLASS,BEAT_NUMBER,PRIMARY_RD,SECONDARY_RD,DISTANCE,DIRECTION,INTERSECTION,WEATHER_1,WEATHER_2,STATE_HWY_IND,CALTRANS_COUNTY,CALTRANS_DISTRICT,STATE_ROUTE,ROUTE_SUFFIX,POSTMILE_PREFIX,POSTMILE,LOCATION_TYPE,RAMP_INTERSECTION,SIDE_OF_HWY,TOW_AWAY,COLLISION_SEVERITY,NUMBER_KILLED,NUMBER_INJURED,PARTY_COUNT,PRIMARY_COLL_FACTOR,PCF_CODE_OF_VIOL,PCF_VIOL_CATEGORY,PCF_VIOLATION,PCF_VIOL_SUBSECTION,HIT_AND_RUN,TYPE_OF_COLLISION,MVIW,PED_ACTION,ROAD_SURFACE,ROAD_COND_1,ROAD_COND_2,LIGHTING,CONTROL_DEVICE,CHP_ROAD_TYPE,PEDESTRIAN_ACCIDENT,BICYCLE_ACCIDENT,MOTORCYCLE_ACCIDENT,TRUCK_ACCIDENT,NOT_PRIVATE_PROPERTY,ALCOHOL_INVOLVED,STWD_VEHTYPE_AT_FAULT,CHP_VEHTYPE_AT_FAULT,COUNT_SEVERE_INJ,COUNT_VISIBLE_INJ,COUNT_COMPLAINT_PAIN,COUNT_PED_KILLED,COUNT_PED_INJURED,COUNT_BICYCLIST_KILLED,COUNT_BICYCLIST_INJURED,COUNT_MC_KILLED,COUNT_MC_INJURED,PRIMARY_RAMP,SECONDARY_RAMP,LATITUDE,LONGITUDE,COUNTY,CITY,POINT_X,POINT_Y
91284712,2020,2020-08-12,9320,2020-08-08,0230,021472,,6,3,3,0702,0,2,4,,2,097,"VASCO RD N/B","CAMINO DIABLO",13200.00,S,N,A,-,N,,,,,,,,,,Y,3,0,2,1,A,-,01,23152,A,N,E,I,A,A,H,-,D,A,0,,,,,Y,Y,A,01,0,2,0,0,0,0,0,0,0,"- ","- ",37.837390899658203,-121.64817047119141,"CONTRA COSTA",BRENTWOOD,-121.66764068603516,37.865211486816406
91284744,2020,2020-08-12,9320,2020-07-04,2155,021797,,6,2,9,0700,0,3,5,,2,075,"SHORE ROAD","SEAVIEW DR",44.20,W,N,A,-,N,,,,,,,,,,Y,1,1,0,3,A,-,01,23152,A,F,G,B,E,A,H,-,C,D,0,Y,,,,Y,Y,A,07,0,0,0,1,0,0,0,0,0,"- ","- ",38.039810180664062,-121.97429656982422,"CONTRA COSTA",UNINCORPORATED,-121.9742431640625,38.039756774902344
91284770,2020,2020-08-12,9320,2020-08-10,1335,017530,,1,1,9,0700,0,2,4,,2,094,"BYRON HIGHWAY","KELLOGG CREEK ROAD",1000.00,N,N,A,-,N,,,,,,,,,,N,4,0,2,2,A,-,03,22350,,N,C,C,A,A,H,-,A,D,0,,,,,Y,,A,01,0,0,2,0,0,0,0,0,0,"- ","- ",37.529998779296875,-121.38310241699219,"CONTRA COSTA",UNINCORPORATED,-121.64146423339844,37.884757995605469
91284784,2020,2020-08-12,9320,2020-08-11,0800,017271,,2,1,4,0709,0,1,1,,2,682,"I-680 S/B","MONUMENT BLVD U/C",125.00,S,N,A,B,Y,,,680,,,,,,S,N,4,0,1,3,A,-,04,21703,,N,C,C,A,A,H,-,A,D,0,,,,,Y,,A,01,0,0,1,0,0,0,0,0,0,"- ","- ",37.944881439208984,-122.05845642089844,"CONTRA COSTA","PLEASANT HILL",-122.05853271484375,37.944911956787109
91284901,2020,2020-08-12,9320,2020-08-12,0618,016563,,3,1,6,0704,0,1,3,,2,242,"SR-242 S/B","GRANT STREET",100.00,N,N,A,-,Y,,,242,,,,,,S,Y,4,0,1,3,A,-,03,22350,,N,B,C,A,A,H,-,A,D,0,,,,,Y,,A,01,0,0,1,0,0,0,0,0,0,"- ","- ",37.989219665527344,-122.04032135009766,"CONTRA COSTA",CONCORD,-122.04042816162109,37.989242553710938
91285346,2020,2020-08-13,9320,2020-08-05,0740,016094,,3,1,9,0700,0,1,3,,2,404,SR-4(E/B),"LOVERIDGE RD.",2640.00,W,N,A,-,Y,,,,,,,,,,Y,3,0,1,2,A,-,03,22350,,N,B,C,A,A,H,-,A,D,0,,,,Y,Y,,A,01,0,1,0,0,0,0,0,0,0,"- ","- ",,,"CONTRA COSTA",UNINCORPORATED,-121.87651062011719,38.013633728027344
91285414,2020,2020-08-13,9320,2020-08-09,1255,018628,,7,1,9,0700,0,1,3,,1,406,"SR-4 WESTBOUND","DISCOVERY BAY BLVD",0.00,,Y,A,-,Y,,,4,,,,,,W,Y,2,0,4,2,A,-,01,23152,A,N,D,C,A,A,H,-,A,A,0,,,,,Y,Y,D,23,1,1,2,0,0,0,0,0,0,"- ","- ",37.890190124511719,-121.60222625732422,"CONTRA COSTA",UNINCORPORATED,-121.60222625732422,37.890167236328125
91285423,2020,2020-08-13,9320,2020-08-10,2220,017211,,1,3,3,0706,0,1,1,,2,180,"INTERSTATE 80 W/B","SYCAMORE AVENUE",1000.00,W,N,A,-,Y,,,80,,,,,,W,Y,3,0,2,3,A,-,07,21658,A,N,B,C,A,A,H,-,C,D,0,,,,,Y,,-,99,0,1,1,0,0,0,0,0,0,"- ","- ",38.009281158447266,-122.27488708496094,"CONTRA COSTA",HERCULES,-122.27487182617188,38.009258270263672
91285455,2020,2020-08-13,9320,2020-08-02,0650,018628,,7,1,5,0708,0,1,3,,2,404,"SR-4 EB","LOVERIDGE ROAD",400.00,E,N,A,-,Y,,,4,,,,,,E,Y,3,0,2,2,A,-,03,22350,,N,C,C,A,A,H,-,A,D,0,,,,,Y,,A,01,0,1,1,0,0,0,0,0,0,"- ","- ",38.011531829833984,-121.86641693115234,"CONTRA COSTA",PITTSBURG,-121.86639404296875,38.011631011962891
91285462,2020,2020-08-13,9320,2020-07-31,1115,021185,,5,1,9,0700,0,1,1,,2,681,"INTERSTATE 680 NORTHBOUND","STONE VALLEY ROAD",2300.00,S,N,A,-,Y,,,,,,,,,,Y,4,0,1,4,A,-,03,22350,,N,C,C,A,A,H,-,A,D,0,,,,,Y,,A,07,0,0,1,0,0,0,0,0,0,"- ","- ",34.845680236816406,-122.02525329589844,"CONTRA COSTA",UNINCORPORATED,-122.02556610107422,37.845954895019531
91286163,2020,2020-08-14,9350,2020-08-13,1825,021418,,4,2,9,0700,0,1,1,,2,115,"I-580 W/B","MARIN/CONTRA COSTA CO. LINE",2595.00,E,N,A,-,Y,,,,,,,,,,Y,4,0,1,4,A,-,03,22350,,N,C,C,A,A,H,-,A,D,0,,,,,Y,,A,01,0,0,1,0,0,0,0,0,0,"- ","- ",37.933940887451172,-122.42680358886719,"CONTRA COSTA",UNINCORPORATED,,
91286385,2020,2020-08-14,9320,2020-08-07,1450,022483,,5,2,9,0700,0,3,5,,2,075,"WILLOW PASS ROAD","POINSETTIA AVENUE",10.00,E,N,A,-,N,,,,,,,,,,Y,4,0,1,2,A,-,08,22107,,N,C,E,A,A,H,-,A,D,0,,,,,Y,,A,01,0,0,1,0,0,0,0,0,0,"- ","- ",38.026828765869141,-121.93860626220703,"CONTRA COSTA",UNINCORPORATED,-121.93855285644531,38.026760101318359
91286444,2020,2020-08-14,9320,2020-08-10,0625,016788,,1,1,9,0700,0,2,4,,2,031,"SAN PABLO AVE","CUMMINGS SKYWAY",37.00,S,N,B,-,N,,,,,,,,,,Y,2,0,1,1,A,-,08,22107,,N,F,A,A,A,H,-,A,A,0,,,,Y,Y,,F,27,1,0,0,0,0,0,0,0,0,"- ","- ",38.050838470458984,-122.24295806884766,"CONTRA COSTA",UNINCORPORATED,-122.24300384521484,38.05096435546875
91286453,2020,2020-08-14,9320,2020-08-11,1538,021649,,2,2,5,0701,0,1,3,,2,405,"SR-4 W/B","LAUREL ROAD",3707.00,N,N,A,-,Y,,,4,,,,,,W,Y,3,0,1,2,A,-,07,21658,A,F,E,A,A,A,H,-,A,D,0,,,,,Y,,-,99,0,1,0,0,0,0,0,0,0,"- ","- ",37.987258911132812,-121.74999237060547,"CONTRA COSTA",ANTIOCH,-121.75006866455078,37.987186431884766
91286466,2020,2020-08-14,9320,2020-08-12,1720,021649,,3,2,9,0700,0,2,4,,2,096,"VASCO ROAD","CAMINO DIABLO",4160.00,S,N,A,-,N,,,,,,,,,,Y,2,0,3,2,A,-,21,22106,,N,D,C,A,A,H,-,A,D,0,,,,,Y,,A,01,1,2,0,0,0,0,0,0,0,"- ","- ",37.857929229736328,-121.65541076660156,"CONTRA COSTA",UNINCORPORATED,-121.66764068603516,37.865211486816406
91286499,2020,2020-08-14,9320,2020-08-13,1125,016503,,4,1,9,0700,0,3,5,,2,075,"CANAL RD.","BAILEY RD.",792.00,E,N,A,-,N,,,,,,,,,,N,3,0,1,2,A,-,08,22107,,N,B,C,A,A,H,-,A,D,0,,,,,Y,,A,01,0,1,0,0,0,0,0,0,0,"- ","- ",38.0194091796875,-121.93891143798828,"CONTRA COSTA",UNINCORPORATED,-121.94187927246094,38.021560668945312
91286566,2020,2020-08-14,9320,2020-08-13,1253,020834,,4,1,6,0704,0,1,3,,2,402,"SR-4 E/B","PORT CHICAGO HIGHWAY",1539.00,E,N,A,-,Y,,,4,,,,,,E,Y,2,0,2,1,A,-,08,22107,,N,E,I,A,A,H,-,A,D,0,,,,,Y,,A,01,1,0,1,0,0,0,0,0,0,"- ","- ",38.010108947753906,-122.01721954345703,"CONTRA COSTA",CONCORD,-122.01726531982422,38.010391235351562
91286828,2020,2020-08-17,9370,2020-08-08,1550,022529,,6,2,4,0711,0,1,1,,2,083,"I-80 W/B","EL PORTAL DRIVE",1645.00,W,N,A,-,Y,,,80,,,,,,W,Y,3,0,1,3,A,-,07,21658,A,N,B,C,A,A,H,-,A,D,0,,,,,Y,,A,01,0,1,0,0,0,0,0,0,0,"- ","- ",37.963680267333984,-122.3272705078125,"CONTRA COSTA","SAN PABLO",-122.32725524902344,37.963653564453125
91287016,2020,2020-08-17,9320,2020-08-08,0845,021847,,6,1,9,0700,0,1,1,,2,180,"I-80 E/B","POMONA ST U/C",1584.00,W,N,A,-,Y,,,,,,,,,,Y,4,0,1,1,A,-,08,22107,,N,F,I,A,A,H,-,A,D,0,,,Y,,Y,,C,02,0,0,1,0,0,0,0,0,1,"- ","- ",39.050098419189453,-122.23139953613281,"CONTRA COSTA",UNINCORPORATED,-122.22765350341797,38.05242919921875
91287077,2020,2020-08-17,9320,2020-08-08,0925,021185,,6,1,3,0792,0,1,3,,2,240,"STATE ROUTE 24 WESTBOUND","CAMINO PABLO",3200.00,E,N,A,-,Y,,,24,,,,,,W,Y,2,0,1,1,A,-,08,22107,,N,E,I,A,A,H,-,A,D,0,,,,,Y,,A,07,1,0,0,0,0,0,0,0,0,"- ","- ",37.886741638183594,-122.17855072021484,"CONTRA COSTA",ORINDA,-122.17833709716797,37.886608123779297
91287091,2020,2020-08-17,9320,2020-08-08,1630,022049,,6,2,9,0700,0,3,5,,2,040,"CENTER AVE","PACHECO BLVD",0.00,,Y,A,-,N,,,,,,,,,,Y,3,0,3,2,A,-,12,21453,A,N,D,C,A,A,H,-,A,A,0,,,,,Y,,D,22,0,2,1,0,0,0,0,0,0,"- ","- ",37.983299255371094,-122.06749725341797,"CONTRA COSTA",UNINCORPORATED,-122.06759643554688,37.983291625976562
91287213,2020,2020-08-17,9320,2020-08-09,1112,021203,,7,1,4,0714,0,1,1,,2,683,"I-680 SOUTHBOUND","MARINA VISTA AVENUE",3696.00,S,N,A,-,Y,,,,,,,,,,N,3,0,2,1,A,-,08,22107,,N,E,I,A,A,H,-,A,D,0,,,,,Y,,A,08,0,1,1,0,0,0,0,0,0,"- ","- ",38.011371612548828,-122.06022644042969,"CONTRA COSTA",MARTINEZ,,
91287287,2020,2020-08-17,9370,2020-08-15,0453,022054,,6,3,5,0710,0,1,1,,2,083,"I-80 E/B","HILLTOP DRIVE",455.00,W,N,A,-,Y,,,,,,,,,,Y,2,0,1,1,A,-,08,22107,,N,E,I,A,A,H,-,C,D,0,,,,,Y,,A,01,1,0,0,0,0,0,0,0,0,"- ","- ",37.582981109619141,-122.19792938232422,"CONTRA COSTA",RICHMOND,-122.31877136230469,37.9749755859375
91287322,2020,2020-08-17,9320,2020-08-10,0550,021847,,1,3,4,0714,0,1,1,,2,683,"I-680 N/B","ARTHUR RD",2112.00,N,N,A,-,Y,,,,,,,,,,Y,4,0,1,3,A,-,03,22350,,N,C,C,A,A,H,-,B,D,0,,,,Y,Y,,A,01,0,0,1,0,0,0,0,0,0,"- ","- ",38.015571594238281,-122.09288787841797,"CONTRA COSTA",MARTINEZ,-122.09298706054688,38.015712738037109
91287409,2020,2020-08-17,9320,2020-07-31,1500,019914,,5,2,9,0700,0,2,4,,2,062,"STONE VALLEY ROAD WB","AUSTIN LANE",500.00,W,N,A,-,N,,,,,,,,,,N,4,0,2,2,A,-,03,22350,,N,C,C,A,A,H,-,A,D,0,,,,,Y,,A,07,0,0,2,0,0,0,0,0,0,"- ","- ",37.852001190185547,-122.02429962158203,"CONTRA COSTA",UNINCORPORATED,-122.024169921875,37.852024078369141
91287451,2020,2020-08-17,9320,2020-08-02,0830,021185,,7,1,9,0700,0,2,4,,1,061,"DANVILLE BOULEVARD","RUDGEAR ROAD",45.00,S,N,A,-,N,,,,,,,,,,N,3,0,1,2,A,-,08,22107,,N,C,G,A,A,H,-,A,D,0,,Y,,,Y,,A,01,0,1,0,0,0,0,1,0,0,"- ","- ",37.87847900390625,-122.04965972900391,"CONTRA COSTA",UNINCORPORATED,-122.04976654052734,37.878578186035156
91287546,2020,2020-08-17,9390,2020-08-07,0535,020395,,5,3,4,0791,0,1,1,,2,068,"INTERSTATE 680 (NORTHBOUND)","BOLLINGER CANYON ROAD",528.00,N,N,B,-,Y,,,680,,,,,,,Y,4,0,1,2,A,-,03,22350,,N,C,C,A,A,H,-,B,D,0,,,,Y,Y,,A,07,0,0,1,0,0,0,0,0,0,"- ","- ",37.760971069335938,-121.9656982421875,"CONTRA COSTA","SAN RAMON",-121.96585083007812,37.760875701904297
91287798,2020,2021-04-05,9320,2020-07-13,2040,020649,,1,2,9,0700,0,2,4,,2,094,"BYRON HIGHWAY","HERDLYN ROAD",737.00,N,N,A,-,N,,,,,,,,,,Y,2,0,3,1,A,-,08,22107,,N,E,I,A,A,H,-,D,A,0,,,,,Y,,A,01,2,0,1,0,0,0,0,0,0,"- ","- ",37.817710876464844,-121.58717346191406,"CONTRA COSTA",UNINCORPORATED,-121.58713531494141,37.817619323730469
91287914,2020,2020-08-18,9320,2020-08-12,2230,021293,,3,3,5,0701,0,1,3,,2,404,"SR4 EB","CONTRA LOMA BLVD UNDERCROSSING",72.00,E,N,A,-,Y,,,4,,,,,,E,Y,3,0,1,2,A,-,07,21658,A,N,A,C,A,A,H,-,D,D,0,,,,,Y,,A,01,0,1,0,0,0,0,0,0,0,"- ","- ",37.999130249023438,-121.82118225097656,"CONTRA COSTA",ANTIOCH,-121.82114410400391,37.999259948730469
91287930,2020,2020-08-18,9320,2020-08-12,2230,021864,,3,3,9,0700,0,1,3,,2,402,"SR-4 EASTBOUND","WILLOW PASS ROAD",1320.00,W,N,A,-,Y,,,4,,,,,,E,Y,3,0,1,1,A,-,01,23152,A,N,E,I,A,A,H,-,C,D,0,,,,,Y,Y,A,01,0,1,0,0,0,0,0,0,0,"- ","- ",38.012630462646484,-122.00112152099609,"CONTRA COSTA",UNINCORPORATED,-122.00115203857422,38.012859344482422
91287960,2020,2020-08-18,9320,2020-08-13,1500,022006,,4,2,9,0700,0,2,4,,2,083,"SANDMOUND BLVD. E/B","BETHEL ISLAND RD.",300.00,E,N,A,-,N,,,,,,,,,,Y,4,0,1,1,A,-,08,22107,,N,E,J,A,A,H,-,A,D,0,,,,,Y,,A,01,0,0,1,0,0,0,0,0,0,"- ","- ",38.006088256835938,-121.63697052001953,"CONTRA COSTA",UNINCORPORATED,-121.64019012451172,38.006839752197266
91288228,2020,2020-08-18,9320,2020-08-15,2341,021797,,6,3,5,0712,0,1,1,,2,681,"I-680 NORTHBOUND","RUDGEAR ROAD",100.00,S,N,A,-,Y,,,680,,,,,,N,Y,2,0,1,2,A,-,03,22350,,F,C,C,A,A,H,-,D,D,0,,,Y,,Y,,-,99,1,0,0,0,0,0,0,0,1,"- ","- ",37.878898620605469,-122.04875183105469,"CONTRA COSTA","WALNUT CREEK",-122.04878234863281,37.878879547119141
91288541,2020,2020-08-18,9370,2020-07-19,1650,022487,,7,2,9,0700,0,3,5,,2,010,"RICHMOND PARKWAY N/B","PITTSBURG AVENUE",2230.00,S,N,A,-,N,,,,,,,,,,Y,3,0,1,2,A,-,01,23152,A,F,B,C,A,A,H,-,A,D,0,,,Y,,Y,Y,D,22,0,1,0,0,0,0,0,0,1,"- ","- ",37.957000732421875,-122.37355041503906,"CONTRA COSTA",UNINCORPORATED,-122.37368011474609,37.957042694091797
9128889,2020,2020-09-12,0740,2020-06-22,1055,SR033,SR72,1,5,4,0791,0,0,0,,0,,"PINE VALLEY RD","SAN RAMON VALLEY BL",0.00,,Y,A,-,N,,,,,,,,,,N,4,0,1,2,A,-,09,21800,A,N,-,-,A,A,H,-,A,A,0,,Y,,,Y,,A,01,0,0,1,0,0,0,1,0,0,"- ","- ",37.736831665039062,-121.95101165771484,"CONTRA COSTA","SAN RAMON",-121.95111846923828,37.736831665039062
91289166,2020,2020-08-19,9390,2020-08-11,0803,014771,,2,1,9,0700,0,3,5,,2,100,"MONTEROSSO ST.","COLCHESTER ST.",0.00,,Y,A,-,N,,,,,,,,,,N,2,0,1,2,A,-,21,22106,,N,G,B,D,A,H,-,A,A,0,Y,,,,Y,,A,01,1,0,0,0,1,0,0,0,0,"- ","- ",37.792121887207031,-121.89206695556641,"CONTRA COSTA",UNINCORPORATED,-121.89202117919922,37.792148590087891
91289318,2020,2020-08-20,9350,2020-08-13,1830,020979,,4,2,9,0700,0,1,1,,2,115,"I-580 W/B","RICHMOND SAN RAFAEL BRIDGE TOLL PLAZA",5280.00,W,N,A,-,Y,,,,,,,,,,Y,3,0,2,2,A,-,03,22350,,N,C,C,A,A,H,-,A,D,0,,,,,Y,,A,07,0,1,1,0,0,0,0,0,0,"- ","- ",37.933570861816406,-122.4217529296875,"CONTRA COSTA",UNINCORPORATED,,
91289344,2020,2020-08-20,9390,2020-08-11,0805,021763,,2,1,9,0700,0,2,4,,2,110,"BOLLINGER CANYON ROAD","BEAR TREE ROAD",1320.00,S,N,A,-,N,,,,,,,,,,Y,4,0,1,1,A,-,08,22107,,N,E,I,A,A,H,-,A,D,0,,,,Y,Y,,F,26,0,0,1,0,0,0,0,0,0,"- ","- ",37.791000366210938,-122.01203918457031,"CONTRA COSTA",UNINCORPORATED,-122.021413,37.795999999999999
91289348,2020,2020-08-20,9320,2020-08-12,0550,018628,,3,3,6,0704,0,1,3,,2,242,"SR-242 SB","CONCORD AVE",100.00,S,N,A,-,Y,,,242,,,,,,S,Y,4,0,1,2,A,-,03,22350,,N,C,C,A,A,H,-,B,D,0,,,,,Y,,A,01,0,0,1,0,0,0,0,0,0,"- ","- ",37.978191375732422,-122.043701171875,"CONTRA COSTA",CONCORD,-122.04375457763672,37.978221893310547
91289363,2020,2020-08-20,9320,2020-08-12,2215,019546,,3,3,9,0700,0,1,3,,2,241,"SR-24 E/B","OAK HILL ROAD",1295.00,W,N,A,-,Y,,,,,,,,,,Y,3,0,6,2,A,-,08,22107,,N,E,I,A,A,H,-,D,D,0,,,,,Y,,A,07,0,1,5,0,0,0,0,0,0,"- ","- ",37.892860412597656,-122.125,"CONTRA COSTA",UNINCORPORATED,-122.12531280517578,37.892818450927734
91289691,2020,2020-08-20,9320,2020-08-07,0625,016503,,5,1,9,0700,0,1,3,,2,403,"SR-4 E/B","WILLOW PASS RD. (BAY POINT)",3696.00,W,N,A,-,Y,,,4,,,,,,E,Y,1,1,0,2,A,-,03,22350,,N,C,C,A,A,H,-,A,A,0,,,,Y,Y,,A,01,0,0,0,0,0,0,0,0,0,"- ","- ",38.022258758544922,-121.97889709472656,"CONTRA COSTA",UNINCORPORATED,-121.97894287109375,38.022361755371094
91290023,2020,2020-08-21,9320,2020-08-11,2113,021649,,2,2,9,0700,0,1,3,,1,406,"MARSH CREEK ROAD","WALNUT BOULEVARD",40.00,W,N,A,-,Y,,,,,,,,,,Y,4,0,2,2,A,-,03,22350,,N,C,C,A,A,H,-,C,A,0,,,,,Y,,A,07,0,0,2,0,0,0,0,0,0,"- ","- ",37.896339416503906,-121.69669342041016,"CONTRA COSTA",UNINCORPORATED,-121.69642639160156,37.896377563476562
91290039,2020,2020-08-21,9320,2020-08-12,1638,021649,,3,2,9,0700,0,2,4,,2,091,"BIXLER ROAD","ORWOOD ROAD",10.00,S,N,A,-,N,,,,,,,,,,Y,3,0,2,1,A,-,08,22107,,N,E,I,A,A,H,-,A,D,0,,,,,Y,,A,01,0,1,1,0,0,0,0,0,0,"- ","- ",37.939968109130859,-121.62286376953125,"CONTRA COSTA",UNINCORPORATED,-121.62270355224609,37.939662933349609
91290055,2020,2020-08-21,9320,2020-08-08,2143,022462,,6,2,6,0704,0,1,3,,2,242,"SR-242 SOUTHBOUND","CONCORD AVE",2200.00,N,N,A,-,Y,,,242,,,,,,S,Y,3,0,1,2,A,-,01,23152,A,M,C,C,A,A,H,-,C,A,0,,,,,Y,Y,A,01,0,1,0,0,0,0,0,0,0,"- ","- ",37.985008239746094,-122.04132080078125,"CONTRA COSTA",CONCORD,-122.04135131835938,37.985015869140625
91290059,2020,2020-08-21,9370,2020-07-12,1520,022476,,7,2,9,0700,0,3,5,,2,010,"FRED JACKSON WAY","BROOKSIDE DR",0.00,,Y,A,-,N,,,,,,,,,,Y,4,0,1,2,A,-,12,22450,A,F,D,C,A,A,H,-,A,A,0,,,,,Y,,D,22,0,0,1,0,0,0,0,0,0,"- ","- ",37.575420379638672,-122.22035217285156,"CONTRA COSTA",UNINCORPORATED,-122.36676025390625,37.965171813964844
91290060,2020,2020-08-21,9320,2020-08-11,0800,021203,,2,1,9,0700,0,3,5,,2,040,"SANTA FE AVENUE SOUTHBOUND","ROSE STREET",36.00,S,N,B,-,N,,,,,,,,,,N,4,0,1,1,C,-,18,,,N,E,I,A,A,H,-,A,D,0,,,,,Y,,-,"- ",0,0,1,0,0,0,0,0,0,"- ","- ",38.010799407958984,-122.11193084716797,"CONTRA COSTA",UNINCORPORATED,-122.11183929443359,38.010810852050781
91290106,2020,2020-08-21,9320,2020-08-12,1250,018628,,3,1,9,0700,0,3,5,,2,040,"PACHECO BLVD","S. BUCHANAN CIR",0.00,,Y,A,-,N,,,,,,,,,,Y,4,0,1,2,A,-,09,21801,A,N,D,C,A,A,H,-,A,D,0,,,Y,,Y,,A,07,0,0,1,0,0,0,0,0,1,"- ","- ",37.988079071044922,-122.07125854492188,"CONTRA COSTA",UNINCORPORATED,-122.07138061523438,37.988010406494141
91290136,2020,2020-08-21,9320,2020-08-19,0730,017530,,3,1,9,0700,0,2,4,,2,094,"BYRON HWY","CLIFTON CT RD",2640.00,N,N,B,-,N,,,,,,,,,,N,3,0,1,2,A,-,08,22107,,N,B,C,A,A,H,-,A,D,0,,,,Y,Y,,G,27,0,1,0,0,0,0,0,0,0,"- ","- ",37.504199981689453,-121.37049865722656,"CONTRA COSTA",UNINCORPORATED,,
91290215,2020,2020-08-21,9320,2020-08-10,1200,017906,,1,1,9,0700,0,3,5,,2,075,"BAILEY RD","WILLOW AVE",1320.00,S,N,A,-,N,,,,,,,,,,N,4,0,1,2,A,-,08,22100,B,N,B,C,A,A,H,-,A,D,0,,,,,Y,,A,01,0,0,1,0,0,0,0,0,0,"- ","- ",38.003101348876953,-121.56269836425781,"CONTRA COSTA",UNINCORPORATED,-121.94100952148438,38.008888244628906
91290345,2020,2020-08-21,9320,2020-08-15,0930,021203,,6,1,6,0704,0,1,3,,2,402,"SR-4 EASTBOUND","PORT CHICAGO HIGHWAY",1550.00,E,N,A,-,Y,,,4,,,,,,E,Y,3,0,1,2,A,-,07,21658,A,N,C,C,A,A,H,-,A,D,0,,,Y,,Y,,C,02,0,1,0,0,0,0,0,0,1,"- ","- ",38.010318756103516,-122.01715850830078,"CONTRA COSTA",CONCORD,-122.01717376708984,38.010406494140625
91290374,2020,2020-08-21,9320,2020-08-17,1420,021373,,1,2,9,0700,0,1,3,,2,240,"SR-24 EB","ST. STEPHENS DRIVE",2112.00,W,N,B,-,Y,,,,,,,,,,Y,2,0,2,1,A,-,08,22107,,N,B,I,A,A,H,-,A,D,0,,,,,Y,,A,01,1,0,1,0,0,0,0,0,0,"- ","- ",37.884048461914062,-122.17951202392578,"CONTRA COSTA",UNINCORPORATED,-122.17678070068359,37.887901306152344
91290570,2020,2020-08-21,9320,2020-08-20,1733,017219,,4,2,9,0700,0,2,4,,1,061,"DANVILLE BLVD","WOODHAVEN CT",175.00,S,N,A,-,N,,,,,,,,,,Y,3,0,1,1,A,-,01,23152,F,N,E,I,A,A,H,-,A,D,0,,,,,Y,,A,07,0,1,0,0,0,0,0,0,0,"- ","- ",37.840000152587891,-122.02349853515625,"CONTRA COSTA",UNINCORPORATED,-122.02355194091797,37.840080261230469
91290573,2020,2020-08-21,9320,2020-08-21,0715,017530,,5,1,9,0700,0,1,3,,1,406,"SR4 WB","DISCOVERY BAY BLVD",4752.00,E,N,B,-,Y,,,4,,,,,,W,Y,4,0,2,2,A,-,03,22350,,N,C,C,A,A,H,-,A,D,0,,,,,Y,,E,22,0,0,2,0,0,0,0,0,0,"- ","- ",37.890041351318359,-121.58622741699219,"CONTRA COSTA",UNINCORPORATED,-121.58622741699219,37.890098571777344
91290697,2020,2020-08-24,9320,2020-08-13,1840,021499,,4,2,9,0700,0,2,4,,2,022,"WILDCAT CANYON RD","S. PARK DR",3700.00,N,N,A,-,N,,,,,,,,,,Y,3,0,2,1,A,-,08,22107,,N,E,I,A,A,H,-,A,D,0,,,,,Y,Y,A,01,0,2,0,0,0,0,0,0,0,"- ","- ",37.900230407714844,-122.25000762939453,"CONTRA COSTA",UNINCORPORATED,-122.24913024902344,37.899620056152344
91290698,2020,2020-08-24,9320,2020-08-16,1545,022483,,7,2,9,0700,0,3,5,,2,039,"PINOLE AVE","THIRD STREET",150.00,N,N,A,-,N,,,,,,,,,,Y,2,0,1,1,A,-,03,22350,,N,E,I,A,A,H,-,A,A,0,,,,,Y,,A,01,1,0,0,0,0,0,0,0,0,"- ","- ",38.035079956054688,-122.26406097412109,"CONTRA COSTA",UNINCORPORATED,-122.2640380859375,38.035030364990234
91290700,2020,2020-08-24,9320,2020-08-17,2302,021797,,1,3,9,0700,0,2,4,,2,083,"STONE ROAD","4610 STONE ROAD",50.00,W,N,A,-,N,,,,,,,,,,Y,2,0,1,1,A,-,01,23152,A,N,F,A,A,A,H,-,C,D,0,,,Y,,Y,Y,C,02,1,0,0,0,0,0,0,0,1,"- ","- ",38.016620635986328,-121.61164093017578,"CONTRA COSTA",UNINCORPORATED,,