CASE_ID,ACCIDENT_YEAR,PROC_DATE,JURIS,COLLISION_DATE,COLLISION_TIME,OFFICER_ID,REPORTING_DISTRICT,DAY_OF_WEEK,CHP_SHIFT,POPULATION,CNTY_CITY_LOC,SPECIAL_COND,BEAT_TYPE,CHP_BEAT_TYPE,CITY_DIVISION_LAPD,CHP_BEAT_CLASS,BEAT_NUMBER,PRIMARY_RD,SECONDARY_RD,DISTANCE,DIRECTION,INTERSECTION,WEATHER_1,WEATHER_2,STATE_HWY_IND,CALTRANS_COUNTY,CALTRANS_DISTRICT,STATE_ROUTE,ROUTE_SUFFIX,POSTMILE_PREFIX,POSTMILE,LOCATION_TYPE,RAMP_INTERSECTION,SIDE_OF_HWY,TOW_AWAY,COLLISION_SEVERITY,NUMBER_KILLED,NUMBER_INJURED,PARTY_COUNT,PRIMARY_COLL_FACTOR,PCF_CODE_OF_VIOL,PCF_VIOL_CATEGORY,PCF_VIOLATION,PCF_VIOL_SUBSECTION,HIT_AND_RUN,TYPE_OF_COLLISION,MVIW,PED_ACTION,ROAD_SURFACE,ROAD_COND_1,ROAD_COND_2,LIGHTING,CONTROL_DEVICE,CHP_ROAD_TYPE,PEDESTRIAN_ACCIDENT,BICYCLE_ACCIDENT,MOTORCYCLE_ACCIDENT,TRUCK_ACCIDENT,NOT_PRIVATE_PROPERTY,ALCOHOL_INVOLVED,STWD_VEHTYPE_AT_FAULT,CHP_VEHTYPE_AT_FAULT,COUNT_SEVERE_INJ,COUNT_VISIBLE_INJ,COUNT_COMPLAINT_PAIN,COUNT_PED_KILLED,COUNT_PED_INJURED,COUNT_BICYCLIST_KILLED,COUNT_BICYCLIST_INJURED,COUNT_MC_KILLED,COUNT_MC_INJURED,PRIMARY_RAMP,SECONDARY_RAMP,LATITUDE,LONGITUDE,COUNTY,CITY,POINT_X,POINT_Y
91325874,2020,2020-10-19,9370,2020-10-09,0845,021866,,5,1,5,0710,0,1,1,,2,082,"I-80 W/B","CUTTING BOULEVARD",175.00,W,N,A,-,Y,,,80,,,,,,W,Y,4,0,1,5,A,-,03,22350,,N,C,C,A,A,H,-,A,D,0,,,,,Y,,A,07,0,0,1,0,0,0,0,0,0,"- ","- ",37.925010681152344,-122.32086181640625,"CONTRA COSTA",RICHMOND,-122.32082366943359,37.925037384033203
91325936,2020,2020-10-19,9320,2020-10-08,1130,020834,,4,1,5,0708,0,1,3,,2,403,"SR-4 E/B","BAILEY RD",5200.00,E,N,A,-,Y,,,4,,,,,,E,N,4,0,1,2,A,-,07,21658,A,N,B,C,A,A,H,-,A,D,0,,,,,Y,,A,01,0,0,1,0,0,0,0,0,0,"- ","- ",38.019290924072266,-121.92488861083984,"CONTRA COSTA",PITTSBURG,-121.92490386962891,38.019355773925781
91325996,2020,2020-10-19,9320,2020-10-08,1819,020834,,4,2,9,0700,0,3,5,,2,039,"CALIFORNIA ST","TRIGGER RD",290.00,E,N,A,-,N,,,,,,,,,,N,3,0,1,2,A,-,06,21755,,N,C,C,A,A,H,-,B,D,0,,,Y,,Y,,C,03,0,1,0,0,0,0,0,0,1,"- ","- ",38.037990570068359,-122.26225280761719,"CONTRA COSTA",UNINCORPORATED,-122.26226806640625,38.038047790527344
91326062,2020,2020-10-19,9320,2020-10-10,0120,022467,,6,3,9,0700,0,3,5,,2,075,"POWELL DR","STEFFA ST",128.00,S,N,A,-,N,,,,,,,,,,Y,3,0,1,4,A,-,01,23152,A,N,C,C,A,A,H,-,C,D,0,,,,,Y,Y,A,07,0,1,0,0,0,0,0,0,0,"- ","- ",38.029499053955078,-121.97949981689453,"CONTRA COSTA",UNINCORPORATED,-121.980712890625,38.027183532714844
91326140,2020,2020-10-19,9320,2020-10-11,2042,021519,,7,2,5,0712,0,1,1,,2,682,"I-680 S/B","TREAT BLVD",980.00,N,N,A,-,Y,,,680,,,,,,S,N,4,0,1,2,A,-,07,21658,A,N,B,C,A,A,H,-,D,D,0,,,,,Y,,-,"- ",0,0,1,0,0,0,0,0,0,"- ","- ",37.929271697998047,-122.06040191650391,"CONTRA COSTA","WALNUT CREEK",-122.06051635742188,37.929279327392578
91326189,2020,2020-10-19,9320,2020-10-12,1730,021519,,1,2,9,0700,0,1,1,,2,684,"I-680 N/B","MARINA VISTA AVE",90.00,N,N,A,-,Y,,,680,,,,,,N,N,4,0,1,2,A,-,07,21658,A,N,B,C,A,A,H,-,A,D,0,,,,,Y,,-,"- ",0,0,1,0,0,0,0,0,0,"- ","- ",38.025669097900391,-122.11195373535156,"CONTRA COSTA",UNINCORPORATED,-122.11196899414062,38.025623321533203
91327093,2020,2020-10-20,9320,2020-10-13,0054,021710,,2,3,9,0700,0,1,3,,2,403,"SR-4 W/B TO BAILEY ROAD SOUTH","BAILEY ROAD",250.00,W,N,A,-,Y,,,4,,,,R,,W,Y,3,0,1,1,A,-,01,23152,A,N,E,I,A,A,H,-,C,D,0,,,,,Y,Y,A,07,0,1,0,0,0,0,0,0,0,"- ","- ",38.019218444824219,-121.94287872314453,"CONTRA COSTA",UNINCORPORATED,-121.94287872314453,38.019218444824219
9132759,2020,2020-12-03,0704,2020-08-11,0509,571,1,2,5,6,0704,0,0,0,,0,001,"SOLANO WY","RT 242",0.00,,Y,A,-,Y,CC,4,242,-,R,2.046,R,4,S,Y,3,0,1,1,A,-,01,23152,B,N,E,I,A,A,H,-,C,A,0,,,,,Y,Y,D,22,0,1,0,0,0,0,0,0,0,"- ",SO,,,"CONTRA COSTA",CONCORD,-122.04087066650391,37.987247467041016
91327704,2020,2020-10-21,9370,2020-09-16,0128,022054,,3,3,3,0705,0,1,1,,2,082,"I-80 W/B","POTRERO AVENUE",770.00,W,N,A,-,Y,,,,,,,,,,Y,3,0,2,1,A,-,01,23152,F,N,E,I,A,A,H,-,C,D,0,,,,,Y,,A,01,0,1,1,0,0,0,0,0,0,"- ","- ",37.557361602783203,-122.19287872314453,"CONTRA COSTA","EL CERRITO",-122.31911468505859,37.922752380371094
91327817,2020,2020-10-21,9320,2020-10-15,1850,021373,,4,2,4,0709,0,1,1,,2,683,"I-680 NB","MONUMENT BOULEVARD",0.00,,N,A,-,Y,,,680,,,,,,N,Y,3,0,2,3,A,-,03,22350,,N,C,C,A,A,H,-,D,D,0,,,,,Y,,A,01,0,1,1,0,0,0,0,0,0,"- ","- ",37.950878143310547,-122.05545043945312,"CONTRA COSTA","PLEASANT HILL",-122.05556488037109,37.950935363769531
91327908,2020,2020-10-21,9320,2020-10-16,1732,017219,,5,2,3,0715,0,1,3,,2,241,"SR-24 W/B","OAK HILL RD U/C",3000.00,W,N,A,-,Y,,,,,,,,,,Y,4,0,1,2,A,-,03,22350,,N,C,C,A,A,H,-,A,D,0,,,,,Y,,A,01,0,0,1,0,0,0,0,0,0,"- ","- ",,,"CONTRA COSTA",LAFAYETTE,-122.13135528564453,37.891773223876953
91327948,2020,2020-10-21,9320,2020-10-16,1400,022116,,5,2,3,0706,0,1,1,,2,180,"I-80 E/B","PINOLE VALLEY RD",0.00,,N,A,-,Y,,,80,,,,,,E,N,4,0,1,2,A,-,03,22350,,N,C,C,A,A,H,-,A,D,0,,,,,Y,,D,22,0,0,1,0,0,0,0,0,0,"- ","- ",38.001190185546875,-122.28204345703125,"CONTRA COSTA",HERCULES,-122.28208923339844,38.001239776611328
91327996,2020,2020-10-21,9370,2020-10-20,2254,020815,,2,3,5,0710,0,1,1,,2,083,"I-80 W/B","EL PORTAL DRIVE",175.00,E,N,A,-,Y,,,80,,,,,,W,Y,3,0,1,1,A,-,08,22107,,N,E,I,A,A,H,-,C,D,0,,,,,Y,,A,07,0,1,0,0,0,0,0,0,0,"- ","- ",37.966751098632812,-122.32206726074219,"CONTRA COSTA",RICHMOND,-122.32205200195312,37.966732025146484
91328223,2020,2020-10-21,9370,2020-10-19,1635,020356,,1,2,9,0700,0,3,5,,2,012,"FLANNERY ROAD N/B (3100 BLOCK)","SHAMROCK DRIVE",570.00,S,N,A,-,N,,,,,,,,,,N,4,0,1,2,A,-,08,22107,,N,C,E,A,A,H,-,A,D,0,,,Y,,Y,,O,05,0,0,1,0,0,0,0,0,1,"- ","- ",37.992141723632812,-122.32479095458984,"CONTRA COSTA",UNINCORPORATED,-122.32473754882812,37.992271423339844
91329212,2020,2020-10-22,9320,2020-10-14,1745,021185,,3,2,9,0700,0,2,4,,2,062,"STONE VALLEY ROAD","GREEN VALLEY ROAD",0.00,,Y,A,-,N,,,,,,,,,,N,3,0,2,3,A,-,09,21800,A,N,D,G,A,A,H,-,A,A,0,,Y,,,Y,,A,07,0,2,0,0,0,0,2,0,0,"- ","- ",37.845081329345703,-121.97833251953125,"CONTRA COSTA",UNINCORPORATED,-121.97844696044922,37.845161437988281
91329343,2020,2020-10-22,9320,2020-10-17,0930,022076,,6,1,9,0700,0,1,1,,2,681,"I-680 SOUTHBOUND","RUDGEAR ROAD",26400.00,S,N,A,-,Y,,,680,,,,,,S,Y,4,0,1,3,A,-,07,21658,A,N,B,C,A,A,H,-,A,D,0,,,,Y,Y,,A,01,0,0,1,0,0,0,0,0,0,"- ","- ",37.873199462890625,-122.04399871826172,"CONTRA COSTA",UNINCORPORATED,-122.04386138916016,37.873294830322266
91329375,2020,2020-10-22,9320,2020-10-17,1730,022006,,6,2,9,0700,0,2,4,,2,011,"APPIAN WAY S/B","SANTA RITA RD",10.00,N,N,A,-,N,,,,,,,,,,N,2,0,1,2,A,-,03,22350,,N,C,C,A,A,H,-,A,D,0,,,Y,,Y,,C,02,1,0,0,0,0,0,0,0,1,"- ","- ",37.969799041748047,-122.30731964111328,"CONTRA COSTA",UNINCORPORATED,-122.30746459960938,37.969703674316406
91329461,2020,2020-10-22,9320,2020-10-17,2032,022505,,6,2,3,0706,0,1,1,,2,180,"I-80 EB","WILLOW AVENUE",1140.00,W,N,A,-,Y,,,80,,,,,,E,Y,3,0,1,2,A,-,07,21658,A,M,B,C,A,A,H,-,D,D,0,,,,,Y,,-,99,0,1,0,0,0,0,0,0,0,"- ","- ",38.019920349121094,-122.26467895507812,"CONTRA COSTA",HERCULES,-122.26471710205078,38.019950866699219
9132963,2020,2020-12-02,0704,2020-07-24,1935,619,,5,5,6,0704,0,0,0,,0,001,"CONCORD AV","MARKET ST",69.00,W,N,A,-,Y,CC,4,242,-,R,20.040,R,4,N,N,4,0,2,2,A,-,03,22350,,N,C,C,A,A,H,-,A,A,0,,,,,Y,,A,01,0,0,2,0,0,0,0,0,0,"- ","- ",,,"CONTRA COSTA",CONCORD,-122.04212951660156,37.978710174560547
9132966,2020,2020-11-25,0702,2020-07-21,1347,490M,132B,2,5,3,0702,0,0,0,,0,001,"SAND CREEK RD","RT 4",0.00,,Y,A,-,Y,CC,4,4,-,M,34.449,R,4,W,Y,3,0,1,1,A,-,01,23152,A,N,A,I,A,A,H,-,A,A,0,,,,,Y,Y,D,73,0,1,0,0,0,0,0,0,0,"- ","- ",37.943668365478516,-121.74102020263672,"CONTRA COSTA",BRENTWOOD,-121.74027252197266,37.941146850585938
91329898,2020,2020-10-23,9370,2020-10-14,0925,020941,,3,1,5,0710,0,1,1,,2,083,"I-80 E/B","SOLANO AVE",1426.00,W,N,A,-,Y,,,80,,,,,,E,Y,3,0,1,2,A,-,03,22350,,N,C,C,A,A,H,-,A,D,0,,,,Y,Y,,A,01,0,1,0,0,0,0,0,0,0,"- ","- ",37.939609527587891,-122.32488250732422,"CONTRA COSTA",RICHMOND,-122.3248291015625,37.939582824707031
91329936,2020,2020-10-23,9320,2020-10-14,0845,018525,,3,1,6,0704,0,1,3,,2,402,"SR-4 W/B","PORT CHICAGO HIGHWAY",200.00,E,N,A,-,Y,,,,,,,,,,Y,4,0,1,2,A,-,07,21658,A,N,C,C,A,A,H,-,A,D,0,,,,,Y,,A,01,0,0,1,0,0,0,0,0,0,"- ","- ",,,"CONTRA COSTA",CONCORD,-122.02219390869141,38.010051727294922
91329954,2020,2020-10-23,9320,2020-10-14,0435,022484,,3,3,5,0708,0,1,3,,2,403,"SR-4 W/B","RAILROAD AVE",1100.00,W,N,A,-,Y,,,4,,,,,,W,Y,4,0,1,2,A,-,01,23152,A,N,B,C,A,A,H,-,D,A,0,,,,,Y,Y,A,01,0,0,1,0,0,0,0,0,0,"- ","- ",38.018089294433594,-121.89356994628906,"CONTRA COSTA",PITTSBURG,-121.8935546875,38.018138885498047
91330011,2020,2020-10-23,9320,2020-10-19,1840,021185,,1,2,9,0700,0,2,4,,2,062,"STONE VALLEY ROAD","DANVILLE BOULEVARD",1050.00,E,N,A,-,N,,,,,,,,,,Y,3,0,1,2,A,-,08,22107,,N,B,C,A,A,D,-,C,D,0,,,,,Y,,A,01,0,1,0,0,0,0,0,0,0,"- ","- ",37.8514404296875,-122.02899169921875,"CONTRA COSTA",UNINCORPORATED,-122.02914428710938,37.851383209228516
91330037,2020,2020-10-23,9320,2020-10-19,1610,021373,,1,2,9,0700,0,1,1,,2,180,"I-80 EB","WILLOW AVE.",500.00,E,N,A,-,Y,,,80,,,,,,E,Y,4,0,1,1,C,-,18,,,N,E,I,A,A,H,-,A,D,0,,,,,Y,,-,"- ",0,0,1,0,0,0,0,0,0,"- ","- ",38.024188995361328,-122.26084899902344,"CONTRA COSTA",UNINCORPORATED,-122.26081085205078,38.024154663085938
91330942,2020,2020-10-26,9390,2020-10-17,1047,020368,,6,1,4,0791,0,1,1,,2,068,"I-680 SOUTHBOUND","CROW CANYON ROAD",4224.00,N,N,A,-,Y,,,,,,,,,,N,3,0,1,1,C,-,18,,,N,E,J,A,A,H,-,A,D,0,,,Y,,Y,,-,"- ",0,1,0,0,0,0,0,0,1,"- ","- ",,,"CONTRA COSTA","SAN RAMON",-121.97673797607422,37.779918670654297
91330982,2020,2020-11-23,9320,2020-10-15,1240,021797,,4,1,9,0700,0,2,4,,2,071,"WILLOW PASS ROAD","SR-4 WESTBOUND TO WILLOW PASS RD",0.00,,Y,A,-,N,,,,,,,,,,Y,3,0,1,2,A,-,12,22450,A,N,D,C,A,A,H,-,A,A,0,,,,,Y,,D,22,0,1,0,0,0,0,0,0,0,"- ","- ",38.014209747314453,-121.99793243408203,"CONTRA COSTA",UNINCORPORATED,-121.99806700000001,38.014288000000001
91331028,2020,2020-10-26,9320,2020-10-17,1940,022006,,6,2,9,0700,0,1,1,,2,180,"I-80 E/B","CALIFORNIA ST.",2500.00,E,N,A,-,Y,,,80,,,,,,E,Y,3,0,2,2,A,-,01,23152,A,N,B,C,A,A,H,-,C,D,0,,,,,Y,Y,D,22,0,1,1,0,0,0,0,0,0,"- ","- ",38.035690307617188,-122.25009155273438,"CONTRA COSTA",UNINCORPORATED,-122.25007629394531,38.035675048828125
91331057,2020,2020-10-26,9390,2020-10-18,1845,021817,,7,2,9,0700,0,2,4,,2,112,"CAMINO TASSAJARA (7500 BLOCK)","WINDEMERE PARKWAY",1056.00,N,N,A,-,N,,,,,,,,,,Y,2,0,2,2,A,-,01,23152,A,N,D,D,A,A,H,-,B,D,0,,,,,Y,,A,01,2,0,0,0,0,0,0,0,0,"- ","- ",37.755599975585938,-121.86869812011719,"CONTRA COSTA",UNINCORPORATED,-121.871337890625,37.752281188964844
91331177,2020,2021-01-11,9320,2020-10-15,1218,017906,,4,1,5,0701,0,1,3,,2,404,"SR-4 W/B","L ST U/C",350.00,E,N,A,-,Y,,,4,,,,,,W,Y,4,0,1,2,A,-,07,21658,A,N,B,C,A,A,H,-,A,D,0,,,,,Y,,-,"- ",0,0,1,0,0,0,0,0,0,"- ","- ",37.998531341552734,-121.81712341308594,"CONTRA COSTA",ANTIOCH,-121.81714630126953,37.998394012451172
91331213,2020,2020-10-26,9320,2020-10-17,2106,021949,,6,2,3,0706,0,1,1,,2,180,"I-80 E/B","WILLOW AVE. U/C",1020.00,W,N,A,-,Y,,,80,,,,,,E,Y,4,0,9,4,A,-,03,22350,,N,C,C,A,A,H,-,C,D,0,,,,,Y,,A,01,0,0,9,0,0,0,0,0,0,"- ","- ",38.020240783691406,-122.26450347900391,"CONTRA COSTA",HERCULES,-122.26447296142578,38.020214080810547
91331332,2020,2020-10-26,9320,2020-10-18,1930,022116,,7,2,9,0700,0,2,4,,2,077,"MARSH CREEK RD","ASPARA DR",700.00,E,N,A,-,N,,,,,,,,,,Y,3,0,2,1,C,-,18,,,N,F,A,A,A,C,-,D,D,0,,,Y,,Y,,-,"- ",0,1,1,0,0,0,0,0,2,"- ","- ",37.891078948974609,-121.84770965576172,"CONTRA COSTA",UNINCORPORATED,-121.85099029541016,37.892330169677734
91331406,2020,2020-10-26,9320,2020-10-21,1705,021373,,3,2,6,0704,0,1,1,,2,683,"I-680 NB","WILLOW PASS ROAD",0.00,,N,A,-,Y,,,680,,,,,,N,Y,4,0,1,2,D,-,00,,,N,C,C,A,A,H,-,A,D,0,,,,,Y,,-,"- ",0,0,1,0,0,0,0,0,0,"- ","- ",37.956340789794922,-122.05301666259766,"CONTRA COSTA",CONCORD,-122.05301666259766,37.956340789794922
91331910,2020,2020-10-27,9370,2020-10-20,1608,022499,,2,2,4,0711,0,1,1,,2,083,"I-80 W/B","EL PORTAL DR.",1505.00,W,N,A,-,Y,,,80,,,,,,W,Y,3,0,5,2,A,-,03,22350,,N,C,C,A,A,H,-,A,D,0,,,,,Y,,A,07,0,4,1,0,0,0,0,0,0,"- ","- ",37.963790893554688,-122.32692718505859,"CONTRA COSTA","SAN PABLO",-122.32695007324219,37.963825225830078
91331927,2020,2020-10-27,9320,2020-10-13,2330,022484,,2,3,5,0701,0,1,3,,2,404,"SR-4 E/B","SOMERSVILLE RD",600.00,E,N,A,-,Y,,,4,,,,,,E,Y,3,0,2,3,A,-,03,22350,,F,C,C,A,A,H,-,D,A,0,,,,,Y,,-,99,0,2,0,0,0,0,0,0,0,"- ","- ",38.003040313720703,-121.83548736572266,"CONTRA COSTA",ANTIOCH,-121.83544158935547,38.003208160400391
91331964,2020,2020-10-27,9320,2020-10-16,1140,020834,,5,1,9,0700,0,3,5,,2,075,"WILLOW PASS RD","MANOR DR",0.00,,Y,A,-,N,,,,,,,,,,Y,4,0,3,2,A,-,12,21453,A,N,D,C,A,A,H,-,A,A,0,,,,,Y,,A,07,0,0,3,0,0,0,0,0,0,"- ","- ",38.026748657226562,-121.94754028320312,"CONTRA COSTA",UNINCORPORATED,-121.94754028320312,38.026771545410156
91332124,2020,2020-10-27,9320,2020-10-21,0615,017530,,3,1,9,0700,0,2,4,,2,093,"CAMINO DIABLO","HOLWAY DRIVE",0.00,,Y,A,-,N,,,,,,,,,,Y,4,0,2,2,A,-,09,21802,A,N,D,C,A,A,H,-,D,A,0,,,,,Y,,A,01,0,0,2,0,0,0,0,0,0,"- ","- ",37.867568969726562,-121.64163208007812,"CONTRA COSTA",UNINCORPORATED,-121.6416015625,37.867469787597656
91332191,2020,2020-10-27,9320,2020-10-22,1745,020957,,4,2,9,0700,0,1,3,,1,406,"SR-4 W/B","DISCOVERY BAY BLVD",2000.00,E,N,A,-,Y,,,4,,,,,,W,Y,4,0,1,2,A,-,03,22350,,N,C,C,A,A,H,-,A,A,0,,,,,Y,,A,07,0,0,1,0,0,0,0,0,0,"- ","- ",37.890098571777344,-121.59609985351562,"CONTRA COSTA",UNINCORPORATED,-121.59609985351562,37.890201568603516
91332363,2020,2020-10-27,9390,2020-10-18,0125,022273,,7,3,9,0700,0,2,4,,2,112,"CAMINO TASSAJARA","WINDEMERE PKWY",3290.00,N,N,B,-,Y,,,,,,,,,,Y,3,0,1,1,A,-,01,23152,A,N,E,I,A,A,H,-,C,D,0,,,,,Y,Y,A,01,0,1,0,0,0,0,0,0,0,"- ","- ",37.757991790771484,-121.86808013916016,"CONTRA COSTA",UNINCORPORATED,-121.86799621582031,37.757499694824219
91332753,2020,2020-10-28,9320,2020-10-18,0255,022467,,7,3,5,0708,0,1,3,,2,403,"SR-4 E/B","BAILEY RD",6600.00,E,N,A,-,Y,,,4,,,,,,E,Y,2,0,1,1,A,-,08,22107,,N,E,H,A,A,H,-,D,D,0,,,Y,,Y,,C,02,1,0,0,0,0,0,0,0,1,"- ","- ",38.019798278808594,-121.9208984375,"CONTRA COSTA",PITTSBURG,-121.92090606689453,38.019908905029297
91332802,2020,2020-10-28,9320,2020-10-22,2240,022505,,4,3,4,0714,0,1,3,,2,402,"SR-4 E/B","PACHECO BLVD",2697.00,W,N,A,-,Y,,,4,,,,,,E,Y,4,0,1,1,A,-,08,22107,,N,E,I,A,A,H,-,D,D,0,,,,,Y,,A,01,0,0,1,0,0,0,0,0,0,"- ","- ",37.991161346435547,-122.08287811279297,"CONTRA COSTA",MARTINEZ,-122.0828857421875,37.991245269775391
91332838,2020,2020-10-28,9320,2020-10-23,1800,017219,,5,2,3,0792,0,1,3,,2,240,"SR-24 E/B","ACALANES RD",1500.00,W,N,A,-,Y,,,,,,,,,,Y,4,0,1,3,A,-,03,22350,,N,C,C,A,A,H,-,A,D,0,,,,,Y,,A,01,0,0,1,0,0,0,0,0,0,"- ","- ",,,"CONTRA COSTA",ORINDA,-122.15950775146484,37.892601013183594
9133322,2020,2020-09-23,0704,2020-07-27,1638,337,SOUTH,1,5,6,0704,0,0,0,,0,003,"MONUMENT BL","LACEY LN",200.00,W,N,A,-,N,,,,,,,,,,Y,4,0,1,3,A,-,03,22350,,N,C,C,A,A,H,-,A,D,0,,,,,Y,,A,01,0,0,1,0,0,0,0,0,0,"- ","- ",,,"CONTRA COSTA",CONCORD,-122.04377746582031,37.953006744384766
9133330,2020,2020-09-15,0704,2020-07-20,1542,614,,1,5,6,0704,0,0,0,,0,001,"COMMERCE AV","CONCORD AV",943.00,S,N,A,-,N,,,,,,,,,,Y,4,0,1,2,A,-,08,22107,,N,C,E,A,A,H,-,A,D,0,,,,,Y,,D,22,0,0,1,0,0,0,0,0,0,"- ","- ",,,"CONTRA COSTA",CONCORD,-122.04612731933594,37.976840972900391
91333385,2020,2020-10-28,9320,2020-10-23,1835,022240,,5,2,9,0700,0,3,5,,2,075,"WILLOW PASS RD.","EVORA RD.",0.00,,Y,A,-,Y,,,,,,,,,,Y,4,0,1,2,A,-,12,21453,A,M,D,D,A,A,H,-,A,A,0,,,,,Y,,-,99,0,0,1,0,0,0,0,0,0,"- ","- ",38.024501800537109,-121.96399688720703,"CONTRA COSTA",UNINCORPORATED,-121.99884796142578,38.014789581298828
91333656,2020,2020-10-29,9370,2020-10-20,2250,021997,,2,3,5,0710,0,1,1,,2,083,"I-80 W/B","EL PORTAL DR U/C",125.00,W,N,A,-,Y,,,80,,,,,,W,Y,4,0,1,3,A,-,03,22350,,N,B,C,A,A,H,-,C,D,0,,,,,Y,,A,01,0,0,1,0,0,0,0,0,0,"- ","- ",37.966030120849609,-122.32292938232422,"CONTRA COSTA",RICHMOND,-122.32288360595703,37.965965270996094
91333724,2020,2020-11-23,9320,2020-10-20,1840,021499,,2,2,9,0700,0,2,4,,2,086,"BALFOUR RD","BYRON HWY",1700.00,E,N,A,-,N,,,,,,,,,,N,1,1,0,2,A,-,03,22350,,N,C,C,A,A,H,-,A,D,0,,,Y,,Y,,C,02,0,0,0,0,0,0,0,1,0,"- ","- ",37.925491333007812,-121.63493347167969,"CONTRA COSTA",UNINCORPORATED,-121.63526153564453,37.925518035888672
91333740,2020,2020-10-29,9320,2020-10-23,1725,022116,,5,2,3,0706,0,1,1,,2,180,"I-80 E/B","PINOLE VALLEY RD",0.00,,N,A,-,Y,,,80,,,,,,E,Y,3,0,2,3,A,-,03,22350,,N,C,C,A,A,H,-,A,D,0,,,,,Y,,A,08,0,1,1,0,0,0,0,0,0,"- ","- ",38.004390716552734,-122.27906799316406,"CONTRA COSTA",HERCULES,-122.27911376953125,38.004432678222656
91335655,2020,2020-10-30,9320,2020-10-21,0756,020009,,3,1,9,0700,0,1,1,,2,683,"I-680 N/B","ARTHUR RD",1310.00,N,N,A,-,Y,,,680,,,,,,N,Y,4,0,1,2,A,-,07,21658,A,N,B,C,A,A,H,-,A,A,0,,,,,Y,,A,01,0,0,1,0,0,0,0,0,0,"- ","- ",38.013511657714844,-122.09091949462891,"CONTRA COSTA",UNINCORPORATED,-122.09089660644531,38.013530731201172
91335754,2020,2021-01-11,9320,2020-07-24,1340,022495,,5,1,9,0700,0,1,3,,2,403,"SR-4 WB","BAILEY RD",1867.00,W,N,A,-,Y,,,4,,,,,,W,Y,1,1,0,1,A,-,08,22107,,N,E,I,A,A,H,-,A,A,0,,,Y,,Y,Y,C,02,0,0,0,0,0,0,0,1,0,"- ","- ",38.019210815429688,-121.94888305664062,"CONTRA COSTA",UNINCORPORATED,-121.94886779785156,38.019294738769531
91336416,2020,2020-11-02,9320,2020-10-23,0830,022127,,5,1,4,0714,0,3,5,,2,040,"EASTBOUND PACHECO BLVD.","MORELLO AVE.",370.00,W,N,A,-,N,,,,,,,,,,N,2,0,1,2,A,-,03,22350,,N,C,G,A,A,H,-,A,A,0,,Y,,,Y,,A,07,1,0,0,0,0,0,1,0,0,"- ","- ",38.011150360107422,-122.10314178466797,"CONTRA COSTA",MARTINEZ,-122.10299682617188,38.011173248291016
91336442,2020,2020-11-02,9320,2020-10-24,1909,021649,,6,2,5,0701,0,1,3,,2,405,"SR-4 W/B TO LAUREL ROAD","LAUREL ROAD",42.00,S,N,A,-,Y,,,4,,,,R,,W,N,4,0,1,2,A,-,03,22350,,N,C,C,A,A,H,-,C,A,0,,,,,Y,,A,08,0,0,1,0,0,0,0,0,0,"- ","- ",37.979030609130859,-121.74343109130859,"CONTRA COSTA",ANTIOCH,-121.74343109130859,37.979030609130859
91336492,2020,2020-11-02,9320,2020-10-24,0315,022505,,6,3,6,0704,0,1,3,,2,242,"SR-242 N/B","CLAYTON ROAD",1696.00,S,N,A,-,Y,,,242,,,,,,N,Y,2,0,1,1,A,-,08,22107,,N,E,I,A,A,H,-,D,D,0,,,,,Y,,A,01,1,0,0,0,0,0,0,0,0,"- ","- ",37.9652099609375,-122.04920959472656,"CONTRA COSTA",CONCORD,-122.04946899414062,37.965324401855469
91336521,2020,2020-11-02,9320,2020-10-24,1451,021519,,6,2,9,0700,0,2,4,,1,061,"DANVILLE BLVD, 2700 BLOCK","LIVORNA RD",90.00,S,N,A,-,N,,,,,,,,,,N,3,0,1,1,A,-,08,22107,,N,F,A,A,A,D,H,A,D,0,,,Y,,Y,,C,03,0,1,0,0,0,0,0,0,1,"- ","- ",37.861438751220703,-122.03972625732422,"CONTRA COSTA",UNINCORPORATED,-122.03969573974609,37.861495971679688
91336574,2020,2020-11-02,9320,2020-10-24,0815,022127,,6,1,5,0708,0,1,3,,2,403,"SR-4 (CDH)","BAILEY RD.",1400.00,W,N,B,-,Y,,,4,,,,,,,N,4,0,1,1,A,-,08,22107,,N,B,J,A,A,H,-,A,D,0,,,,,Y,,A,01,0,0,1,0,0,0,0,0,0,"- ","- ",38.018989562988281,-121.94656372070312,"CONTRA COSTA",PITTSBURG,-121.94656372070312,38.019096374511719
91336583,2020,2020-11-02,9350,2020-10-26,1629,021418,,1,2,9,0700,0,1,1,,2,115,"I-580 E/B","MARIN/CONTRA COSTA CO. LINE",3100.00,E,N,A,-,Y,,,,,,,,,,Y,4,0,1,5,A,-,03,22350,,N,C,C,A,A,H,-,A,D,0,,,,,Y,,D,22,0,0,1,0,0,0,0,0,0,"- ","- ",37.933151245117188,-122.41570281982422,"CONTRA COSTA",UNINCORPORATED,,