CASE_ID,ACCIDENT_YEAR,PROC_DATE,JURIS,COLLISION_DATE,COLLISION_TIME,OFFICER_ID,REPORTING_DISTRICT,DAY_OF_WEEK,CHP_SHIFT,POPULATION,CNTY_CITY_LOC,SPECIAL_COND,BEAT_TYPE,CHP_BEAT_TYPE,CITY_DIVISION_LAPD,CHP_BEAT_CLASS,BEAT_NUMBER,PRIMARY_RD,SECONDARY_RD,DISTANCE,DIRECTION,INTERSECTION,WEATHER_1,WEATHER_2,STATE_HWY_IND,CALTRANS_COUNTY,CALTRANS_DISTRICT,STATE_ROUTE,ROUTE_SUFFIX,POSTMILE_PREFIX,POSTMILE,LOCATION_TYPE,RAMP_INTERSECTION,SIDE_OF_HWY,TOW_AWAY,COLLISION_SEVERITY,NUMBER_KILLED,NUMBER_INJURED,PARTY_COUNT,PRIMARY_COLL_FACTOR,PCF_CODE_OF_VIOL,PCF_VIOL_CATEGORY,PCF_VIOLATION,PCF_VIOL_SUBSECTION,HIT_AND_RUN,TYPE_OF_COLLISION,MVIW,PED_ACTION,ROAD_SURFACE,ROAD_COND_1,ROAD_COND_2,LIGHTING,CONTROL_DEVICE,CHP_ROAD_TYPE,PEDESTRIAN_ACCIDENT,BICYCLE_ACCIDENT,MOTORCYCLE_ACCIDENT,TRUCK_ACCIDENT,NOT_PRIVATE_PROPERTY,ALCOHOL_INVOLVED,STWD_VEHTYPE_AT_FAULT,CHP_VEHTYPE_AT_FAULT,COUNT_SEVERE_INJ,COUNT_VISIBLE_INJ,COUNT_COMPLAINT_PAIN,COUNT_PED_KILLED,COUNT_PED_INJURED,COUNT_BICYCLIST_KILLED,COUNT_BICYCLIST_INJURED,COUNT_MC_KILLED,COUNT_MC_INJURED,PRIMARY_RAMP,SECONDARY_RAMP,LATITUDE,LONGITUDE,COUNTY,CITY,POINT_X,POINT_Y
91348552,2020,2020-11-19,9320,2020-11-13,2315,022484,,5,3,9,0700,0,1,3,,1,406,"VASCO RD S/B","LOS VAQUEROS RD",14784.00,N,N,A,-,Y,,,,,,,,,,Y,3,0,1,2,A,-,03,22350,,N,C,C,A,A,H,-,D,A,0,,,,,Y,,A,01,0,1,0,0,0,0,0,0,0,"- ","- ",37.788311004638672,-121.69547271728516,"CONTRA COSTA",UNINCORPORATED,,
91348620,2020,2020-11-19,9320,2020-11-14,1118,022076,,6,1,6,0704,0,1,3,,2,402,"SR-4 EASTBOUND TO SR-242 SOUTHBOUND",SR-4,125.00,S,N,A,-,Y,,,4,,,,R,,E,Y,2,0,1,1,A,-,08,22107,,N,E,I,A,A,H,-,A,D,0,,,,,Y,,A,01,1,0,0,0,0,0,0,0,0,"- ","- ",38.004100799560547,-122.03867340087891,"CONTRA COSTA",CONCORD,-122.03867340087891,38.004100799560547
91348623,2020,2020-11-19,9320,2020-11-14,1655,022127,,6,2,4,0714,0,3,5,,2,040,"NORTHBOUND SHELL AVE.","CREST AVE.",20.00,S,N,A,-,N,,,,,,,,,,Y,4,0,1,2,A,-,08,22107,,N,C,E,A,A,H,-,C,D,0,,,,,Y,,A,01,0,0,1,0,0,0,0,0,0,"- ","- ",38.010471343994141,-122.11852264404297,"CONTRA COSTA",MARTINEZ,-122.11904144287109,38.010009765625
91348706,2020,2020-11-19,9320,2020-11-15,2010,020957,,7,2,9,0700,0,2,4,,2,083,"BETHEL ISLAND RD N/B","WELLS RD",10.00,N,N,A,-,N,,,,,,,,,,N,4,0,1,2,A,-,08,22107,,N,G,B,F,A,H,-,C,D,0,Y,,,,Y,Y,D,22,0,0,1,0,1,0,0,0,0,"- ","- ",38.01055908203125,-121.64106750488281,"CONTRA COSTA",UNINCORPORATED,-121.64116668701172,38.01055908203125
91349888,2020,2020-11-20,9370,2020-11-18,0725,020941,,3,1,4,0711,0,1,1,,2,083,"I-80 W/B","EL PORTAL DR.",565.00,W,N,A,-,Y,,,80,,,,,,W,Y,4,0,1,4,A,-,03,22350,,N,C,C,A,B,H,-,A,D,0,,,,,Y,,A,01,0,0,1,0,0,0,0,0,0,"- ","- ",37.965301513671875,-122.32411193847656,"CONTRA COSTA","SAN PABLO",-122.32408142089844,37.965244293212891
91350207,2020,2020-11-20,9390,2020-11-14,0710,020395,,6,1,4,0791,0,1,1,,2,068,"INTERSTATE 680 (NORTHBOUND)","CROW CANYON ROAD",1320.00,N,N,B,-,Y,,,680,,,,,,,Y,4,0,1,1,A,-,07,21658,A,N,B,I,A,A,H,-,A,D,0,,,,,Y,,A,01,0,0,1,0,0,0,0,0,0,"- ","- ",37.782928466796875,-121.97811889648438,"CONTRA COSTA","SAN RAMON",-121.9781494140625,37.782913208007812
91350933,2020,2021-01-29,9370,2020-11-20,2230,022311,,5,3,5,0710,0,1,1,,2,058,"I-580 E/B","BAYVIEW AVE",1500.00,E,N,A,-,Y,,,580,,,,,,E,Y,1,1,1,2,A,-,03,22350,,N,C,C,A,A,H,-,C,D,0,,,,,Y,,E,22,0,0,1,0,0,0,0,0,0,"- ","- ",37.908489227294922,-122.32105255126953,"CONTRA COSTA",RICHMOND,-122.32106018066406,37.908485412597656
91350986,2020,2020-11-23,9370,2020-11-14,2110,022288,,6,2,5,0710,0,1,1,,2,058,"I-580 W/B","BAYVIEW AVE",3100.00,E,N,B,-,Y,,,580,,,,,,W,Y,3,0,2,2,A,-,01,23152,A,N,C,C,A,A,H,-,C,D,0,,,,,Y,Y,A,07,0,2,0,0,0,0,0,0,0,"- ","- ",37.906551361083984,-122.319091796875,"CONTRA COSTA",RICHMOND,-122.31919097900391,37.906463623046875
91351005,2020,2020-11-23,9320,2020-11-11,2129,022138,,3,2,6,0704,0,1,3,,2,402,"STATE ROUTE 4 EASTBOUND","PORT CHICAGO HWY",1091.00,W,N,A,-,Y,,,4,,,,,,E,Y,2,0,3,2,A,-,05,21651,C,N,A,C,A,A,H,-,D,A,0,,,,,Y,,D,22,1,2,0,0,0,0,0,0,0,"- ","- ",38.008720397949219,-122.026611328125,"CONTRA COSTA",CONCORD,-122.02664184570312,38.008934020996094
91351054,2020,2020-11-23,9320,2020-11-12,1455,021649,,4,2,9,0700,0,2,4,,1,042,"PACHECO BOULEVARD","ARNOLD DRIVE",536.00,S,N,A,-,N,,,,,,,,,,Y,3,0,2,2,A,-,08,22107,,N,B,C,A,A,H,-,A,D,0,,,,,Y,,A,07,0,2,0,0,0,0,0,0,0,"- ","- ",37.996368408203125,-122.07627868652344,"CONTRA COSTA",UNINCORPORATED,-122.07639312744141,37.996513366699219
91351086,2020,2020-11-23,9320,2020-11-13,1904,022049,,5,2,9,0700,0,2,4,,2,012,"SAN PABLO DAM RD","CASTRO RANCH RD",3960.00,S,N,B,-,Y,,,,,,,,,,Y,3,0,3,2,A,-,03,22350,,N,D,C,A,B,H,-,D,D,0,,,,,Y,,A,01,0,3,0,0,0,0,0,0,0,"- ","- ",37.942909240722656,-122.26605987548828,"CONTRA COSTA",UNINCORPORATED,-122.26648712158203,37.943470001220703
91351333,2020,2020-11-23,9320,2020-11-14,1845,022013,,6,2,9,0700,0,2,4,,2,032,"WANDA ST",I-80,245.00,W,N,A,-,N,,,,,,,,,,Y,4,0,1,1,A,-,01,23152,A,N,E,I,A,A,H,-,C,D,0,,,,,Y,Y,A,01,0,0,1,0,0,0,0,0,0,"- ","- ",38.054100036621094,-122.22753143310547,"CONTRA COSTA",UNINCORPORATED,-122.22752380371094,38.054046630859375
91351391,2020,2020-11-23,9320,2020-10-27,0110,022463,,2,3,6,0704,0,1,3,,2,402,"SR-4 E/B","SOLANO WAY",1086.00,W,N,A,-,Y,,,4,,,,,,E,Y,2,0,2,2,A,-,08,22107,,N,E,I,A,A,D,-,C,A,0,,,,,Y,,A,01,1,0,1,0,0,0,0,0,0,"- ","- ",37.999828338623047,-122.05668640136719,"CONTRA COSTA",CONCORD,-122.05673217773438,37.999958038330078
91351420,2020,2020-12-09,9320,2020-11-15,1620,022240,,7,2,9,0700,0,2,4,,1,042,"4585 PACHECO BLVD","ARTHUR RD.",1000.00,S,N,A,-,N,,,,,,,,,,Y,3,0,1,1,A,-,01,23152,A,N,E,I,A,A,H,-,A,D,0,,,Y,,Y,Y,C,02,0,1,0,0,0,0,0,0,1,"- ","- ",38.005100250244141,-122.0863037109375,"CONTRA COSTA",UNINCORPORATED,-122.09050750732422,38.006748199462891
91351436,2020,2020-11-23,9320,2020-11-15,1645,022119,,7,2,9,0700,0,1,1,,2,180,"EASTBOUND I-80","SYCAMORE AVE",1000.00,W,N,A,-,Y,,,,,,,,,,Y,4,0,1,2,A,-,03,22350,,N,C,A,A,A,H,-,A,D,0,,,,,Y,,D,22,0,0,1,0,0,0,0,0,0,"- ","- ",38.009929656982422,-122.27395629882812,"CONTRA COSTA",UNINCORPORATED,-122.27471923828125,38.009426116943359
91351460,2020,2020-11-23,9320,2020-11-15,0225,022505,,7,3,6,0704,0,1,3,,2,402,"SR-4 W/B","PORT CHICAGO HIGHWAY",1602.00,W,N,A,-,Y,,,4,,,,,,W,Y,3,0,2,3,A,-,05,21651,B,F,C,C,A,A,H,-,D,D,0,,,,,Y,,-,99,0,2,0,0,0,0,0,0,0,"- ","- ",38.009040832519531,-122.02841949462891,"CONTRA COSTA",CONCORD,-122.02841949462891,38.009033203125
91351510,2020,2020-11-23,9390,2020-11-15,2310,022273,,7,3,4,0791,0,1,1,,2,068,"I-680 SOUTHBOUND","ALCOSTA BOULEVARD",1530.00,N,N,A,-,Y,,,680,,,,,,S,Y,4,0,1,2,A,-,03,22350,,N,C,C,A,A,H,-,C,D,0,,,Y,,Y,,A,07,0,0,1,0,0,0,0,0,0,"- ","- ",37.727161407470703,-121.94313812255859,"CONTRA COSTA","SAN RAMON",-121.94318389892578,37.727127075195312
91351513,2020,2020-11-23,9320,2020-11-15,1709,022119,,7,2,9,0700,0,1,1,,2,180,"EASTBOUND I-80","SYCAMORE AVE",1500.00,W,N,A,-,Y,,,,,,,,,,Y,4,0,1,2,A,-,03,22350,,N,C,C,A,A,H,-,A,D,0,,,,,Y,,A,01,0,0,1,0,0,0,0,0,0,"- ","- ",38.008090972900391,-122.27567291259766,"CONTRA COSTA",UNINCORPORATED,-122.27574157714844,38.008319854736328
91351536,2020,2020-11-23,9370,2020-11-11,1910,020356,,3,2,9,0700,0,3,5,,2,010,"RICHMOND PARKWAY S/B","W. GERTRUDE AVENUE",812.00,S,N,A,-,N,,,,,,,,,,Y,4,0,1,1,A,-,01,23152,A,N,E,I,A,A,H,-,D,D,0,,,,,Y,Y,A,01,0,0,1,0,0,0,0,0,0,"- ","- ",37.951869964599609,-122.37286376953125,"CONTRA COSTA",UNINCORPORATED,-122.37296295166016,37.951915740966797
91352305,2020,2020-11-24,9320,2020-11-15,1335,022240,,7,1,9,0700,0,1,3,,2,402,"SR-4 E/B",SR-242,1500.00,W,N,A,-,Y,,,,,,,,,,Y,3,0,1,2,A,-,07,21658,A,N,B,C,A,A,D,-,A,D,0,,,Y,,Y,,A,01,0,1,0,0,0,0,0,0,1,"- ","- ",38.003501892089844,-122.04219818115234,"CONTRA COSTA",UNINCORPORATED,,
91352339,2020,2020-11-24,9370,2020-11-19,0600,022567,,4,1,4,0711,0,1,1,,2,083,"I-80 W/B","EL PORTAL DR",1175.00,W,N,A,-,Y,,,80,,,,,,W,N,4,0,1,2,A,-,03,22350,,N,C,C,A,A,H,-,D,D,0,,,,,Y,,A,01,0,0,1,0,0,0,0,0,0,"- ","- ",37.964401245117188,-122.32610321044922,"CONTRA COSTA","SAN PABLO",-122.32605743408203,37.964298248291016
91352359,2020,2020-11-24,9320,2020-11-16,1630,018371,,1,2,9,0700,0,2,4,,2,012,"SAN PABLO DAM ROAD","D AVILA WAY",98.00,W,N,A,-,N,,,,,,,,,,Y,4,0,2,1,A,-,03,22350,,N,E,I,A,A,H,-,A,A,0,,,,,Y,,A,01,0,0,2,0,0,0,0,0,0,"- ","- ",37.961109161376953,-122.28463745117188,"CONTRA COSTA",UNINCORPORATED,-122.2845458984375,37.961090087890625
91352458,2020,2020-11-24,9320,2020-11-17,1310,016563,,2,1,3,0792,0,1,3,,2,240,"SR-24 E/B","CAMINO PABLO",1100.00,E,N,B,C,Y,,,24,,,,,,E,Y,3,0,2,1,A,-,08,22107,,N,E,I,A,B,H,-,A,D,0,,,,,Y,,A,01,0,1,1,0,0,0,0,0,0,"- ","- ",37.882511138916016,-122.1800537109375,"CONTRA COSTA",ORINDA,-122.18024444580078,37.882637023925781
91352497,2020,2020-11-24,9320,2020-11-16,0555,022568,,1,3,9,0700,0,1,3,,2,403,"SR-4 W/B","WILLOW PASS RD.",175.00,W,N,A,-,Y,,,4,,,,,,W,Y,3,0,2,3,A,-,03,22350,,N,C,C,A,A,H,-,B,A,0,,,,,Y,,A,07,0,1,1,0,0,0,0,0,0,"- ","- ",38.023250579833984,-121.96663665771484,"CONTRA COSTA",UNINCORPORATED,-121.96663665771484,38.023258209228516
91352522,2020,2020-11-24,9320,2020-11-17,1700,021373,,2,2,5,0712,0,1,1,,2,682,"I-680 NB","MOUNT DIABLO BOULEVARD",0.00,,N,A,-,Y,,,680,,,,,,N,N,4,0,1,2,A,-,03,22350,,N,C,C,A,A,H,-,A,D,0,,,,,Y,,A,01,0,0,1,0,0,0,0,0,0,"- ","- ",37.898540496826172,-122.07084655761719,"CONTRA COSTA","WALNUT CREEK",-122.07080078125,37.898529052734375
91352558,2020,2020-11-24,9320,2020-10-22,1115,016094,,4,1,9,0700,0,2,4,,2,083,"BETHEL ISLAND RD","TAYLOR RD.",0.00,,Y,A,-,N,,,,,,,,,,Y,3,0,1,2,A,-,09,21802,A,N,D,C,A,A,H,-,A,A,0,,,,,Y,,A,01,0,1,0,0,0,0,0,0,0,"- ","- ",38.014801025390625,-121.64070129394531,"CONTRA COSTA",UNINCORPORATED,-121.64057922363281,38.014808654785156
91352646,2020,2020-11-24,9320,2020-08-25,2240,022483,,2,3,5,0712,0,1,1,,2,682,"I-680 N/B TO NORTH MAIN STREET","N. MAIN ST OVERCROSSING",327.00,N,N,A,-,Y,,,680,,,,R,,N,Y,1,3,0,1,A,-,08,22107,,N,E,I,A,A,H,-,C,A,0,,,,,Y,,A,01,0,0,0,0,0,0,0,0,0,"- ","- ",37.915721893310547,-122.06472778320312,"CONTRA COSTA","WALNUT CREEK",-122.06472778320312,37.915721893310547
91352650,2020,2020-11-24,9320,2020-08-22,0300,021949,,6,3,3,0792,0,1,3,,2,240,"SR-24 EASTBOUND","FISH RANCH ROAD",2200.00,E,N,A,-,Y,,,,,,,,,,Y,1,1,1,3,A,-,11,21954,A,N,G,B,E,A,H,-,D,A,0,Y,,,,Y,Y,N,60,1,0,0,1,1,0,0,0,0,"- ","- ",,,"CONTRA COSTA",ORINDA,-122.20977020263672,37.860614776611328
91352657,2020,2020-11-24,9320,2020-08-06,2240,022484,,4,3,3,0702,0,1,3,,2,405,"SR-4 E/B","SAND CREEK ROAD",1611.00,W,N,A,-,Y,,,4,,,,,,E,Y,1,2,0,1,A,-,08,22107,,N,E,I,A,A,H,-,C,A,0,,,,,Y,,A,01,0,0,0,0,0,0,0,0,0,"- ","- ",37.947898864746094,-121.74410247802734,"CONTRA COSTA",BRENTWOOD,-121.74357604980469,37.948143005371094
91352759,2020,2020-11-24,9320,2020-11-13,1545,021185,,5,2,9,0700,0,1,1,,2,683,"INTERSTATE 680 NORTHBOUND","CENTER AVENUE",1275.00,N,N,B,C,Y,,,680,,,,,,N,Y,3,0,1,4,A,-,03,22350,,N,C,C,A,B,H,-,A,D,0,,,,,Y,,A,01,0,1,0,0,0,0,0,0,0,"- ","- ",37.987030029296875,-122.06671905517578,"CONTRA COSTA",UNINCORPORATED,-122.06684112548828,37.987003326416016
91352802,2020,2020-11-24,9320,2020-11-15,0345,022472,,7,3,9,0700,0,1,3,,2,403,"SR-4 W/B","RAILROAD AVE",250.00,W,N,A,-,Y,,,,,,,,,,Y,3,0,1,1,A,-,01,23152,A,N,E,I,A,A,H,-,D,D,0,,,,,Y,Y,A,01,0,1,0,0,0,0,0,0,0,"- ","- ",38.017528533935547,-121.89038848876953,"CONTRA COSTA",UNINCORPORATED,-121.89035797119141,38.017318725585938
9135285,2020,2020-08-31,0701,2020-05-24,0048,5540,103,7,5,5,0701,0,0,0,,0,001,"G ST","W 6TH ST",0.00,,Y,A,-,N,,,,,,,,,,Y,4,0,2,2,A,-,03,22350,,N,C,E,A,A,H,-,C,D,0,,,,,Y,,A,01,0,0,2,0,0,0,0,0,0,"- ","- ",,,"CONTRA COSTA",ANTIOCH,-121.81375885009766,38.014049530029297
9135286,2020,2020-08-31,0701,2020-05-13,1940,6012,610,3,5,5,0701,0,0,0,,0,006,"LONE TREE WY","HILLCREST AV",0.00,,Y,A,-,N,,,,,,,,,,N,4,0,1,3,A,-,12,21453,A,N,D,C,A,A,H,-,B,A,0,,,,,Y,,A,01,0,0,1,0,0,0,0,0,0,"- ","- ",,,"CONTRA COSTA",ANTIOCH,-121.76004791259766,37.961761474609375
91353268,2020,2020-11-25,9370,2020-11-15,1445,022346,,7,2,4,0711,0,1,1,,2,083,"I-80 W/B","SAN PABLO DAM RD",1400.00,E,N,A,-,Y,,,80,,,,,,W,Y,3,0,1,1,A,-,08,22107,,N,E,J,A,A,H,-,A,D,0,,,,,Y,,A,07,0,1,0,0,0,0,0,0,0,"- ","- ",37.959800720214844,-122.33080291748047,"CONTRA COSTA","SAN PABLO",-122.3306884765625,37.959774017333984
91353325,2020,2020-11-25,9370,2020-11-18,2055,021930,,3,2,5,0710,0,1,1,,2,083,"I-80 W/B","HILLTOP DR.",50.00,W,N,A,-,Y,,,80,,,,,,W,Y,3,0,1,5,A,-,03,22350,,M,C,C,A,A,H,-,C,D,0,,,,,Y,,-,99,0,1,0,0,0,0,0,0,0,"- ","- ",37.976028442382812,-122.31864166259766,"CONTRA COSTA",RICHMOND,-122.31852722167969,37.975990295410156
91353433,2020,2020-11-25,9320,2020-11-18,0945,016094,,3,1,9,0700,0,2,4,,2,077,"MARSH CREEK RD","MORGAN TERRITORY RD",1056.00,W,N,B,-,N,,,,,,,,,,N,3,0,1,1,A,-,08,22107,,N,F,A,A,B,H,-,A,D,0,,,,,Y,,A,07,0,1,0,0,0,0,0,0,0,"- ","- ",37.908740997314453,-121.87686920166016,"CONTRA COSTA",UNINCORPORATED,-121.87616729736328,37.908203125
91353534,2020,2020-11-25,9320,2020-11-17,0800,017906,,2,1,9,0700,0,1,3,,2,403,"SR-4 W/B","WILLOW PASS RD U/C",3115.00,E,N,A,-,Y,,,,,,,,,,N,4,0,1,2,A,-,03,22350,,N,C,C,A,A,H,-,A,D,0,,,,,Y,,A,01,0,0,1,0,0,0,0,0,0,"- ","- ",38.010601043701172,-121.591796875,"CONTRA COSTA",UNINCORPORATED,-121.99752044677734,38.013931274414062
91353587,2020,2020-11-25,9320,2020-11-18,0330,021797,,3,3,9,0700,0,1,3,,2,240,"SR-24 WESTBOUND","WILDER ROAD",100.00,W,N,C,-,Y,,,24,,,,,,W,Y,4,0,1,1,A,-,08,22107,,M,E,I,A,B,H,-,E,D,0,,,,,Y,,A,01,0,0,1,0,0,0,0,0,0,"- ","- ",37.867351531982422,-122.19880676269531,"CONTRA COSTA",UNINCORPORATED,-122.19881439208984,37.867427825927734
91353817,2020,2020-11-25,9320,2020-10-27,0807,017271,,2,1,9,0700,0,2,4,,1,061,"2567 DANVILLE BLVD","ROMLEY LN",80.00,S,N,A,-,N,,,,,,,,,,Y,4,0,1,1,A,-,08,22107,,N,E,I,A,A,H,-,A,D,0,,,,,Y,,A,01,0,0,1,0,0,0,0,0,0,"- ","- ",37.865150451660156,-122.04196929931641,"CONTRA COSTA",UNINCORPORATED,-122.04192352294922,37.865104675292969
91353823,2020,2020-11-25,9320,2020-11-02,0900,014271,,1,1,9,0700,0,3,5,,2,039,"HAWTHORNE DR","LAUREL CT.",1056.00,S,N,A,-,N,,,,,,,,,,N,4,0,1,3,A,-,03,22350,,M,B,E,E,A,H,-,A,D,0,Y,,,,Y,,A,07,0,0,1,0,1,0,0,0,0,"- ","- ",38.025859832763672,-122.26087188720703,"CONTRA COSTA",UNINCORPORATED,-122.26002502441406,38.026664733886719
91353989,2020,2020-11-25,9320,2020-11-18,1525,022534,,3,2,9,0700,0,1,1,,2,682,"I-680 S/B","TREAT BLVD",100.00,N,N,B,-,Y,,,680,,,,,,S,N,3,0,2,3,A,-,08,22107,,N,E,I,A,B,H,-,A,D,0,,,,,Y,,A,01,0,1,1,0,0,0,0,0,0,"- ","- ",37.9268798828125,-122.0609130859375,"CONTRA COSTA",UNINCORPORATED,-122.06076049804688,37.926864624023438
91354006,2020,2020-11-25,9320,2020-11-19,1415,022282,,4,2,3,0715,0,1,3,,2,241,"SR-24 EB","FIRST ST",500.00,E,N,A,-,Y,,,24,,,,,,E,Y,4,0,1,4,A,-,03,22350,,N,C,C,A,A,H,-,A,A,0,,,,,Y,,A,01,0,0,1,0,0,0,0,0,0,"- ","- ",37.894828796386719,-122.11479949951172,"CONTRA COSTA",LAFAYETTE,-122.11479187011719,37.894790649414062
91354020,2020,2020-11-25,9320,2020-11-19,1100,022540,,4,1,9,0700,0,2,4,,2,038,"ALHAMBRA VALLEY ROAD","ALHAMBRA CREEK RD",3168.00,W,N,A,-,N,,,,,,,,,,Y,4,0,2,1,A,-,08,22107,,N,F,I,A,A,H,-,A,A,0,,,,,Y,,A,07,0,0,2,0,0,0,0,0,0,"- ","- ",37.969120025634766,-122.15643310546875,"CONTRA COSTA",UNINCORPORATED,-122.15760803222656,37.969512939453125
9135406,2020,2020-09-19,0740,2020-07-09,0014,SR096,SR72,4,5,4,0791,0,0,0,,0,005,"DOUGHERTY RD","ROSAMUND DR",53.00,E,N,A,-,N,,,,,,,,,,Y,4,0,1,1,A,-,03,22350,,N,E,I,A,A,H,-,C,D,0,,,,,Y,,-,"- ",0,0,1,0,0,0,0,0,0,"- ","- ",37.769989013671875,-121.92668151855469,"CONTRA COSTA","SAN RAMON",,
91354130,2020,2020-11-25,9320,2020-11-17,1646,021519,,2,2,4,0714,0,1,1,,2,684,"I-680 N/B","BENICIA MARTINEZ BRIDGE TOLL PLAZA",150.00,N,N,C,-,Y,,,680,,,,,,N,Y,4,0,1,2,A,-,03,22350,,N,D,C,A,B,H,-,B,D,0,,,,,Y,,D,22,0,0,1,0,0,0,0,0,0,"- ","- ",38.027240753173828,-122.11476898193359,"CONTRA COSTA",MARTINEZ,-122.11477661132812,38.027229309082031
91354160,2020,2020-11-25,9320,2020-11-20,0805,022540,,5,1,9,0700,0,1,3,,2,403,"SR-4 W/B","SAN MARCO BLVD",2640.00,E,N,A,-,Y,,,4,,,,,,W,N,4,0,4,2,A,-,03,22350,,N,C,C,A,A,H,-,A,A,0,,,,,Y,,A,07,0,0,4,0,0,0,0,0,0,"- ","- ",38.0206298828125,-121.95355224609375,"CONTRA COSTA",UNINCORPORATED,-121.95355224609375,38.020633697509766
91354166,2020,2020-11-25,9320,2020-11-21,1605,022049,,6,2,9,0700,0,3,5,,2,020,"PINEHURST RD","CANYON RD",5280.00,S,N,A,-,N,,,,,,,,,,Y,4,0,1,1,A,-,08,22107,,N,F,A,A,A,H,-,A,D,0,,,,,Y,,A,01,0,0,1,0,0,0,0,0,0,"- ","- ",37.806491851806641,-122.13945770263672,"CONTRA COSTA",UNINCORPORATED,-122.13948059082031,37.806697845458984
91354169,2020,2020-11-25,9370,2020-11-14,0545,022487,,6,3,5,0710,0,1,1,,2,082,"I-80 W/B","CENTRAL AVE",715.00,E,N,A,-,Y,,,80,,,,,,W,Y,4,0,1,1,A,-,01,23152,A,N,E,I,A,A,H,-,B,D,0,,,,Y,Y,Y,F,26,0,0,1,0,0,0,0,0,0,"- ","- ",37.902759552001953,-122.31233978271484,"CONTRA COSTA",RICHMOND,-122.31222534179688,37.902835845947266
91354172,2020,2020-11-25,9320,2020-11-21,1130,022116,,6,1,9,0700,0,1,3,,2,403,"SR-4 W/B","BAILEY RD",260.00,W,N,A,-,Y,,,4,,,,,,W,Y,3,0,1,1,A,-,08,22107,,N,E,I,A,A,H,-,A,D,0,,,,,Y,,A,01,0,1,0,0,0,0,0,0,0,"- ","- ",38.019321441650391,-121.9429931640625,"CONTRA COSTA",UNINCORPORATED,-121.9429931640625,38.019100189208984
91354197,2020,2020-11-26,9350,2020-11-19,2050,022432,,4,2,5,0710,0,1,S,,2,058,"I-580 W/B","RICHMOND SAN RAFAEL BRIDGE TOLL PLAZA",200.00,E,N,A,-,Y,,,580,,,,,,W,Y,4,0,1,3,A,-,07,21658,A,N,B,C,A,A,H,-,C,D,0,,,,,Y,,A,01,0,0,1,0,0,0,0,0,0,"- ","- ",37.932388305664062,-122.40261840820312,"CONTRA COSTA",RICHMOND,-122.40261840820312,37.932392120361328
9135422,2020,2020-09-19,0704,2020-07-31,1951,0612,,5,5,6,0704,0,0,0,,0,001,"MARKET ST","SUTTER ST",0.00,,Y,A,-,N,,,,,,,,,,Y,4,0,2,2,A,-,08,22107,,F,D,C,A,A,H,-,B,D,0,,,,,Y,,A,01,0,0,2,0,0,0,0,0,0,"- ","- ",,,"CONTRA COSTA",CONCORD,-122.04319763183594,37.976139068603516
91354346,2020,2020-11-26,9390,2020-11-17,1900,018869,,2,2,9,0700,0,2,4,,2,113,"COLLIER CANYON RD. N/B","CARNEAL ROAD",1375.00,N,N,B,C,N,,,,,,,,,,Y,4,0,1,1,A,-,01,23152,A,N,E,I,A,B,H,-,D,D,0,,,,,Y,Y,A,01,0,0,1,0,0,0,0,0,0,"- ","- ",37.762771606445312,-121.81925201416016,"CONTRA COSTA",UNINCORPORATED,-121.81922149658203,37.762725830078125
91354456,2020,2020-11-27,9370,2020-11-20,1930,021938,,5,2,5,0710,0,1,1,,2,083,"I-80 E/B TO HILLTOP DRIVE","HILLTOP DRIVE",40.00,E,N,B,-,Y,,,80,,,,R,,E,N,4,0,1,2,A,-,03,22350,,N,C,C,A,A,H,-,D,A,0,,,,,Y,,A,01,0,0,1,0,0,0,0,0,0,"- ","- ",37.975650787353516,-122.31655120849609,"CONTRA COSTA",RICHMOND,-122.31655120849609,37.975650787353516
91354543,2020,2020-11-27,9370,2020-11-02,1635,021364,,1,2,5,0710,0,1,1,,2,083,"I-80 E/B","HILLTOP DR",1405.00,W,N,A,-,Y,,,,,,,,,,Y,4,0,1,2,A,-,03,22350,,N,C,C,A,A,H,-,B,D,0,,,,,Y,,A,01,0,0,1,0,0,0,0,0,0,"- ","- ",37.582050323486328,-122.19107818603516,"CONTRA COSTA",RICHMOND,-122.31961822509766,37.972454071044922
91354549,2020,2020-11-27,9390,2020-11-20,2115,019780,,5,2,4,0791,0,1,1,,2,068,"I-680 SOUTHBOUND","ALCOSTA BOULEVARD",7920.00,N,N,A,-,Y,,,680,,,,,,S,N,3,0,1,1,A,-,03,22350,,N,F,A,A,A,H,-,C,D,0,,,Y,,Y,,C,02,0,1,0,0,0,0,0,0,1,"- ","- ",37.733139038085938,-121.94786071777344,"CONTRA COSTA","SAN RAMON",-121.94783782958984,37.733154296875
91354574,2020,2020-11-27,9320,2020-11-17,1225,021203,,2,1,4,0714,0,1,1,,2,684,"I-680 NORTHBOUND","TOLL PLAZA",500.00,N,N,B,C,Y,,,680,,,,,,N,Y,4,0,1,1,A,-,03,22350,,N,E,I,A,B,H,-,A,D,0,,,,,Y,,A,01,0,0,1,0,0,0,0,0,0,"- ","- ",38.028339385986328,-122.11592864990234,"CONTRA COSTA",MARTINEZ,-122.11592864990234,38.028339385986328