CASE_ID,ACCIDENT_YEAR,PROC_DATE,JURIS,COLLISION_DATE,COLLISION_TIME,OFFICER_ID,REPORTING_DISTRICT,DAY_OF_WEEK,CHP_SHIFT,POPULATION,CNTY_CITY_LOC,SPECIAL_COND,BEAT_TYPE,CHP_BEAT_TYPE,CITY_DIVISION_LAPD,CHP_BEAT_CLASS,BEAT_NUMBER,PRIMARY_RD,SECONDARY_RD,DISTANCE,DIRECTION,INTERSECTION,WEATHER_1,WEATHER_2,STATE_HWY_IND,CALTRANS_COUNTY,CALTRANS_DISTRICT,STATE_ROUTE,ROUTE_SUFFIX,POSTMILE_PREFIX,POSTMILE,LOCATION_TYPE,RAMP_INTERSECTION,SIDE_OF_HWY,TOW_AWAY,COLLISION_SEVERITY,NUMBER_KILLED,NUMBER_INJURED,PARTY_COUNT,PRIMARY_COLL_FACTOR,PCF_CODE_OF_VIOL,PCF_VIOL_CATEGORY,PCF_VIOLATION,PCF_VIOL_SUBSECTION,HIT_AND_RUN,TYPE_OF_COLLISION,MVIW,PED_ACTION,ROAD_SURFACE,ROAD_COND_1,ROAD_COND_2,LIGHTING,CONTROL_DEVICE,CHP_ROAD_TYPE,PEDESTRIAN_ACCIDENT,BICYCLE_ACCIDENT,MOTORCYCLE_ACCIDENT,TRUCK_ACCIDENT,NOT_PRIVATE_PROPERTY,ALCOHOL_INVOLVED,STWD_VEHTYPE_AT_FAULT,CHP_VEHTYPE_AT_FAULT,COUNT_SEVERE_INJ,COUNT_VISIBLE_INJ,COUNT_COMPLAINT_PAIN,COUNT_PED_KILLED,COUNT_PED_INJURED,COUNT_BICYCLIST_KILLED,COUNT_BICYCLIST_INJURED,COUNT_MC_KILLED,COUNT_MC_INJURED,PRIMARY_RAMP,SECONDARY_RAMP,LATITUDE,LONGITUDE,COUNTY,CITY,POINT_X,POINT_Y
91379561,2020,2021-01-04,9320,2020-12-23,1040,020834,,3,1,5,0708,0,1,3,,2,403,"SR-4 E/B","BAILEY RD",3940.00,E,N,A,-,Y,,,4,,,,,,E,Y,4,0,1,2,A,-,07,21658,A,M,E,I,A,A,H,-,A,A,0,,,,,Y,,-,99,0,0,1,0,0,0,0,0,0,"- ","- ",38.018741607666016,-121.93424987792969,"CONTRA COSTA",PITTSBURG,-121.93424987792969,38.018795013427734
91379565,2020,2021-03-03,9320,2020-12-23,2118,022534,,3,2,9,0700,0,2,4,,2,086,"BYRON HIGHWAY","BALFOUR ROAD",0.00,,Y,A,-,N,,,,,,,,,,Y,2,0,1,2,A,-,01,23152,A,N,A,C,A,A,H,-,C,A,0,,,,,Y,Y,D,22,1,0,0,0,0,0,0,0,0,"- ","- ",37.925548553466797,-121.64111328125,"CONTRA COSTA",UNINCORPORATED,-121.64115142822266,37.925571441650391
91379574,2020,2021-01-04,9320,2020-12-21,1630,022138,,1,2,6,0704,0,1,3,,2,403,"STATE ROUTE 4 EASTBOUND","WILLOW PASS ROAD",528.00,E,N,E,-,Y,,,4,,,,,,E,Y,4,0,1,2,D,-,00,,,N,B,C,A,A,H,-,B,D,0,,,Y,,Y,,-,"- ",0,0,1,0,0,0,0,0,1,"- ","- ",38.013820648193359,-121.99656677246094,"CONTRA COSTA",CONCORD,-121.99657440185547,38.013843536376953
91379576,2020,2021-01-04,9320,2020-12-22,0552,021472,,2,3,6,0704,0,1,3,,2,242,"SR-242 S/B","EASTBOUND SR-4",240.00,N,N,B,-,Y,,,242,,,,,,S,Y,3,0,1,1,A,-,08,22107,,N,E,I,A,A,H,-,D,A,0,,,,,Y,,D,22,0,1,0,0,0,0,0,0,0,"- ","- ",38.006278991699219,-122.03598785400391,"CONTRA COSTA",CONCORD,-122.03624725341797,38.005912780761719
91379589,2020,2021-01-04,9320,2020-12-13,2357,022463,,7,3,9,0700,0,2,4,,2,072,"BAILEY ROAD","MAYLARD STREET",135.00,S,N,B,-,N,,,,,,,,,,Y,4,0,2,2,A,-,01,23152,A,N,A,C,A,B,H,-,C,A,0,,,,,Y,Y,A,01,0,0,2,0,0,0,0,0,0,"- ","- ",38.016231536865234,-121.94190216064453,"CONTRA COSTA",UNINCORPORATED,-121.94195556640625,38.016319274902344
91380072,2020,2021-01-04,9320,2020-12-24,2030,021949,,4,2,9,0700,0,1,3,,2,403,"SR-4 E/B","BAILEY RD. U/C",155.00,W,N,A,-,Y,,,,,,,,,,Y,3,0,1,1,A,-,01,23152,A,M,E,I,A,A,H,-,C,D,0,,,,,Y,Y,A,01,0,1,0,0,0,0,0,0,0,"- ","- ",,,"CONTRA COSTA",UNINCORPORATED,-121.94245147705078,38.01873779296875
91380606,2020,2021-01-05,9320,2020-12-25,1640,022049,,5,2,4,0714,0,1,3,,2,402,"SR-4 W/B","ALHAMBRA AVE",280.00,E,N,B,C,Y,,,,,,,,,,Y,2,0,3,1,A,-,03,22350,,N,E,I,A,B,H,-,A,D,0,,,,,Y,,A,01,1,1,1,0,0,0,0,0,0,"- ","- ",37.993099212646484,-122.12898254394531,"CONTRA COSTA",MARTINEZ,-122.12908935546875,37.990921020507812
91380612,2020,2021-01-05,9320,2020-09-07,1654,021649,,1,2,3,0702,0,1,3,,1,406,SR-4,"FAIRVIEW AVE.",2957.00,W,N,A,-,Y,,,4,,,,,,,Y,1,1,2,2,A,-,05,21460,A,N,A,C,A,A,H,-,A,A,0,,,,,Y,,A,01,2,0,0,0,0,0,0,0,0,"- ","- ",37.911609649658203,-121.73075103759766,"CONTRA COSTA",BRENTWOOD,-121.73079681396484,37.911575317382812
91380614,2020,2021-01-05,9320,2020-12-25,2130,022462,,5,2,4,0714,0,1,1,,2,683,"I-680 NORTHBOUND","BRIDGEHEAD RD",588.00,S,N,C,-,Y,,,680,,,,,,N,Y,4,0,1,1,A,-,08,22107,,N,E,J,A,B,H,-,C,A,0,,,,,Y,,A,01,0,0,1,0,0,0,0,0,0,"- ","- ",38.031898498535156,-122.11688232421875,"CONTRA COSTA",MARTINEZ,-122.11676788330078,38.031894683837891
91380618,2020,2021-01-05,9320,2020-12-25,1838,021373,,5,2,9,0700,0,1,3,,2,401,"SR-4 EB","ALHAMBRA AVENUE",5280.00,W,N,C,-,Y,,,4,,,,,,E,Y,3,0,1,2,A,-,03,22350,,N,D,C,A,A,H,-,D,D,0,,,,,Y,,D,22,0,1,0,0,0,0,0,0,0,"- ","- ",37.998210906982422,-122.14627838134766,"CONTRA COSTA",UNINCORPORATED,-122.14620971679688,37.998249053955078
91380637,2020,2021-01-05,9320,2020-12-25,2020,022540,,5,2,5,0712,0,1,1,,2,681,"I-680 N/B","RUDGEAR ROAD",2640.00,S,N,C,-,Y,,,680,,,,,,N,N,3,0,1,2,A,-,07,21658,A,F,B,C,A,B,H,-,C,A,0,,,,,Y,,-,99,0,1,0,0,0,0,0,0,0,"- ","- ",37.870891571044922,-122.04176330566406,"CONTRA COSTA","WALNUT CREEK",-122.04182434082031,37.870838165283203
91380748,2020,2021-01-05,9320,2020-12-29,1425,018371,,2,2,5,0710,0,1,S,,2,904,"INTERSTATE 80 EASTBOUND","SAN PABLO AVE",200.00,E,N,A,-,Y,,,,,,,,,,Y,4,0,1,2,A,-,03,22350,,N,C,C,A,A,H,-,A,A,0,,,,,Y,,A,01,0,0,1,0,0,0,0,0,0,"- ","- ",,,"CONTRA COSTA",RICHMOND,-122.32575988769531,37.937847137451172
91380754,2020,2021-01-05,9320,2020-12-26,1300,020440,,6,1,9,0700,0,2,4,,2,095,"SR-4 (MARSH CREEK RD)","WALNUT BLVD",0.00,,Y,A,-,Y,,,4,,,,,,,Y,4,0,2,2,A,-,12,21453,A,N,D,C,A,A,H,-,A,A,0,,,,,Y,,A,01,0,0,2,0,0,0,0,0,0,"- ","- ",37.896278381347656,-121.69631958007812,"CONTRA COSTA",UNINCORPORATED,-121.69631958007812,37.8963623046875
91380823,2020,2021-01-05,9320,2020-12-27,0525,020440,,7,3,3,0702,0,1,3,,2,405,"SR-4 W/B FROM JEFFERY WAY","JEFFERY WAY",363.00,W,N,B,-,Y,,,4,,,,R,,W,Y,3,0,1,1,A,-,08,22107,,N,E,I,A,A,H,-,D,D,0,,,,,Y,,A,01,0,1,0,0,0,0,0,0,0,"- ","- ",37.958450317382812,-121.74355316162109,"CONTRA COSTA",BRENTWOOD,-121.74355316162109,37.958450317382812
91380846,2020,2021-01-05,9320,2020-12-28,1220,016584,,1,1,9,0700,0,2,4,,2,022,"WILDCAT CANYON RD.","EL TOYONAL RD.",100.00,E,N,B,-,N,,,,,,,,,,N,3,0,1,1,B,-,22,,,N,F,A,A,B,H,-,A,D,0,,Y,,,Y,,L,04,0,1,0,0,0,0,1,0,0,"- ","- ",37.898799896240234,-122.22280120849609,"CONTRA COSTA",UNINCORPORATED,-122.22277069091797,37.898464202880859
91380925,2020,2021-01-05,9320,2020-12-28,1359,022540,,1,1,9,0700,0,2,4,,1,042,"PACHECO BLVD","SHELL AVE",20.00,E,N,A,-,N,,,,,,,,,,Y,2,0,1,1,A,-,08,22107,,N,E,I,A,A,H,-,A,A,0,,,,,Y,,A,08,1,0,0,0,0,0,0,0,0,"- ","- ",38.012958526611328,-122.11779022216797,"CONTRA COSTA",UNINCORPORATED,-122.11786651611328,38.012870788574219
91380950,2020,2021-01-05,9320,2020-12-24,1040,022119,,4,1,5,0708,0,1,3,,2,404,"WESTBOUND SR-4 TO LOVERIDGE RD","LOVERIDGE RD",200.00,W,N,A,-,Y,,,4,,,,R,,,Y,4,0,1,3,A,-,03,22350,,N,C,C,A,A,H,-,A,A,0,,,,,Y,,A,01,0,0,1,0,0,0,0,0,0,"- ","- ",38.01239013671875,-121.86750793457031,"CONTRA COSTA",PITTSBURG,-121.86750793457031,38.01239013671875
91380990,2020,2021-01-05,9320,2020-12-29,1535,021519,,2,2,6,0704,0,1,3,,2,402,"SR-4 E/B","SOLANO WAY",1230.00,E,N,A,-,Y,,,4,,,,,,E,Y,3,0,1,2,A,-,03,22350,,N,C,C,A,A,D,-,A,D,0,,,,,Y,,D,22,0,1,0,0,0,0,0,0,0,"- ","- ",38.001968383789062,-122.04855346679688,"CONTRA COSTA",CONCORD,-122.04856872558594,38.002037048339844
91381008,2020,2021-01-05,9320,2020-12-29,0210,022282,,2,3,9,0700,0,1,1,,2,683,"I-680 S/B",SR-4,0.00,,N,A,-,Y,,,680,,,,,,S,Y,3,0,1,1,A,-,08,22107,,N,F,I,A,A,H,-,C,A,0,,,,,Y,,A,01,0,1,0,0,0,0,0,0,0,"- ","- ",37.999000549316406,-122.07540130615234,"CONTRA COSTA",UNINCORPORATED,-122.07543182373047,37.998954772949219
91381095,2020,2021-01-05,9390,2020-12-23,2223,022220,,3,3,9,0700,0,2,4,,2,110,"NORRIS CANYON ROAD OVERCROSSING","ASHBOURNE DRIVE",400.00,W,N,A,-,N,,,,,,,,,,Y,3,0,1,1,A,-,01,23152,A,N,F,A,A,A,H,-,D,D,0,,,,,Y,Y,A,07,0,1,0,0,0,0,0,0,0,"- ","- ",37.754299163818359,-122.00469970703125,"CONTRA COSTA",UNINCORPORATED,,
91381113,2020,2021-01-05,9390,2020-12-26,1245,020368,,6,1,9,0700,0,2,4,,2,111,"BLACKHAWK DRIVE","BLACKHAWK ROAD",0.00,,Y,A,-,N,,,,,,,,,,N,4,0,1,1,C,-,18,,,N,E,I,A,A,H,-,A,D,0,,,,,Y,,-,"- ",0,0,1,0,0,0,0,0,0,"- ","- ",37.812431335449219,-121.92214202880859,"CONTRA COSTA",UNINCORPORATED,-121.92230987548828,37.812488555908203
91381172,2020,2021-01-05,9390,2020-12-26,1915,022198,,6,2,4,0790,0,1,1,,2,068,"BOLLINGER CANYON ROAD (1800 BLOCK)","CROW CANYON RD",6800.00,W,N,B,-,Y,,,,,,,,,,Y,4,0,1,1,A,-,03,22350,,N,E,J,A,B,H,-,D,D,0,,,,,Y,,A,01,0,0,1,0,0,0,0,0,0,"- ","- ",37.788108825683594,-122.01051330566406,"CONTRA COSTA",DANVILLE,-121.99594879150391,37.772621154785156
91381542,2020,2021-01-06,9320,2020-12-23,1415,022568,,3,2,5,0708,0,1,3,,2,403,"SR-4 W/B","WILLOW PASS ROAD",2112.00,E,N,A,-,Y,,,,,,,,,,Y,4,0,1,2,A,-,07,21658,A,N,B,C,A,A,H,-,A,A,0,,,,,Y,,I,11,0,0,1,0,0,0,0,0,0,"- ","- ",38.011920928955078,-122.00579833984375,"CONTRA COSTA",PITTSBURG,-121.99752044677734,38.013931274414062
91381555,2020,2021-01-06,9320,2020-12-26,0110,022484,,6,3,5,0712,0,1,1,,2,682,"I-680 N/B TO NORTH MAIN ST","NORTH MAIN ST",10.00,S,N,A,-,Y,,,680,,,,R,,N,Y,3,0,1,2,C,-,18,,,N,B,C,A,B,H,-,D,A,0,,,,,Y,,-,"- ",0,1,0,0,0,0,0,0,0,"- ","- ",37.915119171142578,-122.06565093994141,"CONTRA COSTA","WALNUT CREEK",-122.06565093994141,37.915119171142578
91381572,2020,2021-01-06,9320,2020-12-25,1540,022568,,5,2,5,0712,0,1,1,,2,682,"I-680 S/B","TRINITY AVE",600.00,N,N,C,-,Y,,,680,,,,,,S,Y,3,0,3,1,A,-,08,22107,,N,E,I,A,B,H,-,A,D,0,,,,,Y,,A,07,0,2,1,0,0,0,0,0,0,"- ","- ",37.902690887451172,-122.07023620605469,"CONTRA COSTA","WALNUT CREEK",-122.07030487060547,37.902702331542969
91381579,2020,2021-01-06,9320,2020-12-28,2000,020957,,1,2,9,0700,0,1,3,,2,403,"SR-4 W/B","BAILEY RD",3000.00,E,N,A,-,Y,,,4,,,,,,W,Y,4,0,1,2,A,-,03,22350,,M,C,C,A,A,H,-,C,D,0,,,,,Y,,A,01,0,0,1,0,0,0,0,0,0,"- ","- ",38.019100189208984,-121.93009948730469,"CONTRA COSTA",UNINCORPORATED,-121.93009948730469,38.019126892089844
91381663,2020,2021-03-03,9320,2020-12-12,2340,022495,,6,3,3,0707,0,1,1,,2,180,"I-80 EB","PINOLE VALLEY RD",975.00,W,N,A,-,Y,,,,,,,,,,Y,3,0,1,2,A,-,07,21658,A,N,B,C,A,A,H,-,D,D,0,,,,,Y,,A,01,0,1,0,0,0,0,0,0,0,"- ","- ",37.5943603515625,-122.17202758789062,"CONTRA COSTA",PINOLE,-122.28881072998047,37.995517730712891
91381682,2020,2021-01-06,9320,2020-12-21,0625,021203,,1,1,9,0700,0,1,3,,2,403,"SR-4 WESTBOUND","WILLOW PASS ROAD",1100.00,E,N,B,-,Y,,,4,,,,,,W,Y,3,0,1,4,A,-,03,22350,,N,C,C,A,A,H,-,B,D,0,,,,,Y,,A,01,0,1,0,0,0,0,0,0,0,"- ","- ",38.015289306640625,-121.99404907226562,"CONTRA COSTA",UNINCORPORATED,-121.99404907226562,38.015281677246094
91381702,2020,2021-01-06,9320,2020-11-30,0311,022459,,1,3,3,0715,0,1,3,,2,241,"STATE ROUTE 24 EASTBOUND","ACALANES RD. UNDERCROSSING",1320.00,E,N,A,-,Y,,,24,,,,,,E,Y,2,0,1,1,A,-,01,23152,A,N,E,I,A,A,H,-,C,A,0,,,,,Y,Y,A,01,1,0,0,0,0,0,0,0,0,"- ","- ",37.891040802001953,-122.14984130859375,"CONTRA COSTA",LAFAYETTE,-122.14982604980469,37.891139984130859
91381715,2021,2021-01-06,9390,2021-01-01,1920,021763,,5,2,9,0700,0,2,4,,2,110,"BOLLINGER CANYON ROAD","CROW CANYON ROAD",5280.00,N,N,B,-,N,,,,,,,,,,Y,4,0,1,1,A,-,01,23152,A,N,E,I,A,A,H,-,D,D,0,,,,,Y,Y,A,01,0,0,1,0,0,0,0,0,0,"- ","- ",37.785919189453125,-122.00409698486328,"CONTRA COSTA",UNINCORPORATED,-122.00327301025391,37.785392761230469
91382559,2020,2021-01-06,9320,2020-12-31,1647,022540,,4,2,9,0700,0,1,3,,2,403,"SR-4 WESTBOUND","WILLOW PASS ROAD",6230.00,E,N,A,-,Y,,,4,,,,,,W,Y,3,0,1,2,A,-,03,22350,,N,C,C,A,A,H,-,B,A,0,,,,,Y,,A,01,0,1,0,0,0,0,0,0,0,"- ","- ",38.022689819335938,-121.9788818359375,"CONTRA COSTA",UNINCORPORATED,-121.97888946533203,38.022716522216797
91382576,2020,2021-01-06,9320,2020-12-31,1740,022006,,4,2,9,0700,0,3,5,,2,010,"LA PALOMA RD.","APPIAN WAY",500.00,N,N,A,-,N,,,,,,,,,,Y,4,0,1,4,A,-,06,21750,,M,B,C,A,A,H,-,C,D,0,,,,,Y,,-,99,0,0,1,0,0,0,0,0,0,"- ","- ",37.972721099853516,-122.30647277832031,"CONTRA COSTA",UNINCORPORATED,-122.30635070800781,37.972404479980469
91382598,2020,2021-01-06,9320,2020-12-29,1110,020009,,2,1,9,0700,0,1,3,,2,403,"SR-4 W/B","BAILEY RD",170.00,W,N,A,-,Y,,,4,,,,,,W,Y,3,0,2,2,A,-,03,22350,,N,C,C,A,A,H,-,A,A,0,,,,,Y,,A,07,0,1,1,0,0,0,0,0,0,"- ","- ",38.019191741943359,-121.94277954101562,"CONTRA COSTA",UNINCORPORATED,-121.94277954101562,38.019100189208984
91382649,2020,2021-01-06,9320,2020-12-30,1530,022568,,3,2,5,0712,0,1,1,,2,682,"I-680 N/B","TRINITY AVENUE O/C",50.00,S,N,A,-,Y,,,680,,,,,,N,Y,4,0,1,2,A,-,03,22350,,N,C,C,A,A,H,-,A,D,0,,,,,Y,,A,01,0,0,1,0,0,0,0,0,0,"- ","- ",37.900951385498047,-122.0701904296875,"CONTRA COSTA","WALNUT CREEK",-122.07027435302734,37.900962829589844
91382737,2020,2021-01-06,9390,2020-12-29,1855,018869,,2,2,4,0791,0,1,1,,2,068,"I680 S/B","BOLLINGER CANYON ROAD",1600.00,S,N,A,-,Y,,,,,,,,,,Y,4,0,2,2,A,-,03,22350,,N,C,C,A,A,H,-,C,D,0,,,,,Y,,A,07,0,0,2,0,0,0,0,0,0,"- ","- ",37.756019592285156,-121.96304321289062,"CONTRA COSTA","SAN RAMON",-121.96553039550781,37.759979248046875
91383028,2020,2021-01-07,9320,2020-09-14,0320,022463,,1,3,6,0704,0,1,3,,2,242,"SR-242 S/B","CLAYTON ROAD",175.00,N,N,A,-,Y,,,242,,,,,,S,Y,1,1,2,1,A,-,08,22107,,N,F,A,A,A,H,-,D,A,0,,,,,Y,,A,01,2,0,0,0,0,0,0,0,0,"- ","- ",37.970279693603516,-122.04817962646484,"CONTRA COSTA",CONCORD,-122.04788970947266,37.970203399658203
91383058,2020,2021-01-07,9320,2020-12-30,1745,022568,,3,2,6,0704,0,1,3,,2,402,"SR-4 E/B",I-680,2640.00,E,N,B,-,Y,,,,,,,,,,Y,3,0,1,3,A,-,03,22350,,N,C,C,A,B,H,-,C,D,0,,,,,Y,,A,01,0,1,0,0,0,0,0,0,0,"- ","- ",37.9970703125,-122.06311798095703,"CONTRA COSTA",CONCORD,-122.06971740722656,37.994529724121094
91383062,2020,2021-01-07,9320,2020-12-31,1500,022568,,4,2,3,0792,0,1,3,,2,240,"SR-24 W/B","SAINT STEPHENS DR",2110.00,E,N,A,-,Y,,,24,,,,,,W,Y,4,0,2,1,C,-,18,,,N,E,I,A,A,H,-,A,D,0,,,,,Y,,-,"- ",0,0,2,0,0,0,0,0,0,"- ","- ",37.893131256103516,-122.16494750976562,"CONTRA COSTA",ORINDA,-122.16494750976562,37.893085479736328
91383213,2021,2021-01-07,9320,2021-01-01,0050,022534,,5,3,9,0700,0,3,5,,2,075,"CANAL ROAD WESTBOUND","CHADWICK LANE",0.00,,Y,A,-,N,,,,,,,,,,Y,3,0,2,2,A,-,01,23152,A,N,A,C,A,A,H,-,C,A,0,,,,,Y,Y,A,01,0,2,0,0,0,0,0,0,0,"- ","- ",38.019828796386719,-121.94403839111328,"CONTRA COSTA",UNINCORPORATED,-121.94400787353516,38.019805908203125
91383251,2021,2021-01-07,9320,2021-01-02,0740,020009,,6,1,9,0700,0,1,1,,2,681,"I-680 N/B","LIVORNA RD",150.00,S,N,C,-,Y,,,680,,,,,,N,N,4,0,1,2,A,-,21,22106,,N,D,C,A,B,H,-,A,A,0,,,,,Y,,A,01,0,0,1,0,0,0,0,0,0,"- ","- ",37.863059997558594,-122.03482055664062,"CONTRA COSTA",UNINCORPORATED,-122.03487396240234,37.862987518310547
91383262,2021,2021-01-07,9320,2021-01-02,1418,021499,,6,2,9,0700,0,1,3,,2,401,"SR-4 E/B","MCEWEN RD",650.00,E,N,B,C,Y,,,4,,,,,,E,Y,4,0,1,1,A,-,08,22107,,N,F,I,A,B,H,-,A,D,0,,,,,Y,,A,07,0,0,1,0,0,0,0,0,0,"- ","- ",38.013511657714844,-122.17581176757812,"CONTRA COSTA",UNINCORPORATED,-122.17572784423828,38.013629913330078
91383291,2021,2021-01-07,9320,2021-01-02,1519,022544,,6,2,3,0715,0,1,3,,2,241,"STATE ROUTE 24 EASTBOUND","PLEASANT HILL ROAD",1400.00,W,N,B,-,Y,,,24,,,,,,E,Y,3,0,1,2,A,-,08,22107,,N,D,C,A,B,H,-,A,A,0,,,,,Y,,A,01,0,1,0,0,0,0,0,0,0,"- ","- ",37.895790100097656,-122.10874938964844,"CONTRA COSTA",LAFAYETTE,-122.10874938964844,37.895767211914062
91383321,2021,2021-01-07,9320,2021-01-04,0920,016563,,1,1,9,0700,0,1,3,,2,401,"SR-4 E/B","MC EWEN RD",330.00,E,N,B,C,Y,,,4,,,,,,E,Y,3,0,1,1,A,-,07,21658,A,N,F,I,A,B,H,-,A,D,0,,,,,Y,,A,07,0,1,0,0,0,0,0,0,0,"- ","- ",38.014259338378906,-122.17674255371094,"CONTRA COSTA",UNINCORPORATED,-122.17668914794922,38.014328002929688
91383325,2021,2021-01-07,9320,2021-01-04,1320,016563,,1,1,3,0792,0,1,3,,2,240,"SR-24 E/B","CAMINO PABLO",3500.00,E,N,B,C,Y,,,24,,,,,,E,Y,4,0,1,1,A,-,03,22350,,N,E,I,A,B,H,-,A,D,0,,,,,Y,,D,22,0,0,1,0,0,0,0,0,0,"- ","- ",37.887599945068359,-122.17709350585938,"CONTRA COSTA",ORINDA,-122.17705535888672,37.887569427490234
91384093,2020,2021-02-17,9320,2020-12-30,2142,021710,,3,2,9,0700,0,1,3,,2,241,"SR-24 W/B","HAPPY VALLEY ROAD",900.00,E,N,B,C,Y,,,,,,,,,,Y,4,0,1,2,A,-,03,22350,,N,B,C,A,B,H,-,C,D,0,,,,,Y,,A,01,0,0,1,0,0,0,0,0,0,"- ","- ",37.893421173095703,-122.1246337890625,"CONTRA COSTA",UNINCORPORATED,-122.12319183349609,37.893768310546875
91384096,2020,2021-01-29,9320,2020-12-30,2143,021710,,3,2,9,0700,0,1,3,,2,241,"SR-24 W/B","HAPPY VALLEY ROAD",880.00,E,N,B,C,Y,,,,,,,,,,Y,4,0,1,2,A,-,03,22350,,N,C,C,A,B,H,-,C,D,0,,,,,Y,,A,01,0,0,1,0,0,0,0,0,0,"- ","- ",37.893421173095703,-122.1246337890625,"CONTRA COSTA",UNINCORPORATED,-122.12325286865234,37.893753051757812
91384244,2020,2021-02-17,9320,2020-12-30,2322,021710,,3,3,9,0700,0,1,3,,2,241,"SR-24 E/B","EL CURTOLA BLVD.",850.00,W,N,B,C,Y,,,24,,,,,,E,Y,4,0,1,4,A,-,03,22350,,N,C,C,A,B,H,-,C,D,0,,,,,Y,,A,07,0,0,1,0,0,0,0,0,0,"- ","- ",37.897651672363281,-122.08307647705078,"CONTRA COSTA",UNINCORPORATED,-122.08308410644531,37.897613525390625
91384273,2020,2021-01-08,9320,2020-07-02,1555,021649,,4,2,4,0714,0,3,5,,2,040,"VINE AVENUE","LESLIE AVE.",108.00,S,N,A,-,N,,,,,,,,,,N,2,0,1,2,A,-,11,21950,B,F,G,B,E,A,H,-,A,D,0,Y,,,,Y,,N,60,1,0,0,0,1,0,0,0,0,"- ","- ",38.006858825683594,-122.11563110351562,"CONTRA COSTA",MARTINEZ,-122.11562347412109,38.006862640380859
91384677,2021,2021-01-11,9370,2021-01-06,1340,021937,,3,1,5,0710,0,1,1,,2,082,"I-80 W/B","MCBRYDE AVE",85.00,E,N,A,-,Y,,,,,,,,,,Y,4,0,1,3,A,-,03,22350,,M,B,C,A,B,H,-,A,D,0,,,,,Y,,-,99,0,0,1,0,0,0,0,0,0,"- ","- ",37.565631866455078,-122.19348907470703,"CONTRA COSTA",RICHMOND,-122.32605743408203,37.948390960693359
91384748,2020,2021-01-11,9320,2020-12-30,1709,022049,,3,2,9,0700,0,3,5,,2,040,"PACHECO BLVD","WINDHOVER WAY",15.00,N,N,A,-,N,,,,,,,,,,Y,3,0,1,2,C,-,18,,,N,C,C,A,A,H,-,B,D,0,,,,Y,Y,,-,"- ",0,1,0,0,0,0,0,0,0,"- ","- ",38.008949279785156,-122.09716796875,"CONTRA COSTA",UNINCORPORATED,-122.09716796875,38.008918762207031
91384753,2020,2021-01-11,9320,2020-12-31,1405,021949,,4,2,9,0700,0,2,4,,2,077,"MARSH CREEK W/B","MORGAN TERRITORY RD",3390.00,W,N,A,-,N,,,,,,,,,,Y,4,0,2,1,A,-,08,22107,,N,E,I,A,A,H,-,A,D,0,,,,,Y,,A,01,0,0,2,0,0,0,0,0,0,"- ","- ",37.912281036376953,-121.88292694091797,"CONTRA COSTA",UNINCORPORATED,-121.88226318359375,37.912178039550781
91384755,2020,2021-01-11,9320,2020-12-31,0140,022472,,4,3,3,0702,0,1,3,,1,406,"BRENTWOOD BLVD","SELLERS AVE",800.00,E,N,B,-,N,,,,,,,,,,Y,2,0,1,1,A,-,01,23152,A,N,F,I,A,A,H,-,D,A,0,,,,,Y,Y,A,08,1,0,0,0,0,0,0,0,0,"- ","- ",37.910968780517578,-121.67548370361328,"CONTRA COSTA",BRENTWOOD,-121.67543792724609,37.911029815673828
91384797,2021,2021-01-11,9320,2021-01-04,1530,021373,,1,2,4,0714,0,1,1,,2,684,"I-680 NB","TOLL PLAZA",5280.00,N,N,B,-,Y,,,680,,,,,,N,Y,4,0,1,2,A,-,08,22107,,N,B,C,A,B,H,-,A,D,0,,,,,Y,,-,99,0,0,1,0,0,0,0,0,0,"- ","- ",38.030521392822266,-122.1168212890625,"CONTRA COSTA",MARTINEZ,-122.11672973632812,38.030532836914062
91384873,2021,2021-01-11,9320,2021-01-04,1347,020835,,1,1,5,0712,0,1,1,,2,682,"I-680 NORTHBOUND","YGNACIO VALLEY ROAD",300.00,S,N,C,-,Y,,,680,,,,,,N,Y,4,0,1,1,A,-,08,22107,,N,E,I,A,B,H,-,A,D,0,,,,,Y,,A,01,0,0,1,0,0,0,0,0,0,"- ","- ",37.898208618164062,-122.0709228515625,"CONTRA COSTA","WALNUT CREEK",-122.07087707519531,37.898208618164062
91384886,2021,2021-01-11,9320,2021-01-04,1925,020957,,1,2,9,0700,0,1,3,,1,406,"SR-4 E/B","WALNUT BLVD",2000.00,E,N,A,-,Y,,,4,,,,,,E,N,4,0,2,2,A,-,03,22350,,N,C,C,A,A,H,-,C,D,0,,,,Y,Y,,F,21,0,0,2,0,0,0,0,0,0,"- ","- ",37.896278381347656,-121.69252777099609,"CONTRA COSTA",UNINCORPORATED,-121.69252777099609,37.896385192871094