CASE_ID,ACCIDENT_YEAR,PROC_DATE,JURIS,COLLISION_DATE,COLLISION_TIME,OFFICER_ID,REPORTING_DISTRICT,DAY_OF_WEEK,CHP_SHIFT,POPULATION,CNTY_CITY_LOC,SPECIAL_COND,BEAT_TYPE,CHP_BEAT_TYPE,CITY_DIVISION_LAPD,CHP_BEAT_CLASS,BEAT_NUMBER,PRIMARY_RD,SECONDARY_RD,DISTANCE,DIRECTION,INTERSECTION,WEATHER_1,WEATHER_2,STATE_HWY_IND,CALTRANS_COUNTY,CALTRANS_DISTRICT,STATE_ROUTE,ROUTE_SUFFIX,POSTMILE_PREFIX,POSTMILE,LOCATION_TYPE,RAMP_INTERSECTION,SIDE_OF_HWY,TOW_AWAY,COLLISION_SEVERITY,NUMBER_KILLED,NUMBER_INJURED,PARTY_COUNT,PRIMARY_COLL_FACTOR,PCF_CODE_OF_VIOL,PCF_VIOL_CATEGORY,PCF_VIOLATION,PCF_VIOL_SUBSECTION,HIT_AND_RUN,TYPE_OF_COLLISION,MVIW,PED_ACTION,ROAD_SURFACE,ROAD_COND_1,ROAD_COND_2,LIGHTING,CONTROL_DEVICE,CHP_ROAD_TYPE,PEDESTRIAN_ACCIDENT,BICYCLE_ACCIDENT,MOTORCYCLE_ACCIDENT,TRUCK_ACCIDENT,NOT_PRIVATE_PROPERTY,ALCOHOL_INVOLVED,STWD_VEHTYPE_AT_FAULT,CHP_VEHTYPE_AT_FAULT,COUNT_SEVERE_INJ,COUNT_VISIBLE_INJ,COUNT_COMPLAINT_PAIN,COUNT_PED_KILLED,COUNT_PED_INJURED,COUNT_BICYCLIST_KILLED,COUNT_BICYCLIST_INJURED,COUNT_MC_KILLED,COUNT_MC_INJURED,PRIMARY_RAMP,SECONDARY_RAMP,LATITUDE,LONGITUDE,COUNTY,CITY,POINT_X,POINT_Y
91463124,2021,2021-04-30,9320,2021-04-12,0215,022472,,1,3,9,0700,0,1,1,,2,180,"I-80 W/B","APPIAN WAY",1300.00,E,N,A,-,Y,,,,,,,,,,Y,3,0,1,2,A,-,07,21658,A,F,C,C,A,A,H,-,D,A,0,,,,,Y,,A,01,0,1,0,0,0,0,0,0,0,"- ","- ",37.994281768798828,-122.29679107666016,"CONTRA COSTA",UNINCORPORATED,-122.30137634277344,37.9935302734375
91463161,2021,2021-04-30,9320,2021-04-26,1220,020949,,1,1,9,0700,0,2,4,,2,012,"SAN PABLO DAM ROAD","HILLCREST AVENUE",90.00,E,N,A,-,N,,,,,,,,,,Y,4,0,3,2,A,-,09,21801,A,N,D,C,A,A,H,-,A,D,0,,,,,Y,,A,01,0,0,3,0,0,0,0,0,0,"- ","- ",37.964820861816406,-122.31439208984375,"CONTRA COSTA",UNINCORPORATED,-122.31447601318359,37.96490478515625
91463221,2021,2021-04-30,9320,2021-04-20,1419,021185,,2,2,3,0707,0,1,1,,2,180,"INTERSTATE 80 EASTBOUND","PINOLE VALLEY ROAD",1845.00,E,N,A,-,Y,,,80,,,,,,E,N,4,0,1,2,A,-,03,22350,,N,C,C,A,A,H,-,A,A,0,,,,,Y,,A,01,0,0,1,0,0,0,0,0,0,"- ","- ",38.001220703125,-122.28218078613281,"CONTRA COSTA",PINOLE,-122.28214263916016,38.001186370849609
91463243,2021,2021-04-30,9320,2021-04-26,0815,020440,,1,1,5,0701,0,1,3,,2,404,"SR-4 W/B FROM SLATTEN RANCH RD","HILLCREST AVE",200.00,E,N,A,-,Y,,,4,,,,R,,W,N,4,0,1,2,D,-,00,,,N,C,C,A,A,H,-,A,A,0,,,,,Y,,-,"- ",0,0,1,0,0,0,0,0,0,"- ","- ",37.996349334716797,-121.78450775146484,"CONTRA COSTA",ANTIOCH,-121.78450775146484,37.996349334716797
91463424,2021,2021-04-30,9390,2021-04-22,1515,018869,,4,2,4,0790,0,1,1,,2,064,"I680 N/B","DIABLO RD.",1500.00,S,N,A,-,Y,,,,,,,,,,Y,4,0,1,2,A,-,03,22350,,N,C,C,A,A,H,-,A,D,0,,,,,Y,,D,22,0,0,1,0,0,0,0,0,0,"- ","- ",37.816230773925781,-121.99310302734375,"CONTRA COSTA",DANVILLE,-121.99312591552734,37.818943023681641
91463776,2021,2021-05-03,9320,2021-04-24,2007,022463,,6,2,6,0704,0,1,3,,2,242,"SR-242 S/B","CONCORD AVE",2000.00,N,N,A,-,Y,,,242,,,,,,S,Y,3,0,1,1,A,-,01,23152,A,N,F,I,A,A,H,-,C,A,0,,,,,Y,Y,D,22,0,1,0,0,0,0,0,0,0,"- ","- ",37.982021331787109,-122.04206848144531,"CONTRA COSTA",CONCORD,-122.0418701171875,37.981952667236328
91463778,2021,2021-05-03,9320,2021-04-20,1735,021185,,2,2,9,0700,0,2,4,,2,013,"SAN PABLO DAM ROAD","TRI LANE",0.00,,Y,A,-,N,,,,,,,,,,Y,3,0,2,3,A,-,03,22350,,N,B,C,A,A,H,-,A,A,0,,,,,Y,,D,22,0,2,0,0,0,0,0,0,0,"- ","- ",37.948719024658203,-122.26885986328125,"CONTRA COSTA",UNINCORPORATED,-122.26885223388672,37.948768615722656
91463782,2021,2021-05-03,9320,2021-04-22,0730,021847,,4,1,9,0700,0,1,1,,2,681,"I-680 N/B","STONE VALLEY RD U/C",3168.00,S,N,A,-,Y,,,680,,,,,,N,Y,4,0,1,4,A,-,03,22350,,N,C,C,A,A,H,-,A,D,0,,,,,Y,,D,22,0,0,1,0,0,0,0,0,0,"- ","- ",37.843898773193359,-122.02290344238281,"CONTRA COSTA",UNINCORPORATED,-122.02286529541016,37.843948364257812
91463785,2021,2021-05-03,9320,2021-04-24,1720,022127,,6,2,3,0707,0,1,1,,2,180,"I-80 WESTBOUND","WILLOW AVE.",1700.00,W,N,A,-,Y,,,,,,,,,,Y,3,0,1,2,A,-,01,23152,A,M,C,C,A,A,H,-,A,A,0,,,,,Y,Y,A,01,0,1,0,0,0,0,0,0,0,"- ","- ",38.018890380859375,-122.26953887939453,"CONTRA COSTA",PINOLE,-122.26593780517578,38.018894195556641
91463787,2021,2021-05-03,9320,2021-04-24,0225,022472,,6,3,9,0700,0,1,3,,2,401,"SR-4 E/B","CHRISTIE ROAD",10.00,E,N,B,-,Y,,,4,,,,,,E,Y,2,0,1,1,A,-,08,22107,,N,E,I,A,A,H,-,D,A,0,,,,,Y,,D,22,1,0,0,0,0,0,0,0,0,"- ","- ",38.007671356201172,-122.21047210693359,"CONTRA COSTA",UNINCORPORATED,-122.21047973632812,38.007732391357422
91463789,2021,2021-05-03,9320,2021-04-26,1330,022463,,1,1,6,0704,0,1,3,,2,242,"SR-242 N/B","GRANT ST",1450.00,S,N,A,-,Y,,,242,,,,,,N,Y,4,0,1,2,A,-,03,22350,,N,C,C,A,A,H,-,A,A,0,,,,,Y,,A,08,0,0,1,0,0,0,0,0,0,"- ","- ",37.984500885009766,-122.04123687744141,"CONTRA COSTA",CONCORD,-122.04128265380859,37.984508514404297
91464088,2021,2021-05-03,9320,2021-04-26,0200,022534,,1,3,9,0700,0,1,3,,2,402,"SR-4 WESTBOUND","CENTER AVENUE",260.00,E,N,A,-,Y,,,,,,,,,,Y,3,0,2,1,A,-,01,23152,A,N,E,I,A,A,H,-,D,D,0,,,,,Y,Y,A,01,0,1,1,0,0,0,0,0,0,"- ","- ",37.995571136474609,-122.11930084228516,"CONTRA COSTA",UNINCORPORATED,-122.11969757080078,37.995460510253906
91464241,2021,2021-05-03,9320,2021-04-27,1530,022459,,2,2,9,0700,0,1,3,,2,402,"STATE ROUTE 4 E/B","KINNE BLVD",1000.00,W,N,A,-,Y,,,,,,,,,,N,4,0,2,2,A,-,03,22350,,N,C,C,A,A,H,-,A,A,0,,,,,Y,,A,01,0,0,2,0,0,0,0,0,0,"- ","- ",38.010658264160156,-122.01519012451172,"CONTRA COSTA",UNINCORPORATED,-122.01251220703125,38.011058807373047
91465024,2021,2021-05-04,9320,2021-04-22,1915,021185,,4,2,3,0792,0,1,3,,2,240,"STATE ROUTE 24 WESTBOUND","CAMINO PABLO",2000.00,E,N,B,-,Y,,,24,,,,,,W,Y,3,0,2,2,A,-,07,21658,A,N,B,C,A,A,H,-,A,A,0,,,,,Y,,A,01,0,2,0,0,0,0,0,0,0,"- ","- ",37.883541107177734,-122.18031311035156,"CONTRA COSTA",ORINDA,-122.18025207519531,37.883506774902344
91465047,2021,2021-05-04,9320,2021-04-22,1750,021185,,4,2,3,0715,0,1,3,,2,241,"STATE ROUTE 24 EASTBOUND","OAK HILL ROAD",1275.00,W,N,A,-,Y,,,24,,,,,,E,Y,3,0,1,2,A,-,03,22350,,N,C,C,A,A,H,-,A,A,0,,,,,Y,,A,01,0,1,0,0,0,0,0,0,0,"- ","- ",37.892738342285156,-122.1253662109375,"CONTRA COSTA",LAFAYETTE,-122.12538146972656,37.892784118652344
91465086,2021,2021-05-04,9370,2021-05-03,0755,020475,,1,1,5,0710,0,1,1,,2,082,"I-80 W/B","SOLANO AVE",1100.00,E,N,A,-,Y,,,80,,,,,,W,Y,4,0,1,3,A,-,03,22350,,N,C,C,A,A,H,-,A,D,0,,,,,Y,,A,01,0,0,1,0,0,0,0,0,0,"- ","- ",37.946449279785156,-122.32518768310547,"CONTRA COSTA",RICHMOND,-122.32515716552734,37.946468353271484
91465171,2021,2021-05-04,9390,2021-04-22,0552,017135,,4,3,4,0790,0,1,1,,2,069,"I-680 SOUTHBOUND","SYCAMORE VALLEY ROAD",4752.00,S,N,A,-,Y,,,680,,,,,,S,Y,4,0,1,2,D,-,00,,,N,B,C,A,A,H,-,B,D,0,,,,,Y,,-,"- ",0,0,1,0,0,0,0,0,0,"- ","- ",37.799091339111328,-121.98748779296875,"CONTRA COSTA",DANVILLE,-121.98748016357422,37.799095153808594
91465185,2021,2021-05-04,9320,2021-04-27,0940,022483,,2,1,9,0700,0,1,1,,2,180,"I-80 W/B",SR-4,0.00,,N,A,-,Y,,,,,,,,,,Y,4,0,2,3,A,-,03,22350,,N,C,C,A,A,H,-,A,D,0,,,,,Y,,A,07,0,0,2,0,0,0,0,0,0,"- ","- ",38.008258819580078,-122.27577209472656,"CONTRA COSTA",UNINCORPORATED,-122.26940155029297,38.015155792236328
91465918,2021,2021-05-05,9320,2021-04-27,1605,016584,,2,2,3,0706,0,1,3,,2,400,"SR-4 W/B","WILLOW AVE.",420.00,E,N,A,-,Y,,,4,,,,,,W,Y,4,0,1,1,A,-,08,22107,,N,E,I,A,A,H,-,A,D,0,,,,,Y,,A,01,0,0,1,0,0,0,0,0,0,"- ","- ",38.014068603515625,-122.25505065917969,"CONTRA COSTA",HERCULES,-122.25504302978516,38.014030456542969
91465960,2021,2021-05-05,9370,2021-05-04,0740,018499,,2,1,5,0710,0,1,1,,2,082,"I-80 W/B","CUTTING BLVD",600.00,W,N,A,-,Y,,,80,,,,,,W,Y,3,0,1,2,A,-,03,22350,,N,C,C,A,A,H,-,A,D,0,,,Y,,Y,,C,02,0,1,0,0,0,0,0,0,1,"- ","- ",37.923858642578125,-122.31992340087891,"CONTRA COSTA",RICHMOND,-122.3199462890625,37.923839569091797
91466056,2021,2021-05-05,9320,2021-04-27,1430,021185,,2,2,9,0700,0,2,4,,2,023,"BEAR CREEK ROAD","SAN PABLO DAM ROAD",7400.00,N,N,A,-,N,,,,,,,,,,Y,3,0,1,1,A,-,03,22350,,N,F,A,A,A,H,-,A,A,0,,,Y,,Y,,C,02,0,1,0,0,0,0,0,0,1,"- ","- ",37.911731719970703,-122.20231628417969,"CONTRA COSTA",UNINCORPORATED,-122.20240783691406,37.911643981933594
91466064,2021,2021-05-05,9320,2021-04-28,0910,020949,,3,1,9,0700,0,2,4,,2,013,"SAN PABLO DAM ROAD","TRI LANE",0.00,,Y,A,-,N,,,,,,,,,,Y,4,0,1,2,A,-,03,22350,,N,C,C,A,A,H,-,A,D,0,,,,,Y,,A,01,0,0,1,0,0,0,0,0,0,"- ","- ",37.94879150390625,-122.26882934570312,"CONTRA COSTA",UNINCORPORATED,-122.26885223388672,37.948768615722656
91466151,2021,2021-05-05,9320,2021-04-28,1000,020984,,3,1,9,0700,0,2,4,,1,061,"DANVILLE BLVD","ALAMO SQUARE DR",0.00,,Y,A,-,N,,,,,,,,,,Y,3,0,1,2,A,-,08,22107,,N,B,C,A,A,H,-,A,A,0,,,Y,,Y,,A,07,0,1,0,0,0,0,0,0,1,"- ","- ",37.849601745605469,-122.03199768066406,"CONTRA COSTA",UNINCORPORATED,-122.03215026855469,37.849689483642578
91466195,2021,2021-05-05,9320,2021-04-29,1750,022119,,4,2,5,0708,0,1,3,,2,403,"EASTBOUND SR-4","BAILEY ROAD",2000.00,W,N,A,-,Y,,,4,,,,,,,N,4,0,2,4,A,-,03,22350,,N,C,C,A,A,H,-,A,D,0,,,,,Y,,D,22,0,0,2,0,0,0,0,0,0,"- ","- ",38.020431518554688,-121.95407867431641,"CONTRA COSTA",PITTSBURG,-121.95404052734375,38.020561218261719
91466212,2021,2021-05-05,9320,2021-04-29,0820,017906,,4,1,9,0700,0,1,3,,2,405,"SR-4 E/B","SAND CREEK RD U/C",1531.00,E,N,A,-,Y,,,,,,,,,,N,4,0,1,3,A,-,07,21658,A,N,C,C,A,A,H,-,A,D,0,,,Y,,Y,,A,01,0,0,1,0,0,0,0,0,1,"- ","- ",37.560901641845703,-121.44149780273438,"CONTRA COSTA",UNINCORPORATED,-121.74009704589844,37.939765930175781
91466225,2021,2021-05-05,9320,2021-04-29,0940,020984,,4,1,9,0700,0,2,4,,2,071,"WILLOW PASS RD","GOBLE DR.",0.00,,Y,A,-,N,,,,,,,,,,Y,4,0,1,2,A,-,12,21453,A,N,D,C,A,A,H,-,A,A,0,,,,,Y,,D,22,0,0,1,0,0,0,0,0,0,"- ","- ",38.025100708007812,-121.96199798583984,"CONTRA COSTA",UNINCORPORATED,-121.962158203125,38.025287628173828
91466568,2021,2021-05-06,9370,2021-05-04,1640,021747,,2,2,5,0710,0,1,1,,2,083,"I-80 E/B","RICHMOND PKWY.",1000.00,W,N,A,-,Y,,,80,,,,,,E,Y,4,0,1,4,A,-,03,22350,,N,C,C,A,A,H,-,A,D,0,,,,,Y,,A,01,0,0,1,0,0,0,0,0,0,"- ","- ",37.982509613037109,-122.31620025634766,"CONTRA COSTA",RICHMOND,-122.31622314453125,37.982517242431641
91466746,2021,2021-05-06,9320,2021-04-29,2330,022006,,4,3,3,0715,0,1,3,,2,241,"SR-24 W/B","EL CURTOLA BLVD.",100.00,W,N,A,-,Y,,,24,,,,,,W,Y,4,0,1,1,A,-,08,22107,,N,E,I,A,A,H,-,C,D,0,,,,,Y,,A,01,0,0,1,0,0,0,0,0,0,"- ","- ",37.898189544677734,-122.08479309082031,"CONTRA COSTA",LAFAYETTE,-122.08479309082031,37.898166656494141
91466776,2021,2021-05-06,9320,2021-04-27,2148,021710,,2,2,9,0700,0,2,4,,2,077,"MARSH CREEK ROAD","MORGAN TERRITORY",3000.00,W,N,A,-,N,,,,,,,,,,Y,3,0,1,1,A,-,03,22350,,N,F,I,A,A,H,-,D,D,0,,,,,Y,,A,01,0,1,0,0,0,0,0,0,0,"- ","- ",37.91339111328125,-121.88645172119141,"CONTRA COSTA",UNINCORPORATED,-121.88120269775391,37.911529541015625
9146693,2020,2020-11-24,0714,2020-07-13,1856,159,102,1,5,4,0714,0,0,0,,0,002,"ALHAMBRA AV","RT 4",0.00,,Y,A,-,Y,CC,4,4,-,R,8.718,R,4,W,Y,4,0,1,2,A,-,12,21453,A,N,D,C,A,A,H,-,A,A,0,,,,,Y,,A,01,0,0,1,0,0,0,0,0,0,"- ",WF,37.990840911865234,-122.12777709960938,"CONTRA COSTA",MARTINEZ,-122.12745666503906,37.991294860839844
91467399,2021,2021-05-06,9370,2021-04-28,2110,022288,,3,2,4,0711,0,1,1,,2,082,"I-80 E/B","SAN PABLO AVE",800.00,E,N,A,-,Y,,,,,,,,,,Y,4,0,3,2,A,-,07,21658,A,N,B,C,A,A,H,-,D,D,0,,,,,Y,,D,22,0,0,3,0,0,0,0,0,0,"- ","- ",37.939628601074219,-122.32489776611328,"CONTRA COSTA","SAN PABLO",-122.32497406005859,37.939376831054688
91467728,2021,2021-05-07,9320,2021-04-30,1745,022119,,5,2,5,0708,0,1,3,,2,404,"WESTBOUND SR-4","HARBOR STREET",1000.00,E,N,A,-,Y,,,4,,,,,,,Y,2,0,2,2,A,-,03,22350,,N,C,C,A,A,H,-,A,D,0,,,,,Y,,A,01,1,0,1,0,0,0,0,0,0,"- ","- ",38.014350891113281,-121.87732696533203,"CONTRA COSTA",PITTSBURG,-121.87735748291016,38.014232635498047
91467815,2021,2021-05-07,9320,2021-05-01,1200,020949,,6,1,9,0700,0,2,4,,2,013,"SAN PABLO DAM ROAD","TRI LANE",2990.00,S,N,A,-,N,,,,,,,,,,N,4,0,1,2,A,-,08,22107,,N,B,G,A,A,H,-,A,D,0,,Y,,,Y,,I,09,0,0,1,0,0,0,1,0,0,"- ","- ",37.940509796142578,-122.26129913330078,"CONTRA COSTA",UNINCORPORATED,-122.26414489746094,37.941940307617188
91467867,2021,2021-05-07,9390,2021-05-01,0905,020368,,6,1,9,0700,0,2,4,,2,111,"BLACKHAWK ROAD (2100 BLOCK)","MOUNT DIABLO SCENIC",3.00,E,N,A,-,N,,,,,,,,,,N,3,0,1,2,A,-,12,22450,A,N,D,C,A,A,H,-,A,A,0,,Y,,,Y,,L,04,0,1,0,0,0,0,1,0,0,"- ","- ",37.831951141357422,-121.95189666748047,"CONTRA COSTA",UNINCORPORATED,-121.95191955566406,37.831951141357422
91467889,2021,2021-05-07,9390,2021-05-03,1625,018869,,1,2,4,0790,0,1,1,,2,069,"I680 N/B","SYCAMORE VALLEY ROAD",800.00,S,N,A,-,Y,,,,,,,,,,N,4,0,1,3,A,-,03,22350,,N,C,C,A,A,H,-,A,D,0,,,,,Y,,A,08,0,0,1,0,0,0,0,0,0,"- ","- ",37.809211730957031,-121.99186706542969,"CONTRA COSTA",DANVILLE,-121.99150085449219,37.808368682861328
91468679,2021,2021-05-10,9320,2021-04-21,0845,018628,,3,1,5,0712,0,1,1,,2,682,"I-680 SB","MONUMENT BLVD",528.00,S,N,A,-,Y,,,,,,,,,,Y,4,0,1,3,A,-,03,22350,,N,C,C,A,A,H,-,A,D,0,,,,,Y,,D,22,0,0,1,0,0,0,0,0,0,"- ","- ",37.944618225097656,-122.05853271484375,"CONTRA COSTA","WALNUT CREEK",-122.05863189697266,37.944690704345703
91468688,2021,2021-05-10,9320,2021-04-28,1325,022484,,3,1,9,0700,0,1,3,,2,402,"SR-4 E/B TO PORT CHICAGO HWY NORTH","PORT CHICAGO HWY",400.00,E,N,A,-,Y,,,,,,,,,,Y,2,0,1,1,A,-,03,22350,,N,F,A,A,A,H,-,A,A,0,,,,,Y,,A,08,1,0,0,0,0,0,0,0,0,"- ","- ",38.009201049804688,-122.02118682861328,"CONTRA COSTA",UNINCORPORATED,-122.02126312255859,38.009719848632812
91468701,2021,2021-05-10,9320,2021-04-25,1150,020009,,7,1,9,0700,0,2,4,,2,093,"BYRON HIGHWAY","HOLWAY DR",0.00,,Y,A,-,N,,,,,,,,,,N,4,0,3,2,A,-,09,21801,A,N,D,C,A,A,H,-,A,A,0,,,,,Y,,A,01,0,0,3,0,0,0,0,0,0,"- ","- ",37.871040344238281,-121.64128112792969,"CONTRA COSTA",UNINCORPORATED,-121.64154052734375,37.8714599609375
91468716,2021,2021-05-10,9320,2021-04-30,0910,018628,,5,1,9,0700,0,2,4,,2,096,"VASCO RD","CAMINO DIABLO",10560.00,S,N,A,-,N,,,,,,,,,,Y,4,0,1,2,A,-,06,21751,,N,B,C,A,A,H,-,A,A,0,,,,,Y,,A,07,0,0,1,0,0,0,0,0,0,"- ","- ",37.852451324462891,-121.64898681640625,"CONTRA COSTA",UNINCORPORATED,-121.66764068603516,37.865211486816406
91468761,2021,2021-05-10,9320,2021-05-01,0845,020949,,6,1,9,0700,0,2,4,,2,011,"APPIAN WAY","RANCHO ROAD",100.00,S,N,A,-,N,,,,,,,,,,N,4,0,1,3,A,-,03,22350,,N,C,C,A,A,H,-,A,D,0,,,,,Y,,J,48,0,0,1,0,0,0,0,0,0,"- ","- ",37.983409881591797,-122.29711151123047,"CONTRA COSTA",UNINCORPORATED,-122.29717254638672,37.983146667480469
91468878,2021,2021-05-10,9320,2021-05-02,1100,020949,,7,1,9,0700,0,3,5,,2,039,"DEMPSEY WAY","TRIGGER ROAD",140.00,S,N,A,-,N,,,,,,,,,,N,2,0,1,1,A,-,03,22350,,N,F,A,A,A,H,-,A,D,0,,,Y,,Y,,C,02,1,0,0,0,0,0,0,0,1,"- ","- ",38.038768768310547,-122.26109313964844,"CONTRA COSTA",UNINCORPORATED,-122.26104736328125,38.038825988769531
91468956,2021,2021-05-10,9370,2021-05-08,1044,021645,,6,1,5,0710,0,1,1,,2,082,"I-80 W/B","BARRETT AVE",290.00,E,N,A,-,Y,,,80,,,,,,W,Y,4,0,3,3,A,-,03,22350,,N,C,C,A,A,H,-,A,D,0,,,,,Y,,A,01,0,0,3,0,0,0,0,0,0,"- ","- ",37.936580657958984,-122.32662200927734,"CONTRA COSTA",RICHMOND,-122.32659912109375,37.936569213867188
91469040,2021,2021-05-10,9320,2021-05-02,1140,021203,,7,1,9,0700,0,3,5,,2,075,"CANAL ROAD EASTBOUND","LOFTUS ROAD",15.00,W,N,A,-,N,,,,,,,,,,Y,4,0,1,2,A,-,01,23152,G,N,C,C,A,A,H,-,A,D,0,,,,,Y,Y,A,01,0,0,1,0,0,0,0,0,0,"- ","- ",38.019489288330078,-121.92832946777344,"CONTRA COSTA",UNINCORPORATED,-121.92829895019531,38.019496917724609
91469059,2021,2021-05-10,9320,2021-05-02,1428,022119,,7,2,5,0701,0,1,3,,2,404,"WESTBOUND SR-4","HILLCREST AVE",800.00,E,N,A,-,Y,,,4,,,,,,,N,3,0,1,1,C,-,18,,,N,E,J,A,A,H,-,A,D,0,,,Y,,Y,,-,"- ",0,1,0,0,0,0,0,0,1,"- ","- ",37.995399475097656,-121.77893829345703,"CONTRA COSTA",ANTIOCH,-121.77896881103516,37.995227813720703
91469114,2021,2021-05-10,9320,2021-05-02,0255,022472,,7,3,9,0700,0,1,3,,2,242,"SR-242 N/B","GRANT STREET",300.00,S,N,A,-,Y,,,,,,,,,,Y,4,0,1,1,A,-,08,22107,,M,E,I,A,A,H,-,D,A,0,,,,,Y,,A,01,0,0,1,0,0,0,0,0,0,"- ","- ",37.985828399658203,-122.04077911376953,"CONTRA COSTA",UNINCORPORATED,-122.04051208496094,37.987739562988281
91469148,2021,2021-05-10,9320,2021-05-03,2255,021864,,1,3,9,0700,0,3,5,,2,010,"SANTA RITA ROAD","PENNY LANE",165.00,N,N,A,-,N,,,,,,,,,,Y,3,0,1,1,A,-,01,23152,A,N,E,I,A,A,H,-,D,D,0,,,,,Y,Y,A,01,0,1,0,0,0,0,0,0,0,"- ","- ",37.968589782714844,-122.30480194091797,"CONTRA COSTA",UNINCORPORATED,-122.30482482910156,37.968574523925781
91469170,2021,2021-05-10,9320,2021-05-03,1520,022119,,1,2,5,0712,0,1,1,,2,682,"NORTHBOUND I-680","S. MAIN STREET",5.00,N,N,A,-,Y,,,680,,,,,,,Y,4,0,1,3,A,-,03,22350,,N,C,C,A,A,H,-,A,D,0,,,,,Y,,D,22,0,0,1,0,0,0,0,0,0,"- ","- ",37.915241241455078,-122.06574249267578,"CONTRA COSTA","WALNUT CREEK",-122.06578826904297,37.915271759033203
91469757,2021,2021-05-11,9370,2021-05-02,0030,022086,,7,3,5,0710,0,1,1,,2,058,"I-580 E/B","MARINA BAY PARKWAY",875.00,W,N,A,-,Y,,,580,,,,,,E,Y,2,0,1,1,A,-,08,22107,,N,E,C,A,A,H,-,C,D,0,,,,,Y,,A,01,1,0,0,0,0,0,0,0,0,"- ","- ",37.921581268310547,-122.35025024414062,"CONTRA COSTA",RICHMOND,-122.35025024414062,37.921703338623047
91469847,2021,2021-05-11,9320,2021-05-01,2155,022534,,6,2,9,0700,0,1,1,,2,682,"I-680 NORTHBOUND","CONTRA COSTA BLVD",1600.00,S,N,A,-,Y,,,680,,,,,,N,Y,4,0,1,2,A,-,07,21658,A,M,B,C,A,A,H,-,C,D,0,,,,,Y,,-,99,0,0,1,0,0,0,0,0,0,"- ","- ",37.936489105224609,-122.0601806640625,"CONTRA COSTA",UNINCORPORATED,-122.06014251708984,37.936492919921875
91469903,2021,2021-05-27,9320,2021-05-09,1205,020984,,7,1,3,0792,0,1,3,,2,240,"SR-24 W/B","ST. STEPHENS DR.",1742.00,W,N,A,-,Y,,,24,,,,,,W,Y,4,0,1,1,A,-,08,22107,,N,E,I,A,A,H,-,A,A,0,,,,,Y,,A,01,0,0,1,0,0,0,0,0,0,"- ","- ",37.888698577880859,-122.17630004882812,"CONTRA COSTA",ORINDA,-122.17642211914062,37.888832092285156
91469928,2021,2021-05-11,9320,2021-05-01,2215,022568,,6,3,6,0704,0,1,1,,2,683,"I-680 S/B","MONUMENT BLVD",2640.00,N,N,A,-,Y,,,680,,,,,,S,N,3,0,1,3,A,-,08,22107,,F,C,C,A,A,H,-,C,A,0,,,,,Y,,-,99,0,1,0,0,0,0,0,0,0,"- ","- ",37.953300476074219,-122.05506134033203,"CONTRA COSTA",CONCORD,-122.05487823486328,37.953220367431641
91469941,2021,2021-05-11,9320,2021-04-25,1354,022463,,7,1,3,0792,0,1,3,,2,240,"SR-24 E/B","FISH RANCH RD",1960.00,E,N,C,-,Y,,,,,,,,,,Y,4,0,2,3,A,-,03,22350,,N,C,C,A,B,H,-,A,A,0,,,,,Y,,A,07,0,0,2,0,0,0,0,0,0,"- ","- ",37.866058349609375,-122.20658874511719,"CONTRA COSTA",ORINDA,-122.20912933349609,37.864028930664062
91470059,2021,2021-05-11,9320,2021-01-13,0835,017530,,3,1,9,0700,0,2,4,,2,096,"VASCO ROAD","DYER ROAD",5808.00,N,N,B,-,N,,,,,,,,,,Y,1,1,1,2,A,-,08,22107,,N,D,C,A,A,H,-,A,A,0,,,,,Y,,A,01,0,1,0,0,0,0,0,0,0,"- ","- ",37.796779632568359,-121.68363952636719,"CONTRA COSTA",UNINCORPORATED,,
91470152,2021,2021-05-11,9320,2021-05-02,1011,021203,,7,1,9,0700,0,1,3,,2,403,"SR-4 EASTBOUND","BAILEY ROAD",3854.00,W,N,A,-,Y,,,4,,,,,,E,N,4,0,1,2,A,-,03,22350,,N,C,C,A,A,H,-,A,D,0,,,,,Y,,A,01,0,0,1,0,0,0,0,0,0,"- ","- ",38.020771026611328,-121.95542907714844,"CONTRA COSTA",UNINCORPORATED,-121.95539855957031,38.020912170410156
91470232,2021,2021-05-11,9320,2021-05-04,1600,022013,,2,2,9,0700,0,1,1,,2,681,"I-680 N/B","RUDGEAR RD",3168.00,S,N,A,-,Y,,,680,,,,,,N,N,4,0,1,2,A,-,03,22350,,N,C,C,A,A,H,-,A,D,0,,,,,Y,,A,07,0,0,1,0,0,0,0,0,0,"- ","- ",37.871421813964844,-122.04212951660156,"CONTRA COSTA",UNINCORPORATED,-122.04222869873047,37.871341705322266