CASE_ID,ACCIDENT_YEAR,PROC_DATE,JURIS,COLLISION_DATE,COLLISION_TIME,OFFICER_ID,REPORTING_DISTRICT,DAY_OF_WEEK,CHP_SHIFT,POPULATION,CNTY_CITY_LOC,SPECIAL_COND,BEAT_TYPE,CHP_BEAT_TYPE,CITY_DIVISION_LAPD,CHP_BEAT_CLASS,BEAT_NUMBER,PRIMARY_RD,SECONDARY_RD,DISTANCE,DIRECTION,INTERSECTION,WEATHER_1,WEATHER_2,STATE_HWY_IND,CALTRANS_COUNTY,CALTRANS_DISTRICT,STATE_ROUTE,ROUTE_SUFFIX,POSTMILE_PREFIX,POSTMILE,LOCATION_TYPE,RAMP_INTERSECTION,SIDE_OF_HWY,TOW_AWAY,COLLISION_SEVERITY,NUMBER_KILLED,NUMBER_INJURED,PARTY_COUNT,PRIMARY_COLL_FACTOR,PCF_CODE_OF_VIOL,PCF_VIOL_CATEGORY,PCF_VIOLATION,PCF_VIOL_SUBSECTION,HIT_AND_RUN,TYPE_OF_COLLISION,MVIW,PED_ACTION,ROAD_SURFACE,ROAD_COND_1,ROAD_COND_2,LIGHTING,CONTROL_DEVICE,CHP_ROAD_TYPE,PEDESTRIAN_ACCIDENT,BICYCLE_ACCIDENT,MOTORCYCLE_ACCIDENT,TRUCK_ACCIDENT,NOT_PRIVATE_PROPERTY,ALCOHOL_INVOLVED,STWD_VEHTYPE_AT_FAULT,CHP_VEHTYPE_AT_FAULT,COUNT_SEVERE_INJ,COUNT_VISIBLE_INJ,COUNT_COMPLAINT_PAIN,COUNT_PED_KILLED,COUNT_PED_INJURED,COUNT_BICYCLIST_KILLED,COUNT_BICYCLIST_INJURED,COUNT_MC_KILLED,COUNT_MC_INJURED,PRIMARY_RAMP,SECONDARY_RAMP,LATITUDE,LONGITUDE,COUNTY,CITY,POINT_X,POINT_Y
91481157,2021,2021-05-27,9320,2021-05-11,1815,022119,,2,2,4,0714,0,1,3,,2,402,"EASTBOUND SR-4","MORELLO AVENUE",1000.00,W,N,A,-,Y,,,4,,,,,,,Y,4,0,2,2,A,-,08,22107,,N,D,C,A,A,H,-,A,D,0,,,,,Y,,A,01,0,0,2,0,0,0,0,0,0,"- ","- ",37.994270324707031,-122.10769653320312,"CONTRA COSTA",MARTINEZ,-122.10761260986328,37.994491577148438
91481758,2021,2021-05-27,9320,2021-05-13,1430,021949,,4,2,5,0708,0,1,3,,2,404,"SR-4 E/B","HARBOR ST. O/C",570.00,E,N,A,-,Y,,,4,,,,,,E,N,4,0,1,2,A,-,03,22350,,N,C,2,A,A,H,-,A,D,0,,,,,Y,,D,22,0,0,1,0,0,0,0,0,0,"- ","- ",38.014789581298828,-121.88107299804688,"CONTRA COSTA",PITTSBURG,-121.88107299804688,38.014755249023438
91481831,2021,2021-05-27,9320,2021-05-15,1200,020440,,6,1,9,0700,0,2,4,,2,094,"BYRON HWY","CAMINO DIABLO",285.00,S,N,A,-,N,,,,,,,,,,N,4,0,1,2,A,-,03,22350,,M,C,C,A,A,H,-,A,D,0,,,,,Y,,A,01,0,0,1,0,0,0,0,0,0,"- ","- ",37.866771697998047,-121.63774108886719,"CONTRA COSTA",UNINCORPORATED,-121.63785552978516,37.866840362548828
91481962,2021,2021-05-27,9320,2021-05-13,0310,021472,,4,3,4,0714,0,1,3,,2,403,"SR-4 E/B","PACHECO BLVD",1100.00,W,N,A,-,Y,,,4,,,,,,E,Y,4,0,1,1,A,-,08,22107,,N,E,I,A,A,D,-,C,A,0,,,,,Y,,A,01,0,0,1,0,0,0,0,0,0,"- ","- ",37.991741180419922,-122.07756805419922,"CONTRA COSTA",MARTINEZ,-122.07761383056641,37.991863250732422
91482003,2021,2021-05-26,9320,2021-03-30,1130,017271,,2,1,9,0700,0,1,1,,2,682,"I-680 S/B","NORTH MAIN ST O/C",2100.00,N,N,A,B,Y,,,,,,,,,,Y,3,0,2,4,A,-,07,21658,A,N,B,C,A,A,H,-,A,D,0,,,,,Y,,-,"- ",0,1,1,0,0,0,0,0,0,"- ","- ",37.916851043701172,-122.06479644775391,"CONTRA COSTA",UNINCORPORATED,-122.062255859375,37.920795440673828
91482413,2021,2021-05-27,9365,2021-05-19,0617,019109,,3,1,9,0700,0,1,1,,2,001,"I-80 E/B","POMONA ST UNDERCROSSING",500.00,E,N,A,-,Y,,,,,,,,,,Y,3,0,1,2,A,-,07,21658,A,N,B,C,A,A,H,-,A,D,0,,,,Y,Y,,A,01,0,1,0,0,0,0,0,0,0,"- ","- ",38.1190185546875,-122.28394317626953,"CONTRA COSTA",UNINCORPORATED,-122.22699737548828,38.052890777587891
91482689,2021,2021-05-27,9370,2021-05-20,0745,020941,,4,1,5,0710,0,1,1,,2,083,"I-80 W/B","EL PORTAL DR.",176.00,E,N,A,-,Y,,,80,,,,,,W,N,4,0,1,2,A,-,03,22350,,N,C,C,A,A,H,-,A,D,0,,,,,Y,,A,01,0,0,1,0,0,0,0,0,0,"- ","- ",37.966800689697266,-122.32206726074219,"CONTRA COSTA",RICHMOND,-122.322021484375,37.966758728027344
91482740,2021,2021-05-27,9320,2021-01-25,0415,022483,,1,3,5,0708,0,1,3,,2,404,"SR-4 E/B","LOVERIDGE ROAD",423.00,W,N,A,-,Y,,,4,,,,,,E,Y,1,1,0,2,A,-,03,22350,,N,C,C,A,A,H,-,C,A,0,,,,,Y,,A,01,0,0,0,0,0,0,0,0,0,"- ","- ",38.012420654296875,-121.87117004394531,"CONTRA COSTA",PITTSBURG,-121.87109375,38.012733459472656
91482826,2021,2021-05-27,9320,2021-05-18,0530,020440,,2,3,3,0707,0,1,1,,2,180,"I-80 W/B","PINOLE VALLEY RD",750.00,E,N,A,-,Y,,,80,,,,,,W,N,3,0,1,3,A,-,08,22107,,N,B,C,A,A,H,-,B,D,0,,,,Y,Y,,A,01,0,1,0,0,0,0,0,0,0,"- ","- ",37.998920440673828,-122.28449249267578,"CONTRA COSTA",PINOLE,-122.28447723388672,37.998905181884766
91482853,2021,2021-05-27,9320,2021-05-18,1918,020835,,2,2,5,0712,0,1,S,,2,493,"I-680 SOUTHBOUND","NORTH MAIN STREET",600.00,S,N,A,-,Y,,,680,,,,,,S,Y,3,0,2,2,A,-,03,22350,,N,C,C,A,A,H,-,B,D,0,,,,,Y,,D,22,0,2,0,0,0,0,0,0,0,"- ","- ",37.910938262939453,-122.06784820556641,"CONTRA COSTA","WALNUT CREEK",-122.06795501708984,37.910976409912109
91482857,2021,2021-05-27,9320,2021-05-19,1300,019546,,3,1,9,0700,0,1,1,,2,180,"I-80 EASTBOUND","PINOLE VALLEY ROAD",4562.00,E,N,A,-,Y,,,,,,,,,,Y,3,0,3,3,A,-,07,21658,A,N,B,2,A,A,H,-,A,D,0,,,,,Y,,A,07,0,2,1,0,0,0,0,0,0,"- ","- ",38.007759094238281,-122.27610015869141,"CONTRA COSTA",UNINCORPORATED,-122.27819061279297,38.005462646484375
91482877,2021,2021-05-27,9320,2021-05-19,1732,020835,,3,2,9,0700,0,2,S,,2,493,"LAS TRAMPAS ROAD","DANVILLE BOULEVARD",100.00,W,N,A,-,N,,,,,,,,,,N,3,0,1,2,A,-,09,21804,A,N,D,G,A,A,H,-,A,A,0,,Y,,,Y,,L,04,0,1,0,0,0,0,1,0,0,"- ","- ",37.847721099853516,-122.03205871582031,"CONTRA COSTA",UNINCORPORATED,-122.03158569335938,37.847927093505859
91482900,2021,2021-05-27,9320,2021-05-14,1015,018628,,5,1,9,0700,0,2,4,,2,094,"BYRON HIGHWAY (J-4)","CAMINO DIABLO",25.00,S,N,A,-,N,,,,,,,,,,N,4,0,1,2,A,-,03,22350,,N,C,C,A,A,H,-,A,A,0,,,,,Y,,A,01,0,0,1,0,0,0,0,0,0,"- ","- ",37.867321014404297,-121.63819122314453,"CONTRA COSTA",UNINCORPORATED,-121.63835144042969,37.867431640625
91483095,2021,2021-05-27,9320,2021-05-18,0748,019546,,2,1,9,0700,0,1,3,,2,401,"STATE ROUTE 4 WESTBOUND","MCEWEN ROAD",2771.00,E,N,A,-,Y,,,4,,,,,,W,Y,2,0,2,4,A,-,03,22350,,N,C,C,A,A,H,-,A,D,0,,,,,Y,,A,01,1,1,0,0,0,0,0,0,0,"- ","- ",38.009891510009766,-122.17041015625,"CONTRA COSTA",UNINCORPORATED,-122.17039489746094,38.009914398193359
91483096,2021,2021-05-27,9320,2021-05-11,0800,019546,,2,1,9,0700,0,2,4,,2,012,"SAN PABLO DAM ROAD","CLARK ROAD",450.00,W,N,A,-,N,,,,,,,,,,Y,3,0,2,2,A,-,03,22350,,N,C,B,A,A,H,-,A,D,0,,,,,Y,,A,07,0,2,0,0,0,0,0,0,0,"- ","- ",37.966861724853516,-122.30288696289062,"CONTRA COSTA",UNINCORPORATED,-122.30254364013672,37.966808319091797
9148383,2020,2020-10-22,0708,2020-08-27,1335,285,8310,4,5,5,0708,0,0,0,,0,003,"BAILEY RD","WEST LELAND RD",0.00,,Y,A,-,N,,,,,,,,,,Y,4,0,1,3,A,-,12,21453,A,N,D,C,A,A,H,-,A,A,0,,,,,Y,,D,22,0,0,1,0,0,0,0,0,0,"- ","- ",,,"CONTRA COSTA",PITTSBURG,-121.94191741943359,38.015331268310547
91484721,2021,2021-05-28,9320,2021-05-21,2035,022459,,5,2,4,0714,0,3,5,,2,070,"STATE ROUTE 4 E/B","PACHECO BLVD U/C",1000.00,E,N,A,-,Y,,,,,,,,,,Y,3,0,1,2,A,-,03,22350,,N,C,2,A,A,H,-,C,A,0,,,,,Y,,A,01,0,1,0,0,0,0,0,0,0,"- ","- ",37.994308471679688,-122.07013702392578,"CONTRA COSTA",MARTINEZ,-122.07083129882812,37.994152069091797
9148483,2020,2020-11-16,0708,2020-09-02,0002,305,8402,3,5,5,0708,0,0,0,,0,005,"HARBOR ST","STONEMAN AV",33.00,N,N,A,-,N,,,,,,,,,,N,4,0,1,2,A,-,12,22450,A,M,D,C,A,A,H,-,C,A,0,,,,,Y,,A,01,0,0,1,0,0,0,0,0,0,"- ","- ",,,"CONTRA COSTA",PITTSBURG,-121.88497924804688,38.004554748535156
91485054,2021,2021-05-28,9320,2021-05-22,1545,022240,,6,2,9,0700,0,1,1,,2,681,"I-680 N/B","LIVORNA RD",600.00,N,N,A,-,Y,,,,,,,,,,Y,4,0,1,2,A,-,03,22350,,N,C,C,A,A,H,-,A,D,0,,,,,Y,,A,01,0,0,1,0,0,0,0,0,0,"- ","- ",37.864658355712891,-121.03706359863281,"CONTRA COSTA",UNINCORPORATED,-122.03646087646484,37.864223480224609
91485100,2021,2021-05-28,9320,2021-05-22,2130,022568,,6,2,4,0714,0,1,3,,2,402,"SR-4 E/B",I-680,150.00,E,N,A,-,Y,,,,,,,,,,N,4,0,2,2,A,-,08,22107,,M,B,C,A,A,D,-,C,A,0,,,,,Y,Y,-,99,0,0,2,0,0,0,0,0,0,"- ","- ",37.994228363037109,-122.07044982910156,"CONTRA COSTA",MARTINEZ,-122.06941223144531,37.99462890625
9148531,2020,2020-10-26,0708,2020-08-04,1923,353,8405,2,5,5,0708,0,0,0,,0,005,"BUCHANAN RD","LOVERIDGE RD",135.00,E,N,A,-,N,,,,,,,,,,Y,4,0,1,1,A,-,03,22350,,N,E,I,A,A,H,-,A,A,0,,,,,Y,,A,01,0,0,1,0,0,0,0,0,0,"- ","- ",,,"CONTRA COSTA",PITTSBURG,-121.87348937988281,37.997970581054688
9148532,2020,2020-10-26,0708,2020-08-21,2320,285,8409,5,5,5,0708,0,0,0,,0,005,"LOVERIDGE RD","EAST LELAND RD",32.00,S,N,A,-,N,,,,,,,,,,Y,3,0,2,1,A,-,03,22350,,M,E,I,A,A,H,-,C,A,0,,,,,Y,,A,01,0,2,0,0,0,0,0,0,0,"- ","- ",,,"CONTRA COSTA",PITTSBURG,-121.87099456787109,38.008075714111328
9148533,2020,2020-10-26,0708,2020-08-31,1819,253,8312,1,5,5,0708,0,0,0,,0,003,"WEST LELAND RD","ALVES RANCH RD",210.00,E,N,A,-,N,,,,,,,,,,Y,4,0,1,1,A,-,08,22107,,N,B,I,A,A,H,-,A,D,0,,,,,Y,,A,01,0,0,1,0,0,0,0,0,0,"- ","- ",,,"CONTRA COSTA",PITTSBURG,-121.95452880859375,38.017585754394531
9148534,2020,2020-10-26,0708,2020-08-31,1508,285,8301,1,5,5,0708,0,0,0,,0,004,"RAILROAD AV","ATLANTIC AV",289.00,N,N,A,-,N,,,,,,,,,,Y,4,0,2,2,A,-,03,22350,,N,C,C,A,A,H,-,A,A,0,,,Y,,Y,,C,02,0,0,2,0,0,0,0,0,1,"- ","- ",,,"CONTRA COSTA",PITTSBURG,-121.89234161376953,38.00897216796875
91486040,2021,2021-06-01,9370,2021-05-21,1750,021938,,5,2,5,0710,0,1,1,,2,082,"I-80 W/B","SAN PABLO AVENUE",200.00,E,N,A,-,Y,,,80,,,,,,W,Y,4,0,2,4,A,-,03,22350,,M,C,C,A,A,H,-,A,D,0,,,,,Y,,-,99,0,0,2,0,0,0,0,0,0,"- ","- ",37.937709808349609,-122.32598876953125,"CONTRA COSTA",RICHMOND,-122.32601928710938,37.937728881835938
91486069,2021,2021-06-01,9320,2021-05-10,0445,022544,,1,3,6,0704,0,1,3,,2,402,"SR 4 WESTBOUND","PORT CHICAGO HIGHWAY",0.00,,N,A,-,Y,,,4,,,,,,W,Y,3,0,1,2,A,-,07,21658,A,M,B,C,A,A,H,-,C,A,0,,,,,Y,,-,99,0,1,0,0,0,0,0,0,0,"- ","- ",38.008388519287109,-122.03122711181641,"CONTRA COSTA",CONCORD,-122.03121948242188,38.008365631103516
91486091,2021,2021-06-01,9320,2021-05-07,1835,022484,,5,2,9,0700,0,3,5,,2,075,"BAILEY ROAD S/B","MIMS AVE",50.00,N,N,A,-,N,,,,,,,,,,Y,4,0,1,2,A,-,03,22350,,M,C,C,A,A,H,-,A,A,0,,,,,Y,,-,99,0,0,1,0,0,0,0,0,0,"- ","- ",38.021808624267578,-121.94196319580078,"CONTRA COSTA",UNINCORPORATED,-121.941939,38.021715
91486127,2021,2021-06-01,9320,2021-05-13,2255,022462,,4,3,6,0704,0,1,1,,2,683,"I-680 NORTHBOUND","MONUMENT BLVD",2030.00,N,N,B,-,Y,,,680,,,,,,N,Y,4,0,1,3,A,-,01,23152,A,M,B,C,A,A,D,-,C,A,0,,,,,Y,Y,A,07,0,0,1,0,0,0,0,0,0,"- ","- ",37.950820922851562,-122.05557250976562,"CONTRA COSTA",CONCORD,-122.05561065673828,37.950839996337891
91486149,2021,2021-06-01,9320,2021-05-17,1620,020835,,1,2,4,0714,0,1,S,,2,493,"SR-4 EASTBOUND","GLACIER DRIVE",50.00,W,N,A,-,Y,,,4,,,,,,E,Y,3,0,1,2,A,-,03,22350,,N,C,C,A,A,H,-,A,D,0,,,,,Y,,A,07,0,1,0,0,0,0,0,0,0,"- ","- ",37.990978240966797,-122.08689880371094,"CONTRA COSTA",MARTINEZ,-122.08689880371094,37.990982055664062
91486173,2021,2021-06-01,9320,2021-05-15,1948,022467,,6,2,9,0700,0,3,5,,2,075,"POLARIS DRIVE","PRIM ROAD",2.00,E,N,A,-,N,,,,,,,,,,Y,3,0,2,2,A,-,08,22107,,N,B,C,A,A,H,-,C,D,0,,,,,Y,,A,01,0,2,0,0,0,0,0,0,0,"- ","- ",38.023300170898438,-121.9169921875,"CONTRA COSTA",UNINCORPORATED,-121.917027,38.023240999999999
91486190,2021,2021-06-01,9320,2021-05-22,1640,022484,,6,2,9,0700,0,3,5,,2,040,"PACHECO BLVD N/B","SUNSET DR",0.00,,Y,A,-,N,,,,,,,,,,N,3,0,2,2,A,-,03,22350,,N,D,C,A,A,H,-,A,A,0,,,Y,,Y,,C,02,0,2,0,0,0,0,0,0,1,"- ","- ",38.001621246337891,-122.08078002929688,"CONTRA COSTA",UNINCORPORATED,-122.08075700000001,38.001603000000003
91486387,2021,2021-06-01,9320,2021-05-22,1945,022484,,6,2,4,0709,0,1,1,,2,682,"I-680 S/B","MONUMENT BLVD",2640.00,N,N,A,-,Y,,,680,,,,,,S,N,3,0,1,1,A,-,08,22107,,N,E,I,A,A,H,-,A,A,0,,,,,Y,,A,01,0,1,0,0,0,0,0,0,0,"- ","- ",37.952110290527344,-122.05557250976562,"CONTRA COSTA","PLEASANT HILL",-122.05539703369141,37.952033996582031
91486869,2021,2021-12-30,9370,2021-05-21,1720,022567,,5,2,5,0710,0,1,1,,2,082,"I-80 W/B","CARLSON BOULEVARD",1147.00,E,N,A,-,Y,,,80,,,,,,W,Y,3,0,1,4,A,-,03,22350,,N,C,C,A,A,H,-,A,D,0,,,,Y,Y,,A,01,0,1,0,0,0,0,0,0,0,"- ","- ",37.914299011230469,-122.31749725341797,"CONTRA COSTA",RICHMOND,-122.31752777099609,37.914299011230469
91487040,2021,2021-06-02,9390,2021-05-20,1510,019740,,4,2,4,0790,0,1,1,,2,069,"I-680 NORTHBOUND","DIABLO ROAD",500.00,S,N,A,-,Y,,,680,,,,,,N,Y,3,0,1,4,A,-,03,22350,,N,C,C,A,A,H,-,A,D,0,,,,,Y,,A,07,0,1,0,0,0,0,0,0,0,"- ","- ",37.818031311035156,-121.99311828613281,"CONTRA COSTA",DANVILLE,-121.99321746826172,37.818031311035156
91487240,2021,2021-06-02,9320,2021-05-23,0400,022568,,7,3,6,0704,0,1,1,,2,683,"I-680 N/B","MONUMENT BLVD",100.00,S,N,A,-,Y,,,,,,,,,,Y,4,0,1,2,A,-,01,23152,A,N,C,C,A,A,H,-,C,A,0,,,,,Y,Y,A,01,0,0,1,0,0,0,0,0,0,"- ","- ",37.945468902587891,-122.0579833984375,"CONTRA COSTA",CONCORD,-122.05782318115234,37.945789337158203
91487261,2021,2021-06-02,9320,2021-05-23,1853,022119,,7,2,5,0701,0,1,3,,2,404,"WESTBOUND SR-4","A STREET",300.00,E,N,A,-,Y,,,4,,,,,,,Y,4,0,1,1,A,-,08,22107,,N,E,I,A,A,H,-,A,D,0,,,,,Y,,A,01,0,0,1,0,0,0,0,0,0,"- ","- ",37.998451232910156,-121.80239105224609,"CONTRA COSTA",ANTIOCH,-121.80239105224609,37.998260498046875
91487292,2021,2021-06-02,9320,2021-01-24,0245,021293,,7,3,5,0701,0,1,3,,2,160,"SR160 NORTHBOUND","MAIN ST UNDERCROSSING",170.00,S,N,A,-,Y,,,160,,,,,,N,Y,1,1,0,1,A,-,08,22107,,N,E,I,A,A,H,-,D,A,0,,,,,Y,Y,A,01,0,0,0,0,0,0,0,0,0,"- ","- ",38.005069732666016,-121.75375366210938,"CONTRA COSTA",ANTIOCH,-121.75364685058594,38.005046844482422
91487355,2021,2021-06-02,9320,2021-05-11,2100,022116,,2,2,9,0700,0,2,4,,2,072,"BAILEY RD","CANAL RD",0.00,,Y,A,-,N,,,,,,,,,,Y,3,0,3,2,D,-,00,,,N,D,C,A,A,H,-,A,A,0,,,,,Y,,-,"- ",0,1,2,0,0,0,0,0,0,"- ","- ",38.021598815917969,-121.94181823730469,"CONTRA COSTA",UNINCORPORATED,-121.94187927246094,38.021560668945312
91487361,2021,2021-06-02,9320,2021-05-21,0010,022495,,5,3,6,0704,0,3,5,,2,070,"SR-242 NB","CLAYTON RD",1584.00,S,N,A,-,Y,,,,,,,,,,Y,3,0,2,2,A,-,08,22107,,N,C,C,A,A,D,-,C,A,0,,,,Y,Y,,A,01,0,1,1,0,0,0,0,0,0,"- ","- ",37.575668334960938,-122.25679016113281,"CONTRA COSTA",CONCORD,,
91487363,2021,2021-06-02,9320,2021-05-21,2150,022534,,5,2,6,0704,0,3,5,,2,020,"I-680 NORTHBOUND","MONUMENT BOULEVARD",200.00,S,N,A,-,Y,,,,,,,,,,Y,4,0,1,2,A,-,01,23152,A,N,C,C,A,A,H,-,D,D,0,,,,,Y,Y,A,01,0,0,1,0,0,0,0,0,0,"- ","- ",37.944698333740234,-122.05828094482422,"CONTRA COSTA",CONCORD,-122.05793762207031,37.945529937744141
91487532,2021,2021-06-02,9320,2021-05-25,0650,016503,,2,1,9,0700,0,1,3,,2,403,SR-4,"WILLOW PASS RD. (BAY POINT)",2957.00,W,N,A,-,Y,,,4,,,,,,,Y,3,0,1,1,A,-,08,22107,,N,E,8,A,A,H,-,A,D,0,,,,,Y,,A,01,0,1,0,0,0,0,0,0,0,"- ","- ",38.023300170898438,-121.97640228271484,"CONTRA COSTA",UNINCORPORATED,-121.97638702392578,38.02325439453125
91487571,2021,2021-06-02,9320,2021-05-25,0800,020440,,2,1,9,0700,0,3,5,,2,040,"IRON HORSE LN","LAS JUNTAS WAY",0.00,,Y,A,-,N,,,,,,,,,,Y,4,0,1,2,A,-,09,21802,A,N,D,C,A,A,H,-,A,A,0,,,,,Y,,A,01,0,0,1,0,0,0,0,0,0,"- ","- ",37.930118560791016,-122.05584716796875,"CONTRA COSTA",UNINCORPORATED,-122.05583190917969,37.930084228515625
91487597,2021,2021-06-02,9320,2021-05-25,0830,020834,,2,1,6,0704,0,1,S,,2,493,"SR-4 W/B","SOLANO WAY",1500.00,E,N,A,-,Y,,,4,,,,,,W,N,4,0,1,2,A,-,17,23114,A,N,E,J,A,A,H,-,A,D,0,,,,Y,Y,,F,21,0,0,1,0,0,0,0,0,0,"- ","- ",38.002338409423828,-122.04812622070312,"CONTRA COSTA",CONCORD,-122.04814147949219,38.002376556396484
91487662,2021,2021-06-02,9320,2021-05-25,1055,020440,,2,1,5,0712,0,1,1,,2,682,"I-680 S/B TO SR-24 W/B","OAKVALE RD",370.00,N,N,A,-,Y,,,680,,,,R,,S,N,4,0,1,2,A,-,07,21658,A,N,B,C,A,A,H,-,A,D,0,,,,,Y,,A,08,0,0,1,0,0,0,0,0,0,"- ","- ",37.902610778808594,-122.07061004638672,"CONTRA COSTA","WALNUT CREEK",-122.07061004638672,37.902610778808594
91488253,2021,2021-06-03,9320,2021-05-25,1100,018628,,2,1,5,0708,0,1,3,,2,404,SR-4,"LOVERIDGE RD",5280.00,E,N,A,-,Y,,,,,,,,,,N,4,0,1,3,A,-,03,22350,,N,C,C,A,A,H,-,A,A,0,,,,,Y,,A,01,0,0,1,0,0,0,0,0,0,"- ","- ",,,"CONTRA COSTA",PITTSBURG,-121.85009002685547,38.007534027099609
91488412,2021,2021-06-03,9320,2021-05-26,0625,020440,,3,1,3,0706,0,1,1,,2,180,"I-80 W/B","SYCAMORE AVE",200.00,E,N,A,-,Y,,,80,,,,,,W,N,4,0,2,5,A,-,03,22350,,N,C,C,A,A,H,-,A,D,0,,,,,Y,,A,07,0,0,2,0,0,0,0,0,0,"- ","- ",38.012138366699219,-122.27216339111328,"CONTRA COSTA",HERCULES,-122.27216339111328,38.01214599609375
9148844,2020,2020-09-18,0711,2020-07-26,0757,1112,RICHM,7,5,4,0711,0,0,0,,0,001,"EL PORTAL DR","FORDHAM ST",0.00,,Y,A,-,N,,,,,,,,,,Y,4,0,1,2,A,-,03,22350,,N,D,C,A,A,H,-,A,A,0,,,,,Y,,A,01,0,0,1,0,0,0,0,0,0,"- ","- ",,,"CONTRA COSTA","SAN PABLO",-122.33264923095703,37.963130950927734
91488504,2021,2021-06-03,9320,2021-05-26,1020,019546,,3,1,9,0700,0,1,3,,2,400,"SR-4 W/B TO I-80 W/B","WILLOW AVENUE",515.00,W,N,A,-,Y,,,,,,,,,,Y,4,0,1,2,A,-,03,22350,,N,C,C,A,A,H,-,A,D,0,,,,,Y,,A,01,0,0,1,0,0,0,0,0,0,"- ","- ",38.011219024658203,-122.27333068847656,"CONTRA COSTA",UNINCORPORATED,-122.25844573974609,38.013603210449219
91488641,2021,2021-06-03,9320,2021-05-26,0625,017530,,3,1,9,0700,0,1,3,,1,406,SR4,"BIXLER RD",0.00,,Y,A,-,Y,,,4,,,,,,,Y,4,0,1,2,A,-,09,21453,C,N,D,C,A,A,H,-,A,A,0,,,,,Y,,D,22,0,0,1,0,0,0,0,0,0,"- ","- ",37.889251708984375,-121.62325286865234,"CONTRA COSTA",UNINCORPORATED,-121.62325286865234,37.889274597167969
91489347,2021,2021-06-04,9320,2021-05-24,1400,021649,,1,2,3,0702,0,1,3,,2,405,"SR-4 E/B","LONE TREE WAY",2726.00,N,N,A,-,Y,,,,,,,,,,Y,4,0,1,3,A,-,03,22350,,N,C,C,A,A,H,-,A,D,0,,,,,Y,,A,01,0,0,1,0,0,0,0,0,0,"- ","- ",37.968490600585938,-121.73906707763672,"CONTRA COSTA",BRENTWOOD,-121.73908996582031,37.968135833740234
91489349,2021,2021-06-04,9320,2021-05-21,1115,021847,,5,1,5,0708,0,1,3,,2,403,"SR-4 W/B","BAILEY ROAD U/C",5280.00,E,N,A,-,Y,,,4,,,,,,W,Y,3,0,1,2,A,-,07,21658,A,F,E,I,A,A,H,-,A,A,0,,,,,Y,,-,99,0,1,0,0,0,0,0,0,0,"- ","- ",38.02008056640625,-121.92105865478516,"CONTRA COSTA",PITTSBURG,-121.92105865478516,38.020103454589844
91489356,2021,2021-06-04,9320,2021-05-26,0925,016503,,3,1,9,0700,0,2,4,,2,071,"WILLOW PASS RD","ALVES LN",26.00,E,N,A,-,N,,,,,,,,,,Y,3,0,1,2,A,-,03,22350,,N,C,C,A,A,H,-,A,A,0,,,,,Y,,A,01,0,1,0,0,0,0,0,0,0,"- ","- ",38.026840209960938,-121.95110321044922,"CONTRA COSTA",UNINCORPORATED,-121.95114135742188,38.026790618896484
91489409,2021,2021-06-04,9320,2021-05-28,0430,021293,,5,3,9,0700,0,1,1,,2,683,"I-680 NB","BLUM RD UNDERCROSSING",354.00,S,N,A,-,Y,,,680,,,,,,N,Y,4,0,1,2,A,-,03,22350,,N,C,C,A,A,D,-,C,A,0,,,,,Y,,A,07,0,0,1,0,0,0,0,0,0,"- ","- ",37.997539520263672,-122.07333374023438,"CONTRA COSTA",UNINCORPORATED,-122.07335662841797,37.997501373291016
91489616,2021,2021-06-04,9320,2021-05-25,1245,018628,,2,1,5,0701,0,1,3,,2,404,"SR-4 W/B","SOMERSVILLE RD",528.00,E,N,A,-,Y,,,4,,,,,,W,Y,4,0,6,4,A,-,03,22350,,N,C,C,A,A,H,-,A,A,0,,,,,Y,,A,07,0,0,6,0,0,0,0,0,0,"- ","- ",38.002918243408203,-121.83332061767578,"CONTRA COSTA",ANTIOCH,-121.83335113525391,38.002811431884766
91489625,2021,2021-06-04,9320,2021-05-17,0920,018628,,1,1,9,0700,0,1,1,,2,681,"I-680 SB TO LIVORNA RD","LIVORA RD",30.00,N,N,A,-,Y,,,,,,,,,,Y,4,0,1,2,A,-,03,22350,,N,C,C,A,A,H,-,A,A,0,,,,,Y,,A,07,0,0,1,0,0,0,0,0,0,"- ","- ",36.863231658935547,-122.03608703613281,"CONTRA COSTA",UNINCORPORATED,-122.03519439697266,37.862998962402344
91490206,2021,2021-06-07,9370,2021-06-02,0745,021645,,3,1,5,0710,0,1,1,,2,083,"I-80 W/B","EL PORTAL DRIVE",530.00,W,N,B,-,Y,,,80,,,,,,W,N,4,0,1,3,A,-,03,22350,,N,C,C,A,A,H,-,A,D,0,,,,,Y,,A,07,0,0,1,0,0,0,0,0,0,"- ","- ",37.965320587158203,-122.32411956787109,"CONTRA COSTA",RICHMOND,-122.32408142089844,37.965244293212891
9149023,2020,2020-10-28,0704,2020-08-20,1315,0580,,4,5,6,0704,0,0,0,,0,005,"WILLOW PASS RD","LYNWOOD DR",2245.00,N,N,A,-,N,,,,,,,,,,,4,0,2,2,A,-,07,21658,A,N,C,C,A,A,H,-,A,A,0,,,,,Y,,A,01,0,0,2,0,0,0,0,0,0,"- ","- ",37.991230010986328,-122.00428771972656,"CONTRA COSTA",CONCORD,-122.00170135498047,37.996913909912109