CASE_ID,ACCIDENT_YEAR,PROC_DATE,JURIS,COLLISION_DATE,COLLISION_TIME,OFFICER_ID,REPORTING_DISTRICT,DAY_OF_WEEK,CHP_SHIFT,POPULATION,CNTY_CITY_LOC,SPECIAL_COND,BEAT_TYPE,CHP_BEAT_TYPE,CITY_DIVISION_LAPD,CHP_BEAT_CLASS,BEAT_NUMBER,PRIMARY_RD,SECONDARY_RD,DISTANCE,DIRECTION,INTERSECTION,WEATHER_1,WEATHER_2,STATE_HWY_IND,CALTRANS_COUNTY,CALTRANS_DISTRICT,STATE_ROUTE,ROUTE_SUFFIX,POSTMILE_PREFIX,POSTMILE,LOCATION_TYPE,RAMP_INTERSECTION,SIDE_OF_HWY,TOW_AWAY,COLLISION_SEVERITY,NUMBER_KILLED,NUMBER_INJURED,PARTY_COUNT,PRIMARY_COLL_FACTOR,PCF_CODE_OF_VIOL,PCF_VIOL_CATEGORY,PCF_VIOLATION,PCF_VIOL_SUBSECTION,HIT_AND_RUN,TYPE_OF_COLLISION,MVIW,PED_ACTION,ROAD_SURFACE,ROAD_COND_1,ROAD_COND_2,LIGHTING,CONTROL_DEVICE,CHP_ROAD_TYPE,PEDESTRIAN_ACCIDENT,BICYCLE_ACCIDENT,MOTORCYCLE_ACCIDENT,TRUCK_ACCIDENT,NOT_PRIVATE_PROPERTY,ALCOHOL_INVOLVED,STWD_VEHTYPE_AT_FAULT,CHP_VEHTYPE_AT_FAULT,COUNT_SEVERE_INJ,COUNT_VISIBLE_INJ,COUNT_COMPLAINT_PAIN,COUNT_PED_KILLED,COUNT_PED_INJURED,COUNT_BICYCLIST_KILLED,COUNT_BICYCLIST_INJURED,COUNT_MC_KILLED,COUNT_MC_INJURED,PRIMARY_RAMP,SECONDARY_RAMP,LATITUDE,LONGITUDE,COUNTY,CITY,POINT_X,POINT_Y
91496052,2021,2021-06-14,9320,2021-06-04,1150,021847,,5,1,6,0704,0,1,3,,2,242,"SR-242 S/B TO CONCORD AVE","CONCORD AVENUE",1056.00,N,N,A,-,Y,,,242,,,,R,,S,Y,3,0,1,2,A,-,03,22350,,N,C,C,A,A,H,-,A,A,0,,,,,Y,,A,07,0,1,0,0,0,0,0,0,0,"- ","- ",37.981590270996094,-122.04229736328125,"CONTRA COSTA",CONCORD,-122.04229736328125,37.981590270996094
91496394,2021,2021-06-14,9320,2021-06-05,0818,022116,,6,1,9,0700,0,1,3,,2,404,"SR-4 E/B TO LONE TREE WAY","LONE TRE WAY",70.00,W,N,A,-,Y,,,,,,,,,,N,4,0,1,2,A,-,03,22350,,N,C,C,A,A,H,-,A,A,0,,,,,Y,,A,01,0,0,1,0,0,0,0,0,0,"- ","- ",37.997730255126953,-121.80644989013672,"CONTRA COSTA",UNINCORPORATED,-121.74346160888672,37.961395263671875
91496799,2021,2021-06-15,9370,2021-06-04,0134,022424,,5,3,5,0710,0,1,1,,2,082,"I-80 E/B","SAN PABLO DAM ROAD",1553.00,W,N,A,-,Y,,,80,,,,,,E,Y,4,0,2,2,A,-,03,22350,,N,C,C,A,A,H,-,D,D,0,,,,,Y,,A,01,0,0,2,0,0,0,0,0,0,"- ","- ",37.950851440429688,-122.32708740234375,"CONTRA COSTA",RICHMOND,-122.32703399658203,37.950878143310547
91497014,2021,2021-06-15,9320,2021-06-05,0025,022544,,6,3,9,0700,0,2,4,,2,096,"VASCO ROAD","COUNTY LINE",150.00,N,N,A,-,Y,,,,,,,,,,Y,3,0,1,1,A,-,08,22107,,N,F,J,A,A,H,-,D,A,0,,,,,Y,,A,01,0,1,0,0,0,0,0,0,0,"- ","- ",37.778530120849609,-121.7142333984375,"CONTRA COSTA",UNINCORPORATED,,
91497155,2021,2021-06-15,9320,2021-06-07,0030,022568,,1,3,5,0701,0,1,3,,2,405,"SR-4 WESTBOUND","LAUREL RD",792.00,E,N,A,-,Y,,,4,,,,,,W,Y,4,0,2,2,A,-,03,22350,,N,C,C,A,A,H,-,D,A,0,,,,,Y,,A,07,0,0,2,0,0,0,0,0,0,"- ","- ",37.976589202880859,-121.74212646484375,"CONTRA COSTA",ANTIOCH,-121.74225616455078,37.97650146484375
91497188,2021,2021-06-15,9320,2021-06-05,0140,022568,,6,3,4,0714,0,1,3,,2,402,"SR-4 W/B","PACHECO BLVD",100.00,E,N,A,-,Y,,,4,,,,,,W,Y,2,0,1,2,A,-,08,22107,,F,B,C,A,A,D,-,C,A,0,,,Y,,Y,Y,-,99,1,0,0,0,0,0,0,0,1,"- ","- ",37.993400573730469,-122.07356262207031,"CONTRA COSTA",MARTINEZ,-122.07356262207031,37.993404388427734
91497189,2021,2021-06-15,9320,2021-06-05,1238,021499,,6,1,9,0700,0,3,5,,2,020,"APPIAN WAY","MANOR RD",20.00,S,N,A,-,N,,,,,,,,,,N,3,0,1,2,A,-,05,21650,,N,D,G,A,A,H,-,A,A,0,,Y,,,Y,,L,04,0,1,0,0,0,0,1,0,0,"- ","- ",37.982330322265625,-122.29705047607422,"CONTRA COSTA",UNINCORPORATED,-122.29710388183594,37.982315063476562
91497351,2021,2021-06-15,9320,2021-06-07,1258,017530,,1,1,9,0700,0,1,3,,1,406,"SR4 WB","WALNUT BLVD",350.00,E,N,A,-,Y,,,4,,,,,,W,Y,4,0,2,2,A,-,03,22350,,N,C,C,A,A,H,-,A,A,0,,,,,Y,,A,01,0,0,2,0,0,0,0,0,0,"- ","- ",37.896400451660156,-121.69436645507812,"CONTRA COSTA",UNINCORPORATED,-121.69436645507812,37.896373748779297
91497378,2021,2021-06-15,9320,2021-06-07,1410,017219,,1,2,9,0700,0,3,5,,2,060,"OLYMPIC BLVD","WINDTREE CT",300.00,E,N,A,-,N,,,,,,,,,,N,4,0,1,2,A,-,03,22350,,N,C,C,A,A,H,-,A,A,0,,,,,Y,,A,01,0,0,1,0,0,0,0,0,0,"- ","- ",37.885608673095703,-122.08859252929688,"CONTRA COSTA",UNINCORPORATED,-122.08830261230469,37.885498046875
91497420,2021,2021-06-15,9320,2021-06-07,1555,017219,,1,2,3,0715,0,1,3,,2,241,"SR-24 E/B","PLEASANT HILL RD",1056.00,E,N,A,-,Y,,,24,,,,,,E,Y,4,0,1,2,A,-,03,22350,,N,C,C,A,A,H,-,A,A,0,,,,,Y,,A,01,0,0,1,0,0,0,0,0,0,"- ","- ",37.897659301757812,-122.09121704101562,"CONTRA COSTA",LAFAYETTE,-122.09121704101562,37.897682189941406
91497470,2021,2021-06-15,9320,2021-06-08,1045,020949,,2,1,9,0700,0,2,4,,2,012,"SAN PABLO DAM ROAD","LEISURE LANE",0.00,,Y,A,-,N,,,,,,,,,,Y,4,0,1,2,A,-,09,21804,A,N,D,C,A,A,H,-,A,D,0,,,,,Y,,A,07,0,0,1,0,0,0,0,0,0,"- ","- ",37.963218688964844,-122.28971099853516,"CONTRA COSTA",UNINCORPORATED,-122.29029846191406,37.963294982910156
91497603,2021,2021-06-15,9320,2021-06-08,1654,017219,,2,2,3,0715,0,1,3,,2,241,"SR-24 W/B","EL NIDO RANCH RD U/C",2112.00,E,N,A,-,Y,,,24,,,,,,W,N,2,0,1,2,A,-,11,21954,A,N,G,B,D,A,H,-,A,A,0,Y,,,,Y,,N,60,1,0,0,0,1,0,0,0,0,"- ","- ",37.890830993652344,-122.13758087158203,"CONTRA COSTA",LAFAYETTE,-122.1375732421875,37.890884399414062
91497839,2021,2021-06-15,9370,2021-05-29,2130,022392,,6,2,5,0710,0,1,1,,2,082,"I-80 E/B","MACDONALD AVE",820.00,W,N,A,-,Y,,,80,,,,,,E,N,3,0,4,5,A,-,01,23152,A,F,C,C,A,A,H,-,C,D,0,,,,,Y,Y,A,01,0,2,2,0,0,0,0,0,0,"- ","- ",37.930599212646484,-122.32436370849609,"CONTRA COSTA",RICHMOND,-122.32438659667969,37.930580139160156
91497872,2021,2021-06-16,9370,2021-06-08,0720,018499,,2,1,5,0710,0,1,1,,2,058,"I-580 W/B","MARINA WAY",500.00,W,N,A,-,Y,,,580,,,,,,W,N,4,0,2,4,A,-,03,22350,,N,C,C,A,A,H,-,A,D,0,,,,,Y,,D,22,0,0,2,0,0,0,0,0,0,"- ","- ",37.922531127929688,-122.35723114013672,"CONTRA COSTA",RICHMOND,-122.35726165771484,37.922420501708984
91498103,2021,2021-06-16,9320,2021-06-02,1510,022013,,3,2,6,0704,0,1,3,,2,242,"SR-242 S/B","OLIVERA RD",590.00,N,N,A,-,Y,,,242,,,,,,S,Y,3,0,4,2,A,-,03,22350,,N,C,C,A,A,H,-,A,D,0,,,,,Y,,A,01,0,2,2,0,0,0,0,0,0,"- ","- ",37.998699188232422,-122.03852844238281,"CONTRA COSTA",CONCORD,-122.03837585449219,37.998664855957031
91498104,2021,2021-06-16,9320,2021-06-07,0820,022240,,1,1,6,0704,0,1,S,,2,493,"I-680 S/B",SR-242,600.00,N,N,A,-,Y,,,680,,,,,,S,Y,4,0,2,3,A,-,03,22350,,N,C,C,A,A,H,-,A,D,0,,,,,Y,,A,01,0,0,2,0,0,0,0,0,0,"- ","- ",37.960540771484375,-122.05314636230469,"CONTRA COSTA",CONCORD,-122.05311584472656,37.960556030273438
91498116,2021,2021-06-16,9320,2021-06-07,0850,022240,,1,1,6,0704,0,1,1,,2,683,"I-680 S/B",SR-242,550.00,N,N,A,-,Y,,,680,,,,,,S,Y,4,0,1,3,A,-,03,22350,,N,C,C,A,A,H,-,A,D,0,,,,,Y,,A,01,0,0,1,0,0,0,0,0,0,"- ","- ",37.960670471191406,-122.05313873291016,"CONTRA COSTA",CONCORD,-122.05316162109375,37.960659027099609
91498127,2021,2021-06-16,9320,2021-06-06,1855,022463,,7,2,9,0700,0,1,3,,2,403,"SR-4 W/B TO BAILEY ROAD SOUTH","BAILEY ROAD UNDERCROSSING",270.00,W,N,A,-,Y,,,4,,,,R,,W,Y,4,0,1,1,A,-,03,22350,,N,E,I,A,A,H,-,A,A,0,,,,,Y,,A,01,0,0,1,0,0,0,0,0,0,"- ","- ",38.019451141357422,-121.94306945800781,"CONTRA COSTA",UNINCORPORATED,-121.94306945800781,38.019451141357422
91498288,2021,2021-06-16,9320,2021-05-27,1020,020009,,4,1,3,0715,0,1,3,,2,241,"SR-24 E/B","PLEASANT HILL RD",100.00,W,N,A,-,Y,,,24,,,,,,E,N,4,0,1,1,A,-,08,22107,,N,E,I,A,A,H,-,A,A,0,,,,,Y,,A,01,0,0,1,0,0,0,0,0,0,"- ","- ",37.897441864013672,-122.09661865234375,"CONTRA COSTA",LAFAYETTE,-122.09661865234375,37.897529602050781
91498623,2021,2021-06-16,9320,2021-06-04,1900,021949,,5,2,9,0700,0,2,4,,2,072,"BAILEY RD. NORTHBOUND","CANAL RD.",0.00,,Y,A,-,N,,,,,,,,,,Y,4,0,2,2,A,-,12,21453,A,N,D,C,A,A,H,-,A,A,0,,,,,Y,,A,01,0,0,2,0,0,0,0,0,0,"- ","- ",38.020259857177734,-121.94184875488281,"CONTRA COSTA",UNINCORPORATED,-121.94187927246094,38.021560668945312
91498882,2021,2021-09-20,9370,2021-06-09,0945,021645,,3,1,4,0711,0,1,1,,2,082,"I-80 W/B","SAN PABLO DAM ROAD",1150.00,W,N,A,-,Y,,,80,,,,,,W,Y,3,0,2,2,A,-,07,21658,A,N,B,2,A,A,H,-,A,D,0,,,Y,,Y,,A,01,0,1,1,0,0,0,0,0,1,"- ","- ",37.953071594238281,-122.32823944091797,"CONTRA COSTA","SAN PABLO",-122.32830047607422,37.953037261962891
91499262,2021,2021-06-17,9320,2021-06-09,0810,017271,,3,1,3,0715,0,1,3,,2,241,"SR-24 W/B","BROWN AVE U/C",100.00,E,N,A,B,Y,,,24,,,,,,W,Y,3,0,1,4,A,-,03,22350,,N,C,C,A,A,H,-,A,D,0,,,,,Y,,A,01,0,1,0,0,0,0,0,0,0,"- ","- ",37.895851135253906,-122.11000061035156,"CONTRA COSTA",LAFAYETTE,-122.11001586914062,37.895950317382812
91499313,2021,2021-06-17,9320,2021-06-05,1420,022082,,6,2,9,0700,0,3,5,,2,030,"CARQUINEZ SCENIC DR.","CANYON LAKE DR.",300.00,N,N,A,-,N,,,,,,,,,,N,3,0,1,1,A,-,08,22107,,N,E,I,A,A,A,-,A,A,0,,Y,,,Y,,L,04,0,1,0,0,0,0,1,0,0,"- ","- ",38.046138763427734,-122.19149780273438,"CONTRA COSTA",UNINCORPORATED,-122.19144439697266,38.046131134033203
91499353,2021,2021-06-17,9350,2021-06-11,1026,016034,,5,1,9,0700,0,1,1,,2,115,"I-580 W/B","RICHMOND-SAN RAFAEL BRIDGE TOLL PLAZA",5808.00,W,N,A,-,Y,,,,,,,,,,Y,4,0,1,3,A,-,03,22350,,N,C,C,A,A,H,-,A,D,0,,,,,Y,,D,22,0,0,1,0,0,0,0,0,0,"- ","- ",37.933639526367188,-122.42240142822266,"CONTRA COSTA",UNINCORPORATED,,
91499371,2021,2021-06-17,9320,2021-06-06,2100,022282,,7,2,4,0790,0,1,1,,2,681,"I-680 S/B","DIABLO ROAD",1000.00,N,N,A,-,Y,,,680,,,,,,S,Y,3,0,2,2,A,-,08,22107,,N,E,C,A,A,H,-,C,A,0,,,,,Y,,A,01,0,2,0,0,0,0,0,0,0,"- ","- ",37.823390960693359,-121.99391937255859,"CONTRA COSTA",DANVILLE,-121.99394989013672,37.823379516601562
9149969,2020,2020-09-24,0710,2020-06-07,1600,1426,NORTH,7,5,5,0710,0,0,0,,0,008,"HILLTOP DR","BLUME DR",0.00,,Y,A,-,N,,,,,,,,,,Y,4,0,3,2,A,-,12,21453,A,N,A,C,A,A,H,-,A,A,0,,,,,Y,,A,01,0,0,3,0,0,0,0,0,0,"- ","- ",,,"CONTRA COSTA",RICHMOND,-122.32424926757812,37.976829528808594
9149973,2020,2020-09-24,0710,2020-06-07,1905,1655,CENTR,7,5,5,0710,0,0,0,,0,005,"12TH ST","BARRETT AV",0.00,,Y,A,-,N,,,,,,,,,,N,4,0,1,2,A,-,03,22350,,N,D,C,A,A,H,-,A,A,0,,,,Y,Y,Y,F,86,0,0,1,0,0,0,0,0,0,"- ","- ",37.938411712646484,-122.35787963867188,"CONTRA COSTA",RICHMOND,-122.35806274414062,37.938499450683594
9149977,2020,2020-09-24,0710,2020-06-10,1801,1687,CENTR,3,5,5,0710,0,0,0,,0,005,"LINCOLN AV","13TH ST",13.00,E,N,A,-,N,,,,,,,,,,N,4,0,1,2,A,-,17,21461,A,N,D,G,A,A,H,-,A,A,0,,Y,,,Y,,L,04,0,0,1,0,0,0,1,0,0,"- ","- ",37.946079254150391,-122.35752868652344,"CONTRA COSTA",RICHMOND,-122.35737609863281,37.945980072021484
9149981,2020,2020-09-24,0710,2020-06-13,1849,1546,SOUTH,6,5,5,0710,0,0,0,,0,002,"HOFFMAN BL","S 22ND ST",0.00,,Y,A,-,N,,,,,,,,,,,2,0,1,1,A,-,08,22107,,N,E,I,A,A,H,-,A,D,0,,,Y,,Y,,C,02,1,0,0,0,0,0,0,0,1,"- ","- ",,,"CONTRA COSTA",RICHMOND,-122.34858703613281,37.922538757324219
91499810,2021,2021-06-17,9390,2021-06-07,0447,022198,,1,3,4,0790,0,1,1,,2,068,"I-680 N/B","SYCAMORE VALLEY RD",2100.00,S,N,B,-,Y,,,680,,,,,,N,Y,4,0,1,1,A,-,01,23152,A,N,E,I,A,A,H,-,D,D,0,,,,,Y,Y,A,01,0,0,1,0,0,0,0,0,0,"- ","- ",37.805599212646484,-121.99028778076172,"CONTRA COSTA",DANVILLE,-121.99032592773438,37.805583953857422
91499818,2021,2021-06-17,9390,2021-06-07,0452,022198,,1,3,4,0791,0,1,1,,2,068,"I-680 N/B","SYCAMORE VALLEY ROAD",2080.00,S,N,B,-,Y,,,,,,,,,,Y,2,0,2,2,A,-,03,22350,,N,C,C,A,A,H,-,D,B,0,,,,,Y,Y,A,01,1,1,0,0,0,0,0,0,0,"- ","- ",37.805599212646484,-121.99028778076172,"CONTRA COSTA","SAN RAMON",-121.99150085449219,37.808368682861328
91499864,2021,2021-06-17,9390,2021-06-07,0456,022198,,1,3,4,0790,0,1,1,,2,068,"I-680 N/B","SOUTH OF SYCAMORE VALLEY RD",0.00,,N,B,-,Y,,,680,,,,,,N,N,3,0,1,2,A,-,03,22350,,N,B,C,A,A,H,-,D,D,0,,,,,Y,,A,01,0,1,0,0,0,0,0,0,0,"- ","- ",37.805599212646484,-121.99028778076172,"CONTRA COSTA",DANVILLE,-121.99032592773438,37.805583953857422
91500154,2021,2021-06-18,9320,2021-06-04,1714,022462,,5,2,9,0700,0,2,4,,2,097,SR-4,"MARSH CREEK RD",0.00,,Y,A,-,N,,,4,,,,,,,Y,4,0,2,2,D,-,00,,,N,A,C,A,A,H,-,A,A,0,,,,,Y,,-,"- ",0,0,2,0,0,0,0,0,0,"- ","- ",37.895748138427734,-121.71280670166016,"CONTRA COSTA",UNINCORPORATED,-121.71273040771484,37.895885467529297
91500158,2021,2021-06-18,9320,2021-06-11,0301,021519,,5,3,5,0701,0,1,S,,2,493,"SR-4 E/B","SR-160 S/B TO SR-4 E/B",470.00,W,N,A,-,Y,,,4,,,,,,E,Y,2,0,2,1,A,-,08,22107,,N,F,A,A,A,H,-,D,D,0,,,,,Y,,A,01,1,0,1,0,0,0,0,0,0,"- ","- ",37.990131378173828,-121.75733184814453,"CONTRA COSTA",ANTIOCH,-121.75732421875,37.990211486816406
91500172,2021,2021-06-18,9320,2021-06-11,2350,022568,,5,3,6,0704,0,1,3,,2,402,"SR-4 E/B","PORT CHICAGO HIGHWAY",1320.00,W,N,A,-,Y,,,4,,,,,,E,Y,4,0,1,1,A,-,01,23152,A,N,E,C,A,A,H,-,C,A,0,,,,,Y,Y,A,01,0,0,1,0,0,0,0,0,0,"- ","- ",38.008460998535156,-122.02912902832031,"CONTRA COSTA",CONCORD,-122.02914428710938,38.008529663085938
91500184,2021,2021-06-18,9320,2021-06-10,0615,021499,,4,1,9,0700,0,1,3,,2,401,"SR-4 E/B","FRANKLIN CANYON RD",2500.00,E,N,A,-,Y,,,4,,,,,,E,N,3,0,1,1,A,-,08,22107,,N,F,I,A,A,H,-,A,D,0,,,,,Y,,A,01,0,1,0,0,0,0,0,0,0,"- ","- ",38.007778167724609,-122.219970703125,"CONTRA COSTA",UNINCORPORATED,-122.21996307373047,38.007888793945312
91500226,2021,2021-06-18,9320,2021-06-13,1055,022116,,7,1,9,0700,0,1,3,,2,404,"SR-4 E/B","SOMERSVILLE RD",3700.00,W,N,A,-,Y,,,,,,,,,,Y,2,0,4,2,A,-,03,22350,,N,C,C,A,A,H,-,A,D,0,,,,,Y,,A,07,1,0,3,0,0,0,0,0,0,"- ","- ",38.007179260253906,-121.84990692138672,"CONTRA COSTA",UNINCORPORATED,-121.83837890625,38.003948211669922
91500745,2021,2021-06-18,9390,2021-06-14,1540,019740,,1,2,9,0700,0,2,4,,2,112,"CAMINO TASSAJARA","HIGHLAND ROAD",800.00,N,N,A,-,N,,,,,,,,,,N,3,0,3,1,A,-,08,22107,,N,E,I,A,A,H,-,A,D,0,,,,,Y,,A,08,0,3,0,0,0,0,0,0,0,"- ","- ",37.776821136474609,-121.86171722412109,"CONTRA COSTA",UNINCORPORATED,-121.86211395263672,37.778011322021484
91501137,2021,2021-06-21,9370,2021-06-04,2045,022567,,5,2,3,0705,0,1,1,,2,082,"I-80 W/B","CUTTING BOULEVARD",989.00,E,N,A,-,Y,,,80,,,,,,W,Y,3,0,2,2,A,-,08,22107,,N,C,E,A,A,H,-,C,D,0,,,,,Y,,A,01,0,1,1,0,0,0,0,0,0,"- ","- ",37.92559814453125,-122.32150268554688,"CONTRA COSTA","EL CERRITO",-122.32132720947266,37.925727844238281
91501251,2021,2021-07-22,9320,2021-06-10,0805,022116,,4,1,9,0700,0,3,5,,2,020,"I-680 S/B","PARKSIDE DR",250.00,N,N,A,-,Y,,,,,,,,,,N,4,0,1,3,A,-,03,22350,,N,C,C,A,A,H,-,A,D,0,,,,,Y,,A,01,0,0,1,0,0,0,0,0,0,"- ","- ",37.911590576171875,-122.06775665283203,"CONTRA COSTA",UNINCORPORATED,-122.06769561767578,37.911590576171875
91501261,2021,2021-06-21,9320,2021-06-09,1627,022282,,3,2,6,0704,0,1,3,,2,402,"SR-4 E/B","SOLANO WAY",1500.00,E,N,A,-,Y,,,4,,,,,,E,N,4,0,1,2,A,-,03,22350,,M,C,C,A,A,H,-,A,A,0,,,,,Y,,-,99,0,0,1,0,0,0,0,0,0,"- ","- ",38.002059936523438,-122.04817962646484,"CONTRA COSTA",CONCORD,-122.04819488525391,38.002128601074219
91501461,2021,2021-06-21,9320,2021-06-12,1637,022467,,6,2,9,0700,0,3,5,,2,075,"PAMELA DRIVE","TINA ST",68.00,E,N,A,-,N,,,,,,,,,,N,4,0,1,2,A,-,08,22107,,N,C,E,A,A,H,-,A,D,0,,,,,Y,,A,07,0,0,1,0,0,0,0,0,0,"- ","- ",38.030651092529297,-121.95249176025391,"CONTRA COSTA",UNINCORPORATED,-121.95256042480469,38.030620574951172
91501646,2021,2021-06-21,9320,2021-06-13,1638,022119,,7,2,3,0703,0,2,4,,2,077,"MARSH CREEK ROAD","JOHN MARSH ROAD",1056.00,W,N,A,-,N,,,,,,,,,,Y,4,0,1,1,A,-,08,22107,,N,F,A,A,A,H,-,A,A,0,,,,,Y,,A,01,0,0,1,0,0,0,0,0,0,"- ","- ",37.894428253173828,-121.79669952392578,"CONTRA COSTA",CLAYTON,-121.79667663574219,37.894416809082031
91501670,2021,2021-06-21,9320,2021-06-12,1905,022463,,6,2,3,0707,0,1,1,,2,180,"I-80 E/B","APPIAN WAY",920.00,E,N,A,-,Y,,,80,,,,,,E,N,4,0,1,2,A,-,07,21658,A,F,B,2,A,A,H,-,A,A,0,,,,,Y,,-,99,0,0,1,0,0,0,0,0,0,"- ","- ",37.993728637695312,-122.29831695556641,"CONTRA COSTA",PINOLE,-122.29833221435547,37.993808746337891
91501819,2021,2021-06-21,9320,2021-06-13,1800,022119,,7,2,3,0702,0,1,3,,2,405,"EASTBOUND SR-4","MARSH CREEK ROAD",30.00,W,N,A,-,Y,,,,,,,,,,Y,4,0,1,2,A,-,08,22107,,N,B,C,A,A,H,-,A,A,0,,,,,Y,,A,07,0,0,1,0,0,0,0,0,0,"- ","- ",37.895858764648438,-121.712890625,"CONTRA COSTA",BRENTWOOD,-121.71279144287109,37.895839691162109
91502469,2021,2021-06-22,9320,2021-06-14,0005,022138,,1,3,9,0700,0,2,4,,2,072,"BAILEY ROAD N/B","PLACER DRIVE",0.00,,Y,B,-,N,,,,,,,,,,Y,4,0,1,2,A,-,09,21804,B,M,D,C,A,A,H,-,C,D,0,,,,,Y,,D,22,0,0,1,0,0,0,0,0,0,"- ","- ",38.026401519775391,-121.94200897216797,"CONTRA COSTA",UNINCORPORATED,-121.94184875488281,38.024467468261719
91502506,2021,2021-06-22,9320,2021-06-15,0825,019546,,2,1,9,0700,0,2,4,,2,032,"CROCKETT BOULEVARD","POMONA STREET",4707.00,S,N,A,-,N,,,,,,,,,,Y,3,0,1,1,A,-,08,22107,,N,E,I,A,A,H,-,A,D,0,,,,,Y,,A,01,0,1,0,0,0,0,0,0,0,"- ","- ",38.041309356689453,-122.21540832519531,"CONTRA COSTA",UNINCORPORATED,-122.21526336669922,38.041065216064453
91502522,2021,2021-06-22,9320,2021-06-15,0910,022240,,2,1,4,0709,0,1,1,,2,683,"I-680 S/B","MONUMENT BLVD",200.00,N,N,A,-,Y,,,680,,,,,,S,Y,4,0,2,4,A,-,03,22350,,N,C,C,A,A,H,-,A,D,0,,,,,Y,,A,01,0,0,2,0,0,0,0,0,0,"- ","- ",37.944839477539062,-122.05850219726562,"CONTRA COSTA","PLEASANT HILL",-122.05855560302734,37.944866180419922
91502523,2021,2021-06-22,9320,2021-06-15,0520,022076,,2,3,9,0700,0,1,1,,2,180,"SAN PABLO DAM RD","GREENRIDGE DR",0.00,,Y,A,-,N,,,,,,,,,,Y,4,0,2,2,A,-,09,21802,A,N,D,C,A,A,H,-,A,A,0,,,,,Y,,A,01,0,0,2,0,0,0,0,0,0,"- ","- ",37.963958740234375,-122.29608917236328,"CONTRA COSTA",UNINCORPORATED,-122.29598999023438,37.963951110839844
91502536,2021,2021-06-22,9320,2021-06-15,0916,020834,,2,1,6,0704,0,1,3,,2,242,"SR-242 S/B","SOLANO WAY",80.00,N,N,A,-,Y,,,242,,,,,,S,Y,4,0,2,2,A,-,03,22350,,N,C,C,A,A,H,-,A,D,0,,,,,Y,,A,01,0,0,2,0,0,0,0,0,0,"- ","- ",37.989391326904297,-122.04038238525391,"CONTRA COSTA",CONCORD,-122.04039764404297,37.989395141601562
91502658,2021,2021-06-22,9320,2021-06-11,1150,020009,,5,1,9,0700,0,3,5,,2,060,"LA SERENA AVE","IRON HORSE TRAIL",0.00,,Y,A,-,N,,,,,,,,,,N,3,0,1,2,A,-,12,22450,A,F,D,C,A,A,H,-,A,A,0,,Y,,,Y,,L,04,0,1,0,0,0,0,1,0,0,"- ","- ",37.844001770019531,-122.0281982421875,"CONTRA COSTA",UNINCORPORATED,-122.02819061279297,37.843990325927734
91503028,2021,2021-06-22,9320,2021-06-03,0740,017271,,4,1,5,0712,0,1,1,,2,682,"I-680 S/B","NORTH MAIN ST O/C",1000.00,N,N,A,-,Y,,,680,,,,,,S,N,4,0,1,2,A,-,07,21658,A,M,C,C,A,A,H,-,A,D,0,,,,,Y,,A,01,0,0,1,0,0,0,0,0,0,"- ","- ",37.929298400878906,-122.060302734375,"CONTRA COSTA","WALNUT CREEK",-122.06051635742188,37.929313659667969
9150453,2020,2020-10-10,0711,2020-08-22,2318,S1062,BAY,6,5,4,0711,0,0,0,,0,001,"RUMRILL BL","ROAD 20",0.00,,Y,A,-,N,,,,,,,,,,Y,4,0,1,2,A,-,09,21801,A,F,C,C,A,A,H,-,C,D,0,,,Y,,Y,,A,01,0,0,1,0,0,0,0,0,1,"- ","- ",37.965141296386719,-122.35373687744141,"CONTRA COSTA","SAN PABLO",-122.35389709472656,37.965198516845703
91504556,2021,2021-06-23,9320,2021-06-13,2128,021710,,7,2,9,0700,0,1,1,,2,180,"I-80 E/B","CUMMINGS SKYWAY",850.00,W,N,A,-,Y,,,80,,,,,,E,Y,2,0,1,1,A,-,01,23152,A,N,F,I,A,A,H,-,C,D,0,,,,,Y,Y,A,01,1,0,0,0,0,0,0,0,0,"- ","- ",38.043678283691406,-122.24008178710938,"CONTRA COSTA",UNINCORPORATED,-122.2401123046875,38.043727874755859
91504624,2021,2021-06-23,9320,2021-06-16,1520,022282,,3,2,6,0704,0,1,3,,2,242,SR-242,SR-4,300.00,S,N,A,-,Y,,,242,,,,,,,Y,3,0,1,4,A,-,03,22350,,N,C,C,A,A,H,-,A,A,0,,,,,Y,,A,07,0,1,0,0,0,0,0,0,0,"- ","- ",38.005359649658203,-122.03587341308594,"CONTRA COSTA",CONCORD,-122.03586578369141,38.005352020263672
91504654,2021,2021-06-23,9370,2021-06-22,0840,021645,,2,1,3,0705,0,1,1,,2,082,"I-80 W/B","CUTTING BOULEVARD",385.00,W,N,B,-,Y,,,80,,,,,,W,Y,4,0,1,3,A,-,03,22350,,N,C,C,A,A,H,-,A,D,0,,,,,Y,,A,01,0,0,1,0,0,0,0,0,0,"- ","- ",37.924449920654297,-122.32032012939453,"CONTRA COSTA","EL CERRITO",-122.32037353515625,37.924411773681641