CASE_ID,ACCIDENT_YEAR,PROC_DATE,JURIS,COLLISION_DATE,COLLISION_TIME,OFFICER_ID,REPORTING_DISTRICT,DAY_OF_WEEK,CHP_SHIFT,POPULATION,CNTY_CITY_LOC,SPECIAL_COND,BEAT_TYPE,CHP_BEAT_TYPE,CITY_DIVISION_LAPD,CHP_BEAT_CLASS,BEAT_NUMBER,PRIMARY_RD,SECONDARY_RD,DISTANCE,DIRECTION,INTERSECTION,WEATHER_1,WEATHER_2,STATE_HWY_IND,CALTRANS_COUNTY,CALTRANS_DISTRICT,STATE_ROUTE,ROUTE_SUFFIX,POSTMILE_PREFIX,POSTMILE,LOCATION_TYPE,RAMP_INTERSECTION,SIDE_OF_HWY,TOW_AWAY,COLLISION_SEVERITY,NUMBER_KILLED,NUMBER_INJURED,PARTY_COUNT,PRIMARY_COLL_FACTOR,PCF_CODE_OF_VIOL,PCF_VIOL_CATEGORY,PCF_VIOLATION,PCF_VIOL_SUBSECTION,HIT_AND_RUN,TYPE_OF_COLLISION,MVIW,PED_ACTION,ROAD_SURFACE,ROAD_COND_1,ROAD_COND_2,LIGHTING,CONTROL_DEVICE,CHP_ROAD_TYPE,PEDESTRIAN_ACCIDENT,BICYCLE_ACCIDENT,MOTORCYCLE_ACCIDENT,TRUCK_ACCIDENT,NOT_PRIVATE_PROPERTY,ALCOHOL_INVOLVED,STWD_VEHTYPE_AT_FAULT,CHP_VEHTYPE_AT_FAULT,COUNT_SEVERE_INJ,COUNT_VISIBLE_INJ,COUNT_COMPLAINT_PAIN,COUNT_PED_KILLED,COUNT_PED_INJURED,COUNT_BICYCLIST_KILLED,COUNT_BICYCLIST_INJURED,COUNT_MC_KILLED,COUNT_MC_INJURED,PRIMARY_RAMP,SECONDARY_RAMP,LATITUDE,LONGITUDE,COUNTY,CITY,POINT_X,POINT_Y
91569445,2021,2021-09-14,9370,2021-09-04,0040,022529,,6,3,4,0711,0,1,1,,2,083,"I-80 E/B","SAN PABLO DAM ROAD",2430.00,E,N,A,-,Y,,,80,,,,,,E,Y,4,0,1,3,C,-,18,,,N,B,C,A,A,H,-,D,D,0,,,,,Y,,-,"- ",0,0,1,0,0,0,0,0,0,"- ","- ",37.962730407714844,-122.32846832275391,"CONTRA COSTA","SAN PABLO",-122.32846832275391,37.962722778320312
91569822,2021,2021-09-14,9370,2021-09-02,1137,022309,,4,1,4,0711,0,1,1,,2,083,"I-80 W/B","EL PORTAL DR",1309.00,E,N,A,-,Y,,,,,,,,,,Y,3,0,4,4,A,-,07,21658,A,N,B,2,A,A,H,-,A,D,0,,,,,Y,,A,01,0,3,1,0,0,0,0,0,0,"- ","- ",37.969669342041016,-122.32070922851562,"CONTRA COSTA","SAN PABLO",-122.32079315185547,37.969585418701172
9157037,2020,2020-10-28,0700,2020-06-09,1359,OA029,,2,5,3,0734,0,0,0,,0,052,"MAIN ST","BROWNSTONE RD",0.00,,Y,A,-,N,,,,,,,,,,Y,4,0,1,2,A,-,12,22450,A,N,D,C,A,A,H,-,A,D,0,,,,,Y,,A,01,0,0,1,0,0,0,0,0,0,"- ","- ",,,"CONTRA COSTA",OAKLEY,-121.69602203369141,37.971321105957031
91570770,2021,2021-09-15,9350,2021-09-09,1014,016034,,4,1,9,0700,0,1,1,,2,115,"I-580 W/B","RICHMOND-SAN RAFAEL BRIDGE TOLL PLAZA",21.00,E,N,A,-,Y,,,,,,,,,,Y,2,0,1,1,A,-,08,22107,,N,E,I,A,A,H,-,A,D,0,,,,,Y,,D,22,1,0,0,0,0,0,0,0,0,"- ","- ",37.932479858398438,-122.40319061279297,"CONTRA COSTA",UNINCORPORATED,,
91570772,2021,2021-09-15,9320,2021-09-06,1900,022544,,1,2,9,0700,0,3,5,,2,075,"EVORA ROAD","POMO ST",400.00,W,N,A,-,N,,,,,,,,,,Y,3,0,1,2,A,-,08,22107,,N,B,C,A,A,H,-,A,A,0,,,,,Y,,A,07,0,1,0,0,0,0,0,0,0,"- ","- ",38.024578094482422,-121.96858978271484,"CONTRA COSTA",UNINCORPORATED,-121.96734619140625,38.024494171142578
91570788,2021,2021-09-15,9320,2021-09-07,0810,018628,,2,1,6,0704,0,1,3,,2,402,SR-4,"PORT CHICAGO HWY",100.00,E,N,A,-,Y,,,4,,,,,,,N,4,0,1,2,A,-,03,22350,,N,C,C,A,A,H,-,A,A,0,,,,,Y,,D,22,0,0,1,0,0,0,0,0,0,"- ","- ",38.011039733886719,-122.01548004150391,"CONTRA COSTA",CONCORD,-122.01548004150391,38.011020660400391
91571122,2021,2021-09-15,9320,2021-09-03,0755,017271,,5,1,9,0700,0,2,4,,2,062,"STONE VALLEY ROAD","I-680 N/B WEST OFF-RAMP",0.00,,Y,B,-,Y,,,,,,,,,,N,3,0,1,2,A,-,05,21650,,N,D,G,A,A,H,-,A,D,0,,Y,,,Y,,L,04,0,1,0,0,0,0,1,0,0,"- ","- ",37.851768493652344,-122.02781677246094,"CONTRA COSTA",UNINCORPORATED,-122.02875518798828,37.851505279541016
91571434,2021,2021-09-15,9370,2021-09-07,0825,022309,,2,1,9,0700,0,2,4,,1,011,"SAN PABLO AVE","O'CONNOR DR.",202.00,N,N,A,-,N,,,,,,,,,,Y,4,0,1,1,A,-,01,23152,F,N,E,I,A,A,H,-,A,D,0,,,,,Y,,A,08,0,0,1,0,0,0,0,0,0,"- ","- ",38.001331329345703,-122.31887817382812,"CONTRA COSTA",UNINCORPORATED,-122.31904602050781,38.001468658447266
91571755,2021,2021-09-16,9320,2021-09-08,2240,020440,,3,3,3,0702,0,1,3,,2,405,"SR-4 E/B","BALFOUR RD",2490.00,W,N,A,-,Y,,,4,,,,,,E,Y,3,0,1,1,A,-,08,22107,,N,E,I,A,A,H,-,D,D,0,,,,,Y,,A,01,0,1,0,0,0,0,0,0,0,"- ","- ",37.931850433349609,-121.73638153076172,"CONTRA COSTA",BRENTWOOD,-121.73587036132812,37.932094573974609
91571845,2021,2021-09-16,9320,2021-08-25,1519,020649,,3,2,9,0700,0,2,4,,2,077,"MARSH CREEK ROAD","ROYAL OAKS DRIVE",1584.00,W,N,A,-,N,,,,,,,,,,Y,4,0,1,2,A,-,08,22107,,N,B,C,A,A,H,-,A,A,0,,,,,Y,,A,07,0,0,1,0,0,0,0,0,0,"- ","- ",37.885158538818359,-121.83656311035156,"CONTRA COSTA",UNINCORPORATED,-121.837467,37.885311999999999
91572571,2021,2021-09-17,9370,2021-09-08,0828,021766,,3,1,4,0711,0,1,1,,2,083,"I-80 W/B","SAN PABLO DAM RD.",1260.00,E,N,B,-,Y,,,80,,,,,,W,N,4,0,1,2,A,-,03,22350,,N,C,C,A,A,H,-,A,A,0,,,,,Y,,A,01,0,0,1,0,0,0,0,0,0,"- ","- ",37.959419250488281,-122.33070373535156,"CONTRA COSTA","SAN PABLO",-122.33076477050781,37.959430694580078
91572592,2021,2021-09-17,9320,2021-09-07,0940,016563,,2,1,5,0712,0,1,1,,2,682,"I-680 S/B","TREAT BLVD",300.00,N,N,A,-,Y,,,680,,,,,,S,Y,3,0,2,2,A,-,07,21658,A,N,C,2,A,A,H,-,A,A,0,,,,,Y,,A,07,0,1,1,0,0,0,0,0,0,"- ","- ",37.926601409912109,-122.06069183349609,"CONTRA COSTA","WALNUT CREEK",-122.060791015625,37.926612854003906
91572594,2021,2021-09-17,9320,2021-09-10,1525,022459,,5,2,9,0700,0,3,5,,2,020,"PINEHURST ROAD","CANYON ROAD",6000.00,S,N,A,-,N,,,,,,,,,,Y,2,0,1,2,A,-,05,21752,A,N,A,C,A,A,H,-,A,A,0,,,Y,,Y,,C,02,1,0,0,0,0,0,0,0,1,"- ","- ",37.803459167480469,-122.13760375976562,"CONTRA COSTA",UNINCORPORATED,-122.13860321044922,37.805137634277344
91572595,2021,2021-09-17,9320,2021-09-10,1530,022127,,5,2,5,0701,0,1,3,,2,405,"SR-4 EASTBOUND","LAUREL RD.",500.00,W,N,A,-,Y,,,4,,,,,,E,N,3,0,1,3,A,-,07,21658,A,N,B,C,A,A,H,-,A,A,0,,,Y,,Y,,D,22,0,1,0,0,0,0,0,0,1,"- ","- ",37.983051300048828,-121.74739837646484,"CONTRA COSTA",ANTIOCH,-121.74734497070312,37.983089447021484
91572602,2021,2021-09-17,9320,2021-09-11,0230,022568,,6,3,5,0708,0,1,3,,2,403,"SR-4 E/B","RAILROAD AVE",5280.00,W,N,A,-,Y,,,,,,,,,,Y,4,0,1,2,A,-,03,22350,,M,C,C,A,A,H,-,C,A,0,,,,,Y,,-,99,0,0,1,0,0,0,0,0,0,"- ","- ",38.011989593505859,-121.91255950927734,"CONTRA COSTA",PITTSBURG,-121.90720367431641,38.019866943359375
91572604,2021,2021-09-17,9320,2021-09-11,0925,021472,,6,1,4,0709,0,1,1,,2,683,"S/B I-680","MONUMENT BLVD",2040.00,N,N,A,-,Y,,,680,,,,,,,Y,3,0,1,3,A,-,03,22350,,N,C,C,A,A,H,-,A,A,0,,,Y,,Y,,A,01,0,1,0,0,0,0,0,0,1,"- ","- ",37.950859069824219,-122.05612182617188,"CONTRA COSTA","PLEASANT HILL",-122.05594635009766,37.950782775878906
91572627,2021,2021-09-17,9320,2021-09-14,0730,020984,,2,1,4,0714,0,1,1,,2,684,"I-680 S/B","MARINA VISTA AVE",3960.00,N,N,A,-,Y,,,680,,,,,,S,Y,4,0,1,3,A,-,03,22350,,N,C,2,A,A,H,-,A,A,0,,,,,Y,,A,01,0,0,1,0,0,0,0,0,0,"- ","- ",38.035381317138672,-122.11868286132812,"CONTRA COSTA",MARTINEZ,-122.11864471435547,38.035408020019531
9157265,2020,2020-11-18,0700,2020-09-09,1148,68550,57,3,5,3,0734,0,0,0,,0,052,"GOLDEN STATE PKWY","MCCLELLAND WY",44.00,W,N,F,-,N,,,,,,,,,,Y,4,0,1,2,A,-,05,21650,,N,F,E,A,A,H,-,A,D,0,,,,,Y,Y,A,07,0,0,1,0,0,0,0,0,0,"- ","- ",,,"CONTRA COSTA",OAKLEY,,
91572845,2021,2021-09-17,9320,2021-09-04,0507,022540,,6,3,9,0700,0,2,4,,2,011,"APPIAN WAY","SUNHILL CIRCLE",350.00,S,N,A,-,N,,,,,,,,,,Y,4,0,1,6,A,-,08,22107,,N,B,E,A,A,H,-,C,A,0,,,,,Y,,A,07,0,0,1,0,0,0,0,0,0,"- ","- ",37.974830627441406,-122.29972839355469,"CONTRA COSTA",UNINCORPORATED,-122.29962921142578,37.974834442138672
91572854,2021,2021-09-17,9320,2021-09-15,1140,017219,,3,1,5,0701,0,1,3,,2,404,"SR-4 E/B TO A ST","A ST.",20.00,W,N,A,-,Y,,,4,,,,R,,E,Y,3,0,4,2,A,-,03,22350,,N,C,C,A,A,H,-,A,A,0,,,,,Y,,A,01,0,4,0,0,0,0,0,0,0,"- ","- ",37.997730255126953,-121.80623626708984,"CONTRA COSTA",ANTIOCH,-121.80623626708984,37.997730255126953
91574073,2021,2021-09-20,9320,2021-09-08,1655,019914,,3,2,5,0712,0,1,1,,2,682,"NB I-680","HILLSIDE AVENUE U/C",100.00,N,N,A,-,Y,,,680,,,,,,,N,4,0,1,3,A,-,03,22350,,N,C,C,A,A,H,-,A,D,0,,,,,Y,,A,07,0,0,1,0,0,0,0,0,0,"- ","- ",37.906200408935547,-122.06909942626953,"CONTRA COSTA","WALNUT CREEK",-122.06919860839844,37.906227111816406
91574629,2021,2021-09-20,9320,2021-09-10,1500,019914,,5,2,4,0790,0,1,1,,2,681,"NB I-680","STONE VALLEY ROAD U/C",50.00,N,N,A,-,Y,,,680,,,,,,,Y,4,0,1,2,A,-,03,22350,,N,C,C,A,A,H,-,A,D,0,,,,,Y,,A,01,0,0,1,0,0,0,0,0,0,"- ","- ",37.823101043701172,-121.99355316162109,"CONTRA COSTA",DANVILLE,-121.99363708496094,37.823070526123047
91575152,2021,2021-09-21,9370,2021-09-11,1950,022375,,6,2,9,0700,0,1,3,,2,013,"MIFFLIN AVENUE","BARRANCA STREET",270.00,W,N,A,-,Y,,,,,,,,,,N,4,0,1,3,A,-,13,22515,A,N,G,1,E,A,H,-,B,D,0,Y,,,,Y,,N,60,0,0,1,0,1,0,0,0,0,"- ","- ",37.964729309082031,-122.32156372070312,"CONTRA COSTA",UNINCORPORATED,-122.32143402099609,37.964733123779297
91575189,2021,2021-09-24,9320,2021-07-07,1610,021203,,3,2,9,0700,0,1,3,,2,241,"SR-24 EASTBOUND","PLEASANT HILL ROAD",1000.00,W,N,A,-,Y,,,,,,,,,,N,4,0,1,3,A,-,03,22350,,M,C,C,A,A,H,-,A,A,0,,,,,Y,,-,99,0,0,1,0,0,0,0,0,0,"- ","- ",37.897411346435547,-122.09918975830078,"CONTRA COSTA",UNINCORPORATED,-122.09931945800781,37.897327423095703
91575268,2021,2021-09-21,9320,2021-09-11,1120,021847,,6,1,9,0700,0,1,3,,2,405,"BYRON HIGHWAY","MARSH CREEK ROAD",0.00,,Y,A,-,Y,,,,,,,,,,Y,2,0,1,2,A,-,12,21453,A,N,A,C,A,A,H,-,A,A,0,,,Y,,Y,,D,22,1,0,0,0,0,0,0,0,1,"- ","- ",37.896488189697266,-121.64138793945312,"CONTRA COSTA",UNINCORPORATED,-121.64138793945312,37.896427154541016
91575319,2021,2021-09-21,9320,2021-09-12,1830,022544,,7,2,4,0714,0,1,1,,2,683,"I-680 NB","MARINA VISTA",800.00,S,N,A,-,Y,,,,,,,,,,N,3,0,1,2,A,-,03,22350,,N,C,C,A,A,H,-,A,A,0,,,,,Y,,A,07,0,1,0,0,0,0,0,0,0,"- ","- ",38.021961212158203,-122.10344696044922,"CONTRA COSTA",MARTINEZ,-122.11284637451172,38.025646209716797
91575358,2021,2021-09-21,9320,2021-09-13,0010,022467,,1,3,9,0700,0,2,4,,2,012,"SAN PABLO DAM ROAD","TRI LANE",100.00,S,N,A,-,N,,,,,,,,,,N,3,0,1,1,C,-,18,,,N,D,H,A,A,H,-,D,D,0,,,,,Y,,-,"- ",0,1,0,0,0,0,0,0,0,"- ","- ",37.946811676025391,-122.26756286621094,"CONTRA COSTA",UNINCORPORATED,-122.26871490478516,37.948516845703125
91575410,2021,2021-09-21,9320,2021-08-05,1500,020835,,4,2,6,0704,0,1,1,,2,683,"I-680 NORTHBOUND","WILLOW PASS ROAD",300.00,N,N,A,-,Y,,,680,,,,,,N,Y,3,0,2,5,A,-,07,21658,A,N,B,C,A,A,H,-,A,D,0,,,,,Y,,A,01,0,1,1,0,0,0,0,0,0,"- ","- ",37.968551635742188,-122.05803680419922,"CONTRA COSTA",CONCORD,-122.05803680419922,37.968551635742188
91575613,2021,2021-09-21,9320,2021-09-09,2225,021519,,4,3,6,0704,0,1,1,,2,683,"I-680 N/B","MONUMENT BLVD",4030.00,N,N,A,-,Y,,,680,,,,,,N,Y,4,0,1,2,A,-,07,21658,A,N,B,C,A,A,H,-,C,A,0,,,,,Y,,A,01,0,0,1,0,0,0,0,0,0,"- ","- ",37.955970764160156,-122.05326843261719,"CONTRA COSTA",CONCORD,-122.05322265625,37.955944061279297
91576079,2021,2021-09-21,9370,2021-09-13,1620,022375,,1,2,4,0711,0,1,1,,2,083,"I-80 E/B","EL PORTAL DR U/C",640.00,E,N,A,-,Y,,,80,,,,,,E,Y,4,0,2,2,A,-,03,22350,,N,C,C,A,A,H,-,A,D,0,,,,,Y,,A,01,0,0,2,0,0,0,0,0,0,"- ","- ",37.967849731445312,-122.32124328613281,"CONTRA COSTA","SAN PABLO",-122.3212890625,37.967868804931641
91576303,2021,2021-09-22,9370,2021-09-14,1550,021718,,2,2,5,0710,0,1,1,,2,083,"I-80 EB","RICHMOND PARKWAY",1970.00,W,N,A,-,Y,,,80,,,,,,E,Y,4,0,3,2,A,-,03,22350,,N,C,C,A,A,H,-,A,D,0,,,,,Y,,A,01,0,0,3,0,0,0,0,0,0,"- ","- ",37.981548309326172,-122.31658935546875,"CONTRA COSTA",RICHMOND,-122.31655883789062,37.981540679931641
91576347,2021,2021-09-22,9320,2021-09-09,0900,017271,,4,1,9,0700,0,1,1,,2,681,"I-680 N/B","STONE VALLEY RD U/C",2640.00,S,N,A,-,Y,,,680,,,,,,N,N,4,0,1,2,A,-,03,22350,,M,C,C,A,A,H,-,A,D,0,,,,,Y,,A,01,0,0,1,0,0,0,0,0,0,"- ","- ",37.843578338623047,-122.02227783203125,"CONTRA COSTA",UNINCORPORATED,-122.02232360839844,37.843528747558594
91576455,2021,2021-09-22,9320,2021-08-11,0940,018628,,3,1,5,0701,0,1,3,,2,405,SR-4,"LAUREL RD",2112.00,W,N,A,-,Y,,,4,,,,,,,N,4,0,1,1,A,-,08,22107,,N,E,I,A,A,H,-,A,A,0,,,,,Y,,D,22,0,0,1,0,0,0,0,0,0,"- ","- ",37.983688354492188,-121.74756622314453,"CONTRA COSTA",ANTIOCH,-121.74750518798828,37.983737945556641
91576473,2021,2021-09-22,9320,2021-08-11,1540,020649,,3,2,3,0702,0,1,3,,2,405,"SR-4 WESTBOUND","SAND CREEK ROAD",528.00,W,N,A,-,Y,,,,,,,,,,Y,3,0,1,2,A,-,07,21658,A,N,B,C,A,A,H,-,A,A,0,,,,,Y,,A,01,0,1,0,0,0,0,0,0,0,"- ","- ",37.921260833740234,-121.74030303955078,"CONTRA COSTA",BRENTWOOD,-121.74170684814453,37.944210052490234
91576508,2021,2021-09-22,9320,2021-09-14,1420,022544,,2,2,5,0712,0,1,1,,2,682,"I-680 NB","TREAT BLVD OVER-CROSS",1650.00,S,N,A,-,Y,,,680,,,,,,N,Y,4,0,1,2,A,-,07,21658,A,M,B,2,A,A,H,-,A,A,0,,,,,Y,,-,99,0,0,1,0,0,0,0,0,0,"- ","- ",37.920459747314453,-122.06215667724609,"CONTRA COSTA","WALNUT CREEK",-122.06212615966797,37.920444488525391
91576758,2021,2021-09-22,9320,2021-09-09,0750,017530,,4,1,9,0700,0,2,4,,2,091,"BIXLER ROAD","MARSH CREEK ROAD",10.00,S,N,A,-,N,,,,,,,,,,Y,4,0,3,3,A,-,03,22350,,N,C,C,A,A,H,-,A,A,0,,,,,Y,,A,01,0,0,3,0,0,0,0,0,0,"- ","- ",37.896358489990234,-121.62310791015625,"CONTRA COSTA",UNINCORPORATED,-121.62303924560547,37.8963623046875
91576776,2021,2021-09-22,9320,2021-09-14,1610,022544,,2,2,5,0712,0,1,1,,2,681,"I-680 SOUTHBOUND","LIVORNA ROAD UNDER-CROSS",1000.00,N,N,A,-,Y,,,680,,,,,,S,N,4,0,1,3,A,-,03,22350,,N,C,C,A,A,H,-,A,A,0,,,,,Y,,A,01,0,0,1,0,0,0,0,0,0,"- ","- ",37.869190216064453,-122.04087066650391,"CONTRA COSTA","WALNUT CREEK",-122.04085540771484,37.86920166015625
91576793,2021,2021-09-22,9320,2021-09-06,0200,022534,,1,3,4,0714,0,1,1,,2,683,"I-680 NORTHBOUND","MARINA VISTA AVENUE",3960.00,S,N,A,-,Y,,,,,,,,,,Y,2,0,1,1,A,-,01,23152,G,N,B,8,A,A,H,-,C,A,0,,,,,Y,Y,A,01,1,0,0,0,0,0,0,0,0,"- ","- ",38.020549774169922,-122.10005950927734,"CONTRA COSTA",MARTINEZ,-122.11284637451172,38.025646209716797
91576828,2021,2021-11-03,9320,2021-09-15,1315,016563,,3,1,9,0700,0,1,3,,2,241,"SR-24 W/B","EL CURTOLA BLVD",1320.00,E,N,A,-,Y,,,24,,,,,,W,Y,4,0,1,2,A,-,07,21658,A,N,B,2,A,A,H,-,A,A,0,,,,,Y,,-,"- ",0,0,1,0,0,0,0,0,0,"- ","- ",37.897319793701172,-122.08059692382812,"CONTRA COSTA",UNINCORPORATED,-122.08059692382812,37.897327423095703
91577595,2021,2021-09-23,9320,2021-09-12,1457,021949,,7,2,9,0700,0,1,3,,2,401,"SR-4 E/B","ALHAMBRA AVE",3345.00,W,N,A,-,Y,,,,,,,,,,N,4,0,1,2,A,-,08,22107,,N,D,2,A,A,H,-,A,D,0,,,,,Y,,A,01,0,0,1,0,0,0,0,0,0,"- ","- ",37.990909576416016,-122.14173126220703,"CONTRA COSTA",UNINCORPORATED,-122.13773345947266,37.989433288574219
91577606,2021,2021-09-23,9320,2021-09-15,2200,022540,,3,3,9,0700,0,2,4,,2,034,"CUMMINGS SKYWAY",SR-4,2640.00,N,N,A,-,N,,,,,,,,,,Y,3,0,1,1,A,-,08,22107,,N,F,I,A,A,H,-,C,A,0,,,Y,,Y,,C,02,0,1,0,0,0,0,0,0,1,"- ","- ",38.023361206054688,-122.19625854492188,"CONTRA COSTA",UNINCORPORATED,-122.1904296875,38.016010284423828
91577613,2021,2021-09-23,9320,2021-09-12,2317,021519,,7,3,9,0700,0,1,1,,2,683,"I-680 N/B","BLUM RD",400.00,S,N,A,-,Y,,,680,,,,,,N,Y,2,0,1,2,C,-,18,,,N,B,E,A,A,C,-,D,A,0,,,,,Y,,-,"- ",1,0,0,0,0,0,0,0,0,"- ","- ",37.997379302978516,-122.07328796386719,"CONTRA COSTA",UNINCORPORATED,-122.07325744628906,37.997421264648438
91577618,2021,2021-09-23,9320,2021-09-15,2220,022495,,3,3,6,0704,0,1,1,,2,683,"I-680 NB","MONUMENT BLVD O/C",1260.00,N,N,A,-,Y,,,,,,,,,,Y,4,0,1,3,A,-,03,22350,,N,C,C,A,A,D,-,C,A,0,,,,,Y,,A,01,0,0,1,0,0,0,0,0,0,"- ","- ",37.948978424072266,-121.05638885498047,"CONTRA COSTA",CONCORD,-122.05707550048828,37.947467803955078
91577628,2021,2021-09-23,9320,2021-09-12,2320,021519,,7,3,9,0700,0,1,1,,2,683,"SR-4 N/B","BLUM RD",400.00,S,N,A,-,Y,,,,,,,,,,Y,2,0,2,2,C,-,18,,,N,B,E,A,A,C,-,D,D,0,,,,,Y,,-,"- ",2,0,0,0,0,0,0,0,0,"- ","- ",37.997379302978516,-122.07328796386719,"CONTRA COSTA",UNINCORPORATED,,
91577665,2021,2021-09-23,9320,2021-09-16,1620,022459,,4,2,5,0712,0,1,1,,2,682,"I-680 N/B","OAK PARK BLVD. OVERCROSSING",1000.00,S,N,A,-,Y,,,680,,,,,,N,N,4,0,1,2,A,-,07,21658,A,N,C,C,A,A,H,-,A,A,0,,,,,Y,,A,07,0,0,1,0,0,0,0,0,0,"- ","- ",37.931320190429688,-122.06005096435547,"CONTRA COSTA","WALNUT CREEK",-122.06011199951172,37.931320190429688
91577677,2021,2021-09-23,9320,2021-09-16,1940,017211,,4,2,3,0706,0,1,1,,2,180,"INTERSTATE 80 W/B","WILLOW AVENUE",2190.00,E,N,B,-,Y,,,,,,,,,,Y,3,0,1,2,A,-,03,22350,,N,C,C,A,A,H,-,D,D,0,,,,,Y,,A,07,0,1,0,0,0,0,0,0,0,"- ","- ",38.027511596679688,-122.35791015625,"CONTRA COSTA",HERCULES,-122.26779174804688,38.016891479492188
91577763,2021,2021-09-23,9320,2021-09-17,0445,022534,,5,3,5,0712,0,1,1,,2,681,"I-680 SOUTHBOUND","RUDGEAR ROAD",250.00,N,N,B,-,Y,,,680,,,,,,S,Y,3,0,3,4,A,-,07,21658,A,M,B,2,A,A,H,-,C,A,0,,,,Y,Y,,-,99,0,1,2,0,0,0,0,0,0,"- ","- ",37.878959655761719,-122.04894256591797,"CONTRA COSTA","WALNUT CREEK",-122.04903411865234,37.878887176513672
91577842,2021,2021-09-23,9320,2021-09-01,0935,018628,,3,1,6,0704,0,1,3,,2,402,"SR-4 WB","WILLOW PASS RD",1056.00,W,N,A,-,Y,,,4,,,,,,W,Y,4,0,1,2,A,-,03,22350,,F,C,C,A,A,H,-,A,A,0,,,,,Y,,-,99,0,0,1,0,0,0,0,0,0,"- ","- ",38.012668609619141,-122.00369262695312,"CONTRA COSTA",CONCORD,-122.00371551513672,38.012821197509766
91577870,2021,2021-09-23,9320,2021-09-01,1515,018525,,3,2,9,0700,0,2,4,,2,077,"MARSH CREEK RD","MORGAN TERRITORY RD",1584.00,E,N,A,-,N,,,,,,,,,,Y,3,0,1,1,A,-,08,22107,,N,E,I,A,A,H,-,A,D,0,,,,,Y,,A,01,0,1,0,0,0,0,0,0,0,"- ","- ",37.902851104736328,-121.87055206298828,"CONTRA COSTA",UNINCORPORATED,-121.87045288085938,37.902851104736328
91578425,2021,2021-09-24,9370,2021-09-14,2135,022392,,2,2,5,0710,0,1,1,,2,082,"I-80 W/B","SAN PABLO AVE",2480.00,E,N,A,-,Y,,,80,,,,,,W,N,4,0,1,2,A,-,07,21658,A,N,C,C,A,A,H,-,E,D,0,,,,,Y,,A,01,0,0,1,0,0,0,0,0,0,"- ","- ",37.944229125976562,-122.32408142089844,"CONTRA COSTA",RICHMOND,-122.32411956787109,37.944217681884766
91578632,2021,2021-09-24,9370,2021-09-21,1215,019160,,2,1,9,0700,0,1,3,,2,023,"SR-24 W/B","EAST EDGE OF CALDECOTT TUNNEL",100.00,W,N,A,-,Y,,,24,,,,,,W,N,4,0,1,3,A,-,02,22400,A,N,C,C,A,A,H,-,C,D,0,,,,,Y,,A,01,0,0,1,0,0,0,0,0,0,"- ","- ",37.860641479492188,-122.20974731445312,"CONTRA COSTA",UNINCORPORATED,-122.21031951904297,37.861202239990234
9157871,2020,2021-01-14,0712,2020-10-02,1039,P607,,5,5,5,0712,0,0,0,,0,003,"BANCROFT RD","POMAR WY",0.00,,Y,F,-,,,,,,,,,,,Y,4,0,1,2,A,-,12,21453,A,N,H,C,A,A,H,-,A,A,0,,,,Y,Y,,F,76,0,0,1,0,0,0,0,0,0,"- ","- ",,,"CONTRA COSTA","WALNUT CREEK",-122.04119110107422,37.927738189697266
91578785,2021,2021-09-24,9320,2021-09-14,0803,017530,,2,1,9,0700,0,3,5,,2,090,"BRENTWOOD BLVD","SELLERS AVE",5280.00,E,N,A,-,N,,,,,,,,,,Y,4,0,2,3,A,-,03,22350,,N,C,C,A,A,H,-,A,A,0,,,,,Y,,A,01,0,0,2,0,0,0,0,0,0,"- ","- ",37.911060333251953,-121.660888671875,"CONTRA COSTA",UNINCORPORATED,-121.65990447998047,37.9110107421875
91578807,2021,2021-09-24,9320,2021-09-14,0845,017530,,2,1,9,0700,0,1,3,,1,406,"SR4 WB","MARSH CREEK RD",150.00,W,N,A,-,Y,,,4,,,,,,W,Y,4,0,1,3,A,-,07,21658,A,M,C,A,A,A,H,-,A,A,0,,,,,Y,,D,22,0,0,1,0,0,0,0,0,0,"- ","- ",37.896411895751953,-121.71343231201172,"CONTRA COSTA",UNINCORPORATED,-121.71348571777344,37.896312713623047
91579065,2021,2021-09-29,9320,2021-09-10,1101,021847,,5,1,9,0700,0,3,5,,2,039,"MARINERS POINTE","SHELLEY STREET",0.00,,Y,A,-,Y,,,,,,,,,,Y,4,0,1,1,C,-,18,,,N,E,8,A,A,H,-,A,A,0,,,,,Y,,-,"- ",0,0,1,0,0,0,0,0,0,"- ","- ",38.015499114990234,-122.25360870361328,"CONTRA COSTA",UNINCORPORATED,-122.25347137451172,38.015476226806641
91579095,2021,2021-09-24,9320,2021-08-09,0335,022544,,1,3,9,0700,0,2,4,,2,096,"VASCO RD","LOS VAQUEROS ROAD",10560.00,N,N,A,G,N,,,,,,,,,,Y,3,0,1,1,A,-,01,23152,G,N,F,I,A,A,H,-,D,A,0,,,,,Y,Y,D,22,0,1,0,0,0,0,0,0,0,"- ","- ",37.780498504638672,-121.70011901855469,"CONTRA COSTA",UNINCORPORATED,,