CASE_ID,ACCIDENT_YEAR,PROC_DATE,JURIS,COLLISION_DATE,COLLISION_TIME,OFFICER_ID,REPORTING_DISTRICT,DAY_OF_WEEK,CHP_SHIFT,POPULATION,CNTY_CITY_LOC,SPECIAL_COND,BEAT_TYPE,CHP_BEAT_TYPE,CITY_DIVISION_LAPD,CHP_BEAT_CLASS,BEAT_NUMBER,PRIMARY_RD,SECONDARY_RD,DISTANCE,DIRECTION,INTERSECTION,WEATHER_1,WEATHER_2,STATE_HWY_IND,CALTRANS_COUNTY,CALTRANS_DISTRICT,STATE_ROUTE,ROUTE_SUFFIX,POSTMILE_PREFIX,POSTMILE,LOCATION_TYPE,RAMP_INTERSECTION,SIDE_OF_HWY,TOW_AWAY,COLLISION_SEVERITY,NUMBER_KILLED,NUMBER_INJURED,PARTY_COUNT,PRIMARY_COLL_FACTOR,PCF_CODE_OF_VIOL,PCF_VIOL_CATEGORY,PCF_VIOLATION,PCF_VIOL_SUBSECTION,HIT_AND_RUN,TYPE_OF_COLLISION,MVIW,PED_ACTION,ROAD_SURFACE,ROAD_COND_1,ROAD_COND_2,LIGHTING,CONTROL_DEVICE,CHP_ROAD_TYPE,PEDESTRIAN_ACCIDENT,BICYCLE_ACCIDENT,MOTORCYCLE_ACCIDENT,TRUCK_ACCIDENT,NOT_PRIVATE_PROPERTY,ALCOHOL_INVOLVED,STWD_VEHTYPE_AT_FAULT,CHP_VEHTYPE_AT_FAULT,COUNT_SEVERE_INJ,COUNT_VISIBLE_INJ,COUNT_COMPLAINT_PAIN,COUNT_PED_KILLED,COUNT_PED_INJURED,COUNT_BICYCLIST_KILLED,COUNT_BICYCLIST_INJURED,COUNT_MC_KILLED,COUNT_MC_INJURED,PRIMARY_RAMP,SECONDARY_RAMP,LATITUDE,LONGITUDE,COUNTY,CITY,POINT_X,POINT_Y
91588088,2021,2021-10-05,9320,2021-09-24,0820,021847,,5,1,9,0700,0,1,3,,2,403,"SR-4 W/B","WILLOW PASS ROAD (BAY POINT)",750.00,W,N,A,-,Y,,,4,,,,,,W,Y,4,0,1,4,A,-,03,22350,,N,C,C,A,A,H,-,A,A,0,,,,,Y,,A,01,0,0,1,0,0,0,0,0,0,"- ","- ",38.023601531982422,-121.96856689453125,"CONTRA COSTA",UNINCORPORATED,-121.96855926513672,38.023639678955078
9158816,2020,2020-10-20,0702,2020-08-31,2010,621J,123B,1,5,3,0702,0,0,0,,0,001,"SAND CREEK RD","FAIRFVFAIRVIEW AV",20.00,E,N,A,-,N,,,,,,,,,,N,4,0,3,2,A,-,04,21703,,N,C,C,A,A,H,-,C,A,0,,,,,Y,,A,01,0,0,3,0,0,0,0,0,0,"- ","- ",37.944259643554688,-121.72353363037109,"CONTRA COSTA",BRENTWOOD,-121.72351837158203,37.944313049316406
91588316,2021,2021-10-05,9320,2021-09-24,1730,022517,,5,2,6,0704,0,1,3,,2,403,"SR-4 E/B","PERALTA ROAD UNDER CROSSING",930.00,E,N,A,-,Y,,,4,,,,,,E,Y,4,0,1,2,A,-,08,22107,,N,B,C,A,A,H,-,A,D,0,,,,,Y,,A,01,0,0,1,0,0,0,0,0,0,"- ","- ",38.003108978271484,-122.04437255859375,"CONTRA COSTA",CONCORD,-122.04435729980469,38.003063201904297
91588381,2021,2021-10-05,9320,2021-09-25,0930,020984,,6,1,9,0700,0,1,3,,2,402,"SR-4 TO I-680 N/B",SR-4,1000.00,N,N,A,-,Y,,,4,,,,R,,,Y,3,0,1,1,A,-,08,22107,,M,E,I,A,A,H,-,A,A,0,,,Y,,Y,,C,02,0,1,0,0,0,0,0,0,1,"- ","- ",37.9964599609375,-122.07176971435547,"CONTRA COSTA",UNINCORPORATED,-122.07176971435547,37.9964599609375
91588538,2021,2021-10-05,9320,2021-09-26,0410,022484,,7,3,3,0707,0,1,1,,2,180,"I-80 W/B","PINOLE VALLEY RD",2112.00,E,N,A,-,Y,,,80,,,,,,W,Y,4,0,1,2,A,-,07,21658,A,N,B,C,A,A,H,-,D,A,0,,,,,Y,,A,01,0,0,1,0,0,0,0,0,0,"- ","- ",38.002040863037109,-122.2816162109375,"CONTRA COSTA",PINOLE,-122.28160095214844,38.002021789550781
91588551,2021,2021-10-05,9320,2021-09-26,1510,022127,,7,2,9,0700,0,2,4,,2,094,"BYRON HIGHWAY","WESTERN FARMS RANCH RD.",20.00,S,N,A,-,N,,,,,,,,,,N,2,0,1,3,A,-,09,21804,A,N,D,C,A,A,H,-,A,A,0,,,,,Y,,E,22,1,0,0,0,0,0,0,0,0,"- ","- ",37.845588684082031,-121.61875152587891,"CONTRA COSTA",UNINCORPORATED,,
91588607,2021,2022-04-07,9320,2021-09-25,1650,022082,,6,2,5,0712,0,1,1,,2,682,"I-680 N/B","N. MAIN ST",873.00,S,N,A,-,Y,,,680,,,,,,N,Y,4,0,2,2,A,-,03,22350,,N,C,C,A,A,H,-,A,A,0,,,,,Y,,J,48,0,0,2,0,0,0,0,0,0,"- ","- ",37.91278076171875,-122.06691741943359,"CONTRA COSTA","WALNUT CREEK",-122.06695556640625,37.912792205810547
9158906,2020,2020-11-12,0708,2020-09-14,1809,374,8301,1,5,5,0708,0,0,0,,0,004,"ATHERTON AV","DOVER WY",646.00,N,N,A,-,N,,,,,,,,,,N,4,0,1,2,A,-,08,22107,,N,C,E,A,A,H,-,A,D,0,,,,,Y,,I,11,0,0,1,0,0,0,0,0,0,"- ","- ",,,"CONTRA COSTA",PITTSBURG,-121.90424346923828,38.013660430908203
91589093,2021,2021-10-06,9320,2021-09-01,2220,020010,,3,3,9,0700,0,2,4,,2,046,"TREAT BLVD.","CHERRY LANE",565.00,W,N,A,-,N,,,,,,,,,,N,2,0,1,2,A,-,03,22350,,F,C,G,A,A,H,-,C,A,0,,Y,,,Y,,A,01,1,0,0,0,0,0,1,0,0,"- ","- ",37.926498413085938,-122.05310821533203,"CONTRA COSTA",UNINCORPORATED,-122.05298614501953,37.926624298095703
91589179,2021,2021-10-06,9320,2021-09-28,0510,020440,,2,3,6,0704,0,1,3,,2,402,"SR-4 W/B","PORT CHICAGO HWY",2315.00,E,N,A,-,Y,,,4,,,,,,W,Y,4,0,1,2,A,-,03,22350,,N,C,C,A,A,H,-,D,D,0,,,,,Y,,A,01,0,0,1,0,0,0,0,0,0,"- ","- ",38.01116943359375,-122.01467132568359,"CONTRA COSTA",CONCORD,-122.01466369628906,38.011146545410156
91589181,2021,2021-10-06,9320,2021-09-27,1630,020835,,1,2,6,0704,0,1,1,,2,683,"I-680 SOUTHBOUND","CONCORD AVENUE",300.00,N,N,B,-,Y,,,,,,,,,,Y,3,0,1,1,A,-,08,22107,,N,E,I,A,A,H,-,A,D,0,,,,,Y,,A,01,0,1,0,0,0,0,0,0,0,"- ","- ",37.982551574707031,-122.06613922119141,"CONTRA COSTA",CONCORD,-122.06460571289062,37.976882934570312
9158921,2020,2020-12-18,0704,2020-10-02,1613,0598,,5,5,6,0704,0,0,0,,0,006,"CLAYTON RD","MATHESON RD",14.00,E,N,B,-,N,,,,,,,,,,Y,4,0,1,2,A,-,09,21802,A,N,D,C,A,A,H,-,A,A,0,,,,,Y,,D,22,0,0,1,0,0,0,0,0,0,"- ","- ",,,"CONTRA COSTA",CONCORD,-121.98044586181641,37.960315704345703
91589288,2021,2021-10-06,9320,2021-09-29,0010,020010,,3,3,9,0700,0,1,1,,2,681,"I-680 N/B","RUDGEAR ROAD U/C",735.00,S,N,A,-,Y,,,680,,,,,,N,Y,2,0,1,1,C,-,18,,,N,E,7,A,A,H,-,C,D,0,,,Y,,Y,,-,"- ",1,0,0,0,0,0,0,0,1,"- ","- ",37.878898620605469,-122.04836273193359,"CONTRA COSTA",UNINCORPORATED,-122.04864501953125,37.878692626953125
9158929,2020,2020-12-12,0704,2020-09-21,1244,580,,1,5,6,0704,0,0,0,,0,004,"PORT CHICAGO HWY","SALVIO ST",0.00,,Y,A,-,N,,,,,,,,,,,4,0,5,2,A,-,12,21453,A,N,D,C,A,A,H,-,A,A,0,,,,,Y,,A,07,0,0,5,0,0,0,0,0,0,"- ","- ",37.979778289794922,-122.03005981445312,"CONTRA COSTA",CONCORD,-122.03015899658203,37.979698181152344
91589300,2021,2021-10-06,9320,2021-09-28,1810,020835,,2,2,6,0704,0,1,3,,2,402,"SR-4 EASTBOUND","SOLANO WAY",100.00,E,N,A,-,Y,,,4,,,,,,E,N,3,0,1,2,A,-,07,21658,A,M,B,C,A,A,H,-,B,D,0,,,Y,,Y,,-,99,0,1,0,0,0,0,0,0,1,"- ","- ",38.001548767089844,-122.05027770996094,"CONTRA COSTA",CONCORD,-122.05029296875,38.001613616943359
91589439,2021,2021-10-06,9320,2021-09-29,1135,017530,,3,1,5,0701,0,1,3,,2,405,"SR4 EB","LAUREL RD",2640.00,W,N,A,-,Y,,,,,,,,,,N,4,0,1,2,A,-,07,21658,A,M,C,C,A,A,A,H,A,D,0,,,,,Y,,A,01,0,0,1,0,0,0,0,0,0,"- ","- ",37.905418395996094,-121.74915313720703,"CONTRA COSTA",ANTIOCH,-121.74848175048828,37.984664916992188
91589468,2021,2021-10-06,9320,2021-09-29,1325,017271,,3,1,9,0700,0,1,1,,2,681,"I-680 N/B","LIVORNA RD U/C",2112.00,S,N,A,-,Y,,,680,,,,,,N,N,3,0,1,2,A,-,03,22350,,N,B,C,A,A,H,-,A,D,0,,,,Y,Y,,A,07,0,1,0,0,0,0,0,0,0,"- ","- ",37.858501434326172,-122.03130340576172,"CONTRA COSTA",UNINCORPORATED,-122.0313720703125,37.85845947265625
91589538,2021,2021-10-06,9320,2021-09-29,1400,022006,,3,2,3,0716,0,1,3,,2,240,"SR-24 EB","CAMINO PABLO",1000.00,W,N,A,-,Y,,,,,,,,,,Y,3,0,2,2,A,-,06,21755,,N,B,2,A,A,H,-,A,A,0,,,,,Y,,A,01,0,2,0,0,0,0,0,0,0,"- ","- ",37.872760772705078,-122.1890869140625,"CONTRA COSTA",MORAGA,-122.18531036376953,37.876110076904297
91589813,2021,2021-10-06,9370,2021-09-22,0845,021766,,3,1,5,0710,0,1,1,,2,082,"I-80 W/B","CENTRAL AVE",505.00,E,N,A,-,Y,,,80,,,,,,W,N,4,0,1,8,A,-,03,22350,,N,C,C,A,A,H,-,A,A,0,,,,Y,Y,,G,25,0,0,1,0,0,0,0,0,0,"- ","- ",37.902179718017578,-122.31183624267578,"CONTRA COSTA",RICHMOND,-122.31179809570312,37.902206420898438
91590280,2021,2021-10-07,9320,2021-09-26,2100,022517,,7,2,6,0704,0,1,3,,2,242,"SR-242 NB TO GRANT STREET","GRANT STREET",85.00,S,N,A,-,Y,,,242,,,,R,,N,Y,4,0,1,3,A,-,03,22350,,N,C,C,A,A,H,-,C,D,0,,,,,Y,,A,01,0,0,1,0,0,0,0,0,0,"- ","- ",37.987529754638672,-122.04016876220703,"CONTRA COSTA",CONCORD,-122.04016876220703,37.987529754638672
91590282,2021,2021-10-07,9320,2021-09-26,2250,020010,,7,3,6,0704,0,1,3,,2,402,"SR-4 E/B","PORT CHICAGO HIGHWAY U/C",100.00,W,N,A,-,Y,,,,,,,,,,Y,2,0,1,4,A,-,08,22107,,N,E,I,A,A,H,-,C,D,0,,,,,Y,Y,A,01,1,0,0,0,0,0,0,0,0,"- ","- ",37.009498596191406,-122.02332305908203,"CONTRA COSTA",CONCORD,-122.02297210693359,38.009468078613281
91590283,2021,2021-10-07,9320,2021-09-24,0645,021203,,5,1,4,0714,0,1,3,,2,402,"SR-4 EASTBOUND","MORELLO AVENUE",500.00,E,N,A,-,Y,,,4,,,,,,E,Y,4,0,1,2,A,-,03,22350,,N,C,C,A,A,H,-,A,A,0,,,,,Y,,D,22,0,0,1,0,0,0,0,0,0,"- ","- ",37.990509033203125,-122.09422302246094,"CONTRA COSTA",MARTINEZ,-122.09421539306641,37.990493774414062
91590288,2021,2021-10-07,9320,2021-09-29,1343,021710,,3,1,9,0700,0,1,3,,2,405,"SR-4 W/B","LAUREL ROAD",450.00,E,N,A,-,Y,,,,,,,,,,N,3,0,1,1,C,-,18,,,N,F,I,A,A,H,-,A,D,0,,,Y,,Y,,-,"- ",0,1,0,0,0,0,0,0,1,"- ","- ",37.978061676025391,-122.74333190917969,"CONTRA COSTA",UNINCORPORATED,-121.74372863769531,37.978561401367188
91590291,2021,2021-10-07,9320,2021-09-29,2013,021710,,3,2,9,0700,0,2,4,,2,091,"DISCOVERY BAY BLVD.","SEAL WAY",15.00,S,N,A,-,N,,,,,,,,,,Y,3,0,1,2,A,-,01,23152,A,N,C,C,A,A,H,-,C,D,0,,,,,Y,Y,A,07,0,1,0,0,0,0,0,0,0,"- ","- ",37.8974609375,-121.60220336914062,"CONTRA COSTA",UNINCORPORATED,-121.60222625732422,37.897407531738281
91590309,2021,2021-10-07,9320,2021-09-30,0120,020440,,4,3,5,0701,0,1,3,,2,404,"SR-4 E/B","A ST",1100.00,W,N,A,-,Y,,,4,,,,,,E,Y,4,0,1,2,A,-,08,22107,,N,C,C,A,A,H,-,C,D,0,,,,,Y,Y,A,01,0,0,1,0,0,0,0,0,0,"- ","- ",37.998100280761719,-121.80999755859375,"CONTRA COSTA",ANTIOCH,-121.80999755859375,37.998115539550781
91590371,2021,2021-10-07,9320,2021-09-30,1325,020835,,4,1,9,0700,0,2,4,,2,071,"WILLOW PASS ROAD","SR-4 EASTBOUND",0.00,,Y,A,-,N,,,,,,,,,,N,4,0,1,2,A,-,12,22450,A,N,D,C,A,A,H,-,A,A,0,,,,,Y,,A,01,0,0,1,0,0,0,0,0,0,"- ","- ",38.013031005859375,-121.99716949462891,"CONTRA COSTA",UNINCORPORATED,-121.96588134765625,38.022804260253906
91590384,2021,2021-10-07,9320,2021-10-01,0204,022540,,5,3,9,0700,0,2,4,,2,091,"DISCOVERY BAY BOULEVARD","CABRILLO POINT",700.00,S,N,A,-,N,,,,,,,,,,Y,4,0,1,2,A,-,08,22107,,N,C,E,A,A,H,-,C,A,0,,,,,Y,,A,07,0,0,1,0,0,0,0,0,0,"- ","- ",37.907058715820312,-121.6011962890625,"CONTRA COSTA",UNINCORPORATED,-121.60126495361328,37.906841278076172
91590385,2021,2021-10-07,9320,2021-09-30,1626,022282,,4,2,3,0792,0,1,3,,2,240,"SR-24 E/B","SAINT STEPHENS DRIVE",2640.00,W,N,A,-,Y,,,24,,,,,,E,Y,2,0,1,2,A,-,03,22350,,N,C,C,A,A,H,-,A,A,0,,,Y,,Y,,C,02,1,0,0,0,0,0,0,0,1,"- ","- ",37.884101867675781,-122.17935180664062,"CONTRA COSTA",ORINDA,-122.17934417724609,37.884098052978516
91590478,2021,2021-10-07,9320,2021-09-16,1600,022082,,4,2,6,0704,0,1,3,,2,402,"SR-4 EB","PERALTA RD",1081.00,E,N,A,-,Y,,,4,,,,,,E,N,4,0,1,2,A,-,03,22350,,N,C,C,A,A,H,-,A,A,0,,,,,Y,,A,01,0,0,1,0,0,0,0,0,0,"- ","- ",38.003158569335938,-122.04385375976562,"CONTRA COSTA",CONCORD,-122.04385375976562,38.003185272216797
91590624,2021,2021-10-07,9320,2021-09-17,1720,022082,,5,2,5,0712,0,1,1,,2,681,"I-680 NB","STONE VALLEY RD",377.00,S,N,D,-,Y,,,,,,,,,,N,4,0,1,2,A,-,03,22350,,N,C,C,A,A,H,-,A,A,0,,,,,Y,,A,01,0,0,1,0,0,0,0,0,0,"- ","- ",37.850391387939453,-122.02866363525391,"CONTRA COSTA","WALNUT CREEK",-122.02867889404297,37.850738525390625
91591533,2021,2021-10-08,9320,2021-10-01,1750,019914,,5,2,9,0700,0,1,1,,2,681,"I-680 N/B","RUDGEAR ROAD U/C",100.00,N,N,A,-,Y,,,680,,,,,,N,N,4,0,1,3,A,-,03,22350,,N,C,D,A,A,H,-,A,D,0,,,,,Y,,D,22,0,0,1,0,0,0,0,0,0,"- ","- ",37.880111694335938,-122.04959869384766,"CONTRA COSTA",UNINCORPORATED,-122.04960632324219,37.880107879638672
91591594,2021,2021-10-08,9320,2021-10-01,2350,021472,,5,3,9,0700,0,3,5,,2,010,"AMEND ROAD","PAMELA CT",110.00,W,N,A,-,N,,,,,,,,,,Y,2,0,1,2,A,-,01,23152,A,N,D,C,A,A,H,-,C,A,0,,,,,Y,Y,A,07,1,0,0,0,0,0,0,0,0,"- ","- ",37.966011047363281,-122.27572631835938,"CONTRA COSTA",UNINCORPORATED,-122.27745819091797,37.966144561767578
91591649,2021,2021-10-08,9320,2021-10-01,2215,022467,,5,3,9,0700,0,2,4,,2,012,"SAN PABLO DAM ROAD","CREEKSIDE COURT",20.00,N,N,A,-,N,,,,,,,,,,Y,4,0,2,2,A,-,01,23152,F,N,B,E,A,A,H,-,C,A,0,,,,,Y,,A,01,0,0,2,0,0,0,0,0,0,"- ","- ",37.963489532470703,-122.29358673095703,"CONTRA COSTA",UNINCORPORATED,-122.29408264160156,37.963451385498047
91592469,2021,2021-10-11,9370,2021-09-17,1133,022430,,5,1,5,0710,0,1,1,,2,083,"INTERSTATE 80 WESTBOUND","RICHMOND PARKWAY",1415.00,S,N,A,-,Y,,,80,,,,,,W,Y,3,0,1,2,A,-,08,22107,,N,D,C,A,A,H,-,A,D,0,,,,,Y,Y,A,01,0,1,0,0,0,0,0,0,0,"- ","- ",37.982120513916016,-122.31671142578125,"CONTRA COSTA",RICHMOND,-122.31664276123047,37.982105255126953
91592476,2021,2021-10-11,9370,2021-09-30,0830,022430,,4,1,5,0710,0,1,1,,2,083,"INTERSTATE 80 WESTBOUND","HILLTOP DRIVE",1130.00,W,N,A,-,Y,,,80,,,,,,W,Y,4,0,1,2,A,-,03,22350,,N,C,C,A,A,H,-,A,A,0,,,,,Y,,A,01,0,0,1,0,0,0,0,0,0,"- ","- ",37.973140716552734,-122.31952667236328,"CONTRA COSTA",RICHMOND,-122.31948852539062,37.973125457763672
91592622,2021,2021-10-11,9370,2021-10-01,0210,022307,,5,3,5,0710,0,1,1,,2,083,"I-80 W/B","RICHMOND PARKWAY",1400.00,E,N,A,-,Y,,,,,,,,,,Y,3,0,1,2,A,-,01,23152,A,F,C,C,A,A,H,-,D,D,0,,,,,Y,Y,A,07,0,1,0,0,0,0,0,0,0,"- ","- ",37.992359161376953,-122.30738067626953,"CONTRA COSTA",RICHMOND,-122.31484222412109,37.986881256103516
91592631,2021,2021-10-11,9370,2021-09-30,1215,022424,,4,1,5,0710,0,1,1,,2,082,"I-80 W/B FROM CENTRAL AVENUE","CENTRAL AVENUE",95.00,W,N,A,-,Y,,,80,,,,R,,W,N,4,0,2,2,A,-,03,22350,,N,C,C,A,A,H,-,A,A,0,,,,,Y,,A,01,0,0,2,0,0,0,0,0,0,"- ","- ",37.900531768798828,-122.31096649169922,"CONTRA COSTA",RICHMOND,-122.31096649169922,37.900531768798828
91592660,2021,2021-10-11,9320,2021-10-01,1155,022505,,5,1,9,0700,0,2,4,,2,011,"APPIAN WAY W/B","CORTE ARANGO",200.00,E,N,A,-,N,,,,,,,,,,Y,3,0,2,2,A,-,09,21804,A,N,D,C,A,A,H,-,A,D,0,,,,,Y,,A,07,0,2,0,0,0,0,0,0,0,"- ","- ",37.974388122558594,-122.30043792724609,"CONTRA COSTA",UNINCORPORATED,-122.30047607421875,37.974349975585938
91592665,2021,2021-10-11,9320,2021-10-01,1805,022282,,5,2,4,0709,0,1,3,,2,241,"SR-24 E/B",I-680,2640.00,W,N,A,-,Y,,,,,,,,,,Y,4,0,1,3,A,-,03,22350,,N,C,C,A,A,H,-,A,A,0,,,,,Y,,A,01,0,0,1,0,0,0,0,0,0,"- ","- ",37.897560119628906,-122.08232116699219,"CONTRA COSTA","PLEASANT HILL",-122.10488891601562,37.896434783935547
91592666,2021,2021-10-11,9320,2021-10-01,1530,022459,,5,2,9,0700,0,1,3,,2,405,"SR-4 EB","LONE TREE WAY",200.00,W,N,A,-,Y,,,,,,,,,,N,4,0,2,2,A,-,03,22350,,N,C,C,A,A,H,-,A,A,0,,,,,Y,,A,07,0,0,2,0,0,0,0,0,0,"- ","- ",37.96234130859375,-121.74411773681641,"CONTRA COSTA",UNINCORPORATED,-121.74364471435547,37.961067199707031
91592769,2021,2021-10-11,9320,2021-10-03,0335,022534,,7,3,9,0700,0,1,3,,2,240,"SR-24 EASTBOUND","WILDER ROAD",1300.00,E,N,A,-,Y,,,24,,,,,,E,N,4,0,2,2,A,-,08,22107,,M,B,C,A,A,H,-,D,A,0,,,,,Y,,-,99,0,0,2,0,0,0,0,0,0,"- ","- ",37.86920166015625,-122.19391632080078,"CONTRA COSTA",UNINCORPORATED,-122.19393157958984,37.869213104248047
91592810,2021,2021-10-11,9320,2021-10-03,1305,020984,,7,1,4,0709,0,1,1,,2,682,"I-680 N/B","CONTRA COSTA BLVD",1320.00,S,N,A,-,Y,,,680,,,,,,N,Y,4,0,2,3,A,-,07,21658,A,N,B,2,A,A,H,-,A,A,0,,,,,Y,,A,08,0,0,2,0,0,0,0,0,0,"- ","- ",37.936580657958984,-122.06015014648438,"CONTRA COSTA","PLEASANT HILL",-122.06014251708984,37.936580657958984
9159314,2020,2020-12-04,0708,2020-09-20,1614,362,8205,7,5,5,0708,0,0,0,,0,002,"EAST 14TH ST","ELM ST",127.00,W,N,A,-,N,,,,,,,,,,Y,3,0,1,1,-,-,"- ",,,N,E,I,A,A,H,-,A,D,0,,,,,Y,,A,01,0,1,0,0,0,0,0,0,0,"- ","- ",,,"CONTRA COSTA",PITTSBURG,-121.87867736816406,38.021377563476562
9159315,2020,2020-12-01,0708,2020-09-16,2116,253,8418,3,5,5,0708,0,0,0,,0,005,"KIRKER PASS RD","CASTLEWOOD DR",0.00,,Y,A,-,N,,,,,,,,,,Y,4,0,1,2,A,-,12,21453,A,F,D,C,A,A,H,-,C,A,0,,,,,Y,Y,A,01,0,0,1,0,0,0,0,0,0,"- ","- ",,,"CONTRA COSTA",PITTSBURG,-121.89740753173828,37.995491027832031
9159323,2020,2020-12-09,0704,2020-09-18,1625,0533,,5,5,6,0704,0,0,0,,0,004,"PORT CHICAGO HWY","OLIVERA RD",501.00,,N,A,-,N,,,,,,,,,,Y,4,0,2,5,A,-,03,22350,,N,C,C,A,A,H,-,A,A,0,,,,,Y,,A,07,0,0,2,0,0,0,0,0,0,"- ","- ",37.995330810546875,-122.03080749511719,"CONTRA COSTA",CONCORD,-122.03079223632812,37.995361328125
9159324,2020,2020-12-07,0704,2020-09-29,1728,583,,2,5,6,0704,0,0,0,,0,003,"MONUMENT BL","MOHR LN",8.00,W,N,A,-,N,,,,,,,,,,N,3,0,1,3,A,-,12,21453,A,N,D,G,A,A,H,-,A,A,0,,Y,,,Y,,A,01,0,1,0,0,0,0,1,0,0,"- ","- ",,,"CONTRA COSTA",CONCORD,-122.0509033203125,37.948047637939453
9159325,2020,2020-12-04,0704,2020-09-29,1403,361,,2,5,6,0704,0,0,0,,0,005,"WILLOW PASS RD","LANDANA DR",260.00,W,N,A,-,N,,,,,,,,,,Y,3,0,1,2,A,-,08,22107,,N,E,E,A,A,H,-,A,D,0,,,,,Y,,A,01,0,1,0,0,0,0,0,0,0,"- ","- ",,,"CONTRA COSTA",CONCORD,-122.00627136230469,37.989540100097656
91593412,2021,2021-10-11,9390,2021-09-30,1430,018869,,4,2,4,0790,0,1,1,,2,069,"I680 N/B","DIABLO RD.",1400.00,S,N,A,-,Y,,,,,,,,,,Y,4,0,1,3,A,-,03,22350,,N,C,C,A,A,H,-,A,D,0,,,,,Y,,D,22,0,0,1,0,0,0,0,0,0,"- ","- ",37.819110870361328,-121.99314880371094,"CONTRA COSTA",DANVILLE,-121.99311828613281,37.819217681884766
9159347,2020,2020-12-02,0740,2020-09-23,1736,SR078,SR72,3,5,4,0791,0,0,0,,0,006,"OLD RANCH RD","SUMMIT VIEW DR",18.00,S,N,A,-,N,,,,,,,,,,N,3,0,2,3,A,-,10,21950,A,N,A,B,B,A,H,-,A,A,0,Y,,,,Y,,A,01,0,1,1,0,2,0,0,0,0,"- ","- ",37.739410400390625,-121.91574859619141,"CONTRA COSTA","SAN RAMON",-121.91580963134766,37.739398956298828
9159348,2020,2020-11-30,0740,2020-09-23,1842,SR501,,3,5,4,0791,0,0,0,,0,005,"BOLLINGER CANYON RD","DOUGHERTY RD",50.00,E,N,A,-,N,,,,,,,,,,N,4,0,1,2,A,-,03,22350,,N,C,C,A,A,H,-,A,A,0,,,,,Y,,A,01,0,0,1,0,0,0,0,0,0,"- ","- ",37.773719787597656,-121.92488861083984,"CONTRA COSTA","SAN RAMON",-121.92493438720703,37.773544311523438
91593902,2021,2021-10-12,9320,2021-09-04,2258,022505,,6,3,9,0700,0,3,5,,2,075,"PORT CHICAGO HIGHWAY","INLET DRIVE",0.00,,Y,A,-,N,,,,,,,,,,Y,3,0,1,2,A,-,09,21801,A,F,A,C,A,A,H,-,C,A,0,,,Y,,Y,,A,01,0,1,0,0,0,0,0,0,1,"- ","- ",38.039680480957031,-121.96864318847656,"CONTRA COSTA",UNINCORPORATED,-121.9686279296875,38.039688110351562
91593925,2021,2021-10-12,9370,2021-10-07,0820,021766,,4,1,3,0707,0,1,1,,2,083,"I-80 W/B","APPIAN WAY",1445.00,W,N,A,-,Y,,,80,,,,,,W,N,3,0,1,2,A,-,07,21658,A,N,C,C,A,A,H,-,A,A,0,,,Y,,Y,,C,02,0,1,0,0,0,0,0,0,1,"- ","- ",37.992401123046875,-122.30690002441406,"CONTRA COSTA",PINOLE,-122.30690765380859,37.992431640625
91594021,2021,2021-10-12,9320,2021-10-04,0804,021949,,1,1,5,0701,0,1,3,,2,160,"SR-160 N/B","OAKLEY RD.",180.00,S,N,A,-,Y,,,160,,,,,,N,N,4,0,1,2,A,-,08,22107,,N,B,2,A,A,H,-,A,D,0,,,,,Y,,A,01,0,0,1,0,0,0,0,0,0,"- ","- ",37.997261047363281,-121.75547790527344,"CONTRA COSTA",ANTIOCH,-121.75550079345703,37.997264862060547
91594034,2021,2021-10-12,9320,2021-10-04,1400,019914,,1,2,5,0712,0,1,1,,2,681,"NB I-680","NEWELL AVENUE U/C",500.00,S,N,A,-,Y,,,680,,,,,,,N,3,0,1,1,C,-,18,,,N,E,I,A,A,H,-,A,D,0,,,,,Y,,-,"- ",0,1,0,0,0,0,0,0,0,"- ","- ",37.891201019287109,-122.06112670898438,"CONTRA COSTA","WALNUT CREEK",-122.06111145019531,37.891242980957031
91594058,2021,2021-10-12,9320,2021-10-04,1500,019914,,1,2,4,0790,0,1,1,,2,681,"SB I-680","DIABLO ROAD",1500.00,N,N,A,-,Y,,,,,,,,,,Y,4,0,1,2,A,-,03,22350,,N,C,C,A,A,H,-,A,D,0,,,,,Y,,A,01,0,0,1,0,0,0,0,0,0,"- ","- ",37.827068328857422,-122.99698638916016,"CONTRA COSTA",DANVILLE,-121.99445343017578,37.824359893798828
91594061,2021,2021-10-12,9320,2021-10-04,1940,019914,,1,2,9,0700,0,3,5,,2,060,"FISH RANCH ROAD",SR-24,5280.00,N,N,A,-,N,,,,,,,,,,Y,4,0,1,1,A,-,03,22350,,N,E,I,A,A,H,-,D,D,0,,,Y,,Y,,C,02,0,0,1,0,0,0,0,0,1,"- ","- ",37.863838195800781,-122.21678924560547,"CONTRA COSTA",UNINCORPORATED,-122.20927429199219,37.863845825195312