CASE_ID,ACCIDENT_YEAR,PROC_DATE,JURIS,COLLISION_DATE,COLLISION_TIME,OFFICER_ID,REPORTING_DISTRICT,DAY_OF_WEEK,CHP_SHIFT,POPULATION,CNTY_CITY_LOC,SPECIAL_COND,BEAT_TYPE,CHP_BEAT_TYPE,CITY_DIVISION_LAPD,CHP_BEAT_CLASS,BEAT_NUMBER,PRIMARY_RD,SECONDARY_RD,DISTANCE,DIRECTION,INTERSECTION,WEATHER_1,WEATHER_2,STATE_HWY_IND,CALTRANS_COUNTY,CALTRANS_DISTRICT,STATE_ROUTE,ROUTE_SUFFIX,POSTMILE_PREFIX,POSTMILE,LOCATION_TYPE,RAMP_INTERSECTION,SIDE_OF_HWY,TOW_AWAY,COLLISION_SEVERITY,NUMBER_KILLED,NUMBER_INJURED,PARTY_COUNT,PRIMARY_COLL_FACTOR,PCF_CODE_OF_VIOL,PCF_VIOL_CATEGORY,PCF_VIOLATION,PCF_VIOL_SUBSECTION,HIT_AND_RUN,TYPE_OF_COLLISION,MVIW,PED_ACTION,ROAD_SURFACE,ROAD_COND_1,ROAD_COND_2,LIGHTING,CONTROL_DEVICE,CHP_ROAD_TYPE,PEDESTRIAN_ACCIDENT,BICYCLE_ACCIDENT,MOTORCYCLE_ACCIDENT,TRUCK_ACCIDENT,NOT_PRIVATE_PROPERTY,ALCOHOL_INVOLVED,STWD_VEHTYPE_AT_FAULT,CHP_VEHTYPE_AT_FAULT,COUNT_SEVERE_INJ,COUNT_VISIBLE_INJ,COUNT_COMPLAINT_PAIN,COUNT_PED_KILLED,COUNT_PED_INJURED,COUNT_BICYCLIST_KILLED,COUNT_BICYCLIST_INJURED,COUNT_MC_KILLED,COUNT_MC_INJURED,PRIMARY_RAMP,SECONDARY_RAMP,LATITUDE,LONGITUDE,COUNTY,CITY,POINT_X,POINT_Y
91630241,2021,2021-11-19,9320,2021-11-07,1649,022459,,7,2,9,0700,0,1,1,,2,683,"I-680 SB","MARINA VISTA RD.",1000.00,N,N,A,-,Y,,,,,,,,,,Y,4,0,2,2,A,-,08,22107,,F,B,C,A,A,H,-,B,A,0,,,,,Y,,-,99,0,0,2,0,0,0,0,0,0,"- ","- ",38.026760101318359,-122.11505889892578,"CONTRA COSTA",UNINCORPORATED,-122.11240386962891,38.025558471679688
91630357,2021,2021-11-19,9320,2021-11-12,0815,017906,,5,1,9,0700,0,1,3,,2,403,"SR-4 W/B","BAILEY RD",1056.00,E,N,A,-,Y,,,4,,,,,,W,N,4,0,1,3,A,-,03,22350,,N,C,C,A,A,H,-,A,D,0,,,,,Y,,A,01,0,0,1,0,0,0,0,0,0,"- ","- ",38.019058227539062,-121.93679046630859,"CONTRA COSTA",UNINCORPORATED,-121.93679046630859,38.019126892089844
91630358,2021,2021-11-19,9320,2021-11-12,0825,020984,,5,1,4,0709,0,1,1,,2,682,"I-680 S/B","CONTRA COSTA BLVD",150.00,N,N,B,-,Y,,,680,,,,,,S,N,4,0,1,2,A,-,03,22350,,N,C,C,A,B,H,-,A,A,0,,,,,Y,,D,22,0,0,1,0,0,0,0,0,0,"- ","- ",37.9415283203125,-122.05988311767578,"CONTRA COSTA","PLEASANT HILL",-122.05999755859375,37.941570281982422
91630566,2021,2021-11-19,9320,2021-11-12,2320,022568,,5,3,6,0704,0,1,3,,2,402,"SR-4 W/B","PACHECO BLVD",750.00,S,N,E,-,Y,,,,,,,,,,Y,4,0,1,1,A,-,08,22107,,N,F,A,A,A,H,-,C,A,0,,,,Y,Y,,F,25,0,0,1,0,0,0,0,0,0,"- ","- ",37.999908447265625,-121.07180023193359,"CONTRA COSTA",CONCORD,-122.07645416259766,37.992439270019531
91631491,2021,2021-11-22,9370,2021-05-22,0030,022529,,6,3,4,0711,0,1,1,,2,083,"I-80 W/B","SAN PABLO DAM RD",1.00,E,N,A,-,Y,,,80,,,,,,W,Y,1,1,1,1,A,-,08,22107,,N,E,H,A,A,H,-,D,D,0,,,,,Y,,A,07,1,0,0,0,0,0,0,0,0,"- ","- ",37.955951690673828,-122.33000946044922,"CONTRA COSTA","SAN PABLO",-122.32998657226562,37.955963134765625
91631558,2021,2021-11-22,9320,2021-11-09,1115,018371,,2,1,9,0700,0,1,1,,2,180,"APPIAN WAY","RANCHO ROAD",0.00,,Y,B,-,N,,,,,,,,,,N,3,0,1,2,A,-,09,21802,A,N,D,C,A,B,H,-,A,A,0,,,,,Y,,A,01,0,1,0,0,0,0,0,0,0,"- ","- ",37.98345947265625,-122.29715728759766,"CONTRA COSTA",UNINCORPORATED,-122.29718780517578,37.983421325683594
91631569,2021,2021-11-22,9320,2021-11-11,1445,019914,,4,2,4,0790,0,1,1,,2,681,"SB I-680","STONE VALLEY ROAD",2640.00,N,N,B,-,Y,,,,,,,,,,Y,4,0,1,2,A,-,03,22350,,N,C,C,A,A,H,-,A,D,0,,,,,Y,,A,01,0,0,1,0,0,0,0,0,0,"- ","- ",37.826641082763672,-122.99649810791016,"CONTRA COSTA",DANVILLE,-122.03109741210938,37.857608795166016
91631577,2021,2021-11-22,9320,2021-11-11,1725,020957,,4,2,9,0700,0,2,4,,2,096,"VASCO RD","LOS VAQUEROS RD",10500.00,N,N,A,-,N,,,,,,,,,,Y,3,0,2,3,A,-,08,22107,,N,B,C,A,A,H,-,B,D,0,,,,,Y,,A,01,0,2,0,0,0,0,0,0,0,"- ","- ",37.780570983886719,-121.70304870605469,"CONTRA COSTA",UNINCORPORATED,,
91631739,2021,2021-11-22,9320,2021-11-12,1710,022127,,5,2,5,0708,0,2,4,,2,072,"BAILEY RD.","CANAL RD.",0.00,,Y,A,-,N,,,,,,,,,,Y,4,0,1,2,A,-,12,21453,A,N,D,C,A,A,H,-,C,A,0,,,,,Y,,A,01,0,0,1,0,0,0,0,0,0,"- ","- ",38.020221710205078,-121.94200897216797,"CONTRA COSTA",PITTSBURG,-121.94187927246094,38.021560668945312
9163174,2020,2020-11-25,0740,2020-09-15,1045,SR030,,2,5,4,0791,0,0,0,,0,003,"CROW CANYON RD","ALCOSTA BL",279.00,E,N,A,-,N,,,,,,,,,,N,4,0,1,2,A,-,03,22350,,N,C,C,A,A,H,-,A,A,0,,,,,Y,,-,,0,0,1,0,0,0,0,0,0,"- ","- ",37.780529022216797,-121.96701049804688,"CONTRA COSTA","SAN RAMON",-121.96365356445312,37.781776428222656
9163175,2020,2020-11-25,0740,2020-09-17,2215,SR501,SR72,4,5,4,0791,0,0,0,,0,006,"WINDEMERE PKWY","LONGLEAF CIR",251.00,N,N,A,-,N,,,,,,,,,,Y,3,0,1,1,A,-,00,22658,,N,E,I,A,A,H,-,C,D,0,,,,,Y,,A,01,0,1,0,0,0,0,0,0,0,"- ","- ",37.759910583496094,-121.88648986816406,"CONTRA COSTA","SAN RAMON",-121.88636016845703,37.758335113525391
91631763,2021,2021-11-22,9320,2021-11-06,1445,022459,,6,2,9,0700,0,1,3,,2,402,"SR-4 EB","PACHECO BLVD.",600.00,W,N,A,-,Y,,,4,,,,,,E,Y,4,0,1,5,A,-,03,22350,,N,C,C,A,A,H,-,A,A,0,,,,,Y,,A,01,0,0,1,0,0,0,0,0,0,"- ","- ",37.99237060546875,-122.07602691650391,"CONTRA COSTA",UNINCORPORATED,-122.07603454589844,37.992385864257812
91631948,2021,2021-11-22,9320,2021-11-13,0330,021293,,6,3,9,0700,0,2,4,,2,073,"KIRKER PASS RD","HESS RD",3696.00,N,N,E,-,N,,,,,,,,,,Y,4,0,1,1,A,-,08,22107,,N,F,I,A,B,H,-,D,A,0,,,,,Y,,A,01,0,0,1,0,0,0,0,0,0,"- ","- ",37.974651336669922,-121.91146087646484,"CONTRA COSTA",UNINCORPORATED,-121.92256927490234,37.970035552978516
91631977,2021,2021-11-22,9320,2021-11-12,0900,021499,,5,1,9,0700,0,2,4,,2,097,"VASCO RD","WALNUT BLVD",0.00,,Y,B,-,N,,,,,,,,,,Y,4,0,1,2,A,-,12,21453,A,N,D,C,A,A,H,-,A,A,0,,,,,Y,,-,"- ",0,0,1,0,0,0,0,0,0,"- ","- ",37.887519836425781,-121.6964111328125,"CONTRA COSTA",UNINCORPORATED,-121.69647979736328,37.887496948242188
91632065,2021,2021-11-22,9320,2021-11-13,0815,020440,,6,1,9,0700,0,2,4,,2,093,"CAMINO DIABLO","MCCABE RD",94.00,W,N,E,-,N,,,,,,,,,,Y,4,0,1,2,A,-,09,21804,A,N,D,C,A,A,H,-,A,D,0,,,,,Y,,A,01,0,0,1,0,0,0,0,0,0,"- ","- ",37.867488861083984,-121.64534759521484,"CONTRA COSTA",UNINCORPORATED,-121.64525604248047,37.867473602294922
91632102,2021,2021-11-22,9320,2021-11-13,0903,022116,,6,1,5,0701,0,1,3,,2,404,"SR-4 E/B","L ST",1550.00,W,N,B,-,Y,,,4,,,,,,E,N,4,0,1,2,A,-,03,22350,,N,C,C,A,A,H,-,A,D,0,,,,,Y,,A,01,0,0,1,0,0,0,0,0,0,"- ","- ",38.001338958740234,-121.82891845703125,"CONTRA COSTA",ANTIOCH,-121.82888793945312,38.001472473144531
91632247,2021,2021-11-22,9320,2021-11-13,2325,022540,,6,3,9,0700,0,3,5,,2,075,"PACIFICA AVENUE","ANCHOR DRIVE",0.00,,Y,B,E,N,,,,,,,,,,Y,3,0,1,2,A,-,09,21804,A,N,D,C,A,A,H,-,C,A,0,,,,,Y,,A,01,0,1,0,0,0,0,0,0,0,"- ","- ",38.034011840820312,-121.96292877197266,"CONTRA COSTA",UNINCORPORATED,-121.96292114257812,38.034019470214844
91632252,2021,2021-11-22,9320,2021-11-14,0128,022484,,7,3,3,0707,0,1,1,,2,180,"I-80 W/B","PINOLE VALLEY ROAD",1056.00,E,N,A,-,Y,,,80,,,,,,W,N,3,0,2,1,A,-,01,23152,A,N,E,I,A,A,H,-,D,A,0,,,,,Y,Y,A,01,0,2,0,0,0,0,0,0,0,"- ","- ",37.999740600585938,-122.28363037109375,"CONTRA COSTA",PINOLE,-122.28366851806641,37.999778747558594
91632262,2021,2021-11-22,9320,2021-11-14,0225,022019,,7,3,3,0707,0,1,1,,2,180,I-80,"PINOLE VALLEY ROAD",2112.00,E,N,B,-,Y,,,80,,,,,,,N,4,0,1,2,A,-,03,22350,,M,C,C,A,A,G,-,D,D,0,,,,,Y,,-,99,0,0,1,0,0,0,0,0,0,"- ","- ",38.002140045166016,-122.28156280517578,"CONTRA COSTA",PINOLE,-122.28152465820312,38.002105712890625
91632922,2021,2021-11-23,9320,2021-11-14,1800,022462,,7,2,5,0708,0,1,3,,2,404,"STATE ROUTE 4 WESTBOUND TO HARBOR ST","HARBOR ST",745.00,E,N,B,-,Y,,,4,,,,R,,W,Y,4,0,2,3,A,-,03,22350,,N,C,C,A,A,H,-,C,A,0,,,,,Y,,A,07,0,0,2,0,0,0,0,0,0,"- ","- ",38.015121459960938,-121.88015747070312,"CONTRA COSTA",PITTSBURG,-121.88015747070312,38.015121459960938
91632944,2021,2021-11-23,9320,2021-11-15,0650,020834,,1,1,3,0706,0,1,1,,2,180,"I-80 W/B","PINOLE VALLEY RD",1796.00,E,N,A,-,Y,,,80,,,,,,W,Y,4,0,2,2,A,-,03,22350,,N,C,C,A,A,H,-,B,A,0,,,,,Y,,D,22,0,0,2,0,0,0,0,0,0,"- ","- ",38.002620697021484,-122.28111267089844,"CONTRA COSTA",HERCULES,-122.28108215332031,38.002590179443359
91632969,2021,2021-11-23,9320,2021-11-15,0730,018371,,1,1,9,0700,0,3,5,,2,010,"INTERSTATE 80 EASTBOUND","CUMMINGS SKYWAY OVERCROSSING",1500.00,W,N,B,-,Y,,,80,,,,,,E,N,4,0,1,2,A,-,07,21658,A,N,D,C,A,A,H,-,A,A,0,,,,Y,Y,,A,07,0,0,1,0,0,0,0,0,0,"- ","- ",38.041938781738281,-122.24241638183594,"CONTRA COSTA",UNINCORPORATED,-122.24250793457031,38.042064666748047
91633127,2021,2021-11-23,9320,2021-11-15,1710,020835,,1,2,6,0704,0,1,3,,2,242,"SR-242 NORTHBOUND","OLIVERA ROAD",300.00,S,N,A,-,Y,,,242,,,,,,N,N,4,0,1,3,A,-,03,22350,,N,C,C,A,A,H,-,B,D,0,,,,,Y,,A,08,0,0,1,0,0,0,0,0,0,"- ","- ",37.994338989257812,-122.03910064697266,"CONTRA COSTA",CONCORD,-122.03915405273438,37.994346618652344
91633306,2021,2021-11-23,9350,2021-11-17,0842,016034,,3,1,9,0700,0,1,1,,2,115,"I-580 W/B","RICHMOND-SAN RAFAEL BRIDGE TOLL PLAZA",4752.00,W,N,A,-,Y,,,,,,,,,,Y,3,0,2,2,A,-,03,22350,,N,C,C,A,A,H,-,A,D,0,,,,,Y,,D,22,0,2,0,0,0,0,0,0,0,"- ","- ",37.933380126953125,-122.4193115234375,"CONTRA COSTA",UNINCORPORATED,,
91633445,2021,2021-11-23,9370,2021-11-10,1423,022648,,3,2,5,0710,0,1,1,,2,082,"I-80 E/B","SOLANO AVENUE",1071.00,W,N,A,-,Y,,,80,,,,,,E,Y,3,0,1,4,A,-,03,22350,,F,C,C,A,A,H,-,A,A,0,,,,,Y,,A,07,0,1,0,0,0,0,0,0,0,"- ","- ",37.94049072265625,-122.32436370849609,"CONTRA COSTA",RICHMOND,-122.32436370849609,37.94049072265625
91633619,2021,2021-11-23,9390,2021-11-17,1800,018869,,3,2,4,0790,0,1,1,,2,069,"I680 N/B","SYCAMORE VALLEY RD.",450.00,S,N,A,-,Y,,,,,,,,,,Y,3,0,1,3,A,-,03,22350,,N,C,C,A,A,H,-,C,D,0,,,,,Y,,A,01,0,1,0,0,0,0,0,0,0,"- ","- ",37.810070037841797,-121.99224853515625,"CONTRA COSTA",DANVILLE,-121.99150085449219,37.808368682861328
91633988,2021,2021-11-24,9320,2021-11-09,0235,022544,,2,3,9,0700,0,1,3,,2,401,"SR-4 EASTBOUND","CUMMINGS SKYWAY",2640.00,W,N,B,C,Y,,,4,,,,,,E,Y,3,0,1,1,A,-,08,22107,,N,E,I,A,B,H,-,D,A,0,,,,,Y,,A,01,0,1,0,0,0,0,0,0,0,"- ","- ",38.009670257568359,-122.20320129394531,"CONTRA COSTA",UNINCORPORATED,-122.20323944091797,38.009761810302734
91634002,2021,2021-11-24,9320,2021-11-12,1730,019914,,5,2,5,0712,0,1,1,,2,681,"SB I-680","SOUTH MAIN STREET U/C",50.00,S,N,B,-,Y,,,680,,,,,,,Y,4,0,1,2,A,-,07,21658,A,N,B,C,A,A,H,-,C,D,0,,,,,Y,,A,07,0,0,1,0,0,0,0,0,0,"- ","- ",37.885349273681641,-122.05515289306641,"CONTRA COSTA","WALNUT CREEK",-122.05515289306641,37.885349273681641
91634185,2021,2021-11-24,9320,2021-11-15,0920,018628,,1,1,9,0700,0,3,5,,2,060,"OLYMPIC BLVD","N. VILLA WAY",200.00,W,N,B,-,N,,,,,,,,,,Y,4,0,1,1,A,-,08,22107,,N,E,J,A,A,D,-,A,D,0,,,,,Y,,A,01,0,0,1,0,0,0,0,0,0,"- ","- ",37.8896484375,-122.06870269775391,"CONTRA COSTA",UNINCORPORATED,-122.06879425048828,37.889896392822266
91634276,2021,2021-11-24,9320,2021-11-16,0405,021293,,2,3,9,0700,0,3,5,,2,075,"PORT CHICAGO HIGHWAY","INLET DR",250.00,E,N,A,-,N,,,,,,,,,,N,4,0,1,1,A,-,08,22107,,N,E,I,A,A,H,-,D,A,0,,,,,Y,,A,01,0,0,1,0,0,0,0,0,0,"- ","- ",38.039340972900391,-121.96778106689453,"CONTRA COSTA",UNINCORPORATED,-121.96781921386719,38.039440155029297
91634462,2021,2021-11-24,9320,2021-11-16,1505,022019,,2,2,6,0704,0,1,3,,2,402,SR-4,"WILLOW PASS RD",250.00,W,N,A,-,Y,,,4,,,,,,,N,4,0,1,2,A,-,03,22350,,N,C,C,A,A,H,-,A,D,0,,,,,Y,,A,01,0,0,1,0,0,0,0,0,0,"- ","- ",38.013290405273438,-121.99835968017578,"CONTRA COSTA",CONCORD,-121.99837493896484,38.013343811035156
91634651,2021,2022-01-10,9320,2021-11-18,1110,016094,,4,1,9,0700,0,2,4,,2,096,"VASCO RD","ALAMEDA/CONTRA COSTA COUNTY LINE",10560.00,N,N,B,-,N,,,,,,,,,,Y,2,0,1,1,C,-,18,,,N,E,J,A,A,C,-,A,D,0,,,,,Y,,-,"- ",1,0,0,0,0,0,0,0,0,"- ","- ",37.796211242675781,-121.68544006347656,"CONTRA COSTA",UNINCORPORATED,,
91635904,2021,2021-11-29,9320,2021-11-12,1510,022240,,5,2,9,0700,0,1,1,,2,180,"I-80 E/B","APPIAN WY",1000.00,E,N,A,-,Y,,,,,,,,,,N,4,0,1,2,A,-,08,22107,,N,B,C,A,A,H,-,A,D,0,,,Y,,Y,,D,22,0,0,1,0,0,0,0,0,1,"- ","- ",37.993900299072266,-122.29785919189453,"CONTRA COSTA",UNINCORPORATED,-122.29856109619141,37.993778228759766
91635906,2021,2021-11-29,9320,2021-11-13,0040,022472,,6,3,9,0700,0,2,4,,2,012,"LA PALOMA ROAD","LA PALOMA CT",50.00,S,N,B,-,N,,,,,,,,,,Y,4,0,2,2,A,-,05,21460,A,N,A,C,A,A,H,-,D,A,0,,,,,Y,Y,D,22,0,0,2,0,0,0,0,0,0,"- ","- ",37.973690032958984,-122.30726623535156,"CONTRA COSTA",UNINCORPORATED,-122.30706787109375,37.973590850830078
91635912,2021,2021-11-29,9320,2021-11-15,0753,022706,,1,1,4,0714,0,1,1,,2,683,"SYCAMORE STREET","VINE AVENUE",0.00,,Y,B,-,N,,,,,,,,,,Y,4,0,1,2,A,-,12,22450,A,M,D,C,A,A,H,-,A,A,0,,,,,Y,,A,01,0,0,1,0,0,0,0,0,0,"- ","- ",38.008419036865234,-122.11566925048828,"CONTRA COSTA",MARTINEZ,-122.11561584472656,38.008438110351562
91636084,2021,2021-11-29,9320,2021-11-13,2155,022484,,6,2,5,0712,0,1,1,,2,683,"TREAT BLVD","BUSKIRK AVE",0.00,,Y,A,-,Y,,,,,,,,,,N,4,0,1,2,A,-,12,21453,A,N,D,C,A,A,H,-,C,A,0,,,,,Y,,A,01,0,0,1,0,0,0,0,0,0,"- ","- ",37.926471710205078,-122.0601806640625,"CONTRA COSTA","WALNUT CREEK",-122.06002044677734,37.926460266113281
91636117,2021,2021-11-29,9320,2021-11-17,0137,020010,,3,3,9,0700,0,1,1,,2,180,"I-80 W/B","POMONA STREET U/C",1100.00,W,N,A,-,Y,,,80,,,,,,W,Y,4,0,1,1,A,-,08,22107,,N,E,I,A,A,H,-,C,D,0,,,,,Y,,A,01,0,0,1,0,0,0,0,0,0,"- ","- ",38.050708770751953,-122.23084259033203,"CONTRA COSTA",UNINCORPORATED,-122.23073577880859,38.050582885742188
91636130,2021,2021-11-29,9370,2021-11-17,0900,021718,,3,1,5,0710,0,1,1,,2,058,"I-580 W/B","STEINMARK DRIVE",590.00,E,N,A,-,Y,,,,,,,,,,N,4,0,1,2,A,-,21,22106,,N,C,C,A,A,H,-,A,D,0,,,,Y,Y,,G,25,0,0,1,0,0,0,0,0,0,"- ","- ",37.937179565429688,-122.39946746826172,"CONTRA COSTA",RICHMOND,,
91636141,2021,2021-11-29,9370,2021-11-18,1920,022124,,4,2,9,0700,0,3,5,,2,012,"HIGHLANDS ROAD","DEL MONTE DRIVE",0.00,,Y,A,-,N,,,,,,,,,,Y,4,0,2,2,A,-,12,22450,A,N,D,C,A,A,H,-,D,A,0,,,,,Y,,A,08,0,0,2,0,0,0,0,0,0,"- ","- ",38.005031585693359,-122.31867980957031,"CONTRA COSTA",UNINCORPORATED,-122.31864929199219,38.005001068115234
91636574,2021,2021-11-29,9320,2021-11-17,1415,018371,,3,2,3,0706,0,1,1,,2,180,"INTERSTATE 80 WESTBOUND","WILLOW AVE UNDERCROSSING",1320.00,E,N,A,-,Y,,,,,,,,,,Y,4,0,1,2,A,-,03,22350,,N,C,C,A,A,H,-,A,A,0,,,,,Y,,D,22,0,0,1,0,0,0,0,0,0,"- ","- ",38.0264892578125,-122.25879669189453,"CONTRA COSTA",HERCULES,-122.26957702636719,38.014961242675781
91636783,2021,2021-11-29,9320,2021-11-18,1810,019759,,4,2,9,0700,0,2,4,,2,096,"VASCO ROAD","CAMINO DIABLO",1584.00,N,N,A,-,N,,,,,,,,,,Y,4,0,2,4,A,-,03,22350,,N,C,C,A,A,H,-,D,A,0,,,,,Y,,D,22,0,0,2,0,0,0,0,0,0,"- ","- ",37.867938995361328,-121.67205047607422,"CONTRA COSTA",UNINCORPORATED,-121.67188262939453,37.867946624755859
9163687,2020,2020-11-17,0704,2020-09-15,1213,0470,COSTA,2,5,6,0704,0,0,0,,0,003,"OAK GROVE RD","CHALOMAR RD",130.00,N,N,A,-,N,,,,,,,,,,N,4,0,1,2,C,-,18,,,N,C,C,A,A,H,-,A,A,0,,,,,Y,,-,"- ",0,0,1,0,0,0,0,0,0,"- ","- ",,,"CONTRA COSTA",CONCORD,-122.03327941894531,37.947616577148438
9163688,2020,2020-11-17,0704,2020-09-27,1451,544,32,7,5,6,0704,0,0,0,,0,006,"CLAYTON RD","YGNACIO VALLEY RD",452.00,W,N,A,-,N,,,,,,,,,,,4,0,2,2,A,-,08,22107,,N,A,C,A,A,H,-,A,D,0,,,,,Y,,A,01,0,0,2,0,0,0,0,0,0,"- ","- ",,,"CONTRA COSTA",CONCORD,-121.95895385742188,37.952610015869141
9163689,2020,2020-11-12,0704,2020-09-02,1600,0521,,3,5,6,0704,0,0,0,,0,002,"DETROIT AV","DETROIT AV 1441",600.00,W,N,A,-,N,,,,,,,,,,N,3,0,1,2,B,-,22,,,M,D,G,A,A,H,-,A,D,0,,Y,,,Y,,-,99,0,1,0,0,0,0,1,0,0,"- ","- ",,,"CONTRA COSTA",CONCORD,,
9163690,2020,2020-12-02,0704,2020-09-27,1932,0588,,7,5,6,0704,0,0,0,,0,003,"MONUMENT BL","VICTORY LN",0.00,E,N,A,-,N,,,,,,,,,,Y,4,0,2,2,A,-,01,23152,A,M,C,C,A,A,H,-,C,A,0,,,,,Y,Y,A,07,0,0,2,0,0,0,0,0,0,"- ","- ",,,"CONTRA COSTA",CONCORD,-122.04743194580078,37.950450897216797
91638232,2021,2021-11-30,9320,2021-11-19,0815,022116,,5,1,9,0700,0,1,3,,2,242,"SR-242 S/B","WILLOW PASS RD",2150.00,S,N,A,-,Y,,,,,,,,,,N,4,0,1,2,A,-,07,21658,A,N,C,C,A,A,H,-,A,D,0,,,Y,,Y,,A,01,0,0,1,0,0,0,0,0,1,"- ","- ",37.965339660644531,-122.04955291748047,"CONTRA COSTA",UNINCORPORATED,-122.04946136474609,37.965583801269531
91638352,2021,2021-11-30,9320,2021-11-19,1545,022462,,5,2,9,0700,0,2,4,,2,012,"SAN PABLO DAM RD","APPIAN WAY",275.00,E,N,B,-,N,,,,,,,,,,N,3,0,1,2,A,-,09,21800,A,N,D,G,A,A,H,-,A,D,0,,Y,,,Y,,A,01,0,1,0,0,0,0,1,0,0,"- ","- ",37.966220855712891,-122.30845642089844,"CONTRA COSTA",UNINCORPORATED,-122.30844879150391,37.966320037841797
91638501,2021,2021-11-30,9320,2021-11-19,1705,022462,,5,2,4,0714,0,1,3,,2,402,"STATE ROUTE 4 WESTBOUND","ALHAMBRA AVE",444.00,E,N,C,-,Y,,,4,,,,,,W,Y,4,0,1,2,A,-,03,22350,,M,C,C,A,B,H,-,C,A,0,,,,,Y,,-,99,0,0,1,0,0,0,0,0,0,"- ","- ",37.991069793701172,-122.12837982177734,"CONTRA COSTA",MARTINEZ,-122.12837982177734,37.991062164306641
91638507,2021,2021-11-30,9390,2021-11-19,1436,020368,,5,2,4,0790,0,1,1,,2,069,"I-680 NORTHBOUND","SYCAMORE VALLEY RD",370.00,S,N,A,-,Y,,,,,,,,,,Y,4,0,2,4,A,-,07,21658,A,F,E,I,A,A,H,-,A,D,0,,,,,Y,,-,99,0,0,2,0,0,0,0,0,0,"- ","- ",37.810569763183594,-121.94232177734375,"CONTRA COSTA",DANVILLE,-121.99150085449219,37.808368682861328
91638561,2021,2021-11-30,9320,2021-11-19,2000,019914,,5,2,3,0715,0,1,3,,2,241,"WB SR-24","PLEASANT HILL ROAD U/C",1800.00,E,N,B,-,Y,,,24,,,,,,,N,3,0,1,1,A,-,03,22350,,N,E,I,A,B,H,-,C,D,0,,,,,Y,,A,01,0,1,0,0,0,0,0,0,0,"- ","- ",37.89801025390625,-122.08959197998047,"CONTRA COSTA",LAFAYETTE,-122.08959197998047,37.898086547851562
9163870,2020,2020-10-07,0701,2020-06-30,1336,5319,503,2,5,5,0701,0,0,0,,0,052,"DEER VALLEY RD","HILLCREST AV",0.00,,Y,A,-,N,,,,,,,,,,N,4,0,1,2,A,-,03,22350,,N,C,C,A,-,H,-,A,A,0,,,Y,,Y,,A,01,0,0,1,0,0,0,0,0,1,"- ","- ",,,"CONTRA COSTA",ANTIOCH,-121.78468322753906,37.990211486816406
9163887,2020,2020-10-01,0740,2020-08-28,0000,SR106,,5,5,4,0791,0,0,0,,0,001,"NORRIS CANYON RD","CARTAGENA LN",0.00,,Y,A,-,N,,,,,,,,,,N,3,0,1,2,A,-,06,21760,,F,B,G,A,A,H,-,C,D,0,,Y,,,Y,Y,-,,0,1,0,0,0,0,1,0,0,"- ","- ",,,"CONTRA COSTA","SAN RAMON",-121.97495000000001,37.770622000000003
91639263,2021,2021-12-01,9320,2021-11-19,2124,022462,,5,2,9,0700,0,2,4,,2,031,"SAN PABLO AVE WESTBOUND","A ST",2376.00,W,N,B,-,N,,,,,,,,,,Y,3,0,1,1,A,-,01,23152,F,N,F,I,A,B,H,-,C,A,0,,,,,Y,,A,01,0,1,0,0,0,0,0,0,0,"- ","- ",38.049381256103516,-122.25617980957031,"CONTRA COSTA",UNINCORPORATED,-122.2552490234375,38.049766540527344
91639280,2021,2021-12-01,9320,2021-11-20,0403,022540,,6,3,3,0715,0,1,3,,2,241,"SR-24 EASTBOUND","DOLORES DRIVE",2490.00,W,N,A,-,Y,,,24,,,,,,E,Y,4,0,1,1,A,-,08,22107,,N,E,I,A,A,H,-,C,A,0,,,,,Y,,A,01,0,0,1,0,0,0,0,0,0,"- ","- ",37.890331268310547,-122.13687896728516,"CONTRA COSTA",LAFAYETTE,-122.13687133789062,37.890384674072266
91639450,2021,2021-12-01,9320,2021-11-21,1000,018371,,7,1,9,0700,0,2,4,,2,023,"BEAR CREEK ROAD","GARCIA RANCH ROAD",2000.00,N,N,A,-,N,,,,,,,,,,N,2,0,1,2,A,-,03,22350,,N,C,G,A,A,D,-,A,A,0,,Y,,,Y,,B,07,1,0,0,0,0,0,1,0,0,"- ","- ",37.950069427490234,-122.1910400390625,"CONTRA COSTA",UNINCORPORATED,-122.19144439697266,37.950237274169922
91640585,2021,2021-12-02,9320,2021-11-18,1030,020440,,4,1,3,0715,0,1,3,,2,241,"SR-24 W/B","HAPPY VALLEY RD",100.00,E,N,B,-,Y,,,24,,,,,,W,N,4,0,1,2,A,-,17,23114,A,N,E,C,A,A,H,-,A,D,0,,,,,Y,,D,22,0,0,1,0,0,0,0,0,0,"- ","- ",37.893081665039062,-122.12576293945312,"CONTRA COSTA",LAFAYETTE,-122.12577056884766,37.893123626708984