CASE_ID,ACCIDENT_YEAR,PROC_DATE,JURIS,COLLISION_DATE,COLLISION_TIME,OFFICER_ID,REPORTING_DISTRICT,DAY_OF_WEEK,CHP_SHIFT,POPULATION,CNTY_CITY_LOC,SPECIAL_COND,BEAT_TYPE,CHP_BEAT_TYPE,CITY_DIVISION_LAPD,CHP_BEAT_CLASS,BEAT_NUMBER,PRIMARY_RD,SECONDARY_RD,DISTANCE,DIRECTION,INTERSECTION,WEATHER_1,WEATHER_2,STATE_HWY_IND,CALTRANS_COUNTY,CALTRANS_DISTRICT,STATE_ROUTE,ROUTE_SUFFIX,POSTMILE_PREFIX,POSTMILE,LOCATION_TYPE,RAMP_INTERSECTION,SIDE_OF_HWY,TOW_AWAY,COLLISION_SEVERITY,NUMBER_KILLED,NUMBER_INJURED,PARTY_COUNT,PRIMARY_COLL_FACTOR,PCF_CODE_OF_VIOL,PCF_VIOL_CATEGORY,PCF_VIOLATION,PCF_VIOL_SUBSECTION,HIT_AND_RUN,TYPE_OF_COLLISION,MVIW,PED_ACTION,ROAD_SURFACE,ROAD_COND_1,ROAD_COND_2,LIGHTING,CONTROL_DEVICE,CHP_ROAD_TYPE,PEDESTRIAN_ACCIDENT,BICYCLE_ACCIDENT,MOTORCYCLE_ACCIDENT,TRUCK_ACCIDENT,NOT_PRIVATE_PROPERTY,ALCOHOL_INVOLVED,STWD_VEHTYPE_AT_FAULT,CHP_VEHTYPE_AT_FAULT,COUNT_SEVERE_INJ,COUNT_VISIBLE_INJ,COUNT_COMPLAINT_PAIN,COUNT_PED_KILLED,COUNT_PED_INJURED,COUNT_BICYCLIST_KILLED,COUNT_BICYCLIST_INJURED,COUNT_MC_KILLED,COUNT_MC_INJURED,PRIMARY_RAMP,SECONDARY_RAMP,LATITUDE,LONGITUDE,COUNTY,CITY,POINT_X,POINT_Y
9166793,2020,2020-11-25,0708,2020-09-17,1040,275,0708,4,5,5,0708,0,0,0,,0,002,"CALIFORNIA AV","HARBOR ST",408.00,E,N,A,-,N,,,,,,,,,,Y,3,0,1,2,A,-,12,21453,A,N,A,C,A,A,H,-,A,A,0,,,,,Y,,A,01,0,1,0,0,0,0,0,0,0,"- ","- ",38.015949249267578,-121.88265991210938,"CONTRA COSTA",PITTSBURG,-121.88129425048828,38.015552520751953
9166794,2020,2020-12-04,0708,2020-09-05,2124,318,8410,6,5,5,0708,0,0,0,,0,005,"LOVERIDGE RD","RT 4",22.00,S,N,A,-,Y,CC,4,4,-,-,24.107,R,4,E,Y,4,0,1,1,A,-,03,22350,,N,E,I,A,A,H,-,C,A,0,,,,,Y,,A,01,0,0,1,0,0,0,0,0,0,"- ",EF,,,"CONTRA COSTA",PITTSBURG,-121.87100219726562,38.012710571289062
9166795,2020,2020-11-25,0708,2020-09-05,1813,343,0708,6,5,5,0708,0,0,0,,0,003,"BAILEY RD","WEST LELAND RD",27.00,N,N,A,-,N,,,,,,,,,,N,4,0,1,3,A,-,03,22350,,N,C,C,A,A,H,-,C,A,0,,,,,Y,,A,01,0,0,1,0,0,0,0,0,0,"- ","- ",,,"CONTRA COSTA",PITTSBURG,-121.94192504882812,38.015403747558594
91668411,2021,2022-01-03,9320,2021-12-18,0920,020440,,6,1,9,0700,0,2,4,,2,093,"CAMINO DIABLO","HOLWAY DR",0.00,,Y,B,-,N,,,,,,,,,,Y,4,0,1,2,A,-,03,22350,,M,C,C,A,A,H,-,A,D,0,,,,,Y,,A,01,0,0,1,0,0,0,0,0,0,"- ","- ",37.867469787597656,-121.64160919189453,"CONTRA COSTA",UNINCORPORATED,-121.6416015625,37.867473602294922
91668472,2021,2022-01-03,9320,2021-12-18,1740,022019,,6,2,5,0712,0,1,1,,2,681,I-680,"RUDGEAR ROAD",2640.00,S,N,A,-,Y,,,680,,,,,,,N,3,0,1,3,A,-,03,22350,,N,C,C,A,A,H,-,C,D,0,,,,,Y,,A,01,0,1,0,0,0,0,0,0,0,"- ","- ",37.872959136962891,-122.04341888427734,"CONTRA COSTA","WALNUT CREEK",-122.04344177246094,37.872943878173828
91668489,2021,2022-01-03,9370,2021-12-26,1450,022611,,7,2,5,0710,0,1,1,,2,058,"I-580 E/B","MARINA BAY PKWY",560.00,W,N,B,C,Y,,,580,,,,,,E,Y,4,0,1,1,A,-,08,22107,,N,E,J,A,B,H,-,A,D,0,,,,,Y,,A,01,0,0,1,0,0,0,0,0,0,"- ","- ",37.921581268310547,-122.34964752197266,"CONTRA COSTA",RICHMOND,-122.34965515136719,37.921714782714844
91668580,2021,2022-01-03,9320,2021-12-18,1910,022459,,6,2,9,0700,0,1,3,,2,402,"STATE ROUTE 4 EB","PORT CHICAGO HIGHWAY",1250.00,W,N,A,-,Y,,,,,,,,,,N,4,0,1,2,A,-,03,22350,,N,C,C,A,A,H,-,C,A,0,,,,,Y,,A,01,0,0,1,0,0,0,0,0,0,"- ","- ",38.008678436279297,-122.02819061279297,"CONTRA COSTA",UNINCORPORATED,-122.02688598632812,38.008853912353516
91668592,2021,2022-01-03,9390,2021-12-22,2055,018869,,3,2,9,0700,0,3,5,,2,100,"CASABLANCA STREET","MONTEROSSO STREET",180.00,W,N,B,-,N,,,,,,,,,,Y,3,0,1,1,A,-,01,23152,A,N,E,I,A,A,H,-,C,D,0,,,,,Y,Y,A,01,0,1,0,0,0,0,0,0,0,"- ","- ",37.797519683837891,-121.89333343505859,"CONTRA COSTA",UNINCORPORATED,-121.89332580566406,37.797550201416016
91668736,2021,2022-01-03,9320,2021-12-19,0400,022540,,7,3,3,0706,0,1,1,,2,180,"I-80 EASTBOUND",SR-4,500.00,E,N,A,-,Y,,,80,,,,,,E,Y,3,0,1,1,A,-,01,23152,A,N,E,I,A,A,H,-,C,A,0,,,,,Y,Y,A,01,0,1,0,0,0,0,0,0,0,"- ","- ",38.016029357910156,-122.26818084716797,"CONTRA COSTA",HERCULES,-122.26826477050781,38.016109466552734
91668747,2021,2022-01-03,9320,2021-12-19,0401,022505,,7,3,3,0706,0,1,1,,2,180,"I-80 E/B",SR-4,434.00,E,N,A,-,Y,,,80,,,,,,E,Y,3,0,1,2,A,-,03,22350,,N,C,C,A,A,H,-,D,D,0,,,,,Y,,A,01,0,1,0,0,0,0,0,0,0,"- ","- ",38.016071319580078,-122.26824951171875,"CONTRA COSTA",HERCULES,-122.26828002929688,38.016094207763672
91668776,2021,2022-01-03,9320,2021-12-19,0402,022505,,7,3,3,0706,0,1,1,,2,180,"I-80 E/B",SR-4,380.00,E,N,A,-,Y,,,80,,,,,,E,Y,4,0,1,2,A,-,03,22350,,N,C,C,A,A,H,-,D,D,0,,,,,Y,,A,01,0,0,1,0,0,0,0,0,0,"- ","- ",38.015949249267578,-122.26835632324219,"CONTRA COSTA",HERCULES,-122.26838684082031,38.015975952148438
91668779,2021,2022-01-03,9320,2021-12-19,1310,021472,,7,1,5,0712,0,3,5,,2,060,"RUDGEAR ROAD","GROVER LANE",50.00,E,N,A,-,N,,,,,,,,,,N,4,0,1,3,A,-,03,22350,,N,C,C,A,A,H,-,A,A,0,,,,,Y,,A,01,0,0,1,0,0,0,0,0,0,"- ","- ",37.880218505859375,-122.03986358642578,"CONTRA COSTA","WALNUT CREEK",-122.03977966308594,37.880184173583984
91669476,2021,2022-01-04,9370,2021-12-24,1355,022700,,5,1,9,0700,0,3,5,,2,010,"VERDE AVE (300 BLOCK)","FOURTH STREE",35.00,N,N,A,-,N,,,,,,,,,,N,4,0,1,4,A,-,03,22350,,N,A,C,A,A,H,-,A,D,0,,,,,Y,,A,01,0,0,1,0,0,0,0,0,0,"- ","- ",37.959980010986328,-122.36531829833984,"CONTRA COSTA",UNINCORPORATED,-122.36515045166016,37.959968566894531
91669477,2021,2022-01-04,9370,2021-12-26,1025,022637,,7,1,5,0710,0,1,1,,2,082,"I-80 W/B","CARLSON BLVD.",1310.00,W,N,C,-,Y,,,80,,,,,,W,N,3,0,2,1,A,-,03,22350,,M,E,I,A,B,H,-,A,D,0,,,,,Y,,A,01,0,2,0,0,0,0,0,0,0,"- ","- ",37.907569885253906,-122.31565093994141,"CONTRA COSTA",RICHMOND,-122.31552886962891,37.907657623291016
91669587,2021,2022-01-04,9320,2021-12-21,1350,022467,,2,1,9,0700,0,2,4,,2,012,"SAN PABLO DAM ROAD","VALLEY VIEW ROAD",230.00,E,N,A,-,N,,,,,,,,,,N,3,0,1,1,A,-,01,23152,A,N,E,I,A,A,H,-,A,A,0,,,,,Y,Y,A,08,0,1,0,0,0,0,0,0,0,"- ","- ",37.959598541259766,-122.28251647949219,"CONTRA COSTA",UNINCORPORATED,-122.28251647949219,37.959743499755859
91669621,2021,2022-01-04,9320,2021-12-21,1526,017219,,2,2,5,0708,0,1,3,,2,404,"SR-4 E/B","LOVERIDGE RD O/C",1100.00,W,N,B,-,Y,,,4,,,,,,E,Y,4,0,2,3,A,-,07,21658,A,N,B,C,A,A,H,-,A,A,0,,,,,Y,,D,22,0,0,2,0,0,0,0,0,0,"- ","- ",38.012649536132812,-121.87152099609375,"CONTRA COSTA",PITTSBURG,-121.87147521972656,38.012825012207031
91669740,2021,2022-01-04,9320,2021-12-21,2320,022540,,2,3,5,0712,0,1,3,,2,241,"SR-24 EB TO I-680 NB","OAKVALE ROAD",320.00,W,N,C,-,Y,,,24,,,,R,,E,N,4,0,2,2,A,-,07,21658,A,M,C,C,A,B,H,-,D,A,0,,,,,Y,,-,99,0,0,2,0,0,0,0,0,0,"- ","- ",37.900588989257812,-122.07047271728516,"CONTRA COSTA","WALNUT CREEK",-122.07047271728516,37.900588989257812
91669776,2021,2022-01-04,9320,2021-12-21,2320,022505,,2,3,5,0712,0,1,3,,2,241,"SR-24 E/B TO I-680 N/B","OAKLAND BLVD",210.00,W,N,A,-,Y,,,24,,,,R,,E,Y,4,0,1,1,A,-,08,22107,,N,E,I,A,B,H,-,D,D,0,,,,,Y,,A,01,0,0,1,0,0,0,0,0,0,"- ","- ",37.900058746337891,-122.070556640625,"CONTRA COSTA","WALNUT CREEK",-122.070556640625,37.900058746337891
91669939,2021,2022-01-04,9320,2021-12-22,0640,017530,,3,1,9,0700,0,1,3,,1,406,"SR4 (MARSH CREEK RD)","BYRON HWY",2904.00,W,N,C,-,Y,,,4,,,,,,,Y,4,0,1,1,A,-,08,22107,,N,E,I,A,B,H,-,D,D,0,,,,,Y,,A,01,0,0,1,0,0,0,0,0,0,"- ","- ",37.896450042724609,-121.65122222900391,"CONTRA COSTA",UNINCORPORATED,-121.65122222900391,37.896514892578125
9167035,2020,2020-10-23,0708,2020-08-16,2245,381,8312,7,5,5,0708,0,0,0,,0,002,"SCHOOL ST","HARBOR ST",0.00,,Y,A,-,N,,,,,,,,,,N,4,0,1,2,A,-,08,22107,,F,A,C,A,A,H,-,C,A,0,,,,,Y,,D,22,0,0,1,0,0,0,0,0,0,"- ","- ",38.019931793212891,-121.88107299804688,"CONTRA COSTA",PITTSBURG,-121.88112640380859,38.019878387451172
91670788,2021,2022-01-05,9390,2021-12-28,0557,014771,,2,3,4,0790,0,1,1,,2,069,I-680(NB),"FOSTORIA WAY",1056.00,N,N,B,C,Y,,,680,,,,,,,Y,4,0,1,2,A,-,07,21658,A,N,B,C,A,B,H,-,B,D,0,,,,,Y,,A,01,0,0,1,0,0,0,0,0,0,"- ","- ",37.783729553222656,-121.97863006591797,"CONTRA COSTA",DANVILLE,-121.97862243652344,37.783733367919922
91670939,2021,2022-01-05,9320,2021-12-23,0704,017271,,4,1,9,0700,0,1,1,,2,682,I-680,"NORTH MAIN ST",50.00,S,N,C,-,Y,,,,,,,,,,N,4,0,1,2,A,-,03,22350,,N,C,C,A,B,H,-,D,D,0,,,,,Y,,A,01,0,0,1,0,0,0,0,0,0,"- ","- ",37.916141510009766,-122.06549835205078,"CONTRA COSTA",UNINCORPORATED,-122.06584167480469,37.915233612060547
91670954,2021,2022-01-05,9320,2021-12-23,1248,017271,,4,1,9,0700,0,1,1,,2,681,"I-680 N/B","LIVORNA RD",1584.00,S,N,B,-,Y,,,680,,,,,,N,N,4,0,1,3,A,-,03,22350,,N,C,C,A,B,H,-,A,D,0,,,,,Y,,D,22,0,0,1,0,0,0,0,0,0,"- ","- ",37.859638214111328,-122.03199768066406,"CONTRA COSTA",UNINCORPORATED,-122.03205871582031,37.859603881835938
91670970,2021,2022-01-05,9320,2021-12-23,1215,019914,,4,1,9,0700,0,1,1,,2,681,"SB I-680","RUDGEAR ROAD U/C",100.00,S,N,C,-,Y,,,680,,,,,,,N,3,0,1,2,A,-,03,22350,,N,B,C,A,B,H,-,A,D,0,,,,,Y,,A,01,0,1,0,0,0,0,0,0,0,"- ","- ",37.878341674804688,-122.04869079589844,"CONTRA COSTA",UNINCORPORATED,-122.04864501953125,37.878372192382812
91670990,2021,2022-01-05,9320,2021-12-23,1823,017219,,4,2,5,0701,0,1,3,,2,404,"SR-4 E/B","SOMERSVILLE RD U/C",2000.00,W,N,A,-,Y,,,4,,,,,,E,N,4,0,3,4,A,-,03,22350,,N,C,C,A,A,H,-,D,A,0,,,,Y,Y,Y,F,55,0,0,3,0,0,0,0,0,0,"- ","- ",38.005428314208984,-121.84371948242188,"CONTRA COSTA",ANTIOCH,-121.84368133544922,38.005558013916016
9167103,2020,2021-01-12,0704,2020-10-06,1236,0537,,2,5,6,0704,0,0,0,,0,003,"OAK GROVE RD","BARRYMORE DR",0.00,,Y,A,-,N,,,,,,,,,,Y,3,0,2,2,A,-,08,22107,,N,D,C,A,A,H,-,A,D,0,,,,,Y,,D,22,0,1,1,0,0,0,0,0,0,"- ","- ",,,"CONTRA COSTA",CONCORD,-122.02303314208984,37.936481475830078
91671063,2021,2022-01-05,9320,2021-12-23,1805,017219,,4,2,5,0708,0,1,3,,2,404,"SR-4 W.B","LOVERIDGE RD",2200.00,W,N,A,-,Y,,,4,,,,,,,Y,4,0,1,2,A,-,03,22350,,N,C,C,A,A,H,-,D,A,0,,,,,Y,,A,01,0,0,1,0,0,0,0,0,0,"- ","- ",38.013641357421875,-121.87483978271484,"CONTRA COSTA",PITTSBURG,-121.87485504150391,38.013580322265625
9167111,2020,2021-01-19,0704,2020-10-08,1227,548,,4,5,6,0704,0,0,0,,0,006,"CLASSIC WY","LAURELWOOD PL",0.00,,Y,A,-,N,,,,,,,,,,Y,4,0,3,2,A,-,09,21800,A,N,D,C,A,A,H,-,A,D,0,,,,,Y,,-,"- ",0,0,3,0,0,0,0,0,0,"- ","- ",,,"CONTRA COSTA",CONCORD,-121.94786071777344,37.939708709716797
91671172,2021,2022-01-05,9320,2021-12-23,1150,021203,,4,1,6,0704,0,1,1,,2,683,"I-680 NORTHBOUND",SR-242,850.00,S,N,B,-,Y,,,680,,,,,,N,N,4,0,2,2,A,-,03,22350,,N,C,C,A,B,H,-,A,A,0,,,,,Y,,D,22,0,0,2,0,0,0,0,0,0,"- ","- ",37.956539154052734,-122.05300140380859,"CONTRA COSTA",CONCORD,-122.05294036865234,37.956516265869141
91672200,2021,2022-01-06,9370,2021-12-30,0418,021997,,4,3,5,0710,0,1,1,,2,082,"I-80 W/B","BARRETT AVE",100.00,W,N,B,-,Y,,,80,,,,,,W,Y,4,0,1,1,B,-,22,,,N,E,8,A,A,H,-,C,D,0,,,,,Y,,J,48,0,0,1,0,0,0,0,0,0,"- ","- ",37.93524169921875,-122.32691192626953,"CONTRA COSTA",RICHMOND,-122.32697296142578,37.93524169921875
91672229,2021,2022-01-06,9320,2021-12-24,1545,019914,,5,2,5,0712,0,1,1,,2,682,"NB I-680","HILLSIDE AVENUE U/C",600.00,N,N,C,-,Y,,,680,,,,,,,Y,3,0,2,4,A,-,07,21658,A,N,B,C,A,B,H,-,A,D,0,,,,,Y,,A,01,0,1,1,0,0,0,0,0,0,"- ","- ",37.9073486328125,-122.06881713867188,"CONTRA COSTA","WALNUT CREEK",-122.06886291503906,37.907363891601562
91672696,2021,2022-01-06,9320,2021-12-26,0540,021499,,7,3,9,0700,0,1,3,,2,403,"SR-4 E/B","RAILROAD AVE",6864.00,W,N,B,C,Y,,,,,,,,,,N,4,0,1,2,A,-,01,23152,A,N,B,C,A,B,H,-,D,D,0,,,,,Y,Y,A,01,0,0,1,0,0,0,0,0,0,"- ","- ",38.111751556396484,-121.54466247558594,"CONTRA COSTA",UNINCORPORATED,-121.91270446777344,38.019912719726562
91672715,2021,2022-01-06,9320,2021-12-24,1725,022462,,5,2,9,0700,0,1,3,,2,403,"STATE ROUTE 4 WESTBOUND","BAILEY RD",497.00,W,N,C,-,Y,,,4,,,,,,W,N,4,0,1,1,A,-,08,22107,,N,E,8,A,B,H,-,C,A,0,,,,,Y,,A,01,0,0,1,0,0,0,0,0,0,"- ","- ",38.019210815429688,-121.94384765625,"CONTRA COSTA",UNINCORPORATED,-121.94384765625,38.019096374511719
91672739,2021,2022-01-06,9320,2021-12-24,1755,019914,,5,2,5,0712,0,1,1,,2,682,"NORTH MAIN TO NB I-680","PENNIMAN WAY",20.00,N,N,B,-,Y,,,,,,,,,,Y,2,0,1,1,A,-,03,22350,,N,E,I,A,B,H,-,C,A,0,,,,,Y,,A,01,1,0,0,0,0,0,0,0,0,"- ","- ",37.915321350097656,-122.06424713134766,"CONTRA COSTA","WALNUT CREEK",-122.06570434570312,37.914703369140625
91672865,2021,2022-01-06,9320,2021-12-25,1047,022116,,6,1,9,0700,0,1,1,,2,682,"I-680 S/B",MONUMENT,1000.00,S,N,C,-,Y,,,,,,,,,,Y,3,0,1,1,A,-,03,22350,,N,E,I,A,B,H,-,E,D,0,,,,,Y,,A,01,0,1,0,0,0,0,0,0,0,"- ","- ",37.941471099853516,-122.05995178222656,"CONTRA COSTA",UNINCORPORATED,-122.05863189697266,37.944690704345703
9167319,2020,2021-01-13,0704,2020-10-07,0803,0537,,3,5,6,0704,0,0,0,,0,005,"SALEM ST","MENDOCINO DR",50.00,E,N,A,-,,,,,,,,,,,Y,4,0,1,2,A,-,08,22107,,N,C,E,A,A,H,-,A,D,0,,,,,Y,,A,01,0,0,1,0,0,0,0,0,0,"- ","- ",37.970600128173828,-121.99405670166016,"CONTRA COSTA",CONCORD,-121.99391174316406,37.970466613769531
9167320,2020,2021-01-13,0704,2020-10-07,1619,548,,3,5,6,0704,0,0,0,,0,006,"CLAYTON RD","THORNWOOD DR",78.00,E,N,A,-,N,,,,,,,,,,N,4,0,1,5,A,-,03,22350,,N,C,C,A,A,H,-,A,A,0,,,,,Y,,A,01,0,0,1,0,0,0,0,0,0,"- ","- ",,,"CONTRA COSTA",CONCORD,-121.98660278320312,37.962539672851562
9167321,2020,2020-12-21,0704,2020-10-07,1805,0532,,3,5,6,0704,0,0,0,,0,005,"COWELL RD","N LARWIN AVE",0.00,,Y,A,-,N,,,,,,,,,,Y,4,0,1,2,A,-,10,21950,,N,D,G,A,A,H,-,B,A,0,,Y,,,Y,,A,01,0,0,1,0,0,0,1,0,0,"- ","- ",,,"CONTRA COSTA",CONCORD,-121.9969482421875,37.95037841796875
9167322,2020,2020-12-21,0704,2020-10-10,2320,0493,,6,5,6,0704,0,0,0,,0,005,"TREAT BL","BEL AIR DR",123.00,N,N,A,-,N,,,,,,,,,,Y,4,0,1,2,A,-,01,23152,,N,C,C,A,A,H,-,C,A,0,,,,,Y,Y,A,01,0,0,1,0,0,0,0,0,0,"- ","- ",,,"CONTRA COSTA",CONCORD,-121.99409484863281,37.962417602539062
9167323,2020,2020-12-21,0704,2020-10-12,1044,361,,1,5,6,0704,0,0,0,,0,006,"CLAYTON RD","MARCLAIR DR",6.00,E,N,A,-,N,,,,,,,,,,N,3,0,1,2,A,-,03,22350,,N,-,G,A,A,H,-,A,D,0,,Y,,,Y,,L,04,0,1,0,0,0,0,1,0,0,"- ","- ",,,"CONTRA COSTA",CONCORD,-121.98812103271484,37.963085174560547
9167324,2020,2020-12-21,0704,2020-10-07,2120,371,,3,5,6,0704,0,0,0,,0,002,"CLAYTON RD","FRY WY",54.00,E,N,A,-,N,,,,,,,,,,N,4,0,1,2,A,-,03,22350,,N,C,C,A,A,H,-,C,A,0,,,,,Y,,A,01,0,0,1,0,0,0,0,0,0,"- ","- ",,,"CONTRA COSTA",CONCORD,-122.04037475585938,37.972091674804688
9167325,2020,2020-12-23,0704,2020-10-12,0925,361,,1,5,6,0704,0,0,0,,0,001,"EAST ST","BONIFACIO ST",0.00,,Y,A,-,N,,,,,,,,,,Y,4,0,1,2,A,-,12,21453,A,M,D,C,A,A,H,-,A,A,0,,,,,Y,,A,07,0,0,1,0,0,0,0,0,0,"- ","- ",,,"CONTRA COSTA",CONCORD,-122.03263854980469,37.980850219726562
91673301,2021,2022-01-07,9320,2021-12-25,1855,021185,,6,2,9,0700,0,1,1,,2,684,"INTERSTATE 680 NORTHBOUND","MOCOCO ROAD",2045.00,N,N,B,C,Y,,,,,,,,,,N,3,0,1,1,A,-,03,22350,,N,E,I,A,B,H,-,C,A,0,,,,,Y,,D,22,0,1,0,0,0,0,0,0,0,"- ","- ",38.031211853027344,-122.11689758300781,"CONTRA COSTA",UNINCORPORATED,-122.11376953125,38.026359558105469
91673387,2021,2022-01-07,9320,2021-12-26,1145,019546,,7,1,9,0700,0,1,3,,2,401,"STATE ROUTE 4 WESTBOUND","MCEWEN ROAD",4050.00,E,N,B,-,Y,,,4,,,,,,W,Y,3,0,1,1,A,-,08,22107,,N,E,I,A,B,H,-,A,D,0,,,,,Y,,A,01,0,1,0,0,0,0,0,0,0,"- ","- ",38.007610321044922,-122.16715240478516,"CONTRA COSTA",UNINCORPORATED,-122.16719818115234,38.007549285888672
91673406,2022,2022-01-07,9370,2022-01-05,0926,020258,,3,1,9,0700,0,3,5,,2,010,"RICHMOND PARKWAY","PITTSBURG AVENUE",0.00,,Y,B,-,N,,,,,,,,,,Y,4,0,1,2,A,-,08,22100,A,N,B,C,A,A,H,-,A,A,0,,,,Y,Y,,G,25,0,0,1,0,0,0,0,0,0,"- ","- ",37.963138580322266,-122.37357330322266,"CONTRA COSTA",UNINCORPORATED,-122.37376403808594,37.963169097900391
91673419,2021,2022-01-07,9320,2021-12-26,1355,020984,,7,1,3,0792,0,1,3,,2,240,"SR-24 E/B","WILDER RD",50.00,W,N,B,C,Y,,,,,,,,,,Y,4,0,1,2,A,-,03,22350,,N,E,8,A,B,H,-,A,A,0,,,,,Y,,A,01,0,0,1,0,0,0,0,0,0,"- ","- ",,,"CONTRA COSTA",ORINDA,,
9167342,2020,2020-12-16,0708,2020-10-12,1523,355,8303,1,5,5,0708,0,0,0,,0,004,"RAILROAD AV","YOSEMITE DR",108.00,N,N,A,-,N,,,,,,,,,,Y,3,0,1,2,A,-,03,22350,,N,B,C,A,A,H,-,A,D,0,,,Y,,Y,,C,02,0,1,0,0,0,0,0,0,1,"- ","- ",,,"CONTRA COSTA",PITTSBURG,-121.89360809326172,38.005622863769531
91673514,2021,2022-01-07,9320,2021-12-26,1825,022282,,7,2,9,0700,0,2,4,,2,011,"APPIAN WAY S/B","SUNHILL CIRCLE",150.00,N,N,C,-,N,,,,,,,,,,Y,4,0,1,2,A,-,09,21801,A,N,D,C,A,B,H,-,D,A,0,,,,Y,Y,,A,07,0,0,1,0,0,0,0,0,0,"- ","- ",37.975719451904297,-122.29817962646484,"CONTRA COSTA",UNINCORPORATED,-122.29825592041016,37.975669860839844
91673529,2021,2022-01-07,9320,2021-12-26,1925,020957,,7,2,9,0700,0,2,4,,2,074,"DEER VALLEY RD","EMPIRE MINE RD",100.00,N,N,B,-,N,,,,,,,,,,Y,4,0,1,2,A,-,08,22107,,N,B,C,A,B,H,-,D,D,0,,,,,Y,,A,01,0,0,1,0,0,0,0,0,0,"- ","- ",37.934158325195312,-121.77768707275391,"CONTRA COSTA",UNINCORPORATED,-121.77804565429688,37.933383941650391
91673544,2021,2022-01-07,9320,2021-12-27,0536,022116,,1,3,9,0700,0,1,3,,2,240,"SR-24 W/B","CAMINO PABLO",200.00,E,N,C,-,Y,,,24,,,,,,W,Y,3,0,3,3,A,-,03,22350,,F,C,C,A,B,H,-,C,D,0,,,,,Y,,-,99,0,1,2,0,0,0,0,0,0,"- ","- ",37.878379821777344,-122.18578338623047,"CONTRA COSTA",UNINCORPORATED,-122.18578338623047,37.878383636474609
91673585,2021,2022-01-07,9320,2021-12-26,1247,022116,,7,1,9,0700,0,1,1,,2,681,"I-680 S/B","STONE VALLEY RD",2500.00,N,N,B,-,Y,,,680,,,,,,S,N,4,0,1,3,A,-,03,22350,,N,C,C,A,B,H,-,A,D,0,,,,,Y,,A,07,0,0,1,0,0,0,0,0,0,"- ","- ",37.856491088867188,-122.03044128417969,"CONTRA COSTA",UNINCORPORATED,-122.03041839599609,37.856502532958984
91673596,2021,2022-01-07,9320,2021-12-27,0620,020440,,1,1,3,0792,0,1,3,,2,240,"SR-24 E/B","WILDER RD",2000.00,E,N,B,C,Y,,,24,,,,,,E,Y,4,0,1,1,A,-,08,22107,,N,E,8,A,B,H,-,D,D,0,,,,,Y,,A,07,0,0,1,0,0,0,0,0,0,"- ","- ",37.869888305664062,-122.19319915771484,"CONTRA COSTA",ORINDA,-122.19313812255859,37.869808197021484
91673640,2021,2022-01-07,9320,2021-12-27,0910,020949,,1,1,3,0707,0,1,1,,2,180,"I-80 W/B","APPIAN WAY OVER-CROSSING",3050.00,E,N,B,-,Y,,,80,,,,,,W,N,4,0,3,2,A,-,03,22350,,N,C,C,A,B,H,-,A,D,0,,,,Y,Y,,F,26,0,0,3,0,0,0,0,0,0,"- ","- ",37.995109558105469,-122.29125213623047,"CONTRA COSTA",PINOLE,-122.29121398925781,37.994956970214844
91673663,2021,2022-01-07,9320,2021-10-08,1930,022463,,5,2,3,0734,0,2,4,,2,086,"DELTA ROAD","DOYLE ROAD",140.00,E,N,A,-,N,,,,,,,,,,Y,1,1,0,1,A,-,08,22107,,N,E,I,A,A,H,-,C,A,0,,,,,Y,,A,01,0,0,0,0,0,0,0,0,0,"- ","- ",37.968799591064453,-121.68628692626953,"CONTRA COSTA",OAKLEY,-121.68629455566406,37.968868255615234
91673672,2021,2022-01-07,9320,2021-10-13,1915,022006,,3,2,9,0700,0,2,4,,2,072,"BAILEY ROAD","CANAL RD.",36.00,N,N,A,-,N,,,,,,,,,,N,1,1,0,2,A,-,11,21955,,N,G,B,D,A,H,-,C,A,0,Y,,,,Y,Y,N,60,0,0,0,1,0,0,0,0,0,"- ","- ",38.020370483398438,-122.94183349609375,"CONTRA COSTA",UNINCORPORATED,-121.94191741943359,38.021656036376953
9167413,2020,2020-10-23,0701,2020-05-03,1147,5324,611,7,5,5,0701,0,0,0,,0,006,"HILLCREST AV","GOLDEN BEAR WY",1224.00,S,N,A,-,N,,,,,,,,,,Y,2,0,2,1,A,-,01,23152,A,N,E,I,A,A,H,-,A,D,0,,,,,Y,Y,A,01,1,0,1,0,0,0,0,0,0,"- ","- ",,,"CONTRA COSTA",ANTIOCH,-121.7628173828125,37.973960876464844
91674205,2022,2022-01-10,9370,2022-01-05,2052,021573,,3,2,5,0710,0,1,1,,2,082,"I-80 W/B","POTRERO AVE",150.00,E,N,B,-,Y,,,,,,,,,,Y,3,0,1,2,A,-,01,23152,A,M,B,2,A,A,H,-,C,D,0,,,,,Y,Y,A,07,0,1,0,0,0,0,0,0,0,"- ","- ",37.551689147949219,-122.19561004638672,"CONTRA COSTA",RICHMOND,-122.31781005859375,37.920459747314453