CASE_ID,ACCIDENT_YEAR,PROC_DATE,JURIS,COLLISION_DATE,COLLISION_TIME,OFFICER_ID,REPORTING_DISTRICT,DAY_OF_WEEK,CHP_SHIFT,POPULATION,CNTY_CITY_LOC,SPECIAL_COND,BEAT_TYPE,CHP_BEAT_TYPE,CITY_DIVISION_LAPD,CHP_BEAT_CLASS,BEAT_NUMBER,PRIMARY_RD,SECONDARY_RD,DISTANCE,DIRECTION,INTERSECTION,WEATHER_1,WEATHER_2,STATE_HWY_IND,CALTRANS_COUNTY,CALTRANS_DISTRICT,STATE_ROUTE,ROUTE_SUFFIX,POSTMILE_PREFIX,POSTMILE,LOCATION_TYPE,RAMP_INTERSECTION,SIDE_OF_HWY,TOW_AWAY,COLLISION_SEVERITY,NUMBER_KILLED,NUMBER_INJURED,PARTY_COUNT,PRIMARY_COLL_FACTOR,PCF_CODE_OF_VIOL,PCF_VIOL_CATEGORY,PCF_VIOLATION,PCF_VIOL_SUBSECTION,HIT_AND_RUN,TYPE_OF_COLLISION,MVIW,PED_ACTION,ROAD_SURFACE,ROAD_COND_1,ROAD_COND_2,LIGHTING,CONTROL_DEVICE,CHP_ROAD_TYPE,PEDESTRIAN_ACCIDENT,BICYCLE_ACCIDENT,MOTORCYCLE_ACCIDENT,TRUCK_ACCIDENT,NOT_PRIVATE_PROPERTY,ALCOHOL_INVOLVED,STWD_VEHTYPE_AT_FAULT,CHP_VEHTYPE_AT_FAULT,COUNT_SEVERE_INJ,COUNT_VISIBLE_INJ,COUNT_COMPLAINT_PAIN,COUNT_PED_KILLED,COUNT_PED_INJURED,COUNT_BICYCLIST_KILLED,COUNT_BICYCLIST_INJURED,COUNT_MC_KILLED,COUNT_MC_INJURED,PRIMARY_RAMP,SECONDARY_RAMP,LATITUDE,LONGITUDE,COUNTY,CITY,POINT_X,POINT_Y
91674369,2021,2022-01-10,9320,2021-12-22,2345,022544,,3,3,9,0700,0,1,3,,2,241,SR-24,"OAK HILL RD UNDER CROSS",1000.00,W,N,B,C,Y,,,,,,,,,,Y,3,0,1,2,C,-,18,,,N,C,C,A,B,H,-,D,A,0,,,,,Y,,-,"- ",0,1,0,0,0,0,0,0,0,"- ","- ",37.89141845703125,-122.13301086425781,"CONTRA COSTA",UNINCORPORATED,-122.12472534179688,37.893398284912109
91674459,2021,2022-01-10,9320,2021-12-28,1525,022019,,2,2,5,0708,0,2,4,,2,072,"BAILEY ROAD",SR-4,0.00,,Y,A,-,N,,,,,,,,,,N,4,0,1,3,A,-,03,22350,,N,B,C,A,A,H,-,A,D,0,,,,,Y,,A,01,0,0,1,0,0,0,0,0,0,"- ","- ",38.0189208984375,-121.94181823730469,"CONTRA COSTA",PITTSBURG,-121.94190979003906,38.01873779296875
91674463,2021,2022-01-10,9320,2021-12-29,0350,017211,,3,3,5,0701,0,1,3,,2,404,"STATE ROUTE 4 E/B","CENTURY BOULEVARD",1270.00,W,N,B,C,Y,,,,,,,,,,Y,2,0,2,2,A,-,01,23152,A,N,C,C,A,B,H,-,C,D,0,,,,,Y,Y,A,01,1,0,1,0,0,0,0,0,0,"- ","- ",38.010078430175781,-121.85916137695312,"CONTRA COSTA",ANTIOCH,-121.85553741455078,38.008750915527344
91674604,2021,2022-01-10,9320,2021-12-29,1850,020957,,3,2,9,0700,0,2,4,,2,094,"BYRON HWY","BALFOUR RD",0.00,,Y,B,C,N,,,,,,,,,,Y,4,0,2,2,A,-,12,22450,A,N,D,C,A,B,H,-,D,A,0,,,,,Y,,A,01,0,0,2,0,0,0,0,0,0,"- ","- ",37.925369262695312,-121.64116668701172,"CONTRA COSTA",UNINCORPORATED,-121.64115142822266,37.925567626953125
91674630,2021,2022-01-10,9320,2021-12-29,1904,022459,,3,2,9,0700,0,1,3,,2,403,"STATE ROUTE 4 EASTBOUND","BAILEY ROAD",5000.00,E,N,C,-,Y,,,,,,,,,,Y,3,0,1,1,A,-,01,23152,A,N,E,I,A,B,H,-,C,A,0,,,,,Y,Y,A,01,0,1,0,0,0,0,0,0,0,"- ","- ",38.019630432128906,-121.92254638671875,"CONTRA COSTA",UNINCORPORATED,-121.92461395263672,38.019367218017578
91674638,2021,2022-01-10,9320,2021-12-30,0515,017211,,4,3,3,0715,0,1,3,,2,240,"STATE ROUTE 24 W/B","SAINT STEPHENS DRIVE",2600.00,E,N,B,-,Y,,,24,,,,,,W,N,3,0,1,3,A,-,07,21658,A,M,B,C,A,A,H,-,D,D,0,,,,,Y,,-,99,0,1,0,0,0,0,0,0,0,"- ","- ",37.893218994140625,-122.16248321533203,"CONTRA COSTA",LAFAYETTE,-122.16248321533203,37.893173217773438
91674648,2021,2022-01-10,9320,2021-11-16,0814,020834,,2,1,3,0706,0,1,1,,2,180,"I-80 W/B","WILLOW AVE",1520.00,E,N,A,-,Y,,,,,,,,,,Y,3,0,2,3,A,-,03,22350,,N,C,C,A,A,H,-,A,A,0,,,,,Y,,A,01,0,1,1,0,0,0,0,0,0,"- ","- ",38.026359558105469,-122.25901794433594,"CONTRA COSTA",HERCULES,-122.2691650390625,38.015403747558594
91674717,2021,2022-01-10,9320,2021-12-30,0725,018371,,4,1,9,0700,0,1,3,,2,400,"STATE ROUTE 4 WESTBOUND","CUMMINGS SKYWAY OVERCROSSING",5280.00,W,N,B,-,Y,,,4,,,,,,W,Y,2,0,1,1,A,-,03,22350,,N,E,I,A,B,H,-,A,A,0,,,,,Y,,A,01,1,0,0,0,0,0,0,0,0,"- ","- ",38.008319854736328,-122.21225738525391,"CONTRA COSTA",UNINCORPORATED,-122.21225738525391,38.008243560791016
91674953,2022,2022-01-10,9320,2022-01-01,0200,022472,,6,3,9,0700,0,1,1,,2,682,"I-680 N/B","OAK PARK BLVD",2570.00,N,N,A,-,Y,CC,,680,,R,17.388,H,,R,Y,4,0,3,2,A,-,01,23152,A,N,B,2,A,A,H,-,C,A,0,,,,,Y,Y,A,01,0,0,3,0,0,0,0,0,0,"- ","- ",37.940200805664062,-122.05989074707031,"CONTRA COSTA",UNINCORPORATED,-122.06006622314453,37.940223693847656
91675443,2022,2022-01-11,9320,2022-01-01,0105,022544,,6,3,9,0700,0,2,4,,2,032,"POMONA AVE","ATHERTON AVE",20.00,E,N,B,-,N,,,,,,,,,,N,3,0,1,1,A,-,03,22350,,N,F,A,A,B,H,-,D,A,0,,,Y,,Y,,C,02,0,1,0,0,0,0,0,0,1,"- ","- ",38.052719116210938,-122.21359252929688,"CONTRA COSTA",UNINCORPORATED,-122.21356201171875,38.052738189697266
91675472,2022,2022-01-11,9320,2022-01-01,0340,022505,,6,3,5,0712,0,1,1,,2,683,"I-680 S/B TO TREAT BOULEVARD","TREAT BOULEVARD",824.00,N,N,A,-,Y,,,,,,,,,,Y,3,0,1,1,A,-,01,23152,A,N,E,I,A,A,H,-,C,A,0,,,,,Y,Y,A,01,0,1,0,0,0,0,0,0,0,"- ","- ",37.928840637207031,-122.06108093261719,"CONTRA COSTA","WALNUT CREEK",-122.06108093261719,37.928840637207031
91675504,2022,2022-01-11,9320,2022-01-01,0630,020949,,6,1,9,0700,0,2,4,,2,013,"SAN PABLO DAM ROAD","BEAR CREEK ROAD",15840.00,N,N,A,-,N,,,,,,,,,,N,2,0,1,1,C,-,18,,,N,F,A,A,C,G,-,D,D,0,,,Y,,Y,,-,"- ",1,0,0,0,0,0,0,0,1,"- ","- ",37.925769805908203,-122.25003051757812,"CONTRA COSTA",UNINCORPORATED,-122.24986267089844,37.925636291503906
91675591,2021,2022-01-11,9320,2021-11-05,1350,019914,,5,1,9,0700,1,1,1,,2,681,"SB I-680","LIVORNA ROAD U/C",2800.00,N,N,A,-,Y,,,680,,,,,,,Y,4,0,1,2,A,-,03,22350,,F,E,I,A,A,H,-,A,D,0,,,,,Y,,A,01,0,0,1,0,0,0,0,0,0,"- ","- ",37.865951538085938,-122.03851318359375,"CONTRA COSTA",UNINCORPORATED,-122.03845977783203,37.865985870361328
91675601,2021,2022-01-11,9320,2021-11-05,1925,020649,,5,2,6,0704,0,1,3,,2,402,"SR-4 WESTBOUND","SOLANO WAY",850.00,E,N,B,-,Y,,,4,,,,,,W,Y,2,0,4,1,A,-,08,22107,,N,F,I,A,A,H,-,C,A,0,,,,,Y,,A,01,2,2,0,0,0,0,0,0,0,"- ","- ",38.001850128173828,-122.05017852783203,"CONTRA COSTA",CONCORD,-122.05018615722656,38.001861572265625
91675665,2022,2022-01-11,9320,2022-01-01,1700,021949,,6,2,3,0702,0,2,4,,2,086,"SUNSET RD. W/B","BYRON HWY.",1885.00,W,N,B,-,N,,,,,,,,,,Y,2,0,1,1,A,-,01,23152,A,N,E,J,A,B,H,-,D,D,0,,,Y,,Y,Y,C,02,1,0,0,0,0,0,0,0,1,"- ","- ",37.954601287841797,-121.64756011962891,"CONTRA COSTA",BRENTWOOD,-121.64098358154297,37.952228546142578
91675684,2021,2022-01-11,9320,2021-11-12,2320,022540,,5,3,3,0706,0,1,1,,2,180,"I-80 EASTBOUND","PINOLE VALLEY ROAD",250.00,E,N,B,-,Y,,,,,,,,,,Y,3,0,1,1,A,-,08,22107,,N,E,8,A,A,H,-,C,A,0,,,,,Y,,A,01,0,1,0,0,0,0,0,0,0,"- ","- ",37.997760772705078,-122.28543853759766,"CONTRA COSTA",HERCULES,-122.28741455078125,37.996181488037109
91675760,2022,2022-01-11,9320,2022-01-01,2215,020984,,6,3,9,0700,0,3,5,,2,020,"GRIZZLY PEAK BLVD","LOMAS CANTADAS",500.00,N,N,A,-,N,,,,,,,,,,Y,3,0,1,1,A,-,08,22107,,M,E,I,A,A,H,-,D,A,0,,,,,Y,,A,01,0,1,0,0,0,0,0,0,0,"- ","- ",37.880229949951172,-122.22325897216797,"CONTRA COSTA",UNINCORPORATED,-122.22325897216797,37.880214691162109
91675780,2022,2022-01-11,9320,2022-01-02,1340,022116,,7,1,9,0700,0,3,5,,2,040,"CONCORD AVE","JOHN GLENN DR",0.00,,Y,A,-,N,,,,,,,,,,N,4,0,2,2,A,-,12,21453,A,N,D,C,A,A,H,-,A,A,0,,,,,Y,,A,01,0,0,2,0,0,0,0,0,0,"- ","- ",37.980339050292969,-122.05609893798828,"CONTRA COSTA",UNINCORPORATED,-122.05602264404297,37.980396270751953
91675854,2021,2022-01-11,9320,2021-11-22,1810,019914,,1,2,9,0700,0,1,1,,2,681,"NB I-680","STONE VALLEY ROAD",5000.00,S,N,B,-,Y,,,680,,,,,,,Y,4,0,3,3,A,-,03,22350,,N,C,C,A,A,H,-,C,D,0,,,,,Y,,A,07,0,0,3,0,0,0,0,0,0,"- ","- ",37.845268249511719,-122.02442932128906,"CONTRA COSTA",UNINCORPORATED,-122.02452850341797,37.845134735107422
91676375,2022,2022-01-12,9370,2022-01-02,1420,020986,,7,2,5,0710,0,1,1,,2,058,"I-580 W/B","CENTRAL AVE",900.00,E,N,A,-,Y,CC,,580,,,0.034,H,,L,N,4,0,1,3,A,-,03,22350,,N,C,C,A,A,H,-,A,D,0,,,,,Y,,A,01,0,0,1,0,0,0,0,0,0,"- ","- ",37.897918701171875,-122.31205749511719,"CONTRA COSTA",RICHMOND,-122.31231689453125,37.897792816162109
91676453,2021,2022-01-12,9320,2021-12-31,1655,021949,,5,2,5,0701,0,1,3,,2,404,"SR-4 E/B TO HILLCREST AVE.","HILLCREST AVE.",110.00,W,N,A,-,Y,,,4,,,,R,,E,Y,4,0,4,3,A,-,03,22350,,M,C,C,A,A,H,-,B,A,0,,,,,Y,,A,07,0,0,4,0,0,0,0,0,0,"- ","- ",37.995609283447266,-121.7857666015625,"CONTRA COSTA",ANTIOCH,-121.7857666015625,37.995609283447266
91676486,2022,2022-01-12,9320,2022-01-03,2145,022463,,1,2,3,0792,0,1,3,,2,240,"SR-24 E/B","WILDER ROAD",1600.00,E,N,C,-,Y,CC,,24,,,1.492,H,,R,Y,4,0,1,1,A,-,08,22107,,N,E,I,A,B,H,-,C,A,0,,,,,Y,,A,01,0,0,1,0,0,0,0,0,0,"- ","- ",37.869739532470703,-122.193359375,"CONTRA COSTA",ORINDA,-122.19329833984375,37.86968994140625
91676492,2022,2022-01-12,9320,2022-01-03,2305,022483,,1,3,4,0714,0,1,3,,2,402,"SR-4 E/B TO I-680 S/B","SR-4 E/B",255.00,S,N,C,-,Y,,,,,,,,,,Y,3,0,1,1,A,-,01,23152,A,N,E,I,A,B,H,-,C,A,0,,,,,Y,Y,A,01,0,1,0,0,0,0,0,0,0,"- ","- ",37.993389129638672,-122.0706787109375,"CONTRA COSTA",MARTINEZ,-122.13405609130859,37.989864349365234
91676524,2022,2022-01-12,9320,2022-01-04,0040,022006,,2,3,9,0700,0,1,1,,2,180,"I-80 E/B TO POMONA ST","POMONA ST.",100.00,E,N,C,-,Y,,,,,,,,,,Y,4,0,1,1,A,-,01,23152,A,N,E,I,A,B,H,-,C,A,0,,,,,Y,Y,A,01,0,0,1,0,0,0,0,0,0,"- ","- ",38.055210113525391,-122.23023223876953,"CONTRA COSTA",UNINCORPORATED,-122.22699737548828,38.052890777587891
91676546,2022,2022-01-12,9320,2022-01-04,0150,022463,,2,3,9,0700,0,1,3,,2,401,"SR-4 W/B","FRANKLIN CANYON UNDER CROSSING",4690.00,E,N,C,-,Y,CC,,4,,R,3.459,H,,L,Y,4,0,1,1,A,-,08,22107,,N,E,I,A,B,H,-,D,A,0,,,,,Y,,A,01,0,0,1,0,0,0,0,0,0,"- ","- ",38.008190155029297,-122.21209716796875,"CONTRA COSTA",UNINCORPORATED,-122.21210479736328,38.008243560791016
91676553,2022,2022-01-12,9320,2022-01-04,0240,021293,,2,3,9,0700,0,1,3,,2,160,"SR4 EASTBOUND","MCEWEN RD UNDERCROSSING",291.00,E,N,B,-,Y,,,,,,,,,,Y,3,0,1,1,A,-,03,22350,,N,F,A,A,B,H,-,D,A,0,,,,,Y,,A,01,0,1,0,0,0,0,0,0,0,"- ","- ",38.014331817626953,-121.17684173583984,"CONTRA COSTA",UNINCORPORATED,-122.17680358886719,38.014400482177734
91676557,2022,2022-01-12,9320,2022-01-04,0445,022463,,2,3,5,0712,0,1,1,,2,682,"I-680 N/B","OLYMPIC BOULEVARD UNDERCROSSING",1420.00,N,N,C,-,Y,CC,,680,,,14.228,H,,R,Y,4,0,1,1,A,-,08,22107,,N,E,I,A,B,H,-,C,D,0,,,,,Y,,D,22,0,0,1,0,0,0,0,0,0,"- ","- ",37.896671295166016,-122.07057189941406,"CONTRA COSTA","WALNUT CREEK",-122.07068634033203,37.896633148193359
91676577,2022,2022-01-12,9320,2022-01-04,0955,020440,,2,1,3,0715,0,1,3,,2,241,"SR-24 E/B","EL NIDO RANCH RD",700.00,E,N,B,-,Y,CC,,24,,R,5.089,H,,R,Y,4,0,1,1,A,-,08,22107,,N,E,I,A,B,H,-,A,D,0,,,,,Y,,D,22,0,0,1,0,0,0,0,0,0,"- ","- ",37.891311645507812,-122.14189147949219,"CONTRA COSTA",LAFAYETTE,-122.14190673828125,37.891216278076172
91676810,2022,2022-01-12,9320,2022-01-05,1945,019759,,3,2,5,0708,0,1,3,,2,404,"SR-4 W/B","RAILROAD AVE.",176.00,E,N,A,-,Y,CC,,4,,,23.084,H,,L,Y,3,0,2,2,A,-,01,23152,A,N,D,C,A,A,H,-,D,A,0,,,,Y,Y,Y,A,01,0,2,0,0,0,0,0,0,0,"- ","- ",38.016998291015625,-121.88883209228516,"CONTRA COSTA",PITTSBURG,-121.88883209228516,38.016990661621094
91676941,2022,2022-01-13,9370,2022-01-09,1420,022430,,7,2,3,0705,0,1,1,,2,082,"INTERSTATE 80 EASTBOUND","CARLSON BOULEVARD",1410.00,E,N,A,-,Y,CC,,80,,,1.280,H,,R,Y,4,0,1,2,A,-,03,22350,,F,C,C,A,A,H,-,A,A,0,,,,,Y,,-,99,0,0,1,0,0,0,0,0,0,"- ","- ",37.914760589599609,-122.31754302978516,"CONTRA COSTA","EL CERRITO",-122.31735992431641,37.914756774902344
9167695,2020,2020-10-22,0708,2020-08-16,1645,363,8406,7,5,5,0708,0,0,0,,0,004,"HARBOR ST","ATLANTIC AV",466.00,S,N,A,-,N,,,,,,,,,,N,4,0,1,2,A,-,01,23152,B,N,C,C,A,A,H,-,A,D,0,,,,,Y,Y,A,07,0,0,1,0,0,0,0,0,0,"- ","- ",,,"CONTRA COSTA",PITTSBURG,-121.88649749755859,38.007148742675781
91677421,2021,2022-01-13,9320,2021-12-24,2157,022505,,5,2,5,0708,0,1,3,,2,404,"SR-4 E/B TO HILLCREST AVENUE","HILLCREST AVENUE",30.00,W,N,A,-,Y,,,,,,,,,,N,4,0,1,2,A,-,03,22350,,M,C,C,A,A,H,-,C,A,0,,,,,Y,,D,22,0,0,1,0,0,0,0,0,0,"- ","- ",37.995628356933594,-121.78555297851562,"CONTRA COSTA",PITTSBURG,-116.88841247558594,33.745658874511719
91678406,2022,2022-01-14,9320,2022-01-07,0640,020834,,5,1,9,0700,0,2,4,,2,094,"BYRON HIGHWAY","MARSH CREEK RD.",20.00,S,N,A,-,Y,CC,,4,,,43.983,H,,R,N,4,0,1,2,A,-,03,22350,,N,C,C,A,A,H,-,B,A,0,,,,,Y,,D,22,0,0,1,0,0,0,0,0,0,"- ","- ",37.896228790283203,-121.64132690429688,"CONTRA COSTA",UNINCORPORATED,-121.64138793945312,37.896232604980469
91678418,2022,2022-01-14,9320,2022-01-07,1809,022116,,5,2,9,0700,0,1,3,,2,403,"SR-4 E/B","RAILROAD AVE",3700.00,W,N,A,-,Y,CC,,4,,,22.329,H,,R,Y,2,0,1,1,A,-,08,22107,,N,E,8,A,A,H,-,D,D,0,,,,,Y,,A,01,1,0,0,0,0,0,0,0,0,"- ","- ",38.019691467285156,-121.90210723876953,"CONTRA COSTA",UNINCORPORATED,-121.902099609375,38.019767761230469
91678440,2021,2022-01-14,9320,2021-12-20,1140,022116,,1,1,9,0700,0,1,3,,2,402,"SR-4 E/B","GLACIER DR",1100.00,E,N,A,-,Y,,,,,,,,,,Y,4,0,2,2,A,-,03,22350,,N,C,C,A,A,H,-,A,D,0,,,,,Y,,A,01,0,0,2,0,0,0,0,0,0,"- ","- ",37.991310119628906,-122.08262634277344,"CONTRA COSTA",UNINCORPORATED,-122.08421325683594,37.991176605224609
91678441,2021,2022-01-14,9320,2021-12-20,1720,022019,,1,2,5,0712,0,1,1,,2,682,I-680,"PARKSIDE DRIVE",150.00,N,N,A,-,Y,,,680,,,,,,,Y,4,0,2,4,A,-,03,22350,,N,C,C,A,A,H,-,C,D,0,,,,,Y,,A,01,0,0,2,0,0,0,0,0,0,"- ","- ",37.911418914794922,-122.06784057617188,"CONTRA COSTA","WALNUT CREEK",-122.06780242919922,37.911403656005859
91678476,2021,2022-01-14,9320,2021-12-20,1507,022019,,1,2,5,0712,0,1,1,,2,681,I-680,"S. MAIN ST",1320.00,S,N,B,-,Y,,,680,,,,,,,Y,3,0,1,3,A,-,03,22350,,N,C,C,A,A,H,-,A,D,0,,,,,Y,,A,01,0,1,0,0,0,0,0,0,0,"- ","- ",37.882919311523438,-122.05242919921875,"CONTRA COSTA","WALNUT CREEK",-122.05243682861328,37.882915496826172
91678528,2021,2022-01-14,9320,2021-12-19,1925,020957,,7,2,9,0700,0,3,5,,2,039,"WINDWARD DR","CORAL DR",0.00,,Y,A,-,N,,,,,,,,,,Y,4,0,2,2,A,-,01,23152,A,N,D,C,A,A,H,-,C,A,0,,,,,Y,Y,A,08,0,0,2,0,0,0,0,0,0,"- ","- ",38.018711090087891,-122.25483703613281,"CONTRA COSTA",UNINCORPORATED,-122.25441741943359,38.018394470214844
91678577,2022,2022-01-14,9320,2022-01-08,0900,021499,,6,1,9,0700,0,1,1,,2,682,"I-680 S/B","TREAT BLVD",100.00,S,N,B,-,Y,,,,,,,,,,N,4,0,1,2,A,-,07,21658,A,N,E,I,A,A,H,-,A,D,0,,,,,Y,,A,07,0,0,1,0,0,0,0,0,0,"- ","- ",37.553379058837891,-122.33843994140625,"CONTRA COSTA",UNINCORPORATED,-122.06082153320312,37.926155090332031
91679611,2021,2022-01-18,9320,2021-11-24,1415,019914,,3,2,5,0712,0,1,1,,2,682,"NB I-680","TRINITY AVENUE O/C",300.00,N,N,A,-,Y,,,680,,,,,,,Y,4,0,2,3,A,-,03,22350,,N,C,C,A,A,H,-,A,D,0,,,,,Y,,D,22,0,0,2,0,0,0,0,0,0,"- ","- ",37.90264892578125,-122.06999969482422,"CONTRA COSTA","WALNUT CREEK",-122.07002258300781,37.902656555175781
91679620,2021,2022-01-18,9320,2021-11-27,2345,022517,,6,3,9,0700,0,2,4,,2,032,"CARQUINEZ SCENIC","CANYON LAKE DRIVE",1795.00,W,N,A,-,N,,,,,,,,,,Y,4,0,1,1,A,-,01,23152,A,N,E,I,A,A,H,-,D,D,0,,,,,Y,Y,A,01,0,0,1,0,0,0,0,0,0,"- ","- ",38.046329498291016,-122.19686126708984,"CONTRA COSTA",UNINCORPORATED,-122.19611358642578,38.046520233154297
91679648,2022,2022-03-30,9320,2022-01-08,2050,022082,,6,2,5,0712,0,1,1,,2,682,"I-680 NB","N. MAIN ST",1584.00,S,N,A,-,Y,CC,,680,,,15.187,H,,R,Y,4,0,2,4,A,-,03,22350,,F,C,C,A,A,H,-,C,A,0,,,,,Y,,A,01,0,0,2,0,0,0,0,0,0,"- ","- ",37.910091400146484,-122.067626953125,"CONTRA COSTA","WALNUT CREEK",-122.06790161132812,37.910152435302734
91679711,2022,2022-01-18,9320,2022-01-08,2325,022505,,6,3,6,0704,0,1,3,,2,402,"PORT CHICAGO HIGHWAY TO SR-4 E/B","PORT CHICAGO HIGHWAY",192.00,W,N,A,-,Y,CC,,4,,R,15.395,H,,R,Y,4,0,1,1,A,-,01,23152,A,N,E,I,A,A,H,-,C,D,0,,,Y,,Y,Y,C,02,0,0,1,0,0,0,0,0,1,"- ","- ",38.009220123291016,-122.02352142333984,"CONTRA COSTA",CONCORD,-122.0235595703125,38.0093994140625
91679743,2021,2022-01-18,9320,2021-12-05,0225,022517,,7,3,9,0700,0,3,5,,2,010,"POMONA AVE","3RD STREET",0.00,,Y,A,-,N,,,,,,,,,,Y,4,0,1,1,A,-,01,23152,A,N,E,I,A,A,H,-,A,D,0,,,,,Y,Y,A,01,0,0,1,0,0,0,0,0,0,"- ","- ",38.052379608154297,-122.22286224365234,"CONTRA COSTA",UNINCORPORATED,-122.22280120849609,38.052387237548828
91679770,2021,2022-01-18,9320,2021-12-07,2150,022540,,2,2,9,0700,0,3,5,,2,040,"TEMPLE DRIVE","CENTER AVENUE",300.00,N,N,A,-,N,,,,,,,,,,Y,3,0,1,3,A,-,01,23152,F,N,C,E,A,A,H,-,C,A,0,,,,,Y,,A,01,0,1,0,0,0,0,0,0,0,"- ","- ",37.984268188476562,-122.07528686523438,"CONTRA COSTA",UNINCORPORATED,-122.07533264160156,37.984264373779297
91679811,2021,2022-01-18,9320,2021-12-08,2145,022495,,3,2,9,0700,0,1,3,,1,406,"SR-4 EB","OLD RIVER BRIDGE O/C",1055.00,W,N,B,-,N,,,4,,,,,,E,Y,3,0,1,1,A,-,01,23152,A,N,E,I,A,A,H,-,D,A,0,,,,,Y,Y,D,22,0,1,0,0,0,0,0,0,0,"- ","- ",37.890468597412109,-121.57388305664062,"CONTRA COSTA",UNINCORPORATED,-121.57389068603516,37.890514373779297
91679870,2021,2022-01-18,9320,2021-12-10,0225,022517,,5,3,9,0700,0,1,3,,2,403,SR-4,"BAILEY ROAD UNDER CROSSING",1840.00,W,N,B,-,Y,,,4,,,,,,,Y,3,0,1,1,A,-,08,22107,,N,E,I,A,B,H,-,C,D,0,,,,,Y,,A,07,0,1,0,0,0,0,0,0,0,"- ","- ",38.018749237060547,-121.94853210449219,"CONTRA COSTA",UNINCORPORATED,-121.94847869873047,38.019035339355469
91679932,2022,2022-01-18,9320,2022-01-09,0145,022544,,7,3,9,0700,0,1,1,,2,681,"I680 NB","LA GONDA WAY UNDER-CROSS",220.00,N,N,A,-,Y,CC,,680,,R,9.303,H,,R,Y,3,0,1,1,A,-,01,23152,A,N,E,I,A,A,H,-,D,A,0,,,,,Y,Y,A,01,0,1,0,0,0,0,0,0,0,"- ","- ",37.839740753173828,-122.01674652099609,"CONTRA COSTA",UNINCORPORATED,-122.01681518554688,37.839668273925781
91679970,2021,2022-01-18,9320,2021-12-20,1505,020957,,1,2,9,0700,0,1,3,,1,406,SR-4,"BYRON HWY",0.00,,Y,B,-,N,,,4,,,,,,,Y,3,0,2,2,A,-,12,21453,A,N,D,C,A,A,H,-,A,A,0,,,,,Y,,A,01,0,1,1,0,0,0,0,0,0,"- ","- ",37.890289306640625,-121.64080810546875,"CONTRA COSTA",UNINCORPORATED,-121.64086151123047,37.890243530273438
91680031,2021,2022-01-18,9320,2021-12-11,0025,022544,,6,3,3,0715,0,1,3,,2,241,"SR-24 EASTBOUND","EL NIDO RANCH",300.00,W,N,C,-,Y,,,24,,,,,,E,Y,2,0,1,2,A,-,08,22107,,N,D,C,A,B,H,-,D,A,0,,,,,Y,,A,01,1,0,0,0,0,0,0,0,0,"- ","- ",37.891010284423828,-122.14463806152344,"CONTRA COSTA",LAFAYETTE,-122.14464569091797,37.891063690185547
91680596,2021,2022-01-19,9320,2021-12-12,0248,022462,,7,3,3,0702,0,2,4,,2,086,"BYRON HWY","BYER RD",0.00,,Y,C,-,N,,,,,,,,,,Y,4,0,1,2,A,-,01,23152,A,N,D,C,A,B,H,-,A,A,0,,,,,Y,Y,A,01,0,0,1,0,0,0,0,0,0,"- ","- ",37.874698638916016,-121.64154052734375,"CONTRA COSTA",BRENTWOOD,-121.64153289794922,37.874691009521484
91681538,2022,2022-01-20,9320,2022-01-10,0735,020440,,1,1,9,0700,0,1,3,,2,401,"I-680 S/B TO MARINA VISTA AVE","MARINA VISTA AVE",525.00,N,N,B,-,Y,,,,,,,,,,N,2,0,3,1,A,-,16,24002,A,N,H,A,A,A,H,-,A,D,0,,,,,Y,,A,01,1,2,0,0,0,0,0,0,0,"- ","- ",38.024219512939453,-122.11213684082031,"CONTRA COSTA",UNINCORPORATED,-122.11213684082031,38.024219512939453
91681662,2022,2022-01-20,9320,2022-01-10,1820,022467,,1,2,9,0700,0,1,1,,2,180,"I-80 W/B","CUMMINGS SKYWAY",1140.00,E,N,A,-,Y,CC,,80,,,12.967,H,,L,N,3,0,1,2,A,-,03,22350,,N,C,A,A,A,H,-,C,A,0,,,,,Y,,A,01,0,1,0,0,0,0,0,0,0,"- ","- ",38.047298431396484,-122.23536682128906,"CONTRA COSTA",UNINCORPORATED,-122.23532104492188,38.047256469726562
91681705,2022,2022-01-20,9320,2022-01-11,0835,016503,,2,1,9,0700,0,1,3,,2,403,"SR-4 W/B FROM WILLOW PASS RD (BAY POINT)","WILLOW PASS RD U/C",200.00,W,N,A,-,Y,,,,,,,,,,Y,3,0,1,1,A,-,08,22107,,N,E,8,A,A,H,-,A,D,0,,,,,Y,,A,01,0,1,0,0,0,0,0,0,0,"- ","- ",38.023708343505859,-121.96630096435547,"CONTRA COSTA",UNINCORPORATED,-121.96630096435547,38.023708343505859