CASE_ID,ACCIDENT_YEAR,PROC_DATE,JURIS,COLLISION_DATE,COLLISION_TIME,OFFICER_ID,REPORTING_DISTRICT,DAY_OF_WEEK,CHP_SHIFT,POPULATION,CNTY_CITY_LOC,SPECIAL_COND,BEAT_TYPE,CHP_BEAT_TYPE,CITY_DIVISION_LAPD,CHP_BEAT_CLASS,BEAT_NUMBER,PRIMARY_RD,SECONDARY_RD,DISTANCE,DIRECTION,INTERSECTION,WEATHER_1,WEATHER_2,STATE_HWY_IND,CALTRANS_COUNTY,CALTRANS_DISTRICT,STATE_ROUTE,ROUTE_SUFFIX,POSTMILE_PREFIX,POSTMILE,LOCATION_TYPE,RAMP_INTERSECTION,SIDE_OF_HWY,TOW_AWAY,COLLISION_SEVERITY,NUMBER_KILLED,NUMBER_INJURED,PARTY_COUNT,PRIMARY_COLL_FACTOR,PCF_CODE_OF_VIOL,PCF_VIOL_CATEGORY,PCF_VIOLATION,PCF_VIOL_SUBSECTION,HIT_AND_RUN,TYPE_OF_COLLISION,MVIW,PED_ACTION,ROAD_SURFACE,ROAD_COND_1,ROAD_COND_2,LIGHTING,CONTROL_DEVICE,CHP_ROAD_TYPE,PEDESTRIAN_ACCIDENT,BICYCLE_ACCIDENT,MOTORCYCLE_ACCIDENT,TRUCK_ACCIDENT,NOT_PRIVATE_PROPERTY,ALCOHOL_INVOLVED,STWD_VEHTYPE_AT_FAULT,CHP_VEHTYPE_AT_FAULT,COUNT_SEVERE_INJ,COUNT_VISIBLE_INJ,COUNT_COMPLAINT_PAIN,COUNT_PED_KILLED,COUNT_PED_INJURED,COUNT_BICYCLIST_KILLED,COUNT_BICYCLIST_INJURED,COUNT_MC_KILLED,COUNT_MC_INJURED,PRIMARY_RAMP,SECONDARY_RAMP,LATITUDE,LONGITUDE,COUNTY,CITY,POINT_X,POINT_Y
91681708,2021,2023-07-10,9370,2021-12-27,1916,022722,,1,2,5,0710,0,1,1,,2,082,"I-80 E/B","BARRETT AVE",215.00,W,N,A,-,Y,,,80,,,,,,E,N,3,0,1,2,A,-,08,22107,,N,B,C,A,B,H,-,D,D,0,,,,,Y,,A,01,0,1,0,0,0,0,0,0,0,"- ","- ",37.935020446777344,-122.32685852050781,"CONTRA COSTA",RICHMOND,-122.32682037353516,37.935020446777344
91681714,2022,2022-01-20,9320,2022-01-11,1150,020984,,2,1,6,0704,0,1,3,,2,402,"SR-4 W/B TO PORT CHICAGO HWY","PORT CHICAGO HWY",50.00,E,N,B,-,Y,,,,,,,,,,N,4,0,1,2,A,-,03,22350,,N,C,C,A,A,H,-,A,A,0,,,,,Y,,-,99,0,0,1,0,0,0,0,0,0,"- ","- ",38.010551452636719,-122.0225830078125,"CONTRA COSTA",CONCORD,-122.0225830078125,38.010551452636719
91681771,2022,2022-01-20,9320,2022-01-11,1552,021949,,2,2,5,0712,0,1,1,,2,682,"I-680 N/B","HILLSIDE AVE. U/C",465.00,S,N,A,-,Y,CC,,680,,,14.752,H,,R,N,4,0,1,2,A,-,03,22350,,N,C,C,A,A,H,-,A,D,0,,,,,Y,,D,22,0,0,1,0,0,0,0,0,0,"- ","- ",37.903980255126953,-122.06979370117188,"CONTRA COSTA","WALNUT CREEK",-122.06974792480469,37.903976440429688
91681820,2022,2022-01-20,9320,2022-01-11,1300,018628,,2,1,9,0700,0,2,4,,2,091,"BIXLER RD",SR-4,330.00,N,N,A,-,N,,,,,,,,,,N,4,0,1,2,A,-,08,22102,,N,D,C,A,A,H,-,A,A,0,,,,,Y,,D,22,0,0,1,0,0,0,0,0,0,"- ","- ",37.891120910644531,-121.623046875,"CONTRA COSTA",UNINCORPORATED,-121.62308502197266,37.890357971191406
91681892,2022,2022-01-20,9370,2022-01-10,1500,022430,,1,2,5,0710,0,1,1,,2,082,"INTERSTATE 80 WESTBOUND","MCBRYDE AVENUE OVERCROSSING",300.00,E,N,A,-,Y,CC,,80,,,3.856,H,,L,Y,3,0,1,1,A,-,08,22107,,N,E,I,A,A,H,-,A,A,0,,,,,Y,,A,07,0,1,0,0,0,0,0,0,0,"- ","- ",37.949459075927734,-122.32669830322266,"CONTRA COSTA",RICHMOND,-122.32656860351562,37.949497222900391
91682472,2021,2022-01-21,9320,2021-12-19,0010,022517,,7,3,9,0700,0,1,3,,2,404,"SR-4 EB","WILLOW PASS ROAD UNDER CROSSING",1950.00,W,N,A,-,Y,,,4,,,,,,E,Y,4,0,3,3,A,-,01,23152,A,N,C,C,A,A,H,-,C,D,0,,,,,Y,Y,A,01,0,0,3,0,0,0,0,0,0,"- ","- ",38.023769378662109,-121.97274780273438,"CONTRA COSTA",UNINCORPORATED,-121.97274780273438,38.023754119873047
91682482,2022,2022-01-21,9320,2022-01-11,2232,022706,,2,3,6,0704,0,1,3,,2,242,"SR-242 S/B",SR-4,828.00,S,N,A,-,Y,CC,,242,,R,3.149,H,,L,Y,2,0,1,2,C,-,18,,,N,D,C,A,A,H,-,D,A,0,,,,,Y,,-,"- ",1,0,0,0,0,0,0,0,0,"- ","- ",38.002681732177734,-122.03739929199219,"CONTRA COSTA",CONCORD,-122.03753662109375,38.002700805664062
91682518,2022,2022-01-21,9320,2022-01-13,0035,021847,,4,3,3,0706,0,1,1,,2,180,"I-80 E/B TO HERCULES OFF-RAMP",I-80,500.00,E,N,A,-,Y,,,,,,,,,,Y,3,0,1,1,A,-,08,22107,,N,E,I,A,A,H,-,C,A,0,,,,,Y,,A,07,0,1,0,0,0,0,0,0,0,"- ","- ",38.014041900634766,-122.26772308349609,"CONTRA COSTA",HERCULES,-122.26772308349609,38.014041900634766
91682539,2021,2022-01-21,9370,2021-12-25,0300,022529,,6,3,5,0710,0,1,1,,2,082,"I-80 E/B","BARRETT AVE",100.00,E,N,A,-,Y,,,80,,,,,,E,Y,3,0,1,1,A,-,01,23152,A,N,E,I,A,A,H,-,D,D,0,,,,,Y,Y,A,01,0,1,0,0,0,0,0,0,0,"- ","- ",37.935920715332031,-122.32675170898438,"CONTRA COSTA",RICHMOND,-122.32669067382812,37.935897827148438
91682551,2022,2022-01-21,9320,2022-01-04,1542,021185,,2,2,5,0712,0,1,1,,2,682,"INTERSTATE 680 SOUTHBOUND","OAK PARK BOULEVARD",705.00,S,N,A,-,Y,CC,,680,,,16.738,H,,L,Y,3,0,2,1,A,-,08,22107,,N,E,I,A,A,H,-,A,A,0,,,,,Y,,A,07,0,2,0,0,0,0,0,0,0,"- ","- ",37.931358337402344,-122.06053161621094,"CONTRA COSTA","WALNUT CREEK",-122.06039428710938,37.931354522705078
91682563,2021,2022-01-21,9320,2021-12-12,2130,022544,,7,2,9,0700,0,1,1,,2,681,"I-680 S/B FROM STONE VALLEY ROAD","STONE VALLEY RD UNDER-CROSS",900.00,S,N,A,-,Y,,,680,,,,R,,S,Y,3,0,1,1,A,-,08,22107,,N,F,I,A,B,H,-,D,A,0,,,,,Y,,A,08,0,1,0,0,0,0,0,0,0,"- ","- ",37.848941802978516,-122.0286865234375,"CONTRA COSTA",UNINCORPORATED,-122.0286865234375,37.848941802978516
91682573,2022,2022-01-21,9370,2022-01-20,1655,021573,,4,2,4,0711,0,1,1,,2,082,"I-80 E/B","SAN PABLO DAM ROAD",100.00,W,N,A,-,Y,,,,,,,,,,Y,3,0,1,2,A,-,03,22350,,N,C,C,A,A,H,-,A,D,0,,,,,Y,,A,01,0,1,0,0,0,0,0,0,0,"- ","- ",37.572048187255859,-122.19467926025391,"CONTRA COSTA","SAN PABLO",-122.32993316650391,37.9561767578125
91682611,2021,2022-01-21,9320,2021-12-25,2020,021185,,6,2,4,0714,0,1,3,,2,402,"STATE ROUTE 4 WESTBOUND","CENTER AVENUE",1845.00,E,N,B,C,Y,,,4,,,,,,W,N,3,0,1,2,A,-,07,21658,A,N,B,C,A,B,H,-,C,A,0,,,,,Y,,-,"- ",0,1,0,0,0,0,0,0,0,"- ","- ",37.996669769287109,-122.11403656005859,"CONTRA COSTA",MARTINEZ,-122.11404418945312,37.996654510498047
91682695,2022,2022-01-21,9320,2022-01-13,0800,018371,,4,1,9,0700,0,1,3,,2,401,"STATE ROUTE 4 EASTBOUND","ALHAMBRA AVE",10560.00,W,N,A,-,Y,CC,,4,,R,6.780,H,,R,Y,3,0,1,1,A,-,08,22107,,N,E,I,A,A,H,-,B,A,0,,,,,Y,,A,01,0,1,0,0,0,0,0,0,0,"- ","- ",38.003398895263672,-122.15360260009766,"CONTRA COSTA",UNINCORPORATED,-122.15354919433594,38.003448486328125
91682711,2022,2022-01-21,9320,2022-01-13,0855,016563,,4,1,5,0712,0,1,3,,2,241,"SR-24 E/B","EL CURTOLA BLVD",2640.00,E,N,A,-,Y,CC,,24,,,8.877,H,,R,N,3,0,1,2,A,-,07,21658,A,F,E,0,A,A,H,-,A,A,0,,,,,Y,,-,99,0,1,0,0,0,0,0,0,0,"- ","- ",37.895889282226562,-122.07498931884766,"CONTRA COSTA","WALNUT CREEK",-122.07498931884766,37.895851135253906
91682747,2022,2022-03-21,9320,2022-01-12,0750,017271,,3,1,5,0712,0,1,1,,2,682,"I-680 N/B","NORTH MAIN ST O/C",150.00,N,N,A,-,Y,CC,,680,,,15.517,H,,R,N,4,0,1,4,A,-,07,21658,A,M,B,C,A,A,H,-,A,D,0,,,,,Y,,-,99,0,0,1,0,0,0,0,0,0,"- ","- ",37.914279937744141,-122.06632232666016,"CONTRA COSTA","WALNUT CREEK",-122.06638336181641,37.914299011230469
91683370,2022,2022-01-24,9320,2022-01-12,1510,021185,,3,2,3,0707,0,1,1,,2,180,"INTERSTATE 80 WESTBOUND FROM PINOLE VALLEY ROAD","PINOLE VALLEY ROAD",30.00,W,N,A,-,Y,,,,,,,,,,N,3,0,1,3,A,-,12,21453,A,F,B,C,A,A,H,-,A,A,0,,,,,Y,,A,08,0,1,0,0,0,0,0,0,0,"- ","- ",37.997371673583984,-122.28665924072266,"CONTRA COSTA",PINOLE,-122.28665924072266,37.997371673583984
91683392,2022,2022-01-24,9320,2022-01-08,1925,022459,,6,2,9,0700,0,1,3,,2,402,"STATE ROUTE 4 WESTBOUND","ALHAMBRA AVE UNDERCROSSING",650.00,E,N,A,-,Y,CC,,4,,R,8.904,H,,L,Y,4,0,2,2,A,-,08,22107,,N,D,C,A,A,H,-,C,A,0,,,,,Y,,A,01,0,0,2,0,0,0,0,0,0,"- ","- ",37.992668151855469,-122.12451171875,"CONTRA COSTA",UNINCORPORATED,-122.12454986572266,37.992710113525391
91683431,2021,2022-01-24,9320,2021-12-13,0130,022472,,1,3,9,0700,0,1,1,,2,681,"I-680 N/B","RUDGEAR ROAD",3000.00,S,N,C,G,Y,,,680,,,,,,N,Y,4,0,1,1,A,-,01,23152,A,N,E,I,A,B,H,-,C,A,0,,,,,Y,Y,A,07,0,0,1,0,0,0,0,0,0,"- ","- ",37.876598358154297,-122.04637145996094,"CONTRA COSTA",UNINCORPORATED,-122.04647827148438,37.876487731933594
91683447,2022,2022-01-24,9320,2022-01-04,1510,022467,,2,2,4,0714,0,1,3,,2,402,"SR-4 E/B TO MORELLO AVENUE","MORELLO AVENUE",439.00,W,N,A,-,Y,CC,,4,,R,10.259,H,,R,Y,4,0,1,2,A,-,03,22350,,M,C,C,A,A,H,-,A,A,0,,,,,Y,,A,07,0,0,1,0,0,0,0,0,0,"- ","- ",37.992088317871094,-122.10227966308594,"CONTRA COSTA",MARTINEZ,-122.10215759277344,37.992282867431641
91683459,2022,2022-01-24,9320,2022-01-05,0155,022495,,3,3,9,0700,0,1,S,,2,904,"SR-160 NB","VICTORY HWY",2400.00,N,N,A,-,Y,SAC,,160,,L,1.252,H,,R,Y,4,0,1,1,C,-,18,,,N,E,H,A,A,H,-,D,A,0,,,,,Y,,-,"- ",0,0,1,0,0,0,0,0,0,"- ","- ",38.042331695556641,-121.75157928466797,"CONTRA COSTA",UNINCORPORATED,-121.75160217285156,38.042331695556641
91683704,2021,2022-01-24,9320,2021-12-24,1815,021185,,5,2,9,0700,0,2,4,,1,042,"PACHECO BOULEVARD","CENTER AVENUE",5.00,S,N,B,-,N,,,,,,,,,,N,3,0,1,2,A,-,03,22350,,N,G,B,B,B,H,-,C,A,0,Y,,,,Y,,A,07,0,1,0,0,1,0,0,0,0,"- ","- ",37.983219146728516,-122.06761169433594,"CONTRA COSTA",UNINCORPORATED,-122.06759643554688,37.9832763671875
91683764,2022,2022-01-24,9320,2022-01-14,1730,022082,,5,2,5,0701,0,1,3,,2,404,"SR-4 EB","HILLCREST RD",1200.00,W,N,A,-,Y,CC,,4,,R,28.318,H,,R,Y,4,0,1,2,A,-,03,22350,,N,C,C,A,A,H,-,C,A,0,,,,,Y,,A,07,0,0,1,0,0,0,0,0,0,"- ","- ",37.997871398925781,-121.79660797119141,"CONTRA COSTA",ANTIOCH,-121.79660034179688,37.997951507568359
91683774,2022,2022-01-24,9320,2022-01-14,1325,020984,,5,1,9,0700,0,1,1,,2,683,"I-680 N/B","CENTER AVENUE",400.00,N,N,A,-,Y,CC,,680,,,20.472,H,,R,Y,4,0,2,2,A,-,03,22350,,N,C,C,A,A,H,-,A,A,0,,,,,Y,,A,07,0,0,2,0,0,0,0,0,0,"- ","- ",37.984699249267578,-122.06626892089844,"CONTRA COSTA",UNINCORPORATED,-122.06631469726562,37.984695434570312
91683876,2022,2022-01-24,9320,2022-01-04,0816,017271,,2,1,5,0712,0,1,1,,2,682,"I-680 N/B","MT DIABLO RD U/C",325.00,N,N,B,-,Y,CC,,680,,,14.287,H,,R,N,4,0,1,1,A,-,08,22107,,N,E,I,A,A,H,-,A,A,0,,,,,Y,,A,01,0,0,1,0,0,0,0,0,0,"- ","- ",37.897510528564453,-122.07099914550781,"CONTRA COSTA","WALNUT CREEK",-122.0709228515625,37.897514343261719
91683891,2022,2022-01-24,9320,2022-01-04,0650,017271,,2,1,9,0700,0,1,1,,2,681,"I-680 N/B","NEWELL AVE",400.00,S,N,A,-,Y,CC,,680,,,13.597,H,,R,N,4,0,1,2,A,-,07,21658,A,N,C,C,A,A,H,-,A,A,0,,,,,Y,,A,01,0,0,1,0,0,0,0,0,0,"- ","- ",37.891391754150391,-122.06111145019531,"CONTRA COSTA",UNINCORPORATED,-122.06119537353516,37.891281127929688
91683910,2022,2022-01-24,9320,2022-01-04,0000,022495,,2,3,3,0792,0,1,3,,2,240,"SR-24 EB","WILDER RD O/C",1747.00,E,N,C,-,Y,CC,,24,,,1.516,H,,R,Y,4,0,1,1,A,-,08,22107,,N,E,I,A,B,H,-,C,A,0,,,,,Y,,A,01,0,0,1,0,0,0,0,0,0,"- ","- ",37.869861602783203,-122.19287109375,"CONTRA COSTA",ORINDA,-122.19296264648438,37.869937896728516
91683920,2022,2022-01-24,9320,2022-01-14,1721,022019,,5,2,5,0712,0,1,3,,2,241,SR-24,"FIRST STREET",1056.00,E,N,A,-,Y,CC,,24,,R,6.754,H,,R,N,4,0,1,2,A,-,03,22350,,N,C,C,A,A,H,-,A,D,0,,,,,Y,,A,01,0,0,1,0,0,0,0,0,0,"- ","- ",37.895198822021484,-122.11269378662109,"CONTRA COSTA","WALNUT CREEK",-122.11267852783203,37.895149230957031
91683928,2021,2022-01-24,9390,2021-09-24,2005,020685,,5,2,4,0790,0,1,1,,2,069,"I-680 N/B","SYCAMORE VALLEY ROAD",3820.00,S,N,A,-,Y,,,680,,,,,,N,Y,3,0,2,4,A,-,01,23152,A,F,C,C,A,A,H,-,C,D,0,,,Y,,Y,Y,A,01,0,2,0,0,0,0,0,0,1,"- ","- ",37.803619384765625,-121.98934936523438,"CONTRA COSTA",DANVILLE,-121.98944854736328,37.803577423095703
91683929,2021,2022-01-24,9320,2021-12-30,1200,017271,,4,1,9,0700,0,1,1,,2,683,I-680,"WILLOW PASS RD",528.00,S,N,B,-,Y,,,,,,,,,,N,3,0,1,1,A,-,08,22107,,N,E,I,A,A,H,-,A,A,0,,,,,Y,,A,01,0,1,0,0,0,0,0,0,0,"- ","- ",37.964710235595703,-122.05522155761719,"CONTRA COSTA",UNINCORPORATED,-122.05520629882812,37.964866638183594
91683932,2021,2022-01-24,9320,2021-10-25,1129,020834,,1,1,3,0706,0,1,3,,2,401,"SR-4 W/B TO I-80 E/B",I-80,296.00,E,N,A,-,Y,,,4,,,,R,,W,Y,1,1,0,1,A,-,08,22107,,N,E,I,A,A,H,-,A,A,0,,,,,Y,,A,01,0,0,0,0,0,0,0,0,0,"- ","- ",38.015209197998047,-122.26815795898438,"CONTRA COSTA",HERCULES,-122.26815795898438,38.015209197998047
91684159,2022,2022-01-25,9370,2022-01-19,1930,021281,,3,2,5,0710,0,1,1,,2,058,"I-580 E/B","BAYVIEW AVE",800.00,E,N,A,-,Y,CC,,580,,,1.130,H,,R,Y,3,0,1,2,A,-,01,23152,A,M,B,C,A,A,H,-,C,D,0,,,,,Y,,A,01,0,1,0,0,0,0,0,0,0,"- ","- ",37.911060333251953,-122.32330322265625,"CONTRA COSTA",RICHMOND,-122.32303619384766,37.91119384765625
91684810,2022,2022-01-25,9320,2022-01-16,1308,021499,,7,1,9,0700,0,2,4,,1,042,"ARTHUR RD","ROSS CIR",0.00,,Y,B,-,N,,,,,,,,,,N,4,0,1,2,A,-,09,21801,A,N,B,C,A,A,H,-,A,D,0,,,,,Y,,A,01,0,0,1,0,0,0,0,0,0,"- ","- ",38.035869598388672,-122.52127838134766,"CONTRA COSTA",UNINCORPORATED,-122.08921051025391,38.009979248046875
91684828,2022,2022-01-25,9320,2022-01-15,0650,021472,,6,1,6,0704,0,1,3,,2,242,"N/B SR-242","GRANT STREET",275.00,S,N,A,-,Y,CC,,242,,R,2.107,H,,R,Y,3,0,1,2,A,-,01,23152,A,N,B,C,A,A,H,-,A,A,0,,,,,Y,Y,D,22,0,1,0,0,0,0,0,0,0,"- ","- ",37.987651824951172,-122.04045104980469,"CONTRA COSTA",CONCORD,-122.04047393798828,37.987651824951172
91684848,2022,2022-01-25,9320,2022-01-15,2340,021847,,6,3,6,0704,0,1,3,,2,242,SR-242,"OLIVERA ROAD O/C",180.00,S,N,A,-,Y,CC,,242,,R,2.748,H,,R,Y,4,0,3,2,A,-,03,22350,,N,C,2,A,A,H,-,D,A,0,,,,,Y,,A,01,0,0,3,0,0,0,0,0,0,"- ","- ",37.996868133544922,-122.03858184814453,"CONTRA COSTA",CONCORD,-122.03853607177734,37.996864318847656
91684898,2022,2022-01-25,9320,2022-01-16,1358,022467,,7,1,5,0701,0,1,3,,2,404,"SR-4 E/B","G STREET",265.00,W,N,A,-,Y,CC,,4,,,27.236,H,,R,N,4,0,1,2,A,-,07,21658,A,M,E,I,A,A,H,-,A,D,0,,,,,Y,,-,99,0,0,1,0,0,0,0,0,0,"- ","- ",37.998249053955078,-121.8165283203125,"CONTRA COSTA",ANTIOCH,-121.81655120849609,37.998130798339844
91685363,2021,2022-01-26,9320,2021-11-17,0820,017271,,3,1,4,0790,0,1,1,,2,681,"I-680 N/B","EL CERRO BLVD",1056.00,N,N,B,-,Y,,,680,,,,,,N,N,4,0,1,3,A,-,03,22350,,M,C,C,A,A,H,-,A,A,0,,,,,Y,,-,99,0,0,1,0,0,0,0,0,0,"- ","- ",37.831809997558594,-122.00398254394531,"CONTRA COSTA",DANVILLE,-122.00399017333984,37.831790924072266
91685419,2022,2022-01-26,9320,2022-01-11,0525,018371,,2,3,3,0706,0,1,1,,2,180,"INTERSTATE 80","SYCAMORE AVE UNDERCROSSING",1000.00,W,N,A,-,Y,CC,,80,,,9.431,H,,R,Y,3,0,2,4,A,-,08,22107,,N,E,8,A,A,H,-,D,D,0,,,,,Y,,A,01,0,2,0,0,0,0,0,0,0,"- ","- ",38.007701873779297,-122.27623748779297,"CONTRA COSTA",HERCULES,-122.27613067626953,38.007633209228516
91685420,2022,2022-01-26,9320,2022-01-15,0354,021847,,6,3,9,0700,0,2,4,,2,011,"PEBBLE DRIVE","HILLTOP DRIVE",0.00,,Y,A,-,Y,,,,,,,,,,Y,4,0,1,2,A,-,08,22107,,N,D,2,A,A,H,-,C,A,0,,,,,Y,,A,01,0,0,1,0,0,0,0,0,0,"- ","- ",37.977500915527344,-122.30594635009766,"CONTRA COSTA",UNINCORPORATED,-122.30611419677734,37.977516174316406
91685422,2021,2022-01-26,9320,2021-12-14,0715,018628,,2,1,4,0709,0,1,1,,2,683,"I-680 S/B",SR-242,125.00,N,N,B,C,Y,,,680,,,,,,S,N,3,0,1,2,A,-,07,21658,A,M,B,C,A,B,H,-,A,A,0,,,,,Y,,-,99,0,1,0,0,0,0,0,0,0,"- ","- ",37.959091186523438,-122.05274200439453,"CONTRA COSTA","PLEASANT HILL",-122.05265808105469,37.959095001220703
91685432,2022,2022-01-26,9320,2022-01-16,1745,022467,,7,2,5,0701,0,1,3,,2,404,"SR-4 W/B","HILLCREST AVENUE",400.00,W,N,A,-,Y,CC,,4,,R,28.842,H,,L,Y,4,0,1,2,A,-,07,21658,A,N,B,C,A,A,H,-,C,D,0,,,,,Y,,A,01,0,0,1,0,0,0,0,0,0,"- ","- ",37.996658325195312,-121.78726196289062,"CONTRA COSTA",ANTIOCH,-121.78726196289062,37.99664306640625
91685437,2022,2022-01-26,9320,2022-01-17,1240,020984,,1,1,9,0700,0,1,3,,2,402,"SR-4 E/B","PACHECO BLVD.",150.00,E,N,B,-,Y,CC,,4,,,12.461,H,,R,N,4,0,1,2,A,-,03,22350,,N,C,C,A,A,H,-,A,A,0,,,,,Y,,A,07,0,0,1,0,0,0,0,0,0,"- ","- ",37.993228912353516,-122.07328033447266,"CONTRA COSTA",UNINCORPORATED,-122.07331085205078,37.993293762207031
91685457,2022,2022-01-26,9320,2022-01-18,0750,018628,,2,1,5,0701,0,1,3,,2,404,"SR-4 WB","HILLCREST AVE",2640.00,E,N,B,-,Y,CC,,4,,R,29.628,H,,L,Y,4,0,1,1,A,-,08,22107,,N,E,I,A,A,H,-,A,A,0,,,,,Y,,A,01,0,0,1,0,0,0,0,0,0,"- ","- ",37.994361877441406,-121.77269744873047,"CONTRA COSTA",ANTIOCH,-121.77275085449219,37.994167327880859
91685463,2022,2022-03-25,9320,2022-01-18,1738,017219,,2,2,5,0708,0,1,3,,2,404,"SR-4 W/B","LOVERIDGE RD",2700.00,E,N,A,-,Y,CC,,4,,,24.876,H,,L,Y,4,0,1,3,A,-,07,21658,A,N,B,C,A,A,H,-,D,A,0,,,,,Y,,A,01,0,0,1,0,0,0,0,0,0,"- ","- ",38.009540557861328,-121.85733032226562,"CONTRA COSTA",PITTSBURG,-121.85733795166016,38.009525299072266
91685476,2022,2022-01-26,9320,2022-01-18,1750,022019,,2,2,6,0704,0,1,3,,2,402,SR-4,"PERALTA ROAD",140.00,W,N,A,-,Y,CC,,4,,R,13.928,H,,R,N,4,0,1,2,A,-,03,22350,,N,C,C,A,A,H,-,A,D,0,,,,,Y,,A,01,0,0,1,0,0,0,0,0,0,"- ","- ",38.001991271972656,-122.04856109619141,"CONTRA COSTA",CONCORD,-122.04857635498047,38.002033233642578
91685497,2022,2022-01-26,9320,2022-01-18,0455,021293,,2,3,5,0708,0,1,3,,2,403,SR4,"RAILROAD AVE",8026.00,W,N,A,-,Y,CC,,4,,,21.487,H,,R,Y,3,0,1,2,A,-,03,22350,,N,C,C,A,A,H,-,D,A,0,,,,,Y,,D,22,0,1,0,0,0,0,0,0,0,"- ","- ",38.019878387451172,-121.91745758056641,"CONTRA COSTA",PITTSBURG,-121.91745758056641,38.019962310791016
91685560,2021,2022-01-26,9320,2021-12-29,0642,017906,,3,1,9,0700,0,2,4,,2,073,"S/B KIRKER PASS RD","HESS RD",528.00,S,N,B,C,N,,,,,,,,,,N,3,0,1,1,A,-,03,22350,,N,E,I,A,B,H,-,A,A,0,,,,,Y,,A,01,0,1,0,0,0,0,0,0,0,"- ","- ",37.961830139160156,-121.93377685546875,"CONTRA COSTA",UNINCORPORATED,-121.93138122558594,37.961643218994141
91685564,2022,2022-01-26,9320,2022-01-18,1826,017219,,2,2,5,0708,0,1,3,,2,404,"SR-4 E/B","RAILROAD AVE",1200.00,E,N,A,-,Y,CC,,4,,,23.298,H,,R,N,3,0,1,4,A,-,03,22350,,N,C,C,A,A,H,-,D,A,0,,,,,Y,,A,01,0,1,0,0,0,0,0,0,0,"- ","- ",38.015769958496094,-121.88527679443359,"CONTRA COSTA",PITTSBURG,-121.88527679443359,38.015781402587891
91685570,2022,2022-01-26,9370,2022-01-25,0530,020258,,2,3,9,0700,0,3,5,,2,012,"GREENWICH RD (2200 BLOCK)","MEADOWLARK ST",1056.00,E,N,E,-,N,,,,,,,,,,N,3,0,1,2,A,-,08,22107,,F,G,B,E,B,H,-,B,D,0,Y,,,,Y,,-,99,0,1,0,0,1,0,0,0,0,"- ","- ",38.007011413574219,-122.31648254394531,"CONTRA COSTA",UNINCORPORATED,-122.31489562988281,38.007698059082031
91685585,2022,2022-01-26,9320,2022-01-19,1055,016094,,3,1,9,0700,0,2,4,,2,072,"BAILEY RD","WB SR-4 OFF RAMP TO BAILEY RD",0.00,,Y,A,-,Y,,,,,,,,,,N,3,0,1,2,A,-,12,21453,A,N,D,C,A,A,H,-,A,A,0,,,,,Y,,A,07,0,1,0,0,0,0,0,0,0,"- ","- ",38.018428802490234,-121.94206237792969,"CONTRA COSTA",UNINCORPORATED,-121.97501373291016,37.967552185058594
91685590,2022,2022-01-26,9320,2022-01-05,1830,019914,,3,2,9,0700,0,1,1,,2,681,"NB I-680","LIVORNA ROAD U/C",2640.00,S,N,B,-,Y,CC,,680,,R,10.920,H,,R,Y,4,0,1,2,A,-,07,21658,A,N,B,C,A,A,H,-,C,A,0,,,,,Y,,A,07,0,0,1,0,0,0,0,0,0,"- ","- ",37.858798980712891,-122.03154754638672,"CONTRA COSTA",UNINCORPORATED,-122.03157043457031,37.858791351318359
91685665,2021,2022-01-26,9320,2021-12-31,1315,017271,,5,1,9,0700,0,3,5,,2,060,"PLEASANT HILL RD","WITHERS AVE",0.00,,Y,B,-,N,,,,,,,,,,N,3,0,3,2,A,-,09,21801,A,N,D,C,A,D,H,-,A,A,0,,,,,Y,,A,01,0,1,2,0,0,0,0,0,0,"- ","- ",37.931880950927734,-122.08683013916016,"CONTRA COSTA",UNINCORPORATED,-122.0867919921875,37.931869506835938
91685704,2022,2022-01-26,9320,2022-01-20,1430,022240,,4,2,9,0700,0,1,1,,2,683,"I-680 N/B","MONUMENT BLVD",1300.00,N,N,A,-,Y,CC,,680,,R,17.974,H,,R,Y,4,0,1,2,A,-,03,22350,,N,C,C,A,A,H,-,A,D,0,,,,,Y,,A,01,0,0,1,0,0,0,0,0,0,"- ","- ",37.948760986328125,-122.05648040771484,"CONTRA COSTA",UNINCORPORATED,-122.05653381347656,37.948776245117188
91685737,2021,2022-01-26,9320,2021-11-17,1416,022019,,3,2,6,0704,0,1,1,,2,683,I-680,"MONUMENT BLVD",500.00,N,N,A,-,Y,,,,,,,,,,Y,4,0,1,3,A,-,03,22350,,N,C,C,A,A,H,-,A,D,0,,,,,Y,,A,01,0,0,1,0,0,0,0,0,0,"- ","- ",37.94683837890625,-122.05732727050781,"CONTRA COSTA",CONCORD,-122.05721282958984,37.946502685546875