CASE_ID,ACCIDENT_YEAR,PROC_DATE,JURIS,COLLISION_DATE,COLLISION_TIME,OFFICER_ID,REPORTING_DISTRICT,DAY_OF_WEEK,CHP_SHIFT,POPULATION,CNTY_CITY_LOC,SPECIAL_COND,BEAT_TYPE,CHP_BEAT_TYPE,CITY_DIVISION_LAPD,CHP_BEAT_CLASS,BEAT_NUMBER,PRIMARY_RD,SECONDARY_RD,DISTANCE,DIRECTION,INTERSECTION,WEATHER_1,WEATHER_2,STATE_HWY_IND,CALTRANS_COUNTY,CALTRANS_DISTRICT,STATE_ROUTE,ROUTE_SUFFIX,POSTMILE_PREFIX,POSTMILE,LOCATION_TYPE,RAMP_INTERSECTION,SIDE_OF_HWY,TOW_AWAY,COLLISION_SEVERITY,NUMBER_KILLED,NUMBER_INJURED,PARTY_COUNT,PRIMARY_COLL_FACTOR,PCF_CODE_OF_VIOL,PCF_VIOL_CATEGORY,PCF_VIOLATION,PCF_VIOL_SUBSECTION,HIT_AND_RUN,TYPE_OF_COLLISION,MVIW,PED_ACTION,ROAD_SURFACE,ROAD_COND_1,ROAD_COND_2,LIGHTING,CONTROL_DEVICE,CHP_ROAD_TYPE,PEDESTRIAN_ACCIDENT,BICYCLE_ACCIDENT,MOTORCYCLE_ACCIDENT,TRUCK_ACCIDENT,NOT_PRIVATE_PROPERTY,ALCOHOL_INVOLVED,STWD_VEHTYPE_AT_FAULT,CHP_VEHTYPE_AT_FAULT,COUNT_SEVERE_INJ,COUNT_VISIBLE_INJ,COUNT_COMPLAINT_PAIN,COUNT_PED_KILLED,COUNT_PED_INJURED,COUNT_BICYCLIST_KILLED,COUNT_BICYCLIST_INJURED,COUNT_MC_KILLED,COUNT_MC_INJURED,PRIMARY_RAMP,SECONDARY_RAMP,LATITUDE,LONGITUDE,COUNTY,CITY,POINT_X,POINT_Y
91685776,2021,2022-01-26,9320,2021-12-16,0030,022495,,4,3,5,0708,0,1,3,,2,404,"SR-4 EB","LOVERIDGE RD O/C",1115.00,W,N,A,-,Y,,,4,,,,,,E,N,4,0,1,2,A,-,07,21658,A,F,B,C,A,A,H,-,C,A,0,,,,,Y,,-,99,0,0,1,0,0,0,0,0,0,"- ","- ",38.012649536132812,-121.87155914306641,"CONTRA COSTA",PITTSBURG,-121.87152099609375,38.012836456298828
91685905,2022,2022-01-26,9320,2022-01-22,1231,020834,,6,1,9,0700,0,3,5,,2,075,"LAKEVIEW DR","SHORE RD",330.00,S,N,A,-,N,,,,,,,,,,N,4,0,1,2,A,-,09,21804,A,N,D,C,A,A,H,-,A,A,0,,,,,Y,,A,01,0,0,1,0,0,0,0,0,0,"- ","- ",38.039070129394531,-121.97074127197266,"CONTRA COSTA",UNINCORPORATED,-121.97077941894531,38.038234710693359
91686370,2022,2022-01-27,9320,2022-01-18,1550,019914,,2,2,5,0712,0,1,1,,2,682,"NB 680","NORTH MAIN STREET O/C",600.00,N,N,B,-,Y,CC,,680,,,15.709,H,,R,N,4,0,1,2,A,-,03,22350,,N,C,C,A,A,H,-,A,D,0,,,,,Y,,A,08,0,0,1,0,0,0,0,0,0,"- ","- ",37.916648864746094,-122.06462860107422,"CONTRA COSTA","WALNUT CREEK",-122.06465911865234,37.916667938232422
91686372,2022,2022-01-27,9320,2022-01-18,1525,020649,,2,2,9,0700,0,1,3,,2,403,"SR-4 EASTBOUND","WILLOW PASS ROAD",2112.00,E,N,A,-,Y,CC,,4,,R,17.299,H,,R,N,4,0,2,3,A,-,03,22350,,N,C,C,A,A,H,-,A,A,0,,,,,Y,,D,22,0,0,2,0,0,0,0,0,0,"- ","- ",38.017009735107422,-121.99050903320312,"CONTRA COSTA",UNINCORPORATED,-121.99053955078125,38.017036437988281
91686380,2022,2022-01-27,9320,2022-01-19,0830,018628,,3,1,9,0700,0,2,4,,2,034,"CUMMINGS SKWY","I-80 EB RAMP",20.00,S,N,E,-,N,,,,,,,,,,Y,4,0,1,2,A,-,03,22350,,N,C,C,A,A,H,-,A,A,0,,,,,Y,,A,07,0,0,1,0,0,0,0,0,0,"- ","- ",38.045078277587891,-122.23705291748047,"CONTRA COSTA",UNINCORPORATED,-122.23915863037109,38.045291900634766
91686397,2022,2022-01-27,9320,2022-01-19,1615,019914,,3,2,9,0700,0,1,1,,2,681,"NB I-680","RUDGEAR ROAD U/C",2000.00,S,N,B,-,Y,CC,,680,,R,12.276,H,,R,Y,4,0,1,3,A,-,03,22350,,N,C,C,A,A,H,-,A,D,0,,,,,Y,,A,01,0,0,1,0,0,0,0,0,0,"- ","- ",37.875160217285156,-122.04506683349609,"CONTRA COSTA",UNINCORPORATED,-122.04507446289062,37.875156402587891
91686442,2022,2022-01-27,9320,2022-01-21,0525,016503,,5,3,3,0702,0,1,3,,2,405,"SR-4 E/B","LONE TREE WAY (BYPASS)",2112.00,E,N,A,-,Y,CC,,4,,R,33.374,H,,R,Y,3,0,2,2,A,-,08,22107,,N,B,C,A,A,H,-,C,A,0,,,,Y,Y,,A,01,0,2,0,0,0,0,0,0,0,"- ","- ",37.955760955810547,-121.74490356445312,"CONTRA COSTA",BRENTWOOD,-121.74492645263672,37.955760955810547
91686611,2022,2022-01-27,9320,2022-01-21,2109,022459,,5,2,9,0700,0,1,1,,2,683,"INTERSTATE 680 S/B FROM STATE ROUTE 4 E/B","STATE ROUTE 4",1200.00,S,N,A,-,Y,CC,,680,,,20.951,H,,L,Y,4,0,1,1,A,-,01,23152,A,N,E,8,A,A,H,-,C,A,0,,,,,Y,Y,D,22,0,0,1,0,0,0,0,0,0,"- ","- ",37.991310119628906,-122.06826782226562,"CONTRA COSTA",UNINCORPORATED,-122.06793975830078,37.991374969482422
91686656,2022,2022-01-27,9320,2022-01-25,1503,017219,,2,2,5,0708,0,1,3,,2,404,"SR-4 W/B","LOVERIDGE RD",2000.00,W,N,A,-,Y,CC,,4,,,23.909,H,,L,Y,3,0,4,3,A,-,03,22350,,N,C,C,A,A,H,-,A,A,0,,,,,Y,,A,01,0,3,1,0,0,0,0,0,0,"- ","- ",38.013519287109375,-121.87433624267578,"CONTRA COSTA",PITTSBURG,-121.87432861328125,38.013557434082031
91686717,2022,2022-01-27,9320,2022-01-24,0948,020834,,1,1,9,0700,0,2,4,,2,013,"SAN PABLO DAM RD","WILDCAT CANYON RD",4200.00,N,N,A,-,N,,,,,,,,,,N,4,0,3,3,A,-,03,22350,,N,C,C,A,A,H,-,A,A,0,,,,,Y,,A,01,0,0,3,0,0,0,0,0,0,"- ","- ",37.907470703125,-122.22962951660156,"CONTRA COSTA",UNINCORPORATED,-122.22273254394531,37.905231475830078
91686721,2022,2022-01-27,9320,2022-01-23,1040,021472,,7,1,9,0700,0,2,4,,2,032,"CARQUINEZ SCENIC DR","MCEWEN ROAD",260.00,E,N,A,-,N,,,,,,,,,,N,3,0,1,1,A,-,03,22350,,N,F,I,A,A,H,-,A,A,0,,Y,,,Y,,L,04,0,1,0,0,0,0,1,0,0,"- ","- ",38.041328430175781,-122.19023132324219,"CONTRA COSTA",UNINCORPORATED,-122.19141387939453,38.041393280029297
91686733,2022,2022-01-27,9320,2022-01-23,1825,020957,,7,2,9,0700,0,2,4,,2,081,"EAST CYPRESS RD","JERSEY ISLAND RD",500.00,W,N,A,-,N,,,,,,,,,,N,4,0,1,2,A,-,08,22107,,M,G,B,E,A,H,-,D,D,0,Y,,,,Y,,-,99,0,0,1,0,1,0,0,0,0,"- ","- ",37.990619659423828,-121.66163635253906,"CONTRA COSTA",UNINCORPORATED,-121.66091156005859,37.990642547607422
91686741,2022,2022-01-27,9320,2022-01-15,1852,022462,,6,2,3,0706,0,1,3,,2,400,"STATE ROUTE 4 WESTBOUND TO INTERSTATE 80 EASTBOUND","INTERSTATE 80",235.00,E,N,B,-,Y,,,,,,,,,,N,4,0,1,1,A,-,08,22107,,N,F,J,A,A,H,-,C,A,0,,,Y,,Y,,C,02,0,0,1,0,0,0,0,0,1,"- ","- ",38.015098571777344,-122.26805877685547,"CONTRA COSTA",HERCULES,-122.26805877685547,38.015098571777344
91688222,2022,2022-01-28,9320,2022-01-14,1730,019914,,5,2,5,0712,0,1,1,,2,682,"SB I-680","CONTRA COSTA BOULEVARD O/C",2000.00,S,N,B,-,Y,CC,,680,,R,17.304,H,,R,Y,4,0,1,3,A,-,03,22350,,N,C,C,A,A,H,-,C,D,0,,,,,Y,,A,07,0,0,1,0,0,0,0,0,0,"- ","- ",37.939121246337891,-122.06050872802734,"CONTRA COSTA","WALNUT CREEK",-122.06017303466797,37.939094543457031
91688237,2022,2022-01-28,9320,2022-01-22,1419,022116,,6,2,3,0706,0,1,3,,2,400,"SR-4 W/B",I-80,285.00,E,N,A,-,Y,,,,,,,,,,N,3,0,1,1,A,-,08,22107,,N,F,A,A,A,H,-,A,A,0,,,Y,,Y,,C,02,0,1,0,0,0,0,0,0,1,"- ","- ",38.015041351318359,-122.26796722412109,"CONTRA COSTA",HERCULES,-122.26805114746094,38.014759063720703
91688298,2022,2022-01-28,9320,2022-01-14,1815,022082,,5,2,5,0701,0,1,3,,2,404,"SR-4 EB","SOMERSVILLE RD",1800.00,E,N,A,-,Y,,,,,,,,,,Y,4,0,1,2,A,-,03,22350,,N,C,C,A,A,H,-,C,A,0,,,,,Y,,A,07,0,0,1,0,0,0,0,0,0,"- ","- ",38.001750946044922,-122.83068084716797,"CONTRA COSTA",ANTIOCH,-121.83250427246094,38.002262115478516
91688314,2022,2022-01-28,9320,2022-01-25,1722,019759,,2,2,9,0700,0,2,4,,2,096,"VASCO ROAD","CAMINO DIABLO",5280.00,S,N,A,-,N,,,,,,,,,,Y,4,0,1,2,A,-,06,21751,,M,E,I,A,A,H,-,D,A,0,,,,,Y,,-,99,0,0,1,0,0,0,0,0,0,"- ","- ",37.857028961181641,-121.65383148193359,"CONTRA COSTA",UNINCORPORATED,-121.66764068603516,37.865211486816406
9168851,2020,2020-12-14,0712,2020-10-10,0203,P450,,6,5,5,0712,0,0,0,,0,003,"YGNACIO VALLEY RD",TAMPICO,0.00,,N,A,-,N,,,,,,,,,,Y,3,0,1,1,A,-,03,22350,,N,A,I,A,A,H,-,C,D,0,,,,,Y,,-,,0,1,0,0,0,0,0,0,0,"- ","- ",,,"CONTRA COSTA","WALNUT CREEK",-122.04618072509766,37.911430358886719
9168852,2020,2020-12-14,0712,2020-10-09,0950,P614,,5,5,5,0712,0,0,0,,0,001,"S MAIN ST","NEWELL AV",0.00,,Y,A,-,N,,,,,,,,,,Y,3,0,4,2,A,-,12,21453,A,N,D,C,A,A,H,-,A,A,0,,,,,Y,,A,07,0,3,1,0,0,0,0,0,0,"- ","- ",,,"CONTRA COSTA","WALNUT CREEK",-122.05829620361328,37.893028259277344
91688625,2021,2022-01-28,9320,2021-12-13,0241,022540,,1,3,3,0706,0,1,1,,2,180,"I80 EB","SYCAMORE AVENUE",100.00,W,N,C,-,Y,,,,,,,,,,Y,4,0,1,2,A,-,03,22350,,N,C,E,A,B,H,-,C,A,0,,,,,Y,,A,01,0,0,1,0,0,0,0,0,0,"- ","- ",38.010730743408203,-122.27320861816406,"CONTRA COSTA",HERCULES,-122.27246856689453,38.011589050292969
91689276,2022,2022-01-31,9320,2022-01-19,1750,019914,,3,2,5,0712,0,1,1,,2,682,"NB 680","NORTH MAIN STREET O/C",100.00,N,N,B,-,Y,CC,,680,,,15.669,H,,R,Y,4,0,1,3,A,-,03,22350,,N,C,C,A,A,H,-,C,D,0,,,,,Y,,A,07,0,0,1,0,0,0,0,0,0,"- ","- ",37.916130065917969,-122.06508636474609,"CONTRA COSTA","WALNUT CREEK",-122.06513977050781,37.916156768798828
91689287,2022,2022-01-31,9320,2022-01-19,1845,021185,,3,2,9,0700,0,1,1,,2,180,"INTERSTATE 80 WESTBOUND","WILLOW AVENUE",1450.00,E,N,A,-,Y,CC,,80,,,10.983,H,,L,N,3,0,3,2,A,-,03,22350,,N,C,C,A,A,H,-,C,A,0,,,,,Y,,A,01,0,3,0,0,0,0,0,0,0,"- ","- ",38.025981903076172,-122.25942993164062,"CONTRA COSTA",UNINCORPORATED,-122.25934600830078,38.025932312011719
91689313,2021,2022-01-31,9320,2021-12-19,0015,022484,,7,3,9,0700,0,1,3,,2,404,"WILLOW PASS ROAD","EVORA RD",0.00,,Y,A,-,Y,,,,,,,,,,N,3,0,2,2,A,-,12,21453,A,M,D,C,A,A,H,-,C,A,0,,,,,Y,,-,99,0,2,0,0,0,0,0,0,0,"- ","- ",38.024589538574219,-121.96414947509766,"CONTRA COSTA",UNINCORPORATED,-121.96411895751953,38.024677276611328
91689369,2022,2022-01-31,9320,2022-01-23,1420,022082,,7,2,4,0714,0,1,3,,2,401,"MCEWEN RD TO SR-4 EB","MCEWEN RD",1025.00,E,N,A,-,Y,CC,,4,,R,5.385,H,,R,Y,2,0,1,1,A,-,08,22107,,N,E,A,A,A,H,-,A,A,0,,,Y,,Y,,-,"- ",1,0,0,0,0,0,0,0,1,"- ","- ",38.012969970703125,-122.17497253417969,"CONTRA COSTA",MARTINEZ,-122.17489624023438,38.013031005859375
91689559,2022,2022-01-31,9320,2022-01-23,1645,022459,,7,2,6,0704,0,1,3,,2,242,"STATE ROUTE 242 S/B","PORT CHICAGO HWY",400.00,W,N,A,-,Y,CC,,4,,R,15.317,H,,L,Y,4,0,1,4,A,-,03,22350,,N,C,C,A,A,H,-,A,A,0,,,,,Y,,A,01,0,0,1,0,0,0,0,0,0,"- ","- ",38.009670257568359,-122.02507781982422,"CONTRA COSTA",CONCORD,-122.02505493164062,38.009571075439453
91689859,2021,2022-01-31,9320,2021-12-29,1630,016584,,3,2,3,0792,0,1,3,,2,401,"SR-24 E/B","ST. STEPHENS DR.",2112.00,W,N,B,C,Y,,,24,,,,,,E,Y,4,0,1,2,A,-,07,21658,A,F,E,I,A,B,H,-,B,A,0,,,,,Y,,A,01,0,0,1,0,0,0,0,0,0,"- ","- ",37.887031555175781,-122.17735290527344,"CONTRA COSTA",ORINDA,-122.17744445800781,37.887100219726562
91690337,2022,2022-02-01,9320,2022-01-20,1830,021185,,4,2,5,0712,0,1,3,,2,241,"STATE ROUTE 24 EASTBOUND","EL CURTOLA BOULEVARD",140.00,E,N,A,-,Y,CC,,24,,R,8.306,H,,R,Y,3,0,4,3,A,-,03,22350,,N,C,C,A,A,H,-,C,A,0,,,,,Y,,A,01,0,4,0,0,0,0,0,0,0,"- ","- ",37.897789001464844,-122.08453369140625,"CONTRA COSTA","WALNUT CREEK",-122.08452606201172,37.897808074951172
91690365,2022,2022-02-01,9320,2022-01-20,2000,021185,,4,2,3,0792,0,1,3,,2,240,"STATE ROUTE 24 WESTBOUND","CAMINO PABLO",3200.00,E,N,A,-,Y,CC,,24,,R,2.946,H,,L,Y,3,0,2,1,A,-,01,23152,A,N,E,I,A,A,H,-,C,A,0,,,,,Y,Y,A,01,0,2,0,0,0,0,0,0,0,"- ","- ",37.886508941650391,-122.17826080322266,"CONTRA COSTA",ORINDA,-122.17837524414062,37.886554718017578
91690390,2021,2022-02-01,9320,2021-12-27,0025,022517,,1,3,3,0715,0,1,3,,2,241,"SR-24 W/B","THE ACALANES ROAD UNDER CROSSING",1214.00,E,N,B,C,Y,,,24,,,,,,W,Y,4,0,2,1,A,-,08,22107,,N,E,I,A,B,H,-,C,A,0,,,,,Y,,A,01,0,0,2,0,0,0,0,0,0,"- ","- ",37.891628265380859,-122.15003967285156,"CONTRA COSTA",LAFAYETTE,-122.15005493164062,37.891532897949219
91690418,2022,2022-02-01,9320,2022-01-29,2205,022505,,6,3,4,0714,0,1,3,,2,401,"SR-4 W/B","MCEWEN ROAD",7497.00,E,N,A,-,Y,CC,,4,,R,6.673,H,,L,N,4,0,1,2,A,-,08,22107,,N,B,C,A,A,H,-,D,A,0,,,,,Y,,A,01,0,0,1,0,0,0,0,0,0,"- ","- ",38.004489898681641,-122.1551513671875,"CONTRA COSTA",MARTINEZ,-122.15500640869141,38.004646301269531
91690548,2022,2022-02-01,9320,2022-01-28,1325,021472,,5,1,9,0700,0,2,4,,2,043,"MARSH DRIVE","CENTER AVE",62.00,N,N,A,-,N,,,,,,,,,,N,3,0,1,1,A,-,08,22107,,N,E,I,A,A,H,-,A,A,0,,,Y,,Y,,C,02,0,1,0,0,0,0,0,0,1,"- ","- ",37.983989715576172,-122.06349945068359,"CONTRA COSTA",UNINCORPORATED,-122.06362152099609,37.983989715576172
91690785,2022,2022-03-09,9320,2022-01-28,1553,022116,,5,2,9,0700,0,1,1,,2,681,"I-680 N/B","STONE VALLEY RD",2112.00,S,N,A,-,Y,CC,,680,,R,9.976,H,,R,Y,4,0,2,3,A,-,03,22350,,N,C,C,A,A,H,-,A,A,0,,,,,Y,,A,01,0,0,2,0,0,0,0,0,0,"- ","- ",37.846240997314453,-122.02590179443359,"CONTRA COSTA",UNINCORPORATED,-122.02594757080078,37.846199035644531
91691423,2022,2022-02-02,9370,2022-01-28,0745,021708,,5,1,5,0710,0,1,1,,2,058,"I-580 E/B","CENTRAL AVENUE",813.00,W,N,A,-,Y,,,,,,,,,,Y,4,0,1,3,A,-,03,22350,,N,C,C,A,A,H,-,A,D,0,,,,,Y,,A,07,0,0,1,0,0,0,0,0,0,"- ","- ",37.547298431396484,-122.1856689453125,"CONTRA COSTA",RICHMOND,-122.31430053710938,37.9002685546875
91691429,2022,2022-02-02,9320,2022-01-23,1620,022240,,7,2,9,0700,0,3,5,,2,075,"MARINA RD.","INLET DR.",60.00,W,N,A,-,N,,,,,,,,,,Y,3,0,2,2,A,-,01,23152,A,N,D,C,A,A,H,-,A,D,0,,,,,Y,Y,A,01,0,2,0,0,0,0,0,0,0,"- ","- ",38.036178588867188,-121.96936798095703,"CONTRA COSTA",UNINCORPORATED,-121.96926116943359,38.036190032958984
91691431,2022,2022-02-02,9320,2022-01-27,1835,022459,,4,2,5,0712,0,1,1,,2,682,"INTERSTATE 680 N/B","NORTH MAIN STREET O/C",750.00,S,N,A,-,Y,CC,,680,,,15.404,H,,R,N,4,0,1,2,A,-,03,22350,,N,C,C,A,A,H,-,C,A,0,,,,,Y,,A,01,0,0,1,0,0,0,0,0,0,"- ","- ",37.912929534912109,-122.06700134277344,"CONTRA COSTA","WALNUT CREEK",-122.06690979003906,37.912910461425781
91691441,2022,2022-02-02,9320,2022-01-04,1757,022019,,2,2,9,0700,0,2,4,,2,012,"APPIAN WAY","SAN PABLO DAM ROAD",0.00,,Y,B,-,N,,,,,,,,,,N,4,0,1,2,A,-,05,21650,,N,A,G,A,A,H,-,C,A,0,,Y,,,Y,,L,04,0,0,1,0,0,0,1,0,0,"- ","- ",37.966388702392578,-122.30948638916016,"CONTRA COSTA",UNINCORPORATED,-122.30940246582031,37.966285705566406
91691463,2022,2022-02-02,9320,2022-01-27,1605,022540,,4,2,6,0704,0,1,3,,2,242,"SR-242 N/B, TO SR-4 E/B","PORT CHICAGO HIGHWAY",2112.00,S,N,A,-,Y,CC,,4,,R,14.987,H,,R,Y,4,0,1,2,A,-,03,22350,,N,B,C,A,A,H,-,A,A,0,,,,,Y,,A,01,0,0,1,0,0,0,0,0,0,"- ","- ",38.007991790771484,-122.03083038330078,"CONTRA COSTA",CONCORD,-122.03089141845703,38.008110046386719
91691469,2022,2022-02-02,9320,2022-01-25,1805,016584,,2,2,9,0700,0,1,1,,2,683,"I-680 N/B","CONCORD AVE.",400.00,N,N,A,-,Y,CC,,680,,,19.961,H,,R,Y,4,0,1,2,A,-,04,21703,,N,C,A,A,D,H,-,C,A,0,,,,,Y,,A,01,0,0,1,0,0,0,0,0,0,"- ","- ",37.977451324462891,-122.06459808349609,"CONTRA COSTA",UNINCORPORATED,-122.06464385986328,37.977436065673828
91691567,2022,2022-02-02,9320,2022-01-20,1940,022240,,4,2,9,0700,0,1,3,,2,402,"SR-4 W/B","PORT CHICAGO HIGHWAY",2500.00,E,N,A,-,Y,CC,,4,,R,15.904,H,,L,Y,4,0,1,3,A,-,01,23152,A,N,E,9,A,A,H,-,C,D,0,,,,Y,Y,Y,A,01,0,0,1,0,0,0,0,0,0,"- ","- ",38.011131286621094,-122.01461029052734,"CONTRA COSTA",UNINCORPORATED,-122.01461791992188,38.011154174804688
91691596,2022,2022-02-02,9320,2022-02-01,0845,016094,,2,1,9,0700,0,1,3,,2,403,"SR-4 (W/B)","BAILEY RD",1584.00,E,N,A,-,Y,CC,,4,,R,20.649,H,,L,Y,3,0,1,3,A,-,03,22350,,N,C,C,A,A,H,-,A,A,0,,,,,Y,,A,07,0,1,0,0,0,0,0,0,0,"- ","- ",38.019168853759766,-121.93224334716797,"CONTRA COSTA",UNINCORPORATED,-121.93223571777344,38.019123077392578
9169168,2020,2020-11-19,0712,2020-09-18,1819,P545,,5,5,5,0712,0,0,0,,0,002,"MOUNT DIABLO BL","N MAIN ST",0.00,,Y,A,-,N,,,,,,,,,,N,4,0,1,2,A,-,03,22350,,F,C,C,A,A,H,-,A,A,0,,,,,Y,,A,01,0,0,1,0,0,0,0,0,0,"- ","- ",,,"CONTRA COSTA","WALNUT CREEK",-122.06001281738281,37.8973388671875
91691715,2022,2022-02-02,9320,2022-01-28,1812,020957,,5,2,9,0700,0,2,4,,2,096,"VASCO RD","CAMINO DIABLO RD",2700.00,S,N,A,-,N,,,,,,,,,,Y,2,0,3,2,A,-,08,22107,,N,A,C,A,A,H,-,C,A,0,,,,,Y,,A,07,3,0,0,0,0,0,0,0,0,"- ","- ",37.855598449707031,-121.65203094482422,"CONTRA COSTA",UNINCORPORATED,-121.66764068603516,37.865211486816406
91691877,2021,2022-02-02,9320,2021-10-26,1525,020835,,2,2,9,0700,0,2,4,,2,086,"BRENTWOOD BOULEVARD","BYRON HIGHWAY",2872.00,W,N,B,-,N,,,,,,,,,,Y,1,1,1,3,A,-,03,22350,,N,C,C,A,A,H,-,A,A,0,,,,,Y,,D,22,0,1,0,0,0,0,0,0,0,"- ","- ",37.9110107421875,-121.65131378173828,"CONTRA COSTA",UNINCORPORATED,-121.65134429931641,37.911003112792969
91691928,2021,2022-02-02,9320,2021-11-01,1047,018371,,1,1,9,0700,0,1,3,,2,405,"STATE ROUTE 4 WESTBOUND","WOLCOTT LN U/C",653.00,E,N,C,-,Y,,,4,,,,,,W,Y,1,1,0,1,A,-,03,22350,,N,F,A,A,B,H,-,A,A,0,,,,,Y,Y,D,22,0,0,0,0,0,0,0,0,0,"- ","- ",38.005390167236328,-122.15711212158203,"CONTRA COSTA",UNINCORPORATED,-122.1571044921875,38.005428314208984
91691958,2022,2022-02-02,9320,2022-01-28,1810,020957,,5,2,9,0700,0,2,4,,2,096,"VASCO RD N/B","CAMINO DIABLO RD",2500.00,S,N,A,-,N,,,,,,,,,,N,4,0,1,2,A,-,03,22350,,N,C,C,A,A,H,-,C,A,0,,,,,Y,,A,01,0,0,1,0,0,0,0,0,0,"- ","- ",37.855670928955078,-121.65206909179688,"CONTRA COSTA",UNINCORPORATED,-121.66089630126953,37.860927581787109
91691968,2022,2022-02-02,9320,2022-01-28,1811,020957,,5,2,9,0700,0,2,4,,2,096,"VASCO RD","CAMINO DIABLO RD",2600.00,S,N,A,-,N,,,,,,,,,,Y,4,0,1,2,A,-,03,22350,,N,C,C,A,A,H,-,C,A,0,,,,,Y,,A,07,0,0,1,0,0,0,0,0,0,"- ","- ",37.855598449707031,-121.65203094482422,"CONTRA COSTA",UNINCORPORATED,-121.66764068603516,37.865211486816406
91692541,2022,2022-02-03,9350,2022-01-29,0715,022133,,6,1,9,0700,0,1,1,,2,115,"I-580 WB","RICHMOND SAN RAFAEL BRIDGE TOLL PLAZA",18.00,E,N,A,-,Y,CC,,580,,,6.118,H,,R,Y,3,0,1,1,A,-,08,22107,,N,E,I,A,A,H,-,A,D,0,,,,,Y,,A,01,0,1,0,0,0,0,0,0,0,"- ","- ",37.932441711425781,-122.40322113037109,"CONTRA COSTA",UNINCORPORATED,-122.40321350097656,37.932472229003906
91692544,2022,2022-02-03,9350,2022-01-29,1329,022395,,6,1,9,0700,0,1,1,,2,115,"I-580 W/B","WESTERN AVENUE U/C",5386.00,W,N,A,-,Y,CC,,580,,,6.903,H,,L,N,4,0,2,2,A,-,03,22350,,N,C,C,A,A,H,-,A,D,0,,,,,Y,,D,22,0,0,2,0,0,0,0,0,0,"- ","- ",37.933261871337891,-122.41763305664062,"CONTRA COSTA",UNINCORPORATED,-122.41762542724609,37.933311462402344
91692547,2022,2022-02-03,9320,2022-01-24,0850,017530,,1,1,9,0700,0,2,4,,2,093,"CAMINO DIABLO","VASCO RD",1584.00,E,N,A,-,N,,,,,,,,,,Y,3,0,1,1,A,-,01,23152,A,N,E,I,A,A,H,-,A,D,0,,,,,Y,Y,A,01,0,1,0,0,0,0,0,0,0,"- ","- ",37.866790771484375,-121.66201782226562,"CONTRA COSTA",UNINCORPORATED,-121.66248321533203,37.866657257080078
91692868,2022,2022-02-03,9320,2022-02-03,0620,016094,,4,1,9,0700,0,1,3,,2,404,"SR-4 (W/B)","LOVERIDGE RD.",605.00,E,N,A,-,Y,CC,,4,,,24.379,H,,L,Y,3,0,1,5,A,-,03,22350,,N,C,C,A,A,H,-,D,A,0,,,,,Y,,D,22,0,1,0,0,0,0,0,0,0,"- ","- ",38.011699676513672,-121.86602020263672,"CONTRA COSTA",UNINCORPORATED,-121.86602020263672,38.011707305908203
91692935,2022,2022-02-03,9320,2022-01-15,1730,022082,,6,2,3,0792,0,1,3,,2,241,"SR-24 EB","CAMINO PABLO",1372.00,W,N,A,-,Y,CC,,24,,R,2.021,H,,R,Y,3,0,1,1,A,-,08,22107,,N,E,I,A,A,H,-,B,A,0,,,,,Y,,A,07,0,1,0,0,0,0,0,0,0,"- ","- ",37.875091552734375,-122.18609619140625,"CONTRA COSTA",ORINDA,-122.18622589111328,37.875171661376953
91693496,2022,2022-02-04,9320,2022-01-25,1630,021185,,2,2,9,0700,0,2,4,,2,012,"HILLTOP DRIVE","MANOR ROAD",135.00,S,N,A,-,N,,,,,,,,,,N,3,0,1,1,A,-,08,22107,,N,F,A,A,A,H,-,A,A,0,,Y,,,Y,,M,91,0,1,0,0,0,0,1,0,0,"- ","- ",37.982879638671875,-122.30291748046875,"CONTRA COSTA",UNINCORPORATED,-122.30294036865234,37.98291015625
91693566,2022,2022-02-04,9390,2022-01-26,0300,021971,,3,3,4,0790,0,1,1,,2,069,"I-680 SOUTHBOUND FROM SYCAMORE VALLEY ROAD","SYCAMORE VALLEY ROAD",300.00,S,N,A,-,Y,,,,,,,,,,Y,3,0,1,1,A,-,01,23152,A,N,E,I,A,A,H,-,D,D,0,,,,,Y,Y,A,01,0,1,0,0,0,0,0,0,0,"- ","- ",37.810619354248047,-121.99404907226562,"CONTRA COSTA",DANVILLE,-121.99404907226562,37.810619354248047
91693651,2022,2022-02-04,9320,2022-01-25,0620,018628,,2,1,9,0700,0,2,4,,2,043,"MARSH DR","MOBILE DR",0.00,,Y,A,-,N,,,,,,,,,,Y,4,0,2,2,A,-,09,21802,A,N,D,C,A,A,H,-,C,A,0,,,,,Y,,A,07,0,0,2,0,0,0,0,0,0,"- ","- ",37.989341735839844,-122.06302642822266,"CONTRA COSTA",UNINCORPORATED,-122.06298065185547,37.989307403564453