CASE_ID,ACCIDENT_YEAR,PROC_DATE,JURIS,COLLISION_DATE,COLLISION_TIME,OFFICER_ID,REPORTING_DISTRICT,DAY_OF_WEEK,CHP_SHIFT,POPULATION,CNTY_CITY_LOC,SPECIAL_COND,BEAT_TYPE,CHP_BEAT_TYPE,CITY_DIVISION_LAPD,CHP_BEAT_CLASS,BEAT_NUMBER,PRIMARY_RD,SECONDARY_RD,DISTANCE,DIRECTION,INTERSECTION,WEATHER_1,WEATHER_2,STATE_HWY_IND,CALTRANS_COUNTY,CALTRANS_DISTRICT,STATE_ROUTE,ROUTE_SUFFIX,POSTMILE_PREFIX,POSTMILE,LOCATION_TYPE,RAMP_INTERSECTION,SIDE_OF_HWY,TOW_AWAY,COLLISION_SEVERITY,NUMBER_KILLED,NUMBER_INJURED,PARTY_COUNT,PRIMARY_COLL_FACTOR,PCF_CODE_OF_VIOL,PCF_VIOL_CATEGORY,PCF_VIOLATION,PCF_VIOL_SUBSECTION,HIT_AND_RUN,TYPE_OF_COLLISION,MVIW,PED_ACTION,ROAD_SURFACE,ROAD_COND_1,ROAD_COND_2,LIGHTING,CONTROL_DEVICE,CHP_ROAD_TYPE,PEDESTRIAN_ACCIDENT,BICYCLE_ACCIDENT,MOTORCYCLE_ACCIDENT,TRUCK_ACCIDENT,NOT_PRIVATE_PROPERTY,ALCOHOL_INVOLVED,STWD_VEHTYPE_AT_FAULT,CHP_VEHTYPE_AT_FAULT,COUNT_SEVERE_INJ,COUNT_VISIBLE_INJ,COUNT_COMPLAINT_PAIN,COUNT_PED_KILLED,COUNT_PED_INJURED,COUNT_BICYCLIST_KILLED,COUNT_BICYCLIST_INJURED,COUNT_MC_KILLED,COUNT_MC_INJURED,PRIMARY_RAMP,SECONDARY_RAMP,LATITUDE,LONGITUDE,COUNTY,CITY,POINT_X,POINT_Y
91722292,2022,2022-03-14,9320,2022-03-07,2200,022138,,1,3,9,0700,0,2,4,,2,046,"TREAT BOULEVARD","JONES ROAD",30.00,E,N,A,-,N,,,,,,,,,,Y,4,0,1,1,A,-,08,22107,,N,E,I,A,A,H,-,C,A,0,,,,,Y,,A,01,0,0,1,0,0,0,0,0,0,"- ","- ",37.926429748535156,-122.05442810058594,"CONTRA COSTA",UNINCORPORATED,-122.05467224121094,37.926628112792969
91722815,2022,2022-03-15,9370,2022-03-05,1330,022830,,6,1,5,0710,0,1,1,,2,082,"I-80 EB","CARLSON BLVD",752.00,W,N,A,-,Y,CC,,80,,,0.864,H,,R,N,4,0,1,2,C,-,18,,,N,B,C,A,A,H,-,A,D,0,,,,,Y,,-,"- ",0,0,1,0,0,0,0,0,0,"- ","- ",37.908958435058594,-122.31616973876953,"CONTRA COSTA",RICHMOND,-122.31619262695312,37.908950805664062
91723040,2022,2022-03-15,9320,2022-03-05,0907,022748,,6,1,6,0704,0,1,3,,2,242,"SR-242 N/B","GRANT ST",100.00,S,N,B,-,Y,CC,,242,,R,2.142,H,,R,Y,3,0,1,1,A,-,08,22107,,N,E,I,A,A,H,-,A,A,0,,,,,Y,,A,01,0,1,0,0,0,0,0,0,0,"- ","- ",37.9881591796875,-122.04039764404297,"CONTRA COSTA",CONCORD,-122.04036712646484,37.988155364990234
91723088,2022,2022-03-15,9320,2022-03-06,0225,022544,,7,3,4,0709,0,2,S,,2,901,"CONTRA COSTA BOULEVARD N/B","CONCORD AVENUE",100.00,S,N,A,-,N,,,,,,,,,,N,2,0,1,1,A,-,01,23152,A,M,E,I,A,A,H,-,C,A,0,,,,,Y,Y,B,01,1,0,0,0,0,0,0,0,0,"- ","- ",37.975341796875,-122.06450653076172,"CONTRA COSTA","PLEASANT HILL",-122.06471252441406,37.975505828857422
91723269,2022,2022-03-15,9320,2022-03-08,0928,022748,,2,1,9,0700,0,2,4,,2,071,"WILLOW PASS ROAD","POINSETTIA AVE",62.00,E,N,A,-,N,,,,,,,,,,Y,3,0,2,3,A,-,08,22107,,N,C,C,E,A,H,-,A,A,0,Y,,,Y,Y,,A,01,0,2,0,0,1,0,0,0,0,"- ","- ",38.026790618896484,-121.93827819824219,"CONTRA COSTA",UNINCORPORATED,-121.93837738037109,38.026760101318359
91723353,2022,2022-03-15,9320,2022-03-07,1520,022835,,1,2,5,0708,0,1,3,,2,403,"SR-4 E/B","THE BAYPOINT BART STATION PEDESTRIAN OVERCROSSING",230.00,W,N,A,-,Y,CC,,4,,R,19.896,H,,R,N,2,0,1,2,A,-,03,22350,,N,C,C,A,A,H,-,A,A,0,,,Y,,Y,,C,02,1,0,0,0,0,0,0,0,1,"- ","- ",38.018760681152344,-121.94599151611328,"CONTRA COSTA",PITTSBURG,-121.94599151611328,38.018772125244141
91723871,2022,2022-03-16,9320,2022-03-08,2330,022544,,2,3,6,0704,0,1,3,,2,242,"SR-242 NORTHBOUND","I-680 N/B",1500.00,N,N,A,-,Y,CC,,242,,R,0.153,H,,R,N,4,0,1,2,A,-,03,22350,,M,C,C,A,A,H,-,C,A,0,,,,,Y,,-,99,0,0,1,0,0,0,0,0,0,"- ","- ",37.960769653320312,-122.05130767822266,"CONTRA COSTA",CONCORD,-122.05127716064453,37.960762023925781
91723927,2022,2022-03-16,9320,2022-03-10,1015,016094,,4,1,9,0700,0,1,3,,2,404,"SR-4 (E/B)","HILLCREST AVE",1584.00,E,N,A,-,Y,CC,,4,,R,29.484,H,,L,Y,3,0,1,2,A,-,07,21658,A,M,B,C,A,A,H,-,A,D,0,,,,,Y,,A,01,0,1,0,0,0,0,0,0,0,"- ","- ",37.994709014892578,-121.77541351318359,"CONTRA COSTA",UNINCORPORATED,-121.77543640136719,37.994621276855469
91724040,2022,2022-04-18,9320,2022-03-09,2240,022517,,3,3,5,0712,0,2,4,,2,046,"TREAT BLVD","OAK ROAD",0.00,,Y,A,-,N,,,,,,,,,,Y,3,0,1,2,A,-,09,21453,C,N,D,C,A,A,H,-,C,A,0,,,,,Y,,A,01,0,1,0,0,0,0,0,0,0,"- ","- ",37.926609039306641,-122.05741882324219,"CONTRA COSTA","WALNUT CREEK",-122.05745697021484,37.926422119140625
9172414,2020,2020-11-12,0700,2020-10-04,1606,OA022,DELTA,7,5,3,0734,0,0,0,,0,052,"MAIN ST","MONTE LINDA ST",0.00,,Y,A,-,N,,,,,,,,,,Y,3,0,3,2,A,-,05,21460,A,N,A,C,A,A,H,-,A,D,0,,,,,Y,,A,01,0,1,2,0,0,0,0,0,0,"- ","- ",,,"CONTRA COSTA",OAKLEY,-121.69602966308594,37.970481872558594
91724306,2022,2022-03-16,9320,2022-03-03,1050,022743,,4,1,9,0700,0,1,3,,2,401,"SR-4 EASTBOUND","FRANKLIN CANYON ROAD",500.00,E,N,B,-,Y,CC,,4,,R,2.429,H,,R,Y,3,0,1,1,A,-,08,22107,,N,F,I,A,B,H,-,A,D,0,,,,,Y,,E,22,0,1,0,0,0,0,0,0,0,"- ","- ",38.009418487548828,-122.22711944580078,"CONTRA COSTA",UNINCORPORATED,-122.22716522216797,38.009357452392578
91724359,2022,2022-08-25,9370,2022-02-24,1018,022831,,4,1,5,0710,0,1,1,,2,082,"I-80 W/B","CUTTING BLVD",605.00,E,N,A,-,Y,CC,,80,,,1.528,H,,L,Y,2,0,1,3,A,-,01,23152,F,N,C,E,A,A,H,-,A,D,0,,,,,Y,,A,01,1,0,0,0,0,0,0,0,0,"- ","- ",37.918350219726562,-122.31723022460938,"CONTRA COSTA",RICHMOND,-122.31754302978516,37.918350219726562
9172438,2020,2020-11-20,0705,2020-10-12,0923,E201,TRAFF,1,5,3,0705,0,0,0,,0,011,"SAN PABLO AV","KNOTT AV",15.00,N,N,A,-,N,,,,,,,,,,Y,4,0,1,3,A,-,12,21453,A,F,D,C,A,A,H,-,A,A,0,,,,,Y,,A,07,0,0,1,0,0,0,0,0,0,"- ","- ",37.926540374755859,-122.31918334960938,"CONTRA COSTA","EL CERRITO",-122.31938934326172,37.926555633544922
9172448,2020,2020-12-14,0740,2020-10-09,1807,SR501,,5,5,4,0791,0,0,0,,0,BEAT3,"CROW CANYON RD","RT 680 N",0.00,,Y,A,-,Y,CC,4,680,-,R,3.991,R,4,N,Y,3,0,2,2,A,-,12,21453,A,N,D,C,A,A,H,-,A,A,0,,,,,Y,,A,01,0,1,1,0,0,0,0,0,0,"- ","- ",37.777698516845703,-121.97398376464844,"CONTRA COSTA","SAN RAMON",-121.97385406494141,37.774585723876953
9172468,2020,2020-12-08,0704,2020-10-23,2045,594,,5,5,6,0704,0,0,0,,0,004,"N 6TH ST","BONIFACIO ST",775.00,E,N,A,-,N,,,,,,,,,,Y,4,0,2,3,A,-,08,22107,,N,A,C,A,A,H,-,C,A,0,,,,,Y,,A,01,0,0,2,0,0,0,0,0,0,"- ","- ",,,"CONTRA COSTA",CONCORD,-122.02158355712891,37.985713958740234
91725092,2022,2022-03-17,9320,2022-03-07,0725,018628,,1,1,5,0712,0,1,1,,2,682,"I-680 SB","TREAT BLVD",400.00,N,N,A,-,Y,CC,,680,,,16.441,H,,L,N,4,0,2,3,A,-,03,22350,,N,C,C,A,A,H,-,A,D,0,,,,,Y,,A,08,0,0,2,0,0,0,0,0,0,"- ","- ",37.927040100097656,-122.06076049804688,"CONTRA COSTA","WALNUT CREEK",-122.06073760986328,37.927040100097656
91725120,2022,2022-03-17,9320,2022-03-09,1500,022835,,3,2,9,0700,0,3,5,,2,075,"POINSETTIA AVE.","SIINO WEST AVE.",0.00,,Y,A,-,N,,,,,,,,,,Y,4,0,1,2,A,-,09,21802,A,N,D,C,A,A,H,-,A,A,0,,,,,Y,,A,01,0,0,1,0,0,0,0,0,0,"- ","- ",38.028251647949219,-121.93866729736328,"CONTRA COSTA",UNINCORPORATED,-121.93859100341797,38.028293609619141
91725159,2022,2022-03-17,9350,2022-03-10,0300,021615,,4,3,9,0700,0,1,1,,2,115,"I-580 W/B","RICHMOND SAN RAFAEL BRIDGE TOLL PLAZA",20.00,E,N,A,-,Y,CC,,580,,,6.119,H,,R,N,3,0,1,1,A,-,01,23152,A,M,E,I,A,A,H,-,C,D,0,,,Y,,Y,Y,C,03,0,1,0,0,0,0,0,0,1,"- ","- ",37.932430267333984,-122.40322875976562,"CONTRA COSTA",UNINCORPORATED,-122.40322113037109,37.932472229003906
91725175,2021,2022-03-17,9320,2021-09-10,1335,022517,,5,1,5,0701,0,1,3,,2,404,"STATE ROUTE 4 WESTBOUND","HILLCREST DRIVE OVER CROSSING",3960.00,E,N,A,-,Y,,,4,,,,,,W,Y,1,1,0,4,A,-,07,21658,A,N,B,C,A,A,H,-,A,D,0,,,,Y,Y,,A,01,0,0,0,0,0,0,0,0,0,"- ","- ",37.994068145751953,-121.77169036865234,"CONTRA COSTA",ANTIOCH,-121.77171325683594,37.993968963623047
91725230,2021,2022-03-17,9320,2021-11-20,0135,022517,,6,3,6,0704,0,1,1,,2,683,"I-680 NB","CONTRA COSTA BOULEVARD OVER CROSSING",310.00,N,N,B,-,Y,,,,,,,,,,Y,2,0,2,2,A,-,01,23152,A,N,A,C,A,A,H,-,C,A,0,,,,,Y,Y,A,07,1,0,1,0,0,0,0,0,0,"- ","- ",37.941810607910156,-122.05962371826172,"CONTRA COSTA",CONCORD,-122.0604248046875,37.936779022216797
91725341,2022,2022-03-17,9350,2022-03-11,0705,022108,,5,1,9,0700,0,1,1,,2,115,"I-580 W/B","RICHMOND SAN RAFAEL BRIDGE TOLL PLAZA",4224.00,W,N,A,-,Y,CC,,580,,,6.886,H,,L,Y,4,0,1,4,A,-,03,22350,,N,C,C,A,A,H,-,A,D,0,,,,,Y,,A,01,0,0,1,0,0,0,0,0,0,"- ","- ",37.933219909667969,-122.41732025146484,"CONTRA COSTA",UNINCORPORATED,-122.41731262207031,37.93328857421875
91726521,2022,2022-03-18,9350,2022-03-07,0650,022108,,1,1,9,0700,0,1,1,,2,115,"I-580 W/B","STENMARK DRIVE",1056.00,W,N,A,-,Y,CC,,580,,,6.234,H,,L,N,4,0,1,2,A,-,03,22350,,N,C,C,A,A,H,-,A,D,0,,,,,Y,,A,07,0,0,1,0,0,0,0,0,0,"- ","- ",37.932540893554688,-122.40534210205078,"CONTRA COSTA",UNINCORPORATED,-122.4053955078125,37.932281494140625
91726560,2022,2022-03-18,9320,2022-03-09,0900,017271,,3,1,9,0700,0,1,1,,2,681,"I-680 N/B","STONE VALLEY RD U/C",10.00,S,N,A,-,Y,CC,,680,,R,10.372,H,,R,N,4,0,1,2,A,-,07,21658,A,N,C,C,A,A,H,-,A,D,0,,,,,Y,,A,01,0,0,1,0,0,0,0,0,0,"- ","- ",37.851318359375,-122.02877807617188,"CONTRA COSTA",UNINCORPORATED,-122.02873992919922,37.851322174072266
91726624,2022,2022-03-18,9320,2022-03-10,1714,022835,,4,2,9,0700,0,1,3,,1,406,"SR-4 W/B","BYRON HIGHWAY",25.00,W,N,A,-,Y,CC,,4,,R,44.354,H,,L,Y,3,0,1,1,A,-,03,22350,,N,F,A,A,A,H,-,A,A,0,,,,Y,Y,,G,27,0,1,0,0,0,0,0,0,0,"- ","- ",37.890609741210938,-121.64099884033203,"CONTRA COSTA",UNINCORPORATED,-121.64100646972656,37.890605926513672
91726651,2022,2022-03-18,9320,2022-03-11,1215,022767,,5,1,5,0712,0,1,1,,2,682,"I-680 N/B","OAK PARK BLVD",700.00,N,N,A,-,Y,,,,,,,,,,Y,4,0,2,3,A,-,03,22350,,N,C,C,A,A,H,-,A,A,0,,,,,Y,,A,07,0,0,2,0,0,0,0,0,0,"- ","- ",37.567348480224609,-122.33601379394531,"CONTRA COSTA","WALNUT CREEK",-122.06007385253906,37.935253143310547
91726824,2022,2022-03-18,9320,2022-03-11,1740,022467,,5,2,9,0700,0,1,3,,2,403,"SR-4 E/B","BAILEY ROAD",1960.00,W,N,A,-,Y,CC,,4,,R,19.733,H,,R,N,4,0,1,3,A,-,08,22107,,N,C,C,A,A,H,-,A,D,0,,,,,Y,,A,07,0,0,1,0,0,0,0,0,0,"- ","- ",38.019031524658203,-121.94895935058594,"CONTRA COSTA",UNINCORPORATED,-121.94893646240234,38.019119262695312
91727409,2022,2022-03-21,9370,2022-03-09,0825,020986,,3,1,5,0710,0,1,1,,2,083,"I-80 W/B","HILLTOP DR",250.00,E,N,A,-,Y,CC,,80,,,6.041,H,,L,N,4,0,2,3,A,-,03,22350,,N,C,2,A,A,H,-,A,D,0,,,,Y,Y,,G,26,0,0,2,0,0,0,0,0,0,"- ","- ",37.977100372314453,-122.31835174560547,"CONTRA COSTA",RICHMOND,-122.31829071044922,37.977085113525391
91727667,2022,2022-03-21,9320,2022-03-09,1115,017906,,3,1,9,0700,0,3,5,,2,075,"ALVES LN","MEDANOS AVE S.",0.00,,Y,A,-,N,,,,,,,,,,N,3,0,1,2,A,-,08,22107,,N,A,C,A,A,H,-,A,A,0,,,,,Y,,A,07,0,1,0,0,0,0,0,0,0,"- ","- ",38.023880004882812,-121.95120239257812,"CONTRA COSTA",UNINCORPORATED,-121.95121002197266,38.022640228271484
91727801,2022,2022-03-21,9320,2022-03-12,0215,020834,,6,3,5,0708,0,1,3,,2,403,SR-4,"SAN MARCO BLVD",2640.00,E,N,A,-,Y,CC,,4,,R,19.302,H,,R,N,4,0,1,2,A,-,01,23152,A,N,B,C,A,A,H,-,D,A,0,,,,,Y,Y,A,01,0,0,1,0,0,0,0,0,0,"- ","- ",38.020919799804688,-121.95646667480469,"CONTRA COSTA",PITTSBURG,-121.95641326904297,38.021114349365234
91727860,2022,2022-03-21,9320,2022-03-06,0100,022517,,7,3,5,0708,0,1,3,,2,404,"SR-4 E/B","HARBOR STREET",50.00,W,N,A,-,Y,CC,,4,,,23.406,H,,R,Y,2,0,3,2,A,-,03,22350,,N,C,C,A,A,H,-,D,D,0,,,,,Y,,A,01,1,0,2,0,0,0,0,0,0,"- ","- ",38.01531982421875,-121.8834228515625,"CONTRA COSTA",PITTSBURG,-121.8834228515625,38.01531982421875
91727862,2022,2022-03-21,9320,2022-03-08,0740,019546,,2,1,9,0700,0,3,5,,2,075,"WILLOW PASS ROAD","BAILEY ROAD",191.00,E,N,A,-,N,,,,,,,,,,Y,3,0,2,2,A,-,09,21801,A,N,D,C,A,A,H,-,A,A,0,,,,,Y,,A,01,0,2,0,0,0,0,0,0,0,"- ","- ",38.026790618896484,-121.941162109375,"CONTRA COSTA",UNINCORPORATED,-122.00304412841797,37.992679595947266
91727923,2022,2022-03-21,9320,2022-03-10,1915,022082,,4,2,4,0709,0,1,1,,2,683,"I-680 SB","MONUMENT BLVD",3310.00,N,N,A,-,Y,CC,,680,,R,18.422,H,,L,Y,3,0,1,4,A,-,07,21658,A,N,C,C,A,A,H,-,C,A,0,,,,,Y,,A,01,0,1,0,0,0,0,0,0,0,"- ","- ",37.954738616943359,-122.05412292480469,"CONTRA COSTA","PLEASANT HILL",-122.05408477783203,37.954727172851562
91727941,2022,2022-03-21,9320,2022-03-12,1235,022459,,6,1,9,0700,0,2,4,,2,096,"VASCO RD","MARSH CREEK RD",200.00,S,N,A,-,N,,,,,,,,,,Y,4,0,1,2,A,-,03,22350,,N,C,C,A,A,H,-,A,A,0,,,,,Y,,A,01,0,0,1,0,0,0,0,0,0,"- ","- ",37.895351409912109,-121.71183776855469,"CONTRA COSTA",UNINCORPORATED,-121.71214294433594,37.895469665527344
91727957,2022,2022-03-21,9320,2022-03-12,1525,022240,,6,2,9,0700,0,2,4,,2,071,"WILLOW PASS RD","CLEARLAND DR",600.00,E,N,A,-,N,,,,,,,,,,Y,4,0,2,3,A,-,03,22350,,N,C,C,A,A,H,-,A,D,0,,,,,Y,,A,07,0,0,2,0,0,0,0,0,0,"- ","- ",38.026718139648438,-121.94422912597656,"CONTRA COSTA",UNINCORPORATED,-121.94408416748047,38.026771545410156
91728021,2022,2022-03-21,9320,2022-03-13,1059,022748,,7,1,5,0708,0,1,3,,2,403,"SR-4 E/B","RAILROAD AVE",4400.00,W,N,B,-,Y,CC,,4,,,22.104,H,,R,Y,3,0,1,1,C,-,18,,,N,F,A,A,A,H,-,A,A,0,,,,,Y,,-,"- ",0,1,0,0,0,0,0,0,0,"- ","- ",38.019840240478516,-121.90621948242188,"CONTRA COSTA",PITTSBURG,-121.90621948242188,38.019882202148438
91728100,2022,2022-03-21,9320,2022-03-13,2144,022505,,7,2,9,0700,0,2,4,,2,034,"CUMMINGS SKYWAY","CROCKETT BOULEVARD",0.00,,Y,A,-,N,,,,,,,,,,N,3,0,1,2,A,-,12,21453,A,N,D,C,A,A,H,-,C,A,0,,,,,Y,,-,"- ",0,1,0,0,0,0,0,0,0,"- ","- ",38.036590576171875,-122.21631622314453,"CONTRA COSTA",UNINCORPORATED,-122.21639251708984,38.036502838134766
91728170,2022,2022-03-21,9320,2022-03-14,0800,016563,,1,1,4,0709,0,1,1,,2,682,"I-680 S/B","MONUMENT BLVD",1000.00,S,N,A,-,Y,CC,,680,,R,17.541,H,,L,N,4,0,1,2,A,-,03,22350,,N,C,C,A,A,H,-,A,A,0,,,,,Y,,D,22,0,0,1,0,0,0,0,0,0,"- ","- ",37.942691802978516,-122.05959320068359,"CONTRA COSTA","PLEASANT HILL",-122.05950164794922,37.942668914794922
91728207,2022,2022-05-09,9320,2022-03-14,1640,022835,,1,2,9,0700,0,1,3,,2,403,"SR-4 W/B","WILLOW PASS RD CONCORD",2640.00,E,N,A,-,Y,CC,,4,,R,17.418,H,,L,N,4,0,1,2,D,-,00,,,N,C,C,A,A,H,-,A,A,0,,,,,Y,,-,"- ",0,0,1,0,0,0,0,0,0,"- ","- ",38.018459320068359,-121.98899841308594,"CONTRA COSTA",UNINCORPORATED,-121.9888916015625,38.018325805664062
91729657,2022,2022-03-23,9320,2022-03-13,2255,022544,,7,3,9,0700,0,2,4,,2,096,"VASCO ROAD","CAMINO DIABLO ROAD",11088.00,S,N,A,-,N,,,,,,,,,,N,3,0,1,3,A,-,01,23152,F,M,C,C,A,A,H,-,D,A,0,,,,,Y,,A,01,0,1,0,0,0,0,0,0,0,"- ","- ",37.840141296386719,-121.64675140380859,"CONTRA COSTA",UNINCORPORATED,-121.66764068603516,37.865211486816406
91729661,2022,2022-03-23,9320,2022-03-14,1845,022835,,1,2,9,0700,0,1,3,,2,403,"SR-4 E/B","SAN MARCOS BLVD.",2000.00,W,N,A,-,Y,,,,,,,,,,N,2,0,1,1,A,-,01,23152,A,N,F,J,A,A,H,-,B,A,0,,,,,Y,Y,A,01,1,0,0,0,0,0,0,0,0,"- ","- ",38.023231506347656,-121.97422027587891,"CONTRA COSTA",UNINCORPORATED,-121.97425842285156,38.02362060546875
91729746,2021,2022-03-23,9320,2021-10-13,0518,020010,,3,3,3,0707,0,1,1,,2,180,"I-80 W/B","PINOLE VALLEY ROAD U/C",935.00,W,N,A,-,Y,,,80,,,,,,W,Y,1,1,0,2,A,-,03,22350,,N,C,C,A,A,H,-,C,D,0,,,Y,,Y,,C,02,0,0,0,0,0,0,0,1,0,"- ","- ",37.995391845703125,-122.28952789306641,"CONTRA COSTA",PINOLE,-122.28953552246094,37.995399475097656
91729818,2022,2022-03-23,9370,2022-03-11,1420,022529,,5,2,9,0700,0,3,5,,2,010,"RICHMOND PARKWAY","PARR BOULEVARD",0.00,,Y,A,-,N,,,,,,,,,,Y,4,0,2,2,A,-,12,21453,A,N,D,C,A,A,H,-,A,A,0,,,,,Y,,A,07,0,0,2,0,0,0,0,0,0,"- ","- ",37.867691040039062,-122.37381744384766,"CONTRA COSTA",UNINCORPORATED,-122.37374877929688,37.967750549316406
91729890,2022,2022-03-23,9320,2022-03-16,0755,017271,,3,1,9,0700,0,1,1,,2,681,"I-680 N/B","EL CERRO BLVD",300.00,N,N,A,-,Y,CC,,680,,R,8.254,H,,R,N,4,0,1,1,A,-,08,22107,,N,E,I,A,A,H,-,A,D,0,,,,,Y,,A,01,0,0,1,0,0,0,0,0,0,"- ","- ",37.830398559570312,-122.00160217285156,"CONTRA COSTA",UNINCORPORATED,-122.001708984375,37.830299377441406
91729895,2022,2022-03-23,9320,2022-03-16,0820,016094,,3,1,5,0708,0,2,S,,2,901,"BAILEY RD","WILLOW AVE",10560.00,S,N,A,-,N,,,,,,,,,,N,3,0,1,1,A,-,08,22107,,N,F,A,A,A,H,-,A,D,0,,,,,Y,,A,01,0,1,0,0,0,0,0,0,0,"- ","- ",37.991390228271484,-121.94907379150391,"CONTRA COSTA",PITTSBURG,-121.95166015625,37.986640930175781
91729947,2022,2022-03-23,9390,2022-03-16,0912,014771,,3,1,9,0700,0,3,5,,2,100,"LIVE OAK DR.","LIVE OAK LN. / LIVE OAK CT.",0.00,,Y,B,-,N,,,,,,,,,,Y,3,0,2,2,A,-,09,21802,A,N,E,I,A,A,H,-,A,A,0,,,,,Y,,M,96,0,2,0,0,0,0,0,0,0,"- ","- ",37.824581146240234,-121.91912841796875,"CONTRA COSTA",UNINCORPORATED,-121.91900634765625,37.824661254882812
91730696,2022,2022-03-24,9320,2022-03-11,1625,022791,,5,2,9,0700,0,2,4,,2,091,"EB SR-4","BIXLER ROAD",440.00,E,N,A,-,Y,CC,,4,,,45.530,H,,R,N,3,0,1,2,A,-,08,22107,,N,B,C,A,A,H,-,A,D,0,,,Y,,Y,,A,01,0,1,0,0,0,0,0,0,1,"- ","- ",37.889301300048828,-121.61920166015625,"CONTRA COSTA",UNINCORPORATED,-121.61920166015625,37.889369964599609
91730751,2022,2022-03-24,9350,2022-01-26,1854,021391,,3,2,5,0710,0,1,1,,2,115,"I-580 E/B","MAIN STREET",15312.00,E,N,A,-,Y,CC,,580,,,7.446,H,,R,Y,1,1,0,2,A,-,03,22350,,N,C,C,A,A,H,-,C,A,0,,,,Y,Y,,G,25,0,0,0,0,0,0,0,0,0,"- ","- ",37.933921813964844,-122.42758178710938,"CONTRA COSTA",RICHMOND,-122.42757415771484,37.933982849121094
91730860,2022,2022-03-24,9370,2022-03-13,0510,022838,,7,3,5,0710,0,1,1,,2,082,"I-80 E/B","CUTTING BOULEVARD",270.00,W,N,B,-,Y,CC,,80,,,1.979,H,,R,N,3,0,1,2,A,-,01,23152,A,N,C,4,A,B,H,-,D,D,0,,,,,Y,Y,A,01,0,1,0,0,0,0,0,0,0,"- ","- ",37.924610137939453,-122.31996917724609,"CONTRA COSTA",RICHMOND,-122.32007598876953,37.924564361572266
91730947,2022,2022-03-24,9320,2022-03-17,0500,016094,,4,3,9,0700,0,2,4,,2,073,"KIRKER PASS RD","NORTONVILLE RD",5280.00,S,N,B,-,N,,,,,,,,,,N,3,0,1,2,A,-,08,22107,,M,G,B,E,A,H,-,D,D,0,Y,,,,Y,,-,99,0,1,0,0,1,0,0,0,0,"- ","- ",37.974681854248047,-121.91361999511719,"CONTRA COSTA",UNINCORPORATED,,
91731151,2022,2022-03-24,9390,2022-03-18,1800,020368,,5,2,4,0790,0,1,1,,2,069,"I-680 NORTHBOUND","SYCAMORE VALLEY RD",1584.00,N,N,A,-,Y,,,,,,,,,,Y,3,0,2,3,A,-,03,22350,,F,C,C,A,A,H,-,A,D,0,,,,,Y,,A,01,0,1,1,0,0,0,0,0,0,"- ","- ",,,"CONTRA COSTA",DANVILLE,-121.99308013916016,37.812530517578125
91731197,2022,2022-06-07,9350,2022-03-12,1350,022395,,6,1,5,0710,0,1,1,,2,115,"I-580 W/B","WESTERN AVE. UNDERCROSSING",1478.00,W,N,A,-,Y,,,,,,,,,,N,4,0,1,2,A,-,07,21658,A,N,B,C,A,D,H,-,A,D,0,,,,,Y,,-,"- ",0,0,1,0,0,0,0,0,0,"- ","- ",37.932609558105469,-121.40364074707031,"CONTRA COSTA",RICHMOND,-122.40303802490234,37.931980133056641
9173336,2020,2020-12-19,0711,2020-10-03,0306,1057,BAY,6,5,4,0711,0,0,0,,0,001,"EL PORTAL DR","EL PORTAL RD 20",37.00,S,N,A,-,N,,,,,,,,,,Y,2,0,1,1,A,-,03,22350,,N,E,I,A,A,H,-,C,A,0,,,,,Y,,A,01,1,0,0,0,0,0,0,0,0,"- ","- ",,,"CONTRA COSTA","SAN PABLO",-122.33766174316406,37.96343994140625
91733578,2022,2022-03-25,9320,2022-03-18,0900,016094,,5,1,9,0700,0,2,4,,2,071,"WILLOW PASS RD. (W/B)","WELDON ST",300.00,E,N,A,-,N,,,,,,,,,,Y,3,0,1,3,A,-,03,22350,,N,C,C,A,A,H,-,A,D,0,,,,,Y,,D,22,0,1,0,0,0,0,0,0,0,"- ","- ",38.026840209960938,-121.95630645751953,"CONTRA COSTA",UNINCORPORATED,-121.95626831054688,38.026779174804688
91733594,2022,2022-03-25,9320,2022-03-18,1650,022483,,5,2,9,0700,0,1,1,,2,681,"I-680 N/B","OLYMPIC BLVD",2640.00,S,N,A,-,Y,CC,,680,,,13.487,H,,R,N,3,0,1,3,A,-,07,21658,A,N,B,C,A,A,H,-,A,D,0,,,,Y,Y,,A,01,0,1,0,0,0,0,0,0,0,"- ","- ",37.890460968017578,-122.05950164794922,"CONTRA COSTA",UNINCORPORATED,-122.05950164794922,37.890457153320312
91733615,2022,2022-03-25,9320,2022-03-18,1745,022462,,5,2,9,0700,0,1,3,,2,241,"STATE ROUTE 24 EASTBOUND","PLEASANT HILL ROAD",30.00,W,N,A,-,Y,CC,,24,,R,7.663,H,,R,N,3,0,1,2,A,-,07,21658,A,N,B,C,A,A,H,-,A,A,0,,,Y,,Y,,A,01,0,1,0,0,0,0,0,0,1,"- ","- ",37.897590637207031,-122.09615325927734,"CONTRA COSTA",UNINCORPORATED,-122.09614562988281,37.897541046142578