CASE_ID,ACCIDENT_YEAR,PROC_DATE,JURIS,COLLISION_DATE,COLLISION_TIME,OFFICER_ID,REPORTING_DISTRICT,DAY_OF_WEEK,CHP_SHIFT,POPULATION,CNTY_CITY_LOC,SPECIAL_COND,BEAT_TYPE,CHP_BEAT_TYPE,CITY_DIVISION_LAPD,CHP_BEAT_CLASS,BEAT_NUMBER,PRIMARY_RD,SECONDARY_RD,DISTANCE,DIRECTION,INTERSECTION,WEATHER_1,WEATHER_2,STATE_HWY_IND,CALTRANS_COUNTY,CALTRANS_DISTRICT,STATE_ROUTE,ROUTE_SUFFIX,POSTMILE_PREFIX,POSTMILE,LOCATION_TYPE,RAMP_INTERSECTION,SIDE_OF_HWY,TOW_AWAY,COLLISION_SEVERITY,NUMBER_KILLED,NUMBER_INJURED,PARTY_COUNT,PRIMARY_COLL_FACTOR,PCF_CODE_OF_VIOL,PCF_VIOL_CATEGORY,PCF_VIOLATION,PCF_VIOL_SUBSECTION,HIT_AND_RUN,TYPE_OF_COLLISION,MVIW,PED_ACTION,ROAD_SURFACE,ROAD_COND_1,ROAD_COND_2,LIGHTING,CONTROL_DEVICE,CHP_ROAD_TYPE,PEDESTRIAN_ACCIDENT,BICYCLE_ACCIDENT,MOTORCYCLE_ACCIDENT,TRUCK_ACCIDENT,NOT_PRIVATE_PROPERTY,ALCOHOL_INVOLVED,STWD_VEHTYPE_AT_FAULT,CHP_VEHTYPE_AT_FAULT,COUNT_SEVERE_INJ,COUNT_VISIBLE_INJ,COUNT_COMPLAINT_PAIN,COUNT_PED_KILLED,COUNT_PED_INJURED,COUNT_BICYCLIST_KILLED,COUNT_BICYCLIST_INJURED,COUNT_MC_KILLED,COUNT_MC_INJURED,PRIMARY_RAMP,SECONDARY_RAMP,LATITUDE,LONGITUDE,COUNTY,CITY,POINT_X,POINT_Y
9177753,2020,2021-01-06,0740,2020-10-09,1028,SR097,,5,5,4,0791,0,0,0,,0,006,"DOUGHERTY RD","RANCHO PARK  LOOP",0.00,,Y,A,-,N,,,,,,,,,,Y,4,0,2,2,A,-,12,21453,A,N,H,C,A,A,H,-,A,A,0,,,,,Y,,-,,0,0,2,0,0,0,0,0,0,"- ","- ",37.739368438720703,-121.91383361816406,"CONTRA COSTA","SAN RAMON",-121.91935729980469,37.751121520996094
9177754,2020,2021-01-06,0740,2020-10-25,1631,SR049,,7,5,4,0791,0,0,0,,0,4553,"OLD RANCH RD","ALCOSTA BL",0.00,,Y,A,-,N,,,,,,,,,,N,3,0,1,1,B,-,22,,,N,-,-,A,A,H,-,A,D,0,,Y,,,Y,,L,04,0,1,0,0,0,0,1,0,0,"- ","- ",37.737579345703125,-121.92527770996094,"CONTRA COSTA","SAN RAMON",-121.92539215087891,37.737518310546875
9177757,2020,2020-12-15,0708,2020-10-07,1230,355,8306,3,5,5,0708,0,0,0,,0,003,"W LELAND ROAD","MONTEVIDEO DR",9.00,E,N,A,-,N,,,,,,,,,,N,3,0,1,2,A,-,11,21456,C,N,G,B,B,A,H,-,A,A,0,Y,,,,Y,,N,60,0,1,0,0,1,0,0,0,0,"- ","- ",,,"CONTRA COSTA",PITTSBURG,-121.92073822021484,38.014213562011719
91777683,2022,2022-05-23,9320,2022-05-14,1515,022568,,6,2,3,0706,0,1,3,,2,400,"SR-4 W/B",I-80,250.00,E,N,A,-,Y,,,,,,,,,,N,2,0,1,1,A,-,03,22350,,N,A,I,A,A,H,-,A,A,0,,,,,Y,,D,22,1,0,0,0,0,0,0,0,0,"- ","- ",38.015110015869141,-122.26815032958984,"CONTRA COSTA",HERCULES,-122.26823425292969,38.014812469482422
91777704,2022,2022-05-23,9320,2022-05-14,1957,022462,,6,2,6,0704,0,1,1,,2,683,"CONCORD AVENUE","DIAMOND BOULEVARD",0.00,,Y,A,-,N,,,,,,,,,,N,4,0,2,2,A,-,17,21461,A,M,D,C,A,A,H,-,B,A,0,,,,,Y,,A,07,0,0,2,0,0,0,0,0,0,"- ","- ",37.978031158447266,-122.06141662597656,"CONTRA COSTA",CONCORD,-122.06130981445312,37.978118896484375
91777729,2022,2022-05-23,9320,2022-05-15,0734,019759,,7,1,9,0700,0,2,4,,2,072,"BAILEY RD.","WILLOW AVE.",2200.00,S,N,A,-,N,,,,,,,,,,Y,3,0,1,1,A,-,01,23152,A,N,E,I,A,A,H,-,A,A,0,,,,,Y,Y,A,07,0,1,0,0,0,0,0,0,0,"- ","- ",38.006008148193359,-121.94152069091797,"CONTRA COSTA",UNINCORPORATED,-121.94110107421875,38.006519317626953
91777748,2022,2022-05-23,9320,2022-05-16,1727,022459,,1,2,9,0700,0,2,4,,2,071,"WILLOW PASS RD. EASTBOUND","SYCAMORE CT.",160.00,W,N,A,-,N,,,,,,,,,,Y,4,0,1,2,A,-,09,21801,A,N,D,C,A,A,H,-,A,A,0,,,,,Y,,D,22,0,0,1,0,0,0,0,0,0,"- ","- ",38.026710510253906,-121.94338226318359,"CONTRA COSTA",UNINCORPORATED,-121.94332885742188,38.026771545410156
91777842,2022,2022-05-23,9320,2022-04-21,0705,016563,,4,1,5,0712,0,1,1,,2,682,"I-680 N/B","MT DIABLO BLVD",20.00,N,N,B,-,Y,CC,,680,,,14.294,H,,R,N,4,0,1,1,A,-,08,22107,,M,E,I,A,B,H,-,A,A,0,,,,,Y,,A,01,0,0,1,0,0,0,0,0,0,"- ","- ",37.897598266601562,-122.07099914550781,"CONTRA COSTA","WALNUT CREEK",-122.07093048095703,37.897602081298828
91777967,2022,2022-05-23,9320,2022-05-06,0102,022743,,5,3,9,0700,0,1,3,,2,405,"SR-4 WESTBOUND","SR-160 OVERCROSSING",1320.00,E,N,A,-,Y,CC,,4,,R,30.884,H,,L,Y,3,0,1,1,A,-,01,23152,A,N,E,I,A,A,H,-,D,D,0,,,,,Y,Y,A,07,0,1,0,0,0,0,0,0,0,"- ","- ",37.988269805908203,-121.75121307373047,"CONTRA COSTA",UNINCORPORATED,-121.75122833251953,37.988258361816406
91778027,2022,2022-05-23,9370,2022-04-27,2155,022611,,3,2,3,0707,0,1,1,,2,083,"I-80 E/B","APPIAN WAY",2760.00,W,N,A,-,Y,CC,,80,,,7.058,H,,R,N,4,0,1,2,A,-,08,22107,,N,E,I,A,A,H,-,D,D,0,,,,,Y,,A,01,0,0,1,0,0,0,0,0,0,"- ","- ",37.990211486816406,-122.31066131591797,"CONTRA COSTA",PINOLE,-122.31077575683594,37.990325927734375
91778078,2022,2022-05-23,9370,2022-04-28,1740,022722,,4,2,5,0710,0,1,1,,2,083,"I-80 E/B","EL PORTAL",2400.00,W,N,A,-,Y,CC,,80,,,4.738,H,,R,N,4,0,1,2,A,-,07,21658,A,M,B,C,A,A,H,-,A,D,0,,,Y,,Y,,-,99,0,0,1,0,0,0,0,0,1,"- ","- ",37.961738586425781,-122.32955932617188,"CONTRA COSTA",RICHMOND,-122.32950592041016,37.961715698242188
9177808,2020,2021-01-08,0740,2020-10-16,1319,SR085,,5,5,4,0791,0,0,0,,0,BEAT4,"ALCOSTA BL","IRON HORSE TRL",17.00,N,N,A,-,N,,,,,,,,,,Y,3,0,1,2,A,-,12,21453,,N,D,C,A,A,H,-,A,A,0,,,,,Y,Y,A,01,0,1,0,0,0,0,0,0,0,"- ","- ",37.730701446533203,-121.9296875,"CONTRA COSTA","SAN RAMON",-121.92974090576172,37.730865478515625
9177809,2020,2021-01-08,0740,2020-10-12,1758,SR033,,1,5,4,0791,0,0,0,,0,BEAT2,"MONTEVIDEO DR","VERA CRUZ DR",274.00,W,N,A,-,N,,,,,,,,,,N,4,0,2,3,A,-,10,21950,A,N,G,B,C,A,H,-,B,A,0,Y,,,,Y,,A,01,0,0,2,0,2,0,0,0,0,"- ","- ",37.753528594970703,-121.94756317138672,"CONTRA COSTA","SAN RAMON",-121.94748687744141,37.753604888916016
9177810,2020,2021-01-15,0740,2020-10-23,2105,SR105,,5,5,4,0791,0,0,0,,0,BEAT5,"BOLLINGER CANYON RD","N MONARCH",0.00,,Y,A,-,N,,,,,,,,,,Y,4,0,1,2,A,-,09,21453,C,N,D,C,A,A,H,-,C,A,0,,,,,Y,,A,01,0,0,1,0,0,0,0,0,0,"- ","- ",37.770969390869141,-121.91188049316406,"CONTRA COSTA","SAN RAMON",-121.91166687011719,37.771320343017578
91778143,2022,2022-05-23,9370,2022-05-09,1922,022845,,1,2,4,0711,0,1,1,,2,083,"I-80 WB","EL PORTAL DRIVE",830.00,W,N,A,-,Y,CC,,80,,,5.073,H,,L,Y,3,0,1,1,A,-,08,22107,,N,F,0,A,A,H,-,A,D,0,,,,Y,Y,,G,25,0,1,0,0,0,0,0,0,0,"- ","- ",37.964820861816406,-122.32518768310547,"CONTRA COSTA","SAN PABLO",-122.32517242431641,37.964797973632812
91778188,2022,2022-05-23,9370,2022-04-23,1830,022831,,6,2,5,0710,0,1,1,,2,058,"I-580 E/B","REGATTA BLVD",150.00,W,N,A,-,Y,CC,,580,,R,2.092,H,,L,Y,2,0,1,1,A,-,08,22107,,N,E,9,A,A,H,-,A,D,0,,,,,Y,,A,07,1,0,0,0,0,0,0,0,0,"- ","- ",37.920108795166016,-122.33334350585938,"CONTRA COSTA",RICHMOND,-122.33327484130859,37.920188903808594
91778213,2022,2022-05-23,9320,2022-05-01,1155,018628,,7,1,9,0700,0,2,4,,2,095,"SR-4 (MARSH CREEK RD)","SELLERS AVE",0.00,,Y,A,-,Y,CC,,4,,R,39.954,H,,R,Y,3,0,1,2,A,-,09,21802,A,N,D,C,A,A,H,-,A,A,0,,,,,Y,,A,07,0,1,0,0,0,0,0,0,0,"- ","- ",37.896511077880859,-121.67807006835938,"CONTRA COSTA",UNINCORPORATED,-121.67807006835938,37.896533966064453
9177826,2020,2021-01-14,0708,2020-10-28,1309,285,8316,3,5,5,0708,0,0,0,,0,003,"OAKPOINT DR","FIELDGATE DR",0.00,,Y,A,-,N,,,,,,,,,,Y,4,0,1,2,A,-,12,22450,A,F,D,C,A,A,H,-,A,A,0,,,,,Y,,A,01,0,0,1,0,0,0,0,0,0,"- ","- ",38.008411407470703,-121.94673156738281,"CONTRA COSTA",PITTSBURG,-121.94647216796875,38.008491516113281
9177827,2020,2021-01-14,0708,2020-10-21,1609,313,8206,3,5,5,0708,0,0,0,,0,002,"HARBOR ST","ARMY ST",16.00,S,N,A,-,N,,,,,,,,,,Y,4,0,2,4,A,-,01,23152,A,N,A,C,A,A,H,-,A,D,0,,,,,Y,Y,A,07,0,0,2,0,0,0,0,0,0,"- ","- ",,,"CONTRA COSTA",PITTSBURG,-121.8819580078125,38.017608642578125
9177828,2020,2021-01-14,0708,2020-10-19,1901,313,8205,1,5,5,0708,0,0,0,,0,002,"HARBOR ST","CENTRAL AV",11.00,S,N,A,-,N,,,,,,,,,,N,3,0,2,3,A,-,10,21950,A,F,G,B,B,A,H,-,C,D,0,Y,,,,Y,Y,A,01,0,2,0,0,2,0,0,0,0,"- ","- ",,,"CONTRA COSTA",PITTSBURG,-121.87961578369141,38.023509979248047
9177829,2020,2021-01-14,0700,2020-10-28,2007,OA019,,3,5,3,0734,0,0,0,,0,,"MAIN ST","BIG BREAK RD",0.00,,Y,A,-,N,,,,,,,,,,Y,4,0,1,2,A,-,12,21453,A,N,D,C,A,A,H,-,C,A,0,,,,,Y,,A,07,0,0,1,0,0,0,0,0,0,"- ","- ",,,"CONTRA COSTA",OAKLEY,-121.73296356201172,38.004291534423828
9177840,2020,2021-01-14,0701,2020-10-03,0144,6173,103,6,5,5,0701,0,0,0,,0,001,"W 9TH ST","J ST",0.00,,Y,A,-,N,,,,,,,,,,Y,4,0,1,3,A,-,01,23152,A,N,B,E,A,A,H,-,C,D,0,,,,,Y,Y,A,01,0,0,1,0,0,0,0,0,0,"- ","- ",,,"CONTRA COSTA",ANTIOCH,-121.81716156005859,38.011878967285156
91778907,2022,2022-05-24,9320,2022-05-17,1055,018628,,2,1,9,0700,0,1,1,,2,683,"I-680 NB","PACHECO BLVD OVERCROSSING",1000.00,S,N,A,-,Y,CC,,680,,,22.234,H,,R,N,4,0,1,1,A,-,08,22107,,N,E,I,A,A,H,-,A,A,0,,,,,Y,,A,01,0,0,1,0,0,0,0,0,0,"- ","- ",38.005840301513672,-122.08267211914062,"CONTRA COSTA",UNINCORPORATED,-122.08275604248047,38.005779266357422
91779080,2022,2022-05-24,9320,2022-05-17,0754,017906,,2,1,9,0700,0,3,5,,2,075,"HILL ST","ALVES LN",0.00,,Y,A,-,N,,,,,,,,,,N,3,0,1,2,A,-,05,21460,A,M,B,C,A,A,H,-,A,A,0,,,,,Y,,A,01,0,1,0,0,0,0,0,0,0,"- ","- ",38.022880554199219,-121.95128631591797,"CONTRA COSTA",UNINCORPORATED,-121.95121765136719,38.022911071777344
91779224,2022,2022-05-24,9390,2022-05-14,1405,022302,,6,2,9,0700,0,2,4,,2,112,"CARNEAL ROAD","MANNING ROAD",0.00,,Y,A,-,N,,,,,,,,,,N,3,0,1,2,A,-,12,22450,A,N,B,G,A,A,H,-,A,A,0,,Y,,,Y,,L,04,0,1,0,0,0,0,1,0,0,"- ","- ",37.766059875488281,-121.81153869628906,"CONTRA COSTA",UNINCORPORATED,-121.8115234375,37.766006469726562
91779273,2022,2022-05-24,9370,2022-04-26,0750,022648,,2,1,5,0710,0,1,1,,2,082,"I-80 W/B FROM CARLSON BOULEVARD","CARLSON BOULEVARD",400.00,W,N,A,-,Y,CC,,80,,,0.980,H,,L,N,4,0,1,2,A,-,03,22350,,N,C,C,A,A,H,-,A,D,0,,,,,Y,,A,07,0,0,1,0,0,0,0,0,0,"- ","- ",37.91046142578125,-122.31757354736328,"CONTRA COSTA",RICHMOND,-122.31727600097656,37.910514831542969
91779363,2022,2022-05-24,9320,2022-05-16,1555,016584,,1,2,3,0715,0,1,3,,2,241,"SR-24 E/B","BROWN AVE.",1056.00,E,N,A,-,Y,CC,,24,,R,7.093,H,,R,Y,4,0,1,1,A,-,03,22350,,N,E,I,A,A,H,-,A,A,0,,,,,Y,,A,01,0,0,1,0,0,0,0,0,0,"- ","- ",37.896270751953125,-122.10648345947266,"CONTRA COSTA",LAFAYETTE,-122.10645294189453,37.896163940429688
91779777,2022,2022-05-25,9370,2022-05-13,0540,022430,,5,3,5,0710,0,1,1,,2,083,"INTERSTATE 80 WESTBOUND","EL PORTAL DRIVE",1815.00,E,N,A,-,Y,CC,,80,,,5.613,H,,L,N,4,0,1,2,A,-,08,22107,,N,E,I,A,A,H,-,B,A,0,,,,,Y,,A,01,0,0,1,0,0,0,0,0,0,"- ","- ",37.9710693359375,-122.32034301757812,"CONTRA COSTA",RICHMOND,-122.32028198242188,37.971057891845703
91779839,2022,2022-05-25,9320,2022-05-16,2210,022517,,1,3,3,0734,0,1,3,,2,405,"SR-4 EB","LAUREL ROAD OVER CROSSING",1580.00,E,N,A,-,Y,CC,,4,,R,31.747,H,,R,Y,3,0,2,2,A,-,03,22350,,N,C,C,A,A,H,-,C,D,0,,,,,Y,,A,01,0,2,0,0,0,0,0,0,0,"- ","- ",37.974838256835938,-121.74169158935547,"CONTRA COSTA",OAKLEY,-121.74165344238281,37.974857330322266
91779866,2022,2022-05-25,9370,2022-05-12,0625,022430,,4,1,5,0710,0,1,1,,2,083,"INTERSTATE 80 EASTBOUND","EL PORTAL DRIVE",130.00,W,N,A,-,Y,CC,,80,,,5.232,H,,R,Y,3,0,1,2,A,-,08,22107,,N,B,2,A,A,H,-,A,A,0,,,,Y,Y,,A,01,0,1,0,0,0,0,0,0,0,"- ","- ",37.965961456298828,-122.32273864746094,"CONTRA COSTA",RICHMOND,-122.32274627685547,37.965969085693359
91779942,2022,2022-05-25,9320,2022-05-20,1405,022459,,5,2,9,0700,0,1,1,,2,683,"INTERSTATE 680 NORTHBOUND","CENTER AVE.",125.00,N,N,A,-,Y,CC,,680,,,20.417,H,,R,N,4,0,2,3,A,-,03,22350,,N,C,C,A,A,H,-,A,A,0,,,,,Y,,A,01,0,0,2,0,0,0,0,0,0,"- ","- ",37.983909606933594,-122.06613159179688,"CONTRA COSTA",UNINCORPORATED,-122.06616973876953,37.983905792236328
91780059,2022,2022-05-25,9370,2022-04-26,2210,022499,,2,3,5,0710,0,1,1,,2,082,"I-80 W/B","CARLSON BLVD",1648.00,E,N,A,-,Y,CC,,80,,,1.330,H,,L,Y,3,0,1,5,A,-,03,22350,,N,C,2,A,A,H,-,C,D,0,,,,,Y,,A,01,0,1,0,0,0,0,0,0,0,"- ","- ",37.915508270263672,-122.31751251220703,"CONTRA COSTA",RICHMOND,-122.31752777099609,37.915508270263672
91780460,2022,2022-05-25,9370,2022-04-30,1110,022430,,6,1,4,0711,0,1,1,,2,083,"INTERSTATE 80 EB FROM SAN PABLO DAM ROAD","SAN PABLO DAM ROAD",560.00,E,N,A,-,Y,CC,,80,,,4.468,H,,R,Y,4,0,2,4,A,-,03,22350,,N,C,C,A,A,H,-,A,A,0,,,,,Y,,A,08,0,0,2,0,0,0,0,0,0,"- ","- ",37.957878112792969,-122.33036804199219,"CONTRA COSTA","SAN PABLO",-122.33052062988281,37.957862854003906
91781295,2022,2022-05-26,9350,2022-05-19,0703,016034,,4,1,9,0700,0,1,1,,2,115,"I-580 W/B","RICHMOND-SAN RAFAEL BRIDGE TOLL PLAZA",5808.00,W,N,A,-,Y,CC,,580,,,7.174,H,,L,Y,3,0,2,4,A,-,03,22350,,N,C,C,A,A,H,-,A,D,0,,,,,Y,,D,22,0,1,1,0,0,0,0,0,0,"- ","- ",37.933631896972656,-122.42259979248047,"CONTRA COSTA",UNINCORPORATED,-122.42259979248047,37.933643341064453
91781303,2022,2022-05-26,9320,2022-05-18,1900,022804,,3,2,6,0704,0,1,3,,2,242,"SR-242 SOUTHBOUND","CONCORD AVE",1440.00,N,N,A,-,Y,CC,,242,,R,1.761,H,,L,Y,3,0,2,3,A,-,08,22107,,N,D,C,A,A,H,-,A,A,0,,,,,Y,,A,01,0,2,0,0,0,0,0,0,0,"- ","- ",37.982959747314453,-122.04176330566406,"CONTRA COSTA",CONCORD,-122.041748046875,37.982959747314453
91781471,2022,2022-05-26,9320,2022-04-23,0845,020009,,6,1,5,0712,0,1,3,,2,241,"SR-24 E/B",I-680,600.00,W,N,A,-,Y,CC,,24,,R,8.578,H,,R,N,4,0,1,2,A,-,07,21658,A,M,B,C,A,A,H,-,A,A,0,,,,,Y,,-,99,0,0,1,0,0,0,0,0,0,"- ","- ",37.896980285644531,-122.07993316650391,"CONTRA COSTA","WALNUT CREEK",-122.0799560546875,37.896915435791016
91783007,2022,2022-05-27,9320,2022-05-16,1700,022804,,1,2,4,0709,0,1,1,,2,683,"I-680 SOUTHBOUND","MONUMENT BLVD.",410.00,N,N,A,-,Y,CC,,680,,R,17.899,H,,L,Y,2,0,1,1,C,-,18,,,N,E,I,A,A,H,-,A,A,0,,,,,Y,,-,"- ",1,0,0,0,0,0,0,0,0,"- ","- ",37.947719573974609,-122.05719757080078,"CONTRA COSTA","PLEASANT HILL",-122.05729675292969,37.947746276855469
91783211,2022,2022-05-27,9370,2022-05-18,0630,022841,,3,1,5,0710,0,1,1,,2,058,"I-580 W/B","CASTRO ST",390.00,W,N,A,-,Y,,,,,,,,,,N,4,0,2,3,A,-,03,22350,,N,C,C,A,A,H,-,A,D,0,,,,,Y,,D,22,0,0,2,0,0,0,0,0,0,"- ","- ",37.555198669433594,-122.23300170898438,"CONTRA COSTA",RICHMOND,-122.38770294189453,37.929660797119141
91783219,2022,2022-05-27,9320,2022-05-23,0810,020957,,1,1,9,0700,0,1,1,,2,681,"I-680 S/B TO STONE VALLEY RD","STONE VALLEY RD",2.00,S,N,A,-,Y,,,,,,,,,,N,4,0,1,2,A,-,10,21950,A,N,B,1,A,A,H,-,A,A,0,,,,,Y,,A,01,0,0,1,0,0,0,0,0,0,"- ","- ",37.850868225097656,-122.03032684326172,"CONTRA COSTA",UNINCORPORATED,-122.03032684326172,37.850868225097656
91783269,2022,2022-08-17,9370,2022-05-13,1830,022699,,5,2,5,0710,0,1,1,,2,083,"I-80 W/B","EL PORTAL DRIVE",1300.00,E,N,A,-,Y,CC,,80,,,5.519,H,,L,N,4,0,1,3,A,-,07,21658,A,M,B,C,A,A,H,-,A,D,0,,,,,Y,,-,99,0,0,1,0,0,0,0,0,0,"- ","- ",37.969749450683594,-122.32076263427734,"CONTRA COSTA",RICHMOND,-122.32073211669922,37.969745635986328
91783341,2022,2022-05-27,9320,2022-05-23,1540,022459,,1,2,9,0700,0,3,5,,2,075,"KEVIN DRIVE","LISA ANN STREET",90.00,N,N,A,-,N,,,,,,,,,,N,2,0,1,1,A,-,08,22107,,N,F,I,A,A,H,-,A,A,0,,,Y,,Y,,C,02,1,0,0,0,0,0,0,0,1,"- ","- ",38.029251098632812,-121.95443725585938,"CONTRA COSTA",UNINCORPORATED,-121.95438385009766,38.0291748046875
91783396,2022,2022-05-27,9320,2022-05-24,1445,020957,,2,2,9,0700,0,1,3,,2,402,"SR-4 E/B","PORT CHICAGO HWY",1500.00,E,N,A,-,Y,CC,,4,,R,15.807,H,,R,Y,4,0,1,2,A,-,03,22350,,N,C,C,A,A,H,-,A,D,0,,,,,Y,,D,22,0,0,1,0,0,0,0,0,0,"- ","- ",38.010700225830078,-122.01624298095703,"CONTRA COSTA",UNINCORPORATED,-122.01620483398438,38.010551452636719
91783416,2022,2022-05-27,9370,2022-05-02,0705,022831,,1,1,9,0700,0,3,5,,2,010,"FRED JACKSON WAY (1800 BLOCK)","MARKET AVENUE",152.00,N,N,A,-,N,,,,,,,,,,N,4,0,1,2,A,-,08,22107,,N,B,C,A,A,H,-,A,D,0,,,,,Y,,A,01,0,0,1,0,0,0,0,0,0,"- ","- ",37.959178924560547,-122.36692810058594,"CONTRA COSTA",UNINCORPORATED,-122.36692047119141,37.9591064453125
91783442,2022,2022-05-27,9320,2022-05-25,0745,020957,,3,1,6,0704,0,1,1,,2,683,"I-680 S/B",SR-242,2000.00,S,N,A,-,Y,,,,,,,,,,N,4,0,1,2,A,-,07,21658,A,N,B,C,A,A,H,-,A,D,0,,,Y,,Y,,A,01,0,0,1,0,0,0,0,0,1,"- ","- ",37.955169677734375,-122.05429840087891,"CONTRA COSTA",CONCORD,-122.05394744873047,37.954994201660156
91783496,2022,2022-05-27,9370,2022-03-21,2140,022699,,1,2,5,0710,0,1,1,,2,083,"I-80 E/B FROM SAN PABLO DAM ROAD","SAN PABLO DAM ROAD",360.00,E,N,A,-,Y,CC,,80,,,4.431,H,,R,Y,2,0,1,1,A,-,08,22107,,N,F,A,A,A,H,-,D,D,0,,,Y,,Y,,C,02,1,0,0,0,0,0,0,0,1,"- ","- ",37.957351684570312,-122.33017730712891,"CONTRA COSTA",RICHMOND,-122.33038330078125,37.957313537597656
91783962,2022,2022-05-30,9370,2022-05-17,1241,022798,,2,1,5,0710,0,1,1,,2,082,"I-80 E/B","MACDONALD AVENUE",100.00,W,N,A,-,Y,CC,,80,,,2.593,H,,R,Y,4,0,4,5,A,-,07,21658,A,N,B,C,A,A,H,-,A,D,0,,,,Y,Y,,E,22,0,0,4,0,0,0,0,0,0,"- ","- ",37.932270050048828,-122.32552337646484,"CONTRA COSTA",RICHMOND,-122.32559204101562,37.932235717773438
91784251,2022,2022-05-30,9390,2022-05-22,1255,020395,,7,1,9,0700,0,2,4,,2,112,"CAMINO TASSAJARA (4000 BLOCK)","LUSITANO STREET",1320.00,E,N,A,-,N,,,,,,,,,,Y,2,0,2,2,D,-,00,,,N,D,C,A,A,H,-,A,D,0,,,,,Y,,-,"- ",1,1,0,0,0,0,0,0,0,"- ","- ",37.796791076660156,-121.8675537109375,"CONTRA COSTA",UNINCORPORATED,-121.87368011474609,37.798686981201172
91784530,2022,2022-05-31,9370,2022-04-22,1415,022722,,5,2,5,0710,0,1,1,,2,082,"I-80 E/B","SOLANO AVE",950.00,W,N,A,-,Y,CC,,80,,,3.225,H,,R,N,4,0,1,2,A,-,07,21658,A,N,B,C,A,A,H,-,A,D,0,,,,,Y,,A,08,0,0,1,0,0,0,0,0,0,"- ","- ",37.940788269042969,-122.32425689697266,"CONTRA COSTA",RICHMOND,-122.32423400878906,37.940780639648438
91784569,2022,2022-05-31,9370,2022-04-30,1815,022722,,6,2,4,0711,0,1,1,,2,082,"I-80 E/B","SAN PABLO DAM ROAD",925.00,W,N,A,-,Y,CC,,80,,,4.157,H,,R,N,4,0,2,3,A,-,08,22107,,N,B,C,A,A,H,-,A,D,0,,,,,Y,,A,01,0,0,2,0,0,0,0,0,0,"- ","- ",37.953620910644531,-122.32845306396484,"CONTRA COSTA","SAN PABLO",-122.32843017578125,37.953628540039062
91784704,2022,2022-05-31,9320,2022-05-19,2248,022743,,4,3,9,0700,0,1,3,,2,403,"SR-4 WESTBOUND","BAILEY ROAD",2000.00,E,N,A,-,Y,CC,,4,,R,20.466,H,,L,N,3,0,1,2,A,-,08,22107,,N,B,C,A,A,H,-,D,D,0,,,,,Y,,-,99,0,1,0,0,0,0,0,0,0,"- ","- ",38.019149780273438,-121.93557739257812,"CONTRA COSTA",UNINCORPORATED,-121.93557739257812,38.019119262695312
91784732,2022,2022-05-31,9320,2022-05-20,1520,022467,,5,2,4,0790,0,1,1,,2,681,"I-680 S/B","EL PINTADO ROAD",1500.00,N,N,A,-,Y,CC,,680,,R,9.058,H,,L,Y,3,0,1,5,A,-,03,22350,,N,C,C,A,A,H,-,A,D,0,,,,,Y,,A,01,0,1,0,0,0,0,0,0,0,"- ","- ",37.837371826171875,-122.01335144042969,"CONTRA COSTA",DANVILLE,-122.01336669921875,37.837352752685547
91784873,2022,2022-05-31,9320,2022-05-22,0050,022517,,7,3,5,0708,0,1,3,,2,404,"SR-4 EB","BART STATION PLATFORM",500.00,E,N,A,-,Y,CC,,4,,R,20.041,H,,R,Y,4,0,1,2,A,-,00,21685,A,N,B,C,A,A,H,-,C,D,0,,,,,Y,,-,"- ",0,0,1,0,0,0,0,0,0,"- ","- ",38.018718719482422,-121.94332885742188,"CONTRA COSTA",PITTSBURG,-121.94332885742188,38.018779754638672
91785141,2022,2022-05-31,9320,2022-05-22,2310,022517,,7,3,5,0701,0,1,3,,2,404,"SR-4 W/B","CONTRA LOMA BLVD UNDER CROSSING",1390.00,W,N,A,-,Y,CC,,4,,,26.666,H,,L,Y,4,0,1,3,A,-,03,22350,,M,C,C,A,A,H,-,C,D,0,,,,,Y,,-,99,0,0,1,0,0,0,0,0,0,"- ","- ",38.000869750976562,-121.82615661621094,"CONTRA COSTA",ANTIOCH,-121.82617950439453,38.000831604003906
91785148,2022,2022-05-31,9320,2022-05-23,0637,017906,,1,1,9,0700,0,1,3,,2,403,"SR-4 W/B","JUST EAST OF SAN MARCO BLVD U/C",0.00,,Y,A,-,Y,CC,,4,,R,19.359,H,,L,N,3,0,1,2,A,-,07,21658,A,N,C,C,A,A,H,-,A,D,0,,,Y,,Y,,A,07,0,1,0,0,0,0,0,0,1,"- ","- ",38.021099090576172,-121.95536804199219,"CONTRA COSTA",UNINCORPORATED,-121.95537567138672,38.021091461181641