CASE_ID,ACCIDENT_YEAR,PROC_DATE,JURIS,COLLISION_DATE,COLLISION_TIME,OFFICER_ID,REPORTING_DISTRICT,DAY_OF_WEEK,CHP_SHIFT,POPULATION,CNTY_CITY_LOC,SPECIAL_COND,BEAT_TYPE,CHP_BEAT_TYPE,CITY_DIVISION_LAPD,CHP_BEAT_CLASS,BEAT_NUMBER,PRIMARY_RD,SECONDARY_RD,DISTANCE,DIRECTION,INTERSECTION,WEATHER_1,WEATHER_2,STATE_HWY_IND,CALTRANS_COUNTY,CALTRANS_DISTRICT,STATE_ROUTE,ROUTE_SUFFIX,POSTMILE_PREFIX,POSTMILE,LOCATION_TYPE,RAMP_INTERSECTION,SIDE_OF_HWY,TOW_AWAY,COLLISION_SEVERITY,NUMBER_KILLED,NUMBER_INJURED,PARTY_COUNT,PRIMARY_COLL_FACTOR,PCF_CODE_OF_VIOL,PCF_VIOL_CATEGORY,PCF_VIOLATION,PCF_VIOL_SUBSECTION,HIT_AND_RUN,TYPE_OF_COLLISION,MVIW,PED_ACTION,ROAD_SURFACE,ROAD_COND_1,ROAD_COND_2,LIGHTING,CONTROL_DEVICE,CHP_ROAD_TYPE,PEDESTRIAN_ACCIDENT,BICYCLE_ACCIDENT,MOTORCYCLE_ACCIDENT,TRUCK_ACCIDENT,NOT_PRIVATE_PROPERTY,ALCOHOL_INVOLVED,STWD_VEHTYPE_AT_FAULT,CHP_VEHTYPE_AT_FAULT,COUNT_SEVERE_INJ,COUNT_VISIBLE_INJ,COUNT_COMPLAINT_PAIN,COUNT_PED_KILLED,COUNT_PED_INJURED,COUNT_BICYCLIST_KILLED,COUNT_BICYCLIST_INJURED,COUNT_MC_KILLED,COUNT_MC_INJURED,PRIMARY_RAMP,SECONDARY_RAMP,LATITUDE,LONGITUDE,COUNTY,CITY,POINT_X,POINT_Y
91870951,2022,2022-09-22,9320,2022-09-11,2101,022706,,7,2,9,0700,0,1,3,,2,405,"SR-4 W/B","SAND CREEK ROAD",2008.00,W,N,A,-,Y,CC,,4,,R,33.243,H,,L,Y,4,0,1,2,A,-,17,23114,A,N,E,J,A,A,H,-,C,A,0,,,,,Y,,D,22,0,0,1,0,0,0,0,0,0,"- ","- ",37.957801818847656,-121.74418640136719,"CONTRA COSTA",UNINCORPORATED,-121.74427795410156,37.957809448242188
91871010,2022,2022-09-22,9320,2022-09-09,1700,023047,,5,2,5,0712,0,1,1,,2,681,"I-680 S/B","RUDGEAR RD U/C",10.00,S,N,A,-,Y,CC,,680,,R,7.545,H,,L,N,4,0,2,2,D,-,00,,,N,C,C,A,A,H,-,A,D,0,,,,,Y,,-,"- ",0,0,2,0,0,0,0,0,0,"- ","- ",37.822589874267578,-121.99352264404297,"CONTRA COSTA","WALNUT CREEK",-121.99366760253906,37.822563171386719
91871079,2022,2022-09-22,9320,2022-09-14,1724,023003,,3,2,9,0700,0,2,4,,2,046,"TREAT BLVD","JONES RD",240.00,E,N,A,-,Y,,,,,,,,,,N,4,0,4,2,A,-,03,22350,,N,C,C,A,A,H,-,A,A,0,,,,,Y,,D,22,0,0,4,0,0,0,0,0,0,"- ","- ",37.926609039306641,-122.05381774902344,"CONTRA COSTA",UNINCORPORATED,-122.05394744873047,37.926620483398438
91871100,2022,2022-09-22,9390,2022-09-18,0935,020395,,7,1,9,0700,0,3,5,,2,100,"NORRIS CANYON ROAD (10000 BLOCK)","ASHBOURNE DRIVE",5280.00,W,N,B,C,N,,,,,,,,,,Y,4,0,1,1,A,-,03,22350,,N,E,I,A,B,H,-,A,D,0,,,,,Y,,A,01,0,0,1,0,0,0,0,0,0,"- ","- ",37.753768920898438,-122.00588226318359,"CONTRA COSTA",UNINCORPORATED,-122.01917266845703,37.751567840576172
91871107,2022,2022-09-22,9320,2022-09-13,1012,023061,,2,1,3,0792,0,1,3,,2,240,"SR-24 E/B","WILDER ROAD",1580.00,W,N,A,-,Y,CC,,24,,,0.935,H,,R,Y,4,0,1,2,A,-,08,22107,,N,B,2,A,A,H,-,A,A,0,,,,Y,Y,,A,01,0,0,1,0,0,0,0,0,0,"- ","- ",37.866859436035156,-122.20355224609375,"CONTRA COSTA",ORINDA,-122.20357513427734,37.866920471191406
91871113,2022,2022-09-22,9390,2022-09-18,1035,020395,,7,1,4,0791,0,1,1,,2,068,"I-680 SB FROM WB CROW CANYON ROAD","CROW CANYON ROAD",150.00,N,N,B,C,Y,,,,,,,,,,Y,3,0,1,1,A,-,03,22350,,N,E,I,A,A,H,-,A,D,0,,,,,Y,Y,D,22,0,1,0,0,0,0,0,0,0,"- ","- ",37.777431488037109,-121.97588348388672,"CONTRA COSTA","SAN RAMON",-121.97588348388672,37.777431488037109
91871265,2022,2022-09-22,9320,2022-09-04,1845,022887,,7,2,5,0712,0,1,1,,2,682,"I-680 S/B","TREAT BLVD",150.00,S,N,A,-,Y,CC,,680,,,16.340,H,,L,N,4,0,1,2,A,-,01,23152,A,M,C,C,A,A,H,-,A,A,0,,,,,Y,Y,D,22,0,0,1,0,0,0,0,0,0,"- ","- ",37.925590515136719,-122.06108093261719,"CONTRA COSTA","WALNUT CREEK",-122.0609130859375,37.925575256347656
91871289,2022,2022-09-22,9370,2022-09-20,0730,022981,,2,1,5,0710,0,1,1,,2,058,"I-580 W/B","MARINA WAY S",950.00,E,N,A,-,Y,CC,,580,,R,3.158,H,,L,N,4,0,7,2,A,-,03,22350,,N,C,C,A,A,H,-,A,D,0,,,,,Y,,A,07,0,0,7,0,0,0,0,0,0,"- ","- ",37.921810150146484,-122.35250091552734,"CONTRA COSTA",RICHMOND,-122.35249328613281,37.921653747558594
91871391,2022,2022-09-22,9370,2022-06-10,1112,022813,,5,1,5,0710,0,1,1,,2,058,"I-580 E/B","RICHMOND-SAN RAFAEL TOLL PLAZA",609.00,E,N,A,-,Y,CC,,580,,,6.006,H,,R,Y,1,1,2,2,A,-,07,21658,A,N,D,C,A,A,H,-,A,D,0,,,Y,,Y,,C,02,0,0,2,0,0,0,0,1,0,"- ","- ",37.931968688964844,-122.40128326416016,"CONTRA COSTA",RICHMOND,-122.40122985839844,37.932163238525391
91871933,2022,2022-09-23,9320,2022-09-16,0855,023002,,5,1,9,0700,0,1,3,,2,405,"WILLOW LAKE RD","MARLIN DR",360.00,W,N,A,-,N,,,,,,,,,,Y,3,0,1,2,A,-,08,22107,,N,A,E,A,A,H,-,A,A,0,,,,,Y,,M,96,0,1,0,0,0,0,0,0,0,"- ","- ",37.904308319091797,-121.594970703125,"CONTRA COSTA",UNINCORPORATED,-121.59495544433594,37.904354095458984
91871991,2022,2022-09-23,9320,2022-09-15,1250,022896,,4,1,9,0700,0,2,4,,2,095,"MARSH CREEK RD","MARSH CREEK RD AND SELLERS AVE",0.00,,Y,A,-,Y,CC,,4,,R,39.952,H,,L,N,3,0,2,2,A,-,09,21802,A,N,D,C,A,A,H,-,A,A,0,,,,,Y,,A,01,0,1,1,0,0,0,0,0,0,"- ","- ",37.896560668945312,-121.67813110351562,"CONTRA COSTA",UNINCORPORATED,-121.67813873291016,37.896553039550781
91872036,2022,2022-09-23,9370,2022-09-13,1600,022856,,2,2,5,0710,0,1,1,,2,082,"I-80 E/B","CARLSON BOULEVARD",1650.00,W,N,A,-,Y,CC,,80,,,0.732,H,,R,Y,2,0,1,2,A,-,03,22350,,N,C,C,A,A,H,-,A,D,0,,,Y,,Y,,C,02,1,0,0,0,0,0,0,0,1,"- ","- ",37.907279968261719,-122.3150634765625,"CONTRA COSTA",RICHMOND,-122.31510925292969,37.907253265380859
91872158,2022,2022-09-23,9320,2022-09-18,0820,021472,,7,1,5,0712,0,1,1,,2,682,"I-680 S/B TO TREAT BLVD","TREAT BLVD",810.00,N,N,C,-,Y,,,,,,,,,,Y,3,0,1,1,A,-,03,22350,,N,E,I,A,B,H,-,A,A,0,,,,,Y,,A,01,0,1,0,0,0,0,0,0,0,"- ","- ",37.928829193115234,-122.06105804443359,"CONTRA COSTA","WALNUT CREEK",-122.06105804443359,37.928829193115234
91872386,2022,2022-09-26,9320,2022-09-23,0930,016094,,5,1,9,0700,0,1,3,,2,160,"SR-160 (N/B) TO MAIN ST (E/B)","MAIN ST.",620.00,S,N,A,-,Y,CC,,160,,L,1.219,H,,R,N,3,0,1,2,A,-,08,22107,,M,B,C,A,A,H,-,A,D,0,,,Y,,Y,,A,01,0,1,0,0,0,0,0,0,1,"- ","- ",38.003311157226562,-121.75382232666016,"CONTRA COSTA",UNINCORPORATED,-121.75405883789062,38.003345489501953
91872388,2022,2022-09-26,9320,2022-09-17,1020,023057,,6,1,9,0700,0,1,3,,2,405,"CAMINO DIABLO","MARSH CREEK ROAD",1200.00,E,N,A,-,N,,,,,,,,,,Y,2,0,1,1,A,-,08,22107,,N,E,I,A,A,H,-,A,D,0,,,Y,,Y,,C,02,1,0,0,0,0,0,0,0,1,"- ","- ",37.875900268554688,-121.71927642822266,"CONTRA COSTA",UNINCORPORATED,-121.72056579589844,37.875633239746094
91873103,2022,2022-09-26,9320,2022-08-19,0808,022459,,5,1,9,0700,0,1,1,,2,683,"INTERSTATE 680 SOUTHBOUND","CONCORD AVE.",300.00,S,N,A,-,Y,CC,,680,,,19.753,H,,L,Y,4,0,3,5,A,-,03,22350,,N,C,C,A,A,H,-,A,A,0,,,,Y,Y,,A,01,0,0,3,0,0,0,0,0,0,"- ","- ",37.974559783935547,-122.06321716308594,"CONTRA COSTA",UNINCORPORATED,-122.06320190429688,37.974567413330078
91873176,2022,2022-09-26,9320,2022-09-16,1103,022459,,5,1,9,0700,0,1,1,,2,180,"INTERSTATE 80 EASTBOUND","CUMMINGS SKYWAY",1750.00,W,N,A,-,Y,CC,,80,,,12.184,H,,R,Y,4,0,2,3,A,-,07,21658,A,N,B,C,A,A,H,-,A,A,0,,,,,Y,,A,01,0,0,2,0,0,0,0,0,0,"- ","- ",38.039581298828125,-122.24582672119141,"CONTRA COSTA",UNINCORPORATED,-122.24588775634766,38.039627075195312
91873188,2022,2022-09-26,9320,2022-09-16,1306,023057,,5,1,4,0714,0,3,5,,2,040,"IMHOFF DRIVE","IMHOFF PLACE",0.00,,Y,A,-,N,,,,,,,,,,Y,4,0,1,2,A,-,03,22350,,N,C,C,A,B,H,-,A,D,0,,,,,Y,,A,07,0,0,1,0,0,0,0,0,0,"- ","- ",37.998760223388672,-122.07115173339844,"CONTRA COSTA",MARTINEZ,-122.07119750976562,37.998729705810547
91873195,2022,2022-09-26,9320,2022-09-16,1452,022743,,5,2,6,0704,0,1,3,,2,242,SR-242,"SR-4 E/B",375.00,S,N,A,-,Y,CC,,242,,R,3.255,H,,R,N,4,0,1,2,A,-,03,22350,,N,C,C,A,A,H,-,A,A,0,,,,,Y,,A,08,0,0,1,0,0,0,0,0,0,"- ","- ",38.004051208496094,-122.03684997558594,"CONTRA COSTA",CONCORD,-122.03678894042969,38.0040283203125
91873236,2022,2022-09-26,9320,2022-09-16,1452,023003,,5,2,9,0700,0,1,1,,2,681,I680,"STONE VALLEY RD",1584.00,S,N,A,-,Y,CC,,680,,R,10.054,H,,L,Y,3,0,2,3,A,-,07,21658,A,M,B,C,A,A,H,-,A,A,0,,,,,Y,,-,99,0,1,1,0,0,0,0,0,0,"- ","- ",37.846908569335938,-122.02713775634766,"CONTRA COSTA",UNINCORPORATED,-122.02708435058594,37.846942901611328
91873710,2022,2022-09-26,9320,2022-09-19,0430,022915,,1,3,6,0704,0,1,3,,2,242,"SR-242 NORTHBOUND","CLAYTON RD",4000.00,S,N,B,C,Y,CC,,242,,R,0.041,H,,R,Y,3,0,1,1,A,-,03,22350,,N,E,8,A,B,H,-,C,A,0,,,,,Y,,A,01,0,1,0,0,0,0,0,0,0,"- ","- ",37.959171295166016,-122.05180358886719,"CONTRA COSTA",CONCORD,-122.05180358886719,37.959171295166016
91873746,2022,2022-09-26,9320,2022-09-18,2021,022706,,7,2,5,0701,0,1,3,,2,404,"SR-4 W/B","SOMERSVILLE ROAD",2803.00,W,N,C,-,Y,CC,,4,,,25.185,H,,L,Y,3,0,1,1,A,-,03,22350,,N,A,8,A,B,H,-,C,A,0,,,,,Y,,A,01,0,1,0,0,0,0,0,0,0,"- ","- ",38.008029937744141,-121.85188293457031,"CONTRA COSTA",ANTIOCH,-121.85189056396484,38.008007049560547
91874218,2022,2022-09-27,9370,2022-09-21,0851,022981,,3,1,9,0700,0,1,3,,2,023,"SR 24 W/B CALDECOTT TUNNEL BORE 3","CALDECOTT TUNL EAST EDGE BORE 3",1320.00,W,N,A,-,Y,,,,,,,,,,N,4,0,1,2,A,-,03,22350,,N,C,C,A,A,H,-,C,D,0,,,,,Y,,A,01,0,0,1,0,0,0,0,0,0,"- ","- ",37.858680725097656,-122.21295928955078,"CONTRA COSTA",UNINCORPORATED,,
91874248,2022,2022-09-27,9320,2022-09-18,1025,021499,,7,1,6,0704,0,1,3,,2,242,"SR-242 N/B","CONCORD AVE",1300.00,N,N,B,C,Y,,,,,,,,,,N,4,0,2,3,A,-,03,22350,,N,C,C,A,B,H,-,A,A,0,,,,,Y,,A,07,0,0,2,0,0,0,0,0,0,"- ","- ",37.585700988769531,-122.23004913330078,"CONTRA COSTA",CONCORD,-122.04176330566406,37.982051849365234
91874254,2022,2022-09-27,9320,2022-09-17,1200,020957,,6,1,9,0700,0,2,4,,2,072,"WILLOW PASS RD","EVORA RD",0.00,,Y,A,-,N,,,,,,,,,,N,4,0,1,1,D,-,00,,,N,F,A,A,A,H,-,A,A,0,,,Y,,Y,,-,"- ",0,0,1,0,0,0,0,0,1,"- ","- ",38.024520874023438,-121.96398162841797,"CONTRA COSTA",UNINCORPORATED,-121.96411895751953,38.024677276611328
91874276,2022,2022-09-27,9320,2022-09-18,1907,022928,,7,2,5,0712,0,1,3,,2,241,"SR-4 EB TO I-680 NB","EL CURTOLA BOULEVARD",2482.00,E,N,C,-,Y,CC,,24,,R,8.785,H,,R,Y,3,0,1,3,A,-,08,22107,,N,B,C,A,B,H,-,D,A,0,,,,,Y,,A,01,0,1,0,0,0,0,0,0,0,"- ","- ",37.895961761474609,-122.07659149169922,"CONTRA COSTA","WALNUT CREEK",-122.07657623291016,37.895999908447266
91874322,2022,2022-09-27,9320,2022-09-18,1326,022903,,7,1,3,0715,0,1,3,,2,241,"SR-24 W/B","OAK HILL ROAD",420.00,E,N,B,-,Y,CC,,24,,R,6.365,H,,L,Y,3,0,2,2,A,-,08,22107,,N,D,C,A,B,H,-,A,A,0,,,,,Y,,A,01,0,1,1,0,0,0,0,0,0,"- ","- ",37.89434814453125,-122.11976623535156,"CONTRA COSTA",LAFAYETTE,-122.11978149414062,37.894401550292969
91874341,2022,2022-09-27,9370,2022-08-30,0155,022964,,2,3,5,0710,0,1,1,,2,082,"I-80 E/B","SAN PABLO DAM ROAD",450.00,W,N,A,-,Y,CC,,80,,,4.250,H,,R,Y,3,0,2,2,A,-,03,22350,,N,C,C,A,A,H,-,C,D,0,,,,Y,Y,,A,07,0,2,0,0,0,0,0,0,0,"- ","- ",37.954860687255859,-122.32911682128906,"CONTRA COSTA",RICHMOND,-122.32913970947266,37.954853057861328
91874366,2022,2022-09-27,9350,2022-09-15,0945,022532,,4,1,5,0710,0,1,1,,2,115,"I-580 W/B","RICHMOND SAN RAFAEL BRIDGE TOLL PLAZA",10560.00,W,N,A,-,Y,CC,,580,,,7.123,H,,L,Y,4,0,2,3,A,-,03,22350,,N,C,C,A,A,H,-,A,D,0,,,,,Y,,D,22,0,0,2,0,0,0,0,0,0,"- ","- ",37.933559417724609,-122.42166137695312,"CONTRA COSTA",RICHMOND,-122.42166137695312,37.933574676513672
91874401,2022,2022-09-27,9320,2022-09-18,2125,022886,,7,2,5,0708,0,1,3,,2,404,"WB SR-4","LOVERIDGE RD.",2888.00,E,N,C,-,Y,CC,,4,,,24.866,H,,R,Y,3,0,4,2,A,-,03,22350,,N,D,2,A,B,H,-,C,A,0,,,,,Y,,A,01,0,2,2,0,0,0,0,0,0,"- ","- ",38.009510040283203,-121.85752105712891,"CONTRA COSTA",PITTSBURG,-121.85759735107422,38.009326934814453
91874537,2022,2022-09-27,9320,2022-09-13,1820,020649,,2,2,5,0701,0,1,3,,2,160,"SR-160 SOUTHBOUND","OAKLEY ROAD",3696.00,S,N,A,-,Y,CC,,4,,R,30.804,H,,R,Y,4,0,1,2,A,-,03,22350,,N,C,C,A,A,H,-,A,A,0,,,,,Y,,A,07,0,0,1,0,0,0,0,0,0,"- ","- ",37.98870849609375,-121.75279235839844,"CONTRA COSTA",ANTIOCH,-121.75263214111328,37.988903045654297
91874568,2022,2022-10-25,9320,2022-09-19,1220,017530,,1,1,9,0700,0,2,4,,2,094,"CR-J4 (BYRON HIGHWAY)","BALFOUR ROAD",0.00,,Y,B,-,N,,,,,,,,,,Y,3,0,2,2,A,-,12,22450,A,N,D,C,A,B,H,-,A,A,0,,,,,Y,,A,07,0,2,0,0,0,0,0,0,0,"- ","- ",37.925449371337891,-121.64145660400391,"CONTRA COSTA",UNINCORPORATED,-121.641161,37.925536999999998
91874575,2022,2022-09-27,9320,2022-09-09,1430,020649,,5,2,9,0700,0,2,4,,2,072,"BAILEY ROAD","WEST LELAND ROAD",5280.00,S,N,A,-,Y,,,,,,,,,,N,3,0,1,1,A,-,03,22350,,N,F,A,A,A,H,-,A,A,0,,,Y,,Y,,C,02,0,1,0,0,0,0,0,0,1,"- ","- ",38.002479553222656,-121.94622039794922,"CONTRA COSTA",UNINCORPORATED,-121.9461669921875,38.002914428710938
91874577,2022,2022-09-27,9320,2022-09-19,1235,017530,,1,1,9,0700,0,1,3,,1,406,"SR-4 EB","OLD RIVER BRIDGE",10.00,W,N,B,-,Y,CC,,4,,,48.339,H,,R,Y,4,0,2,2,A,-,03,22350,,N,C,C,A,B,E,-,A,D,0,,,,,Y,,D,22,0,0,2,0,0,0,0,0,0,"- ","- ",37.891738891601562,-121.57026672363281,"CONTRA COSTA",UNINCORPORATED,-121.57032012939453,37.891727447509766
91874595,2022,2022-09-27,9320,2022-09-19,1606,021797,,1,2,5,0701,0,1,3,,2,404,"SR-4 WESTBOUND","HILLCREST AVENUE",1500.00,W,N,C,-,Y,CC,,4,,R,28.490,H,,L,Y,4,0,1,2,A,-,03,22350,,N,C,C,A,B,H,-,A,D,0,,,,,Y,,A,01,0,0,1,0,0,0,0,0,0,"- ","- ",37.997451782226562,-121.79363250732422,"CONTRA COSTA",ANTIOCH,-121.79355621337891,37.997711181640625
91874612,2022,2022-09-27,9320,2022-09-19,1615,021797,,1,2,5,0701,0,1,3,,2,404,"SR-4 EASTBOUND","CONTRA LOMA BOULEVARD",500.00,W,N,C,-,Y,CC,,4,,,26.703,H,,R,Y,3,0,2,2,A,-,03,22350,,N,D,C,A,B,H,-,A,D,0,,,,,Y,,A,01,0,2,0,0,0,0,0,0,0,"- ","- ",38.000469207763672,-121.82559204101562,"CONTRA COSTA",ANTIOCH,-121.82558441162109,38.000480651855469
91874655,2022,2022-09-27,9320,2022-09-19,1750,022928,,1,2,3,0707,0,1,1,,2,180,"I-80 EB","PINOLE VALLEY ROAD",1056.00,W,N,A,-,Y,CC,,80,,,8.306,H,,R,Y,3,0,2,3,A,-,07,21658,A,N,B,C,A,A,H,-,A,A,0,,,,,Y,,A,01,0,2,0,0,0,0,0,0,0,"- ","- ",37.995380401611328,-122.28917694091797,"CONTRA COSTA",PINOLE,-122.28916931152344,37.995365142822266
91874683,2022,2022-09-27,9320,2022-09-19,2040,020440,,1,2,5,0708,0,1,3,,2,404,"SR-4 E/B","LOVERIDGE RD",960.00,E,N,B,-,Y,CC,,4,,,24.520,H,,R,Y,4,0,1,3,A,-,04,21703,,N,C,C,A,B,H,-,D,D,0,,,,,Y,,A,01,0,0,1,0,0,0,0,0,0,"- ","- ",38.010860443115234,-121.86386108398438,"CONTRA COSTA",PITTSBURG,-121.86385345458984,38.010883331298828
91875351,2022,2022-09-28,9320,2022-09-20,2306,020834,,2,3,9,0700,0,3,5,,2,092,"BERKSHIRE CT","HASTINGS DR",30.00,N,N,A,-,N,,,,,,,,,,N,3,0,1,3,A,-,01,23152,G,N,B,C,A,A,H,-,C,A,0,,,,,Y,Y,A,01,0,1,0,0,0,0,0,0,0,"- ","- ",37.910011291503906,-121.62149810791016,"CONTRA COSTA",UNINCORPORATED,-121.62149810791016,37.910030364990234
91875390,2022,2022-09-28,9320,2022-08-21,1655,022784,,7,2,6,0704,0,1,1,,2,683,"I-680 NB","CONCORD AVE",350.00,N,N,A,-,Y,,,,,,,,,,Y,3,0,1,1,A,-,01,23152,A,N,E,8,A,A,H,-,A,D,0,,,,,Y,Y,A,01,0,1,0,0,0,0,0,0,0,"- ","- ",39.977550506591797,-122.06462097167969,"CONTRA COSTA",CONCORD,-122.06450653076172,37.977134704589844
91875450,2022,2022-09-28,9320,2022-09-21,0125,022908,,3,3,9,0700,0,1,3,,2,400,"SR-4 WB","CUMMINGS SKYWAY",6336.00,W,N,A,-,Y,CC,,4,,R,3.454,H,,L,Y,2,0,1,1,A,-,01,23152,A,N,E,I,A,A,H,-,C,A,0,,,,,Y,Y,A,01,1,0,0,0,0,0,0,0,0,"- ","- ",38.008281707763672,-122.21219635009766,"CONTRA COSTA",UNINCORPORATED,-122.21219635009766,38.008243560791016
91875486,2022,2022-09-28,9320,2022-08-21,2126,022791,,7,2,6,0704,0,1,3,,2,242,"SR-242 N/B","WILLOW PASS ROAD",4500.00,S,N,A,-,Y,CC,,242,,R,0.039,H,,R,N,4,0,1,4,A,-,03,22350,,N,C,C,A,A,H,-,D,A,0,,,,,Y,,A,01,0,0,1,0,0,0,0,0,0,"- ","- ",37.959159851074219,-122.05187225341797,"CONTRA COSTA",CONCORD,-122.05181121826172,37.959148406982422
91875509,2022,2022-09-28,9320,2022-09-01,0610,016094,,4,1,5,0701,0,1,3,,2,404,"SR-4 (W/B)","LOVERIDGE RD.",6336.00,E,N,A,-,Y,CC,,4,,,25.196,H,,R,N,3,0,1,2,A,-,07,21658,A,M,F,A,A,A,H,-,B,D,0,,,Y,,Y,,B,01,0,1,0,0,0,0,0,0,1,"- ","- ",38.007888793945312,-121.85163879394531,"CONTRA COSTA",ANTIOCH,-121.85172271728516,38.007705688476562
91875597,2022,2022-09-28,9320,2022-09-07,0805,022896,,3,1,4,0790,0,1,1,,2,681,"I-680 N/B","EL CERRO",2125.00,N,N,A,-,Y,CC,,680,,R,8.602,H,,R,N,2,0,2,2,A,-,03,22350,,N,C,C,A,A,H,-,A,A,0,,,,,Y,,A,01,1,1,0,0,0,0,0,0,0,"- ","- ",37.833511352539062,-122.00668334960938,"CONTRA COSTA",DANVILLE,-122.00666809082031,37.833522796630859
91875614,2022,2022-09-28,9320,2022-09-20,1025,016584,,2,1,9,0700,0,1,3,,2,400,"SR-4 E/B","FRANKLIN CANYON RD.",870.00,W,N,A,-,Y,CC,,4,,R,1.199,H,,R,Y,3,0,2,2,A,-,03,22350,,N,C,C,A,A,H,-,A,A,0,,,,Y,Y,,A,08,0,2,0,0,0,0,0,0,0,"- ","- ",38.014961242675781,-122.24791717529297,"CONTRA COSTA",UNINCORPORATED,-122.24791717529297,38.014945983886719
91875617,2022,2022-09-28,9320,2022-09-21,1355,020440,,3,1,5,0701,1,4,S,,2,901,"SPANOS ST","LINDEN WAY",0.00,,Y,A,-,N,,,,,,,,,,Y,4,0,2,2,A,-,06,21750,A,M,D,C,A,A,H,-,A,D,0,,,,,Y,,-,99,0,0,2,0,0,0,0,0,0,"- ","- ",38.004749298095703,-121.8280029296875,"CONTRA COSTA",ANTIOCH,-121.82801055908203,38.004730224609375
91875793,2022,2022-09-28,9390,2022-09-24,0515,020395,,6,3,4,0791,0,1,1,,2,068,"INTERSTATE 680 (NORTHBOUND)","SYCAMORE VALLEY ROAD",2640.00,S,N,A,-,Y,CC,,680,,R,6.330,H,,R,N,3,0,1,2,A,-,03,22350,,M,C,C,A,A,H,-,D,D,0,,,,,Y,,-,99,0,1,0,0,0,0,0,0,0,"- ","- ",37.805778503417969,-121.99043273925781,"CONTRA COSTA","SAN RAMON",-121.99036407470703,37.805797576904297
91875812,2022,2022-09-28,9320,2022-09-15,2320,022908,,4,3,9,0700,0,2,4,,2,062,"ROYAL OAKS DR","ROUNDHILL DR",104.00,W,N,A,-,N,,,,,,,,,,N,3,0,1,1,A,-,08,22107,,N,F,A,A,A,H,-,C,A,0,,,,,Y,,M,96,0,1,0,0,0,0,0,0,0,"- ","- ",37.852878570556641,-121.99788665771484,"CONTRA COSTA",UNINCORPORATED,-122.00803375244141,37.851760864257812
91876646,2022,2022-09-29,9320,2022-09-23,0634,021472,,5,1,5,0712,0,1,1,,2,682,"I-680 S/B","OAK PARK BLVD",810.00,N,N,A,-,Y,CC,,680,,,17.052,H,,L,Y,4,0,1,4,A,-,03,22350,,M,C,C,A,A,H,-,A,A,0,,,,,Y,,A,01,0,0,1,0,0,0,0,0,0,"- ","- ",37.935768127441406,-122.060546875,"CONTRA COSTA","WALNUT CREEK",-122.06040954589844,37.935775756835938
91877245,2022,2022-09-29,9320,2022-09-19,1700,023028,,1,2,9,0700,0,2,4,,2,071,"WILLOW PASS RD.","KEVIN DR",0.00,,Y,C,-,N,,,,,,,,,,N,4,0,1,2,A,-,03,22350,,N,D,C,A,B,H,-,A,A,0,,,,,Y,,A,01,0,0,1,0,0,0,0,0,0,"- ","- ",38.026840209960938,-121.95445251464844,"CONTRA COSTA",UNINCORPORATED,-121.95442962646484,38.026782989501953
91878742,2022,2022-09-30,9320,2022-09-05,0046,022784,,1,3,5,0701,0,1,3,,2,404,"SR-4 EB TO CONTRA LOMA BLVD","CONTRA LOMA BOULEVARD",740.00,W,N,A,-,Y,CC,,4,,,26.780,H,,R,Y,4,0,1,2,A,-,01,23152,A,M,C,C,A,A,H,-,C,D,0,,,Y,,Y,Y,A,01,0,0,1,0,0,0,0,0,1,"- ","- ",37.999980926513672,-121.82436370849609,"CONTRA COSTA",ANTIOCH,-121.82429504394531,38.000125885009766
91878926,2022,2023-08-18,9350,2022-09-11,1410,022556,,7,2,5,0710,0,1,1,,2,115,"I-580 W/B","WESTERN AVE U/C",1590.00,W,N,A,-,Y,CC,,580,,,6.189,H,,R,N,4,0,3,2,A,-,08,22107,,N,D,C,A,A,H,-,A,D,0,,,,,Y,,A,01,0,0,3,0,0,0,0,0,0,"- ","- ",37.932510375976562,-122.40450286865234,"CONTRA COSTA",RICHMOND,-122.40450286865234,37.932567596435547
91878958,2022,2022-09-30,9320,2022-09-12,0507,022828,,1,3,3,0702,0,1,3,,2,405,"STATE ROUTE 4 WESTBOUND","SAND CREEK ROAD",870.00,E,N,A,-,Y,CC,,4,,M,34.450,H,,L,Y,3,0,1,2,A,-,03,22350,,N,D,2,A,A,C,-,C,A,0,,,,,Y,,A,07,0,1,0,0,0,0,0,0,0,"- ","- ",37.941181182861328,-121.74018859863281,"CONTRA COSTA",BRENTWOOD,-121.74028015136719,37.941150665283203
9187901,2020,2021-01-05,0716,2020-10-30,2153,172,R8,5,5,3,0716,0,0,0,,0,002,"WANDEL DR","LARCH AV",0.00,,Y,A,-,N,,,,,,,,,,Y,4,0,1,3,A,-,01,23152,B,N,E,E,A,A,H,-,C,D,0,,,,,Y,Y,A,01,0,0,1,0,0,0,0,0,0,"- ","- ",,,"CONTRA COSTA",MORAGA,-122.12616729736328,37.827198028564453