CASE_ID,ACCIDENT_YEAR,PROC_DATE,JURIS,COLLISION_DATE,COLLISION_TIME,OFFICER_ID,REPORTING_DISTRICT,DAY_OF_WEEK,CHP_SHIFT,POPULATION,CNTY_CITY_LOC,SPECIAL_COND,BEAT_TYPE,CHP_BEAT_TYPE,CITY_DIVISION_LAPD,CHP_BEAT_CLASS,BEAT_NUMBER,PRIMARY_RD,SECONDARY_RD,DISTANCE,DIRECTION,INTERSECTION,WEATHER_1,WEATHER_2,STATE_HWY_IND,CALTRANS_COUNTY,CALTRANS_DISTRICT,STATE_ROUTE,ROUTE_SUFFIX,POSTMILE_PREFIX,POSTMILE,LOCATION_TYPE,RAMP_INTERSECTION,SIDE_OF_HWY,TOW_AWAY,COLLISION_SEVERITY,NUMBER_KILLED,NUMBER_INJURED,PARTY_COUNT,PRIMARY_COLL_FACTOR,PCF_CODE_OF_VIOL,PCF_VIOL_CATEGORY,PCF_VIOLATION,PCF_VIOL_SUBSECTION,HIT_AND_RUN,TYPE_OF_COLLISION,MVIW,PED_ACTION,ROAD_SURFACE,ROAD_COND_1,ROAD_COND_2,LIGHTING,CONTROL_DEVICE,CHP_ROAD_TYPE,PEDESTRIAN_ACCIDENT,BICYCLE_ACCIDENT,MOTORCYCLE_ACCIDENT,TRUCK_ACCIDENT,NOT_PRIVATE_PROPERTY,ALCOHOL_INVOLVED,STWD_VEHTYPE_AT_FAULT,CHP_VEHTYPE_AT_FAULT,COUNT_SEVERE_INJ,COUNT_VISIBLE_INJ,COUNT_COMPLAINT_PAIN,COUNT_PED_KILLED,COUNT_PED_INJURED,COUNT_BICYCLIST_KILLED,COUNT_BICYCLIST_INJURED,COUNT_MC_KILLED,COUNT_MC_INJURED,PRIMARY_RAMP,SECONDARY_RAMP,LATITUDE,LONGITUDE,COUNTY,CITY,POINT_X,POINT_Y
92027906,2023,2023-03-24,9320,2023-03-11,1610,022828,,6,2,9,0700,0,2,4,,2,012,"SAN PABLO DAM ROAD","HILLCREST ROAD",0.00,,Y,A,-,N,,,,,,,,,,N,3,0,2,2,A,-,09,21801,B,N,D,2,A,B,H,-,A,A,0,,,,,Y,,A,01,0,2,0,0,0,0,0,0,0,"- ","- ",37.964908599853516,-122.31481170654297,"CONTRA COSTA",UNINCORPORATED,-122.31478118896484,37.964851379394531
92027910,2023,2023-03-24,9320,2023-03-14,2023,022903,,2,2,9,0700,0,3,5,,2,040,"CONCORD AVE","NEW DRIVE",0.00,,Y,B,-,N,,,,,,,,,,N,4,0,1,2,A,-,09,21800,D,N,D,C,A,A,G,-,E,B,0,,,,,Y,,A,01,0,0,1,0,0,0,0,0,0,"- ","- ",37.980949401855469,-122.05381011962891,"CONTRA COSTA",UNINCORPORATED,-122.05380249023438,37.980808258056641
92027929,2023,2023-04-05,9320,2023-03-14,2110,022828,,2,2,6,0704,0,3,5,,2,040,"CONCORD AVENUE","NEW DRIVE",0.00,,Y,A,-,N,,,,,,,,,,N,3,0,1,2,A,-,09,21800,D,N,D,C,A,A,H,-,E,B,0,,,,,Y,,A,01,0,1,0,0,0,0,0,0,0,"- ","- ",37.980979919433594,-122.05384063720703,"CONTRA COSTA",CONCORD,-122.05380249023438,37.980808258056641
92027972,2023,2023-03-24,9320,2023-03-16,1440,020440,,4,2,3,0702,1,4,S,,2,901,"O'HARA AVENUE N/B","SAND CREEK ROAD",393.00,S,N,A,-,N,,,,,,,,,,Y,3,0,1,2,A,-,08,22107,,N,E,I,A,A,H,-,A,A,0,,,,,Y,,A,01,0,1,0,0,0,0,0,0,0,"- ","- ",37.943828582763672,-121.70437622070312,"CONTRA COSTA",BRENTWOOD,-121.70463562011719,37.944042205810547
92028529,2023,2023-03-27,9320,2023-03-10,2237,023002,,5,3,9,0700,0,3,5,,2,075,"DRIFTWOOD DR","PORT CHICAGO CIRCLE",120.00,S,N,A,-,N,,,,,,,,,,N,4,0,2,2,A,-,03,22350,,M,C,C,A,A,H,-,D,A,0,,,,,Y,,-,99,0,0,2,0,0,0,0,0,0,"- ","- ",38.03778076171875,-121.97881317138672,"CONTRA COSTA",UNINCORPORATED,-121.97884368896484,38.040889739990234
92029177,2023,2023-03-27,9370,2023-03-11,1440,022863,,6,2,5,0710,0,1,1,,2,083,"I-80 E/B FROM EL PORTAL DRIVE","EL PORTAL DRIVE",655.00,E,N,B,C,Y,CC,,80," "," ",5.397,H,,R,N,4,0,1,2,A,-,03,22350,,M,C,C,A,B,H,-,A,A,0,,,,,Y,,-,99,0,0,1,0,0,0,0,0,0,"- ","- ",37.967929840087891,-122.32097625732422,"CONTRA COSTA",RICHMOND,-122.32112121582031,37.967967987060547
92029278,2023,2023-03-27,9320,2023-03-17,1445,022828,,5,2,6,0704,0,1,3,,2,402,"STATE ROUTE 4 EASTBOUND","SOLANO WAY",900.00,W,N,A,-,Y,CC,,4," ",R,13.484,H,,R,Y,3,0,1,2,A,-,03,22350,,M,C,C,A,A,H,-,A,A,0,,,,,Y,,A,01,0,1,0,0,0,0,0,0,0,"- ","- ",38.000339508056641,-122.05638122558594,"CONTRA COSTA",CONCORD,-122.0562744140625,38.000102996826172
92029404,2023,2023-03-27,9320,2023-03-18,"715 ",022804,,6,1,9,0700,0,2,4,,2,012,"EL PORTAL DR","SAN PABLO DAM RD",0.00,,Y,A,-,N,,,,,,,,,,Y,3,0,5,2,A,-,01,23152,A,N,A,C,A,A,H,-,A,A,0,,,,,Y,Y,A,01,0,2,3,0,0,0,0,0,0,"- ","- ",37.964298248291016,-122.31842041015625,"CONTRA COSTA",UNINCORPORATED,-122.31836700439453,37.964160919189453
92029766,2023,2023-03-27,9320,2023-03-16,1635,022019,,4,2,6,0704,0,1,3,,2,242,"SR-242 N/B","GRANT ST",1848.00,S,N,A,-,Y,CC,,242," ",R,1.825,H,,R,N,4,0,2,2,A,-,03,22350,,N,C,C,A,A,H,-,A,A,0,,,,,Y,,A,08,0,0,2,0,0,0,0,0,0,"- ","- ",37.983638763427734,-122.04138946533203,"CONTRA COSTA",CONCORD,-122.04137420654297,37.983638763427734
92029777,2023,2023-03-27,9320,2023-03-18,1610,022896,,6,2,9,0700,0,2,4,,2,094,"BYRON HWY","BYER RD",0.00,,Y,B,-,N,,,,,,,,,,N,4,0,2,2,A,-,09,21802,A,N,D,2,A,A,H,-,A,A,0,,,,,Y,,A,01,0,0,2,0,0,0,0,0,0,"- ","- ",37.874710083007812,-121.64151000976562,"CONTRA COSTA",UNINCORPORATED,-121.64153289794922,37.874691009521484
92030412,2023,2023-03-28,9320,2023-03-19,"900 ",021472,,7,1,5,0712,0,1,1,,2,682,"I-680 N/B","OLYMPIC BLVD",1500.00,N,N,B,C,Y,CC,,680," "," ",14.226,H,,R,Y,4,0,1,1,A,-,08,22107,,N,E,I,A,B,H,-,A,A,0,,,,,Y,,A,07,0,0,1,0,0,0,0,0,0,"- ","- ",37.896579742431641,-122.07077789306641,"CONTRA COSTA","WALNUT CREEK",-122.07067108154297,37.896614074707031
92030429,2023,2023-03-28,9320,2023-03-19,1050,020009,,7,1,3,0792,0,1,3,,2,240,"SR-24 W/B","WILDER RD",40.00,W,N,C,-,Y,CC,,24," "," ",1.185,H,,L,N,4,0,1,1,A,-,08,22107,,N,E,I,A,B,H,-,A,A,0,,,,,Y,,A,01,0,0,1,0,0,0,0,0,0,"- ","- ",37.867530822753906,-122.19837188720703,"CONTRA COSTA",ORINDA,-122.1983642578125,37.867450714111328
92030607,2023,2023-03-28,9320,2023-03-19,1530,022896,,7,2,9,0700,0,1,3,,2,401,"SR-4 E/B","MCEWEN RD",500.00,W,N,B,-,Y,CC,,4," ",R,5.258,H,,R,N,3,0,1,1,A,-,08,22107,,N,E,I,A,B,H,-,A,A,0,,,,,Y,,A,01,0,1,0,0,0,0,0,0,0,"- ","- ",38.01422119140625,-122.17669677734375,"CONTRA COSTA",UNINCORPORATED,-122.17662811279297,38.0142822265625
92030825,2023,2023-03-28,9320,2023-03-17,2245,023047,,5,3,3,0715,0,1,3,,2,241,"SR-24 EASTBOUND","OAK HILL ROAD",2904.00,W,N,A,-,Y,CC,,24," ",R,5.732,H,,R,Y,3,0,1,2,A,-,01,23152,G,M,B,C,A,A,C,-,C,A,0,,,,,Y,Y,A,01,0,1,0,0,0,0,0,0,0,"- ","- ",37.891510009765625,-122.13059234619141,"CONTRA COSTA",LAFAYETTE,-122.13059234619141,37.891517639160156
92030836,2023,2023-03-28,9320,2023-03-19,1400,022896,,7,2,9,0700,0,2,4,,2,012,"SAN PABLO DAM RD","HILLCREST RD",400.00,W,N,B,-,N,,,,,,,,,,N,4,0,1,2,A,-,09,21804,A,N,D,C,A,B,H,-,A,A,0,,,,,Y,,A,07,0,0,1,0,0,0,0,0,0,"- ","- ",37.96453857421875,-122.31620788574219,"CONTRA COSTA",UNINCORPORATED,-122.31613159179688,37.964595794677734
92031371,2023,2023-03-29,9320,2023-03-19,"805 ",021847,,7,1,5,0708,0,1,3,,2,403,"SR-4 W/B","BAILEY ROAD",3326.00,W,N,B,C,Y,CC,,4," ",R,19.464,H,,L,Y,4,0,1,1,A,-,08,22107,,N,E,I,A,B,H,-,A,A,0,,,,,Y,,A,07,0,0,1,0,0,0,0,0,0,"- ","- ",38.020561218261719,-121.95359039306641,"CONTRA COSTA",PITTSBURG,-121.95355224609375,38.020633697509766
92031572,2023,2023-03-29,9320,2023-03-22,"615 ",016584,,3,1,4,0714,0,1,3,,2,401,"SR-4 W/B","ALHAMBRA AVE.",2640.00,W,N,B,C,Y,CC,,4," ",R,8.008,H,,L,Y,4,0,1,1,A,-,08,22107,,N,F,I,A,B,H,-,C,A,0,,,,,Y,,D,22,0,0,1,0,0,0,0,0,0,"- ","- ",37.990150451660156,-122.13980102539062,"CONTRA COSTA",MARTINEZ,-122.13981628417969,37.990123748779297
9203160,2020,2021-01-05,0701,2020-09-16,2322,6131,504,3,5,5,0701,0,0,0,,0,005,"LONE TREE WY","EAGLERIDGE DR",704.00,N,N,A,-,N,,,,,,,,,,Y,2,0,3,1,A,-,03,22350,,N,A,I,A,A,H,-,C,D,0,,,,,Y,,A,01,3,0,0,0,0,0,0,0,0,"- ","- ",,,"CONTRA COSTA",ANTIOCH,-121.79811859130859,37.972873687744141
9203181,2020,2021-01-06,0714,2020-07-24,1734,159,24,5,5,4,0714,0,0,0,,0,003,"ALHAMBRA AV","VIRGINIA HILLS DR",0.00,,Y,A,-,N,,,,,,,,,,Y,3,0,1,2,A,-,08,22107,,N,A,I,A,A,H,-,A,A,0,,,,,Y,Y,-,,0,1,0,0,0,0,0,0,0,"- ","- ",37.957588195800781,-122.09895324707031,"CONTRA COSTA",MARTINEZ,-122.0926513671875,37.957901000976562
92031845,2023,2023-03-29,9320,2023-03-21,"925 ",018628,,2,1,4,0714,0,1,1,,2,684,"I-680 NB","MARTINEZ-BENICIA TOLL PLAZA",1056.00,N,N,B,C,Y,CC,,680," "," ",24.722,H,,R,Y,3,0,1,1,A,-,08,22107,,N,E,I,A,B,H,-,A,A,0,,,,,Y,,D,22,0,1,0,0,0,0,0,0,0,"- ","- ",38.028701782226562,-122.11631011962891,"CONTRA COSTA",MARTINEZ,-122.11618041992188,38.028739929199219
92031864,2023,2023-03-29,9320,2023-03-21,1055,016094,,2,1,9,0700,0,1,3,,2,404,"SR-4 E/B","SOMERSVILLE RD",8976.00,W,N,C,-,Y,CC,,4," "," ",25.163,H,,R,Y,3,0,1,2,A,-,03,22350,,N,B,C,A,B,H,-,A,A,0,,,,,Y,,A,01,0,1,0,0,0,0,0,0,0,"- ","- ",38.007888793945312,-121.85230255126953,"CONTRA COSTA",UNINCORPORATED,-121.85231018066406,38.007869720458984
92031883,2023,2023-03-29,9320,2023-03-21,1405,022791,,2,2,9,0700,0,2,4,,2,022,"WILDCAT CANYON ROAD","EL TOYONAL",500.00,E,N,B,C,N,,,,,,,,,,Y,4,0,2,2,A,-,05,21460,A,N,A,C,A,B,H,-,A,A,0,,,,,Y,,D,22,0,0,2,0,0,0,0,0,0,"- ","- ",37.899200439453125,-122.22277069091797,"CONTRA COSTA",UNINCORPORATED,-122.22245788574219,37.899330139160156
92031902,2023,2023-03-29,9320,2023-03-21,"927 ",016584,,2,1,3,0706,0,2,S,,2,901,"SAN PABLO AVENUE","LINUS PAULING DRIVE",100.00,N,N,B,C,N,,,,,,,,,,N,4,0,1,2,A,-,07,21658,A,N,B,C,A,B,H,-,A,A,0,,,,,Y,,A,07,0,0,1,0,0,0,0,0,0,"- ","- ",38.021640777587891,-122.27110290527344,"CONTRA COSTA",HERCULES,-122.27120208740234,38.021503448486328
92031909,2023,2023-03-29,9320,2023-03-21,1410,022517,,2,2,3,0706,0,1,3,,2,400,"SR-4 WB","SAN PABLO AVE",970.00,W,N,B,C,Y,CC,,4," "," ",0.003,H,,L,Y,4,0,1,1,A,-,03,22350,,N,E,I,A,B,H,-,A,A,0,,,,,Y,,A,01,0,0,1,0,0,0,0,0,0,"- ","- ",38.015041351318359,-122.26934051513672,"CONTRA COSTA",HERCULES,-122.26930236816406,38.015117645263672
92031921,2023,2023-03-29,9320,2023-03-21,1440,022517,,2,2,9,0700,0,1,3,,2,401,"SR-4 WB","CUMMINGS SKYWAY OVERCROSSING",2590.00,W,N,B,C,Y,CC,,4," ",R,4.138,H,,L,Y,4,0,1,1,A,-,03,22350,,N,F,A,A,B,H,-,A,A,0,,,,,Y,,A,07,0,0,1,0,0,0,0,0,0,"- ","- ",38.012489318847656,-122.19851684570312,"CONTRA COSTA",UNINCORPORATED,-122.19841766357422,38.012359619140625
92032420,2023,2023-03-30,9370,2023-03-21,2145,023182,,2,2,5,0710,0,1,1,,2,082,"I-80 W/B","CARLSON BLVD",1320.00,W,N,B,C,Y,CC,,80," "," ",0.760,H,,L,N,4,0,1,1,A,-,03,22350,,N,E,I,A,B,H,-,D,D,0,,,,,Y,,A,07,0,0,1,0,0,0,0,0,0,"- ","- ",37.907550811767578,-122.31565856933594,"CONTRA COSTA",RICHMOND,-122.31550598144531,37.907619476318359
92032465,2023,2023-03-30,9320,2023-03-17,1925,022903,,5,2,3,0706,0,1,1,,2,180,"I-80 E/B","WILLOW AVE",760.00,W,N,B,-,Y,CC,,80," "," ",10.553,H,,R,N,4,0,2,3,A,-,03,22350,,N,C,2,A,A,H,-,C,A,0,,,,,Y,,A,01,0,0,2,0,0,0,0,0,0,"- ","- ",38.020748138427734,-122.26392364501953,"CONTRA COSTA",HERCULES,-122.26395416259766,38.020767211914062
92032497,2023,2023-03-30,9320,2023-03-21,1530,021281,,2,2,9,0700,0,2,4,,1,042,"PACHECO BOULEVARD","CAMINO DEL SOL",10.00,N,N,C,-,N,,,,,,,,,,N,4,0,1,2,A,-,08,22107,,N,C,E,A,B,H,-,A,A,0,,,,,Y,,A,01,0,0,1,0,0,0,0,0,0,"- ","- ",38.008548736572266,-122.09600067138672,"CONTRA COSTA",UNINCORPORATED,-122.09589385986328,38.008430480957031
92032615,2023,2023-03-30,9320,2023-03-23,1720,021281,,4,2,4,0714,0,1,1,,2,683,"I-680 NB",SR-4,1000.00,S,N,A,-,Y,CC,,680," "," ",20.921,H,,R,N,3,0,2,4,A,-,03,22350,,N,C,C,A,A,H,-,A,A,0,,,,,Y,,A,01,0,2,0,0,0,0,0,0,0,"- ","- ",37.991230010986328,-122.06758117675781,"CONTRA COSTA",MARTINEZ,-122.06765747070312,37.991214752197266
92032621,2023,2023-03-30,9320,2023-03-23,2030,021281,,4,2,9,0700,0,1,1,,2,683,"I-680 N/B","PACHECO BOULEVARD",2500.00,N,N,A,-,Y,CC,,680," "," ",22.653,H,,R,N,3,0,1,3,A,-,01,23152,A,N,C,C,A,A,H,-,C,A,0,,,,,Y,Y,D,22,0,1,0,0,0,0,0,0,0,"- ","- ",38.010318756103516,-122.08779907226562,"CONTRA COSTA",UNINCORPORATED,-122.08776092529297,38.010345458984375
92032648,2023,2023-03-30,9320,2023-03-22,"710 ",020957,,3,1,9,0700,0,1,3,,2,401,"SR-4 W/B","MCEWEN RD",700.00,W,N,C,-,Y,CC,,4," ",R,5.075,H,,L,Y,3,0,1,1,A,-,08,22107,,N,E,I,A,B,H,-,A,D,0,,,,,Y,,D,22,0,1,0,0,0,0,0,0,0,"- ","- ",38.015918731689453,-122.17936706542969,"CONTRA COSTA",UNINCORPORATED,-122.179443359375,38.015666961669922
92032664,2023,2023-03-30,9320,2023-03-22,"745 ",016094,,3,1,9,0700,0,2,4,,2,097,"VASCO RD","WALNUT BLVD",2112.00,S,N,C,-,N,,,,,,,,,,N,3,0,1,2,A,-,03,22350,,N,C,C,A,A,H,-,A,D,0,,,,,Y,,D,22,0,1,0,0,0,0,0,0,0,"- ","- ",37.884048461914062,-121.68968200683594,"CONTRA COSTA",UNINCORPORATED,-121.69647979736328,37.887500762939453
92032708,2023,2023-03-30,9320,2023-03-22,1835,022240,,3,2,9,0700,0,1,3,,2,403,"SR-4 E/B","BAILEY RD.",1900.00,W,N,B,-,Y,CC,,4," ",R,19.738,H,,R,N,4,0,1,2,A,-,08,22107,,N,B,C,A,A,H,-,B,A,0,,,,,Y,,A,07,0,0,1,0,0,0,0,0,0,"- ","- ",38.019241333007812,-121.94879150390625,"CONTRA COSTA",UNINCORPORATED,-121.94882965087891,38.019100189208984
92032719,2023,2023-03-30,9320,2023-03-22,1900,022517,,3,2,9,0700,0,1,1,,2,180,"I-80 WB","SYCAMORE AVENUE UNDER CROSSING",2470.00,W,N,B,-,Y,CC,,80," "," ",9.265,H,,L,N,4,0,1,2,A,-,07,21658,A,M,B,C,A,B,H,-,B,A,0,,,,,Y,,-,99,0,0,1,0,0,0,0,0,0,"- ","- ",38.005931854248047,-122.27805328369141,"CONTRA COSTA",UNINCORPORATED,-122.27799987792969,38.005901336669922
92032740,2023,2023-03-30,9320,2023-03-22,1520,019914,,3,2,9,0700,0,1,1,,2,681,"I-680 NB","EL PINTADO UC",3000.00,N,N,B,-,Y,CC,,680," ",R,9.113,H,,R,Y,2,0,3,3,A,-,03,22350,,N,C,C,A,A,H,-,A,A,0,,,,,Y,,A,07,2,0,1,0,0,0,0,0,0,"- ","- ",37.837989807128906,-122.01407623291016,"CONTRA COSTA",UNINCORPORATED,-122.01408386230469,37.837982177734375
92032750,2023,2023-03-30,9320,2023-03-22,"620 ",017271,,3,1,3,0715,0,1,3,,2,241,"SR-24 W/B","DOLORES DR",1795.00,W,N,B,C,Y,CC,,24," ",R,5.510,H,,L,N,3,0,1,2,A,-,03,22350,,N,C,D,A,B,H,-,D,A,0,,,Y,,Y,,C,02,0,1,0,0,0,0,0,0,1,"- ","- ",37.890911102294922,-122.13480377197266,"CONTRA COSTA",LAFAYETTE,-122.13481140136719,37.890945434570312
92032867,2023,2023-03-30,9320,2023-03-23,"945 ",020009,,4,1,6,0704,0,1,3,,2,242,"SR-242 S/B","CONCORD AVE",300.00,S,N,A,-,Y,CC,,242," ",R,1.366,H,,L,N,4,0,1,3,A,-,03,22350,,N,C,C,A,A,H,-,A,A,0,,,,,Y,,A,08,0,0,1,0,0,0,0,0,0,"- ","- ",37.977439880371094,-122.04425811767578,"CONTRA COSTA",CONCORD,-122.0443115234375,37.977455139160156
92034572,2023,2023-03-31,9320,2023-03-23,1115,017530,,4,1,5,0701,0,1,3,,2,405,"SR4 WB","LONE TREE WAY",528.00,W,N,A,-,Y,CC,,4," ",R,32.477,H,,L,N,4,0,1,2,A,-,07,21658,A,N,B,C,A,A,H,-,A,A,0,,,,,Y,,A,07,0,0,1,0,0,0,0,0,0,"- ","- ",37.966701507568359,-121.73885345458984,"CONTRA COSTA",ANTIOCH,-121.73890686035156,37.966709136962891
92034588,2023,2023-03-31,9320,2023-03-23,1845,019914,,4,2,9,0700,0,1,1,,2,681,"I-680 NB","RUDGEAR ROAD",30.00,N,N,A,-,Y,CC,,680," ",R,12.655,H,,R,N,4,0,1,2,A,-,03,22350,,N,C,C,A,A,H,-,A,A,0,,,,,Y,,A,01,0,0,1,0,0,0,0,0,0,"- ","- ",37.879608154296875,-122.04930114746094,"CONTRA COSTA",UNINCORPORATED,-122.04929351806641,37.879611968994141
92034628,2023,2023-03-31,9320,2023-03-23,"955 ",018371,,4,1,9,0700,0,2,4,,1,042,"PACHECO BLVD","SHELL AVE",0.00,,Y,A,-,N,,,,,,,,,,N,3,0,2,2,A,-,01,23152,F,N,D,C,A,A,H,-,A,A,0,,,,,Y,Y,A,01,0,1,1,0,0,0,0,0,0,"- ","- ",38.012920379638672,-122.11794281005859,"CONTRA COSTA",UNINCORPORATED,-122.11792755126953,38.012886047363281
92034645,2023,2023-06-05,9320,2023-03-22,"601 ",016563,,3,1,3,0715,0,1,3,,2,241,"SR-24 E/B","EL NIDO RANCH RAOD",1050.00,E,N,B,C,Y,CC,,24," ",R,5.172,H,,R,Y,3,0,1,2,A,-,03,22350,,N,D,E,A,B,C,-,D,A,0,,,,,Y,,A,01,0,1,0,0,0,0,0,0,0,"- ","- ",37.891029357910156,-122.14041900634766,"CONTRA COSTA",LAFAYETTE,-122.14043426513672,37.890972137451172
92034668,2023,2023-03-31,9390,2023-03-21,1950,023100,,2,2,4,0790,0,1,1,,2,069,"I-680 NORTHBOUND","SYCAMORE VALLEY ROAD",5280.00,S,N,B,C,Y,CC,,680," ",R,7.060,H,,R,Y,4,0,1,1,A,-,03,22350,,N,E,I,A,B,H,-,C,D,0,,,,,Y,,A,07,0,0,1,0,0,0,0,0,0,"- ","- ",37.815601348876953,-121.99302673339844,"CONTRA COSTA",DANVILLE,-121.99323272705078,37.815605163574219
9203491,2020,2021-03-12,0705,2020-12-26,0939,E207,PATRO,6,5,3,0705,0,0,0,,0,011,"SAN PABLO AV","WALL AV",54.00,N,N,B,-,N,,,,,,,,,,Y,4,0,1,2,A,-,09,21801,A,N,D,C,A,B,H,-,A,A,0,,,,Y,Y,,F,26,0,0,1,0,0,0,0,0,0,"- ","- ",37.927940368652344,-122.32012176513672,"CONTRA COSTA","EL CERRITO",-122.32040405273438,37.927989959716797
9203493,2020,2021-02-03,0702,2020-11-11,1420,573J,204B,3,5,3,0702,0,0,0,,0,002,"BRENTWOOD BL","CENTTRAL BL",47.00,N,N,A,-,N,,,,,,,,,,Y,4,0,1,4,A,-,03,22350,,N,D,C,A,A,H,-,A,A,0,,,,Y,Y,,A,01,0,0,1,0,0,0,0,0,0,"- ","- ",37.939781188964844,-121.69622039794922,"CONTRA COSTA",BRENTWOOD,-121.69622039794922,37.939910888671875
9203517,2020,2021-02-22,0702,2020-12-10,1331,531B,127B,4,5,3,0702,0,0,0,,0,001,"EMPIRE AV","GRANT ST",0.00,,Y,A,-,N,,,,,,,,,,N,3,0,1,2,A,-,12,21453,A,N,H,G,A,A,H,-,A,A,0,,Y,,,Y,,L,04,0,1,0,0,0,0,1,0,0,"- ","- ",37.953910827636719,-121.73239135742188,"CONTRA COSTA",BRENTWOOD,-121.73245239257812,37.953910827636719
92035339,2023,2023-04-03,9370,2023-03-22,"510 ",022983,,3,3,5,0710,0,1,1,,2,058,"I-580 E/B","HARBOUR WAY",588.00,E,N,C,-,Y,CC,,580," ",R,3.474,H,,R,N,4,0,1,2,C,-,18,,,N,B,C,A,B,F,-,C,D,0,,,,,Y,,-,"- ",0,0,1,0,0,0,0,0,0,"- ","- ",37.922561645507812,-122.35820770263672,"CONTRA COSTA",RICHMOND,-122.35810852050781,37.922718048095703
92035343,2023,2023-04-03,9370,2023-03-22,"530 ",022983,,3,3,5,0710,0,1,1,,2,058,"I-580 E/B","HARBOUR WAY",647.00,E,N,C,-,Y,CC,,580," ",R,3.447,H,,L,Y,3,0,1,1,C,-,18,,,N,B,I,A,B,F,-,C,D,0,,,,,Y,,-,"- ",0,1,0,0,0,0,0,0,0,"- ","- ",37.92218017578125,-122.35771942138672,"CONTRA COSTA",RICHMOND,-122.35764312744141,37.922336578369141
92035520,2023,2023-04-03,9390,2023-03-23,1100,017095,,4,1,9,0700,0,2,4,,2,112,"CAMINO TASSAJARA","CREEKVIEW PLACE",175.00,E,N,B,-,N,,,,,,,,,,N,4,0,1,1,A,-,08,22107,,N,E,8,A,A,H,-,A,D,0,,,,,Y,,A,07,0,0,1,0,0,0,0,0,0,"- ","- ",37.798721313476562,-121.88771820068359,"CONTRA COSTA",UNINCORPORATED,-121.88789367675781,37.798809051513672
92035560,2023,2023-04-03,9320,2023-03-21,"20  ",022994,,2,3,3,0715,0,1,3,,2,241,"E/B SR-24","PLEASANT HILL ROAD",1760.00,W,N,A,-,Y,CC,,24," ",R,7.335,H,,R,Y,4,0,1,1,A,-,01,23152,A,N,F,0,A,A,H,-,C,A,0,,,,,Y,Y,A,01,0,0,1,0,0,0,0,0,0,"- ","- ",37.896938323974609,-122.10211181640625,"CONTRA COSTA",LAFAYETTE,-122.10209655761719,37.896881103515625
92035590,2023,2023-04-03,9320,2023-03-21,1520,021949,,2,2,5,0701,0,1,3,,2,404,"SR-4 W/B TO SR-160 N/B","OAKLEY RD.",1765.00,E,N,B,-,Y,CC,,160," ",L,0.489,H,,R,Y,4,0,1,1,A,-,08,22107,,N,E,I,A,B,H,-,A,A,0,,,,,Y,,A,01,0,0,1,0,0,0,0,0,0,"- ","- ",37.992969512939453,-121.75621795654297,"CONTRA COSTA",ANTIOCH,-121.75654602050781,37.993034362792969
92035801,2023,2023-04-03,9390,2023-03-24,1338,020368,,5,1,4,0790,0,1,1,,2,069,"I-680 NORTHBOUND","DIABLO ROAD",1584.00,S,N,A,-,Y,CC,,680," ",R,7.234,H,,R,Y,4,0,1,3,A,-,03,22350,,N,C,C,A,A,H,-,A,D,0,,,,,Y,,A,07,0,0,1,0,0,0,0,0,0,"- ","- ",37.818149566650391,-121.99315643310547,"CONTRA COSTA",DANVILLE,-121.99314880371094,37.818149566650391
92035816,2023,2023-04-03,9370,2023-03-22,"0   ",023189,,3,3,4,0711,0,1,1,,2,083,"I-80 E/B","EL PORTAL DRIVE",191.00,W,N,C,-,Y,CC,,80," "," ",5.225,H,,R,Y,4,0,1,1,A,-,03,22350,,N,E,J,A,B,H,-,C,D,0,,,,,Y,,A,07,0,0,1,0,0,0,0,0,0,"- ","- ",37.965850830078125,-122.32276153564453,"CONTRA COSTA","SAN PABLO",-122.32283020019531,37.965911865234375
92036549,2023,2023-04-04,9390,2023-03-27,"210 ",022478,,1,3,4,0791,0,1,1,,2,068,"I-680 S/B","BOLLINGER CANYON ROAD",1989.00,S,N,A,-,Y,CC,,680," ",R,2.500,H,,L,Y,3,0,1,2,A,-,03,22350,,N,C,C,A,A,H,-,C,D,0,,,,Y,Y,,A,07,0,1,0,0,0,0,0,0,0,"- ","- ",37.755058288574219,-121.96233367919922,"CONTRA COSTA","SAN RAMON",-121.96234130859375,37.755058288574219
92036708,2023,2023-04-04,9390,2023-03-28,1553,019740,,2,2,4,0790,0,1,1,,2,069,"I-680 SOUTHBOUND","SYCAMORE VALLEY ROAD",4224.00,S,N,B,C,Y,CC,,680," ",R,6.048,H,,L,Y,3,0,4,3,A,-,03,22350,,N,B,C,A,B,H,-,A,D,0,,,,,Y,,A,07,0,2,2,0,0,0,0,0,0,"- ","- ",37.801910400390625,-121.98892211914062,"CONTRA COSTA",DANVILLE,-121.98896789550781,37.801895141601562