CASE_ID,ACCIDENT_YEAR,PROC_DATE,JURIS,COLLISION_DATE,COLLISION_TIME,OFFICER_ID,REPORTING_DISTRICT,DAY_OF_WEEK,CHP_SHIFT,POPULATION,CNTY_CITY_LOC,SPECIAL_COND,BEAT_TYPE,CHP_BEAT_TYPE,CITY_DIVISION_LAPD,CHP_BEAT_CLASS,BEAT_NUMBER,PRIMARY_RD,SECONDARY_RD,DISTANCE,DIRECTION,INTERSECTION,WEATHER_1,WEATHER_2,STATE_HWY_IND,CALTRANS_COUNTY,CALTRANS_DISTRICT,STATE_ROUTE,ROUTE_SUFFIX,POSTMILE_PREFIX,POSTMILE,LOCATION_TYPE,RAMP_INTERSECTION,SIDE_OF_HWY,TOW_AWAY,COLLISION_SEVERITY,NUMBER_KILLED,NUMBER_INJURED,PARTY_COUNT,PRIMARY_COLL_FACTOR,PCF_CODE_OF_VIOL,PCF_VIOL_CATEGORY,PCF_VIOLATION,PCF_VIOL_SUBSECTION,HIT_AND_RUN,TYPE_OF_COLLISION,MVIW,PED_ACTION,ROAD_SURFACE,ROAD_COND_1,ROAD_COND_2,LIGHTING,CONTROL_DEVICE,CHP_ROAD_TYPE,PEDESTRIAN_ACCIDENT,BICYCLE_ACCIDENT,MOTORCYCLE_ACCIDENT,TRUCK_ACCIDENT,NOT_PRIVATE_PROPERTY,ALCOHOL_INVOLVED,STWD_VEHTYPE_AT_FAULT,CHP_VEHTYPE_AT_FAULT,COUNT_SEVERE_INJ,COUNT_VISIBLE_INJ,COUNT_COMPLAINT_PAIN,COUNT_PED_KILLED,COUNT_PED_INJURED,COUNT_BICYCLIST_KILLED,COUNT_BICYCLIST_INJURED,COUNT_MC_KILLED,COUNT_MC_INJURED,PRIMARY_RAMP,SECONDARY_RAMP,LATITUDE,LONGITUDE,COUNTY,CITY,POINT_X,POINT_Y
9206868,2020,2021-01-23,0740,2020-11-27,1520,SR501,,5,5,4,0791,0,0,0,,0,004,"ALCOSTA BL","DAVONA DR",0.00,,Y,A,-,N,,,,,,,,,,Y,4,0,2,2,A,-,12,21453,A,N,D,C,A,A,H,-,A,A,0,,,,,Y,,A,01,0,0,2,0,0,0,0,0,0,"- ","- ",37.724220275878906,-121.93697357177734,"CONTRA COSTA","SAN RAMON",-121.93701171875,37.724361419677734
9206869,2020,2021-01-25,0740,2020-11-23,1150,SR092,,1,5,4,0791,0,0,0,,0,001,"SAN ANDREAS CT","NORRIS CANYON RD",75.00,N,N,-,-,N,,,,,,,,,,N,4,0,1,2,A,-,"- ",,,N,-,-,A,-,-,-,-,-,0,,,Y,,Y,,-,,0,0,1,0,0,0,0,0,1,"- ","- ",37.771099090576172,-121.97345733642578,"CONTRA COSTA","SAN RAMON",-121.95816040039062,37.777976989746094
92068732,2023,2023-05-15,9320,2023-04-24,2148,023047,,1,2,4,0714,0,2,4,,2,038,"ALHAMBRA VALLEY ROAD","FERNDALE ROAD",188.00,W,N,A,-,N,,,,,,,,,,Y,4,0,1,1,A,-,01,23152,A,N,E,I,A,A,H,-,D,A,0,,,,,Y,Y,A,07,0,0,1,0,0,0,0,0,0,"- ","- ",37.968830108642578,-122.17669677734375,"CONTRA COSTA",MARTINEZ,-122.17630004882812,37.968822479248047
92068753,2023,2023-05-15,9320,2023-05-06,"845 ",018371,,6,1,9,0700,0,1,3,,2,240,"STATE ROUTE 24","WILDER RD",1320.00,W,N,C,-,Y,CC,,24," "," ",0.910,H,,R,N,3,0,1,3,A,-,03,22350,,N,C,C,A,B,C,-,A,A,0,,,,,Y,,A,01,0,1,0,0,0,0,0,0,0,"- ","- ",37.866790771484375,-122.20408630371094,"CONTRA COSTA",UNINCORPORATED,-122.20408630371094,37.866786956787109
92068763,2023,2023-05-15,9320,2023-05-06,1244,018086,,6,1,9,0700,0,1,1,,2,180,"I-80 EASTBOUND","CUMMING SKYWAY O/C",3696.00,W,N,B,-,Y,CC,,80," "," ",11.977,H,,R,N,3,0,2,4,A,-,03,22350,,N,B,C,A,A,H,-,A,D,0,,,,,Y,,D,22,0,2,0,0,0,0,0,0,0,"- ","- ",38.037460327148438,-122.24848175048828,"CONTRA COSTA",UNINCORPORATED,-122.24842834472656,38.037429809570312
9206888,2020,2021-02-02,0700,2020-11-26,2115,OA040,59,4,5,3,0734,0,0,0,,0,052,"EAST CYPRESS RD","KNIGHTSEN AV",186.00,E,N,A,-,N,,,,,,,,,,Y,2,0,2,2,A,-,01,23153,A,N,-,-,A,A,H,-,C,-,0,,,,,Y,,A,01,1,1,0,0,0,0,0,0,0,"- ","- ",,,"CONTRA COSTA",OAKLEY,-121.66764068603516,37.990657806396484
92069017,2023,2023-05-15,9320,2023-05-02,"755 ",016563,,2,1,3,0715,0,1,3,,2,241,"SR-24 E/B","EL NIDO RANCH ROAD",300.00,W,N,B,C,Y,CC,,24," ",R,4.896,H,,R,Y,2,0,2,2,A,-,03,22350,,N,B,C,A,B,H,-,A,A,0,,,,,Y,,A,01,2,0,0,0,0,0,0,0,0,"- ","- ",37.8909912109375,-122.14543151855469,"CONTRA COSTA",LAFAYETTE,-122.14542388916016,37.890960693359375
92069236,2023,2023-05-15,9320,2023-01-25,"816 ",022784,,3,1,6,0704,0,1,3,,2,242,"SR-242 N/B","CONCORD AVE",450.00,N,N,A,-,Y,CC,,242," ",R,1.605,H,,R,Y,2,0,4,6,A,-,08,22107,,N,C,4,E,A,H,-,A,A,0,Y,,,,Y,,D,22,3,1,0,0,3,0,0,0,0,"- ","- ",37.980579376220703,-122.04247283935547,"CONTRA COSTA",CONCORD,-122.04238128662109,37.980552673339844
92069571,2023,2023-05-16,9370,2023-05-04,1945,023135,,4,2,5,0710,0,1,1,,2,082,"I-80 E/B","CARLSON BOULEVARD",462.00,E,N,A,-,Y,CC,,80," "," ",1.094,H,,R,N,4,0,1,2,A,-,07,21658,A,N,B,C,A,A,H,-,A,D,0,,,,,Y,,A,01,0,0,1,0,0,0,0,0,0,"- ","- ",37.912078857421875,-122.31729888916016,"CONTRA COSTA",RICHMOND,-122.31731414794922,37.912078857421875
92069772,2023,2023-05-16,9320,2023-05-07,1941,022784,,7,2,3,0715,0,1,3,,2,241,"SR-24 EB","OAK HILL ROAD",5280.00,W,N,A,-,Y,CC,,24," ",R,5.172,H,,R,Y,3,0,1,1,A,-,08,22107,,N,A,I,A,A,H,-,A,A,0,,,,,Y,,A,01,0,1,0,0,0,0,0,0,0,"- ","- ",37.891071319580078,-122.14041137695312,"CONTRA COSTA",LAFAYETTE,-122.14044189453125,37.890972137451172
92069849,2023,2023-05-16,9320,2023-05-07,"325 ",022994,,7,3,3,0706,0,1,1,,2,180,"I-80 W/B","SYCAMORE AVE",50.00,W,N,A,-,Y,CC,,80," "," ",9.736,H,,L,Y,4,0,1,2,A,-,01,23152,A,N,B,C,A,A,H,-,D,A,0,,,,,Y,Y,A,01,0,0,1,0,0,0,0,0,0,"- ","- ",38.011428833007812,-122.27285766601562,"CONTRA COSTA",HERCULES,-122.27284240722656,38.011417388916016
92069867,2023,2023-05-16,9320,2023-05-08,1047,018371,,1,1,3,0792,0,1,3,,2,240,"STATE ROUTE 24 W/B","WIILDER ROAD",528.00,E,N,C,-,Y,CC,,24," "," ",1.363,H,,L,N,3,0,1,2,A,-,07,21658,A,N,D,C,A,B,H,-,A,A,0,,,,,Y,,A,01,0,1,0,0,0,0,0,0,0,"- ","- ",37.868480682373047,-122.19521331787109,"CONTRA COSTA",ORINDA,-122.19525909423828,37.868522644042969
92070082,2022,2023-05-16,9320,2022-11-16,0354,022706,,3,3,9,0700,0,1,3,,2,403,"SR-4 WB","BAILEY ROAD",3700.00,W,N,A,-,Y,CC,,4,,R,19.410,H,,L,N,1,1,0,2,A,-,11,21954,A,F,G,B,E,A,H,-,C,A,0,Y,,,,Y,,N,60,0,0,0,1,0,0,0,0,0,"- ","- ",38.020870208740234,-121.95449829101562,"CONTRA COSTA",UNINCORPORATED,-121.95449066162109,38.020896911621094
92070149,2023,2023-05-16,9320,2023-02-01,"415 ",022908,,3,3,4,0714,0,1,3,,2,402,"STATE ROUTE 4 WESTBOUND","CENTER AVENUE",1959.60,E,N,A,-,Y,CC,,4," ",R,9.569,H,,L,Y,1,1,0,2,A,-,03,22350,,N,C,C,A,A,H,-,D,A,0,,,,,Y,,A,07,0,0,0,0,0,0,0,0,0,"- ","- ",37.996639251708984,-122.11372375488281,"CONTRA COSTA",MARTINEZ,-122.11372375488281,37.996627807617188
92070732,2023,2023-05-17,9320,2023-05-08,"25  ",022534,,1,3,6,0704,0,1,3,,2,242,"SR-242 SOUTHBOUND","CONCORD AVENUE",525.00,N,N,A,-,Y,CC,,242," ",R,1.582,H,,L,Y,3,0,1,2,A,-,01,23152,A,N,C,C,A,A,H,-,C,A,0,,,,,Y,Y,A,01,0,1,0,0,0,0,0,0,0,"- ","- ",37.980430603027344,-122.04263305664062,"CONTRA COSTA",CONCORD,-122.04270172119141,37.980453491210938
92070757,2023,2023-05-17,9320,2023-05-09,1615,021847,,2,2,9,0700,0,2,4,,1,061,"DANVILLE BOULEVARD N/B","STONE VALLEY ROAD",300.00,N,N,A,-,N,,,,,,,,,,N,3,0,1,2,A,-,08,22107,,N,B,C,A,A,D,-,A,D,0,,Y,,,Y,,A,07,0,1,0,0,0,0,1,0,0,"- ","- ",37.851219177246094,-122.03298950195312,"CONTRA COSTA",UNINCORPORATED,-122.03298187255859,37.851001739501953
92070771,2023,2023-05-17,9320,2023-05-10,1805,019759,,3,2,9,0700,0,2,4,,2,096,"VASCO RD.","CAMINO DIABLO",15840.00,S,N,A,-,N,,,,,,,,,,N,4,0,1,2,A,-,03,22350,,N,C,C,A,A,H,-,A,A,0,,,,,Y,,A,01,0,0,1,0,0,0,0,0,0,"- ","- ",37.828758239746094,-121.65532684326172,"CONTRA COSTA",UNINCORPORATED,-121.66764068603516,37.865211486816406
92070915,2023,2023-05-17,9320,2023-05-08,1748,021792,,1,2,9,0700,0,1,1,,2,180,"WB I-80","CUMMINGS SKYWAY",350.00,E,N,A,-,Y,,,,,,,,,,Y,2,0,1,1,A,-,01,23152,A,N,E,I,A,A,H,-,A,A,0,,,,,Y,Y,A,01,1,0,0,0,0,0,0,0,0,"- ","- ",33.048641204833984,-122.23322296142578,"CONTRA COSTA",UNINCORPORATED,-122.23799133300781,38.045402526855469
92071112,2023,2023-05-17,9320,2023-05-12,"550 ",016503,,5,3,9,0700,0,3,5,,2,075,"PORT CHICAGO HIGHWAY","DRIFTWOOD DRIVE",1056.00,W,N,A,-,N,,,,,,,,,,N,3,0,1,1,A,-,08,22107,,N,F,I,A,A,B,-,A,D,0,,,,,Y,,A,01,0,1,0,0,0,0,0,0,0,"- ","- ",38.041240692138672,-121.98284149169922,"CONTRA COSTA",UNINCORPORATED,-121.98252105712891,38.041233062744141
92071654,2023,2023-05-18,9320,2023-05-10,1358,019759,,3,1,9,0700,0,3,5,,2,075,"WILLOW PASS RD.","PORT CHICAGO HIGHWAY",3.00,W,N,A,-,N,,,,,,,,,,N,3,0,1,2,A,-,12,21453,A,M,G,B,B,A,H,-,A,A,0,Y,,,,Y,,-,99,0,1,0,0,1,0,0,0,0,"- ","- ",38.026401519775391,-121.96025085449219,"CONTRA COSTA",UNINCORPORATED,-122.02960968017578,37.97857666015625
92071675,2023,2023-05-18,9320,2023-05-02,"440 ",022495,,2,3,3,0792,0,1,3,,2,240,"SR-24 WB","WILDER RD O/C",330.00,W,N,C,-,Y,CC,,24," "," ",1.133,H,,L,N,4,0,1,1,A,-,03,22350,,N,E,I,A,B,H,-,C,A,0,,,,,Y,,D,22,0,0,1,0,0,0,0,0,0,"- ","- ",37.867511749267578,-122.19950103759766,"CONTRA COSTA",ORINDA,-122.19950103759766,37.867424011230469
92071917,2022,2023-05-18,9320,2022-12-21,2046,021792,,3,2,9,0700,0,2,4,,2,043,"MARSH DRIVE","ARIA DR",148.00,N,N,A,-,N,,,,,,,,,,N,1,1,0,2,A,-,11,21954,A,F,G,B,E,A,H,-,D,A,0,Y,,,,Y,Y,N,60,0,0,0,1,0,0,0,0,0,"- ","- ",37.991939544677734,-122.06307983398438,"CONTRA COSTA",UNINCORPORATED,-122.0631103515625,37.991847991943359
92071960,2023,2023-05-18,9390,2023-05-11,1810,020368,,4,2,4,0790,0,1,1,,2,069,"I-680 NORTHBOUND","FOSTORIA WAY",3168.00,N,N,A,-,Y,CC,,680," ",R,4.970,H,,R,Y,4,0,1,1,C,-,18,,,N,E,I,A,A,H,-,A,D,0,,,,,Y,,-,"- ",0,0,1,0,0,0,0,0,0,"- ","- ",37.787628173828125,-121.98074340820312,"CONTRA COSTA",DANVILLE,-121.98068237304688,37.787651062011719
92072355,2023,2023-05-19,9320,2023-05-06,1700,022517,,6,2,5,0701,0,1,3,,2,405,"SR-4 EB","LAUREL ROAD OVER CROSSING",3710.00,W,N,A,-,Y,CC,,4," ",R,30.931,H,,R,Y,4,0,2,1,A,-,08,22107,,N,E,I,A,A,H,-,A,A,0,,,,,Y,,A,07,0,0,2,0,0,0,0,0,0,"- ","- ",37.9876708984375,-121.75103759765625,"CONTRA COSTA",ANTIOCH,-121.75093841552734,37.987743377685547
92072867,2023,2023-05-19,9370,2023-05-09,1845,023125,,2,2,5,0710,0,1,1,,2,082,"I-80 E/B","SUTTER AVE",50.00,W,N,A,-,Y,CC,,80," "," ",0.693,H,,R,N,3,0,1,2,A,-,07,21658,A,N,B,C,A,A,H,-,A,D,0,,,,,Y,,A,01,0,1,0,0,0,0,0,0,0,"- ","- ",37.906768798828125,-122.31478118896484,"CONTRA COSTA",RICHMOND,-122.31475067138672,37.906780242919922
92072882,2023,2023-05-19,9320,2023-05-02,1830,021185,,2,2,3,0792,0,1,3,,2,240,"STATE ROUTE 24 WESTBOUND","GATEWAY BOULEVARD",175.00,W,N,B,C,Y,CC,,24," "," ",1.163,H,,L,Y,3,0,2,2,A,-,03,22350,,N,C,2,A,B,H,-,A,A,0,,,,,Y,,A,01,0,2,0,0,0,0,0,0,0,"- ","- ",37.86737060546875,-122.1988525390625,"CONTRA COSTA",ORINDA,-122.1988525390625,37.867424011230469
92073033,2023,2023-05-19,9320,2023-05-13,"745 ",022505,,6,1,9,0700,0,2,4,,2,026,"TAYLOR BOULEVARD","WITHERS AVENUE",0.00,,Y,A,-,N,,,,,,,,,,Y,3,0,2,2,D,-,00,,,N,D,C,A,A,H,-,A,A,0,,,,,Y,,-,"- ",0,1,1,0,0,0,0,0,0,"- ","- ",37.933658599853516,-122.09571075439453,"CONTRA COSTA",UNINCORPORATED,-122.09571075439453,37.933624267578125
92073043,2023,2023-05-19,9320,2023-05-15,"855 ",017530,,1,1,9,0700,0,2,4,,2,088,"SELLERS AVE","DELTA ROAD",3168.00,S,N,A,-,N,,,,,,,,,,Y,4,0,1,1,A,-,08,22107,,N,E,I,A,A,H,-,A,D,0,,,,,Y,,A,01,0,0,1,0,0,0,0,0,0,"- ","- ",37.959999084472656,-121.67778778076172,"CONTRA COSTA",UNINCORPORATED,-121.67764282226562,37.960159301757812
92073194,2023,2023-05-19,9320,2023-05-12,"810 ",017271,,5,1,9,0700,0,2,4,,1,061,"HILLGRADE AVE","IRON HORSE REGIONAL TRAIL (EAST EDGE)",3.00,W,N,A,-,N,,,,,,,,,,N,2,0,1,2,A,-,09,21804,A,N,D,G,A,A,H,-,A,A,0,,Y,,,Y,,L,04,1,0,0,0,0,0,1,0,0,"- ","- ",37.868389129638672,-122.04643249511719,"CONTRA COSTA",UNINCORPORATED,-122.04647064208984,37.868385314941406
92073913,2023,2023-05-22,9320,2023-05-07,1930,022767,,7,2,9,0700,0,1,3,,2,404,"SR-4 W/B","HILLCREST AVE",500.00,E,N,B,-,Y,CC,,4," ",R,29.167,H,,L,Y,3,0,2,2,A,-,03,22350,,N,C,C,A,A,H,-,A,A,0,,,,,Y,,A,01,0,1,1,0,0,0,0,0,0,"- ","- ",37.995750427246094,-121.78127288818359,"CONTRA COSTA",UNINCORPORATED,-121.78130340576172,37.995624542236328
92073942,2023,2023-05-22,9320,2023-05-12,1615,022196,,5,2,4,0714,0,1,1,,2,683,I-680,"MARINA VISTA AVENUE",1600.00,N,N,A,-,Y,CC,,680," "," ",25.007,H,,L,N,4,0,1,2,A,-,03,22350,,F,C,C,A,A,H,-,A,A,0,,,,,Y,,-,99,0,0,1,0,0,0,0,0,0,"- ","- ",38.032688140869141,-122.11724853515625,"CONTRA COSTA",MARTINEZ,-122.11720275878906,38.032691955566406
92073988,2023,2023-05-22,9370,2023-05-02,"800 ",023196,,2,1,5,0710,0,1,1,,2,083,"I-80 E/B TO HILLTOP DRIVE","HILLTOP DRIVE",486.00,W,N,C,-,Y,,,,,,,,,,N,3,0,1,1,A,-,03,22350,,N,E,J,A,B,H,-,A,D,0,,,,,Y,,A,01,0,1,0,0,0,0,0,0,0,"- ","- ",37.974620819091797,-122.31768035888672,"CONTRA COSTA",RICHMOND,-122.31768035888672,37.974620819091797
92074024,2023,2023-05-22,9390,2023-05-12,1455,020368,,5,2,4,0791,0,1,1,,2,068,"I-680 SOUTHBOUND TO CROW CANYON RD","CROW CANYON ROAD",40.00,N,N,A,-,Y,,,,,,,,,,N,4,0,1,2,A,-,01,23152,A,N,C,C,A,A,H,-,A,D,0,,,,,Y,Y,A,07,0,0,1,0,0,0,0,0,0,"- ","- ",37.776790618896484,-121.97676849365234,"CONTRA COSTA","SAN RAMON",-121.97676849365234,37.776790618896484
92074033,2023,2023-05-22,9320,2023-01-08,1016,020009,,7,1,3,0792,0,1,3,,2,241,"STATE ROUTE 24 EASTBOUND (SR-24 E/B)","EL NIDO RANCH RD",472.00,W,N,B,-,Y,CC,,24," ",R,4.854,H,,R,N,1,2,0,1,A,-,08,22107,,N,E,I,A,B,H,-,A,A,0,,,,,Y,,A,01,0,0,0,0,0,0,0,0,0,"- ","- ",37.891040802001953,-122.14620971679688,"CONTRA COSTA",ORINDA,-122.14618682861328,37.890869140625
92074053,2023,2023-05-22,9320,2023-05-14,1150,018628,,7,1,9,0700,0,2,4,,2,095,"SR-4 (MARSH CREEK RD)","WALNUT BLVD",100.00,E,N,A,-,Y,CC,,4," ",M,38.997,H,,R,N,4,0,2,2,A,-,03,22350,,N,C,C,A,A,H,-,A,A,0,,,,,Y,,A,07,0,0,2,0,0,0,0,0,0,"- ","- ",37.896411895751953,-121.69561767578125,"CONTRA COSTA",UNINCORPORATED,-121.69561767578125,37.896327972412109
92074113,2023,2023-05-22,9320,2023-05-14,1530,022743,,7,2,9,0700,0,2,4,,2,023,"BEAR CREEK RD","HAPPY VALLEY RD",0.00,,Y,A,-,N,,,,,,,,,,N,3,0,1,2,A,-,08,22107,,N,D,C,A,A,H,-,A,A,0,,,,,Y,,A,01,0,1,0,0,0,0,0,0,0,"- ","- ",37.921321868896484,-122.16452026367188,"CONTRA COSTA",UNINCORPORATED,-122.16455078125,37.921321868896484
92074147,2023,2023-05-22,9320,2023-05-14,"410 ",023002,,7,3,3,0706,0,1,1,,2,180,"I-80 W/B","WILLOW AVE",1000.00,E,N,A,-,Y,CC,,80," "," ",10.906,H,,L,Y,3,0,2,2,A,-,01,23152,A,N,C,C,A,A,H,-,D,A,0,,,,,Y,Y,A,01,0,2,0,0,0,0,0,0,0,"- ","- ",38.025051116943359,-122.26020812988281,"CONTRA COSTA",HERCULES,-122.26018524169922,38.025035858154297
92074263,2023,2023-05-22,9320,2023-05-16,"5   ",022804,,2,3,5,0701,0,1,3,,2,404,"SR-4 WESTBOUND","SOMERSVILLE RD",2640.00,W,N,A,-,Y,CC,,4," "," ",25.493,H,,L,N,4,0,1,1,A,-,01,23152,A,N,E,I,A,A,H,-,C,A,0,,,,,Y,Y,A,01,0,0,1,0,0,0,0,0,0,"- ","- ",38.006431579589844,-121.84642791748047,"CONTRA COSTA",ANTIOCH,-121.84640502929688,38.006477355957031
92074304,2023,2023-05-22,9320,2023-05-15,1712,017219,,1,2,3,0715,0,1,3,,2,241,"SR-24 E/B","PLEASANT HILL RD",3340.00,W,N,A,-,Y,CC,,24," ",R,7.042,H,,L,Y,4,0,1,3,A,-,03,22350,,N,B,C,A,A,H,-,A,A,0,,,Y,,Y,,C,02,0,0,1,0,0,0,0,0,1,"- ","- ",37.896339416503906,-122.10759735107422,"CONTRA COSTA",LAFAYETTE,-122.10759735107422,37.896343231201172
92075146,2023,2023-05-23,9320,2023-05-16,"810 ",017530,,2,1,9,0700,0,2,4,,2,097,"VASCO RD","CAMINO DIABLO",8.00,N,N,A,-,N,,,,,,,,,,Y,3,0,1,2,A,-,05,21460,A,N,B,C,A,A,H,-,A,A,0,,,,,Y,,A,01,0,1,0,0,0,0,0,0,0,"- ","- ",37.865428924560547,-121.66796112060547,"CONTRA COSTA",UNINCORPORATED,-121.66766357421875,37.865226745605469
92075160,2023,2023-05-23,9320,2023-05-16,1750,021847,,2,2,9,0700,0,1,3,,2,403,"SR-4 E/B","SAN MARCO BLVD",3500.00,W,N,A,-,Y,CC,,4," ",R,18.074,H,,R,Y,4,0,1,2,A,-,03,22350,,N,C,C,A,A,H,-,A,A,0,,,,,Y,,A,01,0,0,1,0,0,0,0,0,0,"- ","- ",38.022628784179688,-121.97828674316406,"CONTRA COSTA",UNINCORPORATED,-121.97829437255859,38.022640228271484
92075266,2023,2023-05-23,9320,2023-05-17,"808 ",016094,,3,1,9,0700,0,1,3,,2,404,"SR-4 W/B","LOVERIDGE RD",150.00,W,N,A,-,Y,CC,,4," "," ",24.278,H,,L,Y,3,0,3,4,A,-,03,22350,,N,C,C,A,A,H,-,A,D,0,,,,,Y,,A,07,0,3,0,0,0,0,0,0,0,"- ","- ",38.012119293212891,-121.86779022216797,"CONTRA COSTA",UNINCORPORATED,-121.86779022216797,38.012115478515625
92075482,2023,2023-05-23,9320,2023-05-08,1105,016563,,1,1,3,0792,0,1,3,,2,240,"SR-24 EB","WILDER ROAD",1200.00,E,N,B,-,Y,CC,,24," "," ",1.401,H,,R,Y,3,0,1,1,A,-,03,22350,,N,E,I,A,B,H,-,A,A,0,,,,,Y,,A,01,0,1,0,0,0,0,0,0,0,"- ","- ",37.868598937988281,-122.19438934326172,"CONTRA COSTA",ORINDA,-122.19456481933594,37.868747711181641
92075483,2023,2023-05-23,9320,2023-05-19,1640,019759,,5,2,9,0700,0,1,3,,1,406,"SR-4 W/B","WALNUT BLVD.",500.00,E,N,A,-,Y,CC,,4," ",M,39.068,H,,L,Y,4,0,2,3,A,-,03,22350,,N,C,C,A,A,H,-,A,A,0,,,,,Y,,A,01,0,0,2,0,0,0,0,0,0,"- ","- ",37.896419525146484,-121.69431304931641,"CONTRA COSTA",UNINCORPORATED,-121.69431304931641,37.89642333984375
92075512,2023,2023-05-23,9320,2023-05-19,1605,022791,,5,2,9,0700,0,1,1,,2,681,"I-680 S/B","RUDGEAR ROAD",2640.00,S,N,A,-,Y,CC,,680," ",R,12.097,H,,L,N,4,0,1,2,A,-,03,22350,,N,C,C,A,A,H,-,A,A,0,,,,,Y,,D,22,0,0,1,0,0,0,0,0,0,"- ","- ",37.872810363769531,-122.04351806640625,"CONTRA COSTA",UNINCORPORATED,-122.04351806640625,37.872810363769531
92075556,2023,2023-05-23,9320,2023-05-20,"745 ",018371,,6,1,4,0790,0,1,1,,2,681,"INTERSTATE 680 SOUTHBOUND","LIVORNA RD",2640.00,N,N,A,-,Y,CC,,680," ",R,12.099,H,,L,N,4,0,3,3,A,-,03,22350,,N,C,C,A,A,H,-,A,A,0,,,,,Y,,A,01,0,0,3,0,0,0,0,0,0,"- ","- ",37.872859954833984,-122.04350280761719,"CONTRA COSTA",DANVILLE,-122.04354095458984,37.872840881347656
92076206,2023,2023-05-24,9370,2023-05-13,"630 ",022856,,6,1,5,0710,0,1,1,,2,058,"I-580 W/B","CUTTING BLVD",1030.00,W,N,B,-,Y,CC,,580," ",R,4.006,H,,L,Y,4,0,1,3,A,-,07,21658,A,N,B,C,A,A,H,-,B,D,0,,,,,Y,,A,01,0,0,1,0,0,0,0,0,0,"- ","- ",37.926799774169922,-122.36627197265625,"CONTRA COSTA",RICHMOND,-122.3663330078125,37.9266357421875
92076290,2023,2023-05-24,9320,2023-05-12,1640,023003,,5,2,9,0700,0,2,4,,2,011,"EB VALLEY VIEW RD","NB SOBRANTE AVE",0.00,,Y,A,-,N,,,,,,,,,,Y,4,0,1,2,A,-,09,21800,A,N,D,D,A,A,H,-,A,A,0,,,,Y,Y,,A,01,0,0,1,0,0,0,0,0,0,"- ","- ",37.977760314941406,-122.29347229003906,"CONTRA COSTA",UNINCORPORATED,-122.29351043701172,37.977676391601562
92076322,2023,2023-05-24,9320,2023-05-16,2300,022534,,2,3,9,0700,0,2,4,,2,071,"WILLOW PASS ROAD","SR-4 WESTBOUND TO WILLOW PASS ROAD",10.00,N,N,A,G,N,,,,,,,,,,Y,3,0,2,2,A,-,01,23152,A,N,C,2,A,A,H,-,C,A,0,,,,,Y,Y,A,01,0,1,1,0,0,0,0,0,0,"- ","- ",38.024589538574219,-121.96388244628906,"CONTRA COSTA",UNINCORPORATED,-122.05709075927734,37.965476989746094
92076469,2023,2023-05-24,9320,2023-05-17,"835 ",017271,,3,1,9,0700,0,2,4,,2,046,"OAK RD","WAYNE DR",10.00,S,N,A,-,N,,,,,,,,,,N,3,0,1,2,A,-,10,21950,A,N,G,B,B,A,H,-,A,A,0,Y,,,,Y,,A,07,0,1,0,0,1,0,0,0,0,"- ","- ",37.928829193115234,-122.05777740478516,"CONTRA COSTA",UNINCORPORATED,-122.05776214599609,37.928909301757812
92076611,2023,2023-05-24,9320,2023-05-18,2050,021281,,4,2,4,0714,0,1,3,,2,402,"SR-4 W/B","MORELLO AVENUE",750.00,E,N,A,-,Y,CC,,4," ",R,10.599,H,,L,Y,4,0,1,1,A,-,08,22107,,N,E,C,A,A,H,-,C,A,0,,,,,Y,,A,01,0,0,1,0,0,0,0,0,0,"- ","- ",37.990921020507812,-122.09638214111328,"CONTRA COSTA",MARTINEZ,-122.09639739990234,37.990776062011719
92077397,2023,2023-05-25,9320,2023-05-24,"650 ",017494,,3,1,5,0708,0,1,3,,2,403,"STATE ROUTE 4 W/B (CALIFORNIA DELTA HIGHWAY)","SAN MARCO BOULEVARD",2525.00,E,N,A,-,Y,CC,,4," ",R,19.271,H,,L,N,4,0,1,2,A,-,07,21658,A,N,B,C,A,B,H,-,A,A,0,,,Y,,Y,,A,07,0,0,1,0,0,0,0,0,1,"- ","- ",38.021369934082031,-121.95696258544922,"CONTRA COSTA",PITTSBURG,-121.95694732666016,38.021408081054688
92077515,2023,2023-05-25,9390,2023-05-16,1430,019612,,2,2,4,0790,0,2,4,,2,111,"BLACKHAWK RD.","OAKRIDGE LN.",50.00,E,N,A,-,N,,,,,,,,,,N,4,0,1,2,A,-,04,21703,,N,C,C,A,A,H,-,A,D,0,,,,,Y,,A,07,0,0,1,0,0,0,0,0,0,"- ","- ",37.822238922119141,-121.92182922363281,"CONTRA COSTA",DANVILLE,-121.92184448242188,37.822246551513672