CASE_ID,ACCIDENT_YEAR,PROC_DATE,JURIS,COLLISION_DATE,COLLISION_TIME,OFFICER_ID,REPORTING_DISTRICT,DAY_OF_WEEK,CHP_SHIFT,POPULATION,CNTY_CITY_LOC,SPECIAL_COND,BEAT_TYPE,CHP_BEAT_TYPE,CITY_DIVISION_LAPD,CHP_BEAT_CLASS,BEAT_NUMBER,PRIMARY_RD,SECONDARY_RD,DISTANCE,DIRECTION,INTERSECTION,WEATHER_1,WEATHER_2,STATE_HWY_IND,CALTRANS_COUNTY,CALTRANS_DISTRICT,STATE_ROUTE,ROUTE_SUFFIX,POSTMILE_PREFIX,POSTMILE,LOCATION_TYPE,RAMP_INTERSECTION,SIDE_OF_HWY,TOW_AWAY,COLLISION_SEVERITY,NUMBER_KILLED,NUMBER_INJURED,PARTY_COUNT,PRIMARY_COLL_FACTOR,PCF_CODE_OF_VIOL,PCF_VIOL_CATEGORY,PCF_VIOLATION,PCF_VIOL_SUBSECTION,HIT_AND_RUN,TYPE_OF_COLLISION,MVIW,PED_ACTION,ROAD_SURFACE,ROAD_COND_1,ROAD_COND_2,LIGHTING,CONTROL_DEVICE,CHP_ROAD_TYPE,PEDESTRIAN_ACCIDENT,BICYCLE_ACCIDENT,MOTORCYCLE_ACCIDENT,TRUCK_ACCIDENT,NOT_PRIVATE_PROPERTY,ALCOHOL_INVOLVED,STWD_VEHTYPE_AT_FAULT,CHP_VEHTYPE_AT_FAULT,COUNT_SEVERE_INJ,COUNT_VISIBLE_INJ,COUNT_COMPLAINT_PAIN,COUNT_PED_KILLED,COUNT_PED_INJURED,COUNT_BICYCLIST_KILLED,COUNT_BICYCLIST_INJURED,COUNT_MC_KILLED,COUNT_MC_INJURED,PRIMARY_RAMP,SECONDARY_RAMP,LATITUDE,LONGITUDE,COUNTY,CITY,POINT_X,POINT_Y
92099869,2023,2023-06-22,9320,2023-06-14,1450,019914,,3,2,9,0700,0,1,1,,2,682,"I-680 NB TO LIVORNA ROAD","LIVORNA ROAD",0.00,,Y,A,-,N,,,,,,,,,,Y,4,0,2,2,A,-,09,21802,A,N,D,C,A,A,H,-,A,A,0,,,,,Y,,A,01,0,0,2,0,0,0,0,0,0,"- ","- ",37.863498687744141,-122.03502655029297,"CONTRA COSTA",UNINCORPORATED,-122.03535461425781,37.863368988037109
92099883,2023,2023-06-22,9320,2023-06-21,1820,022743,,3,2,6,0704,0,1,3,,2,402,"SR-4 E/B","PORT CHICAGO HIGHWAY",1675.00,E,N,A,-,Y,CC,,4," ",R,15.771,H,,R,Y,4,0,1,2,A,-,03,22350,,N,C,C,A,A,H,-,A,A,0,,,,,Y,,A,01,0,0,1,0,0,0,0,0,0,"- ","- ",38.010410308837891,-122.01685333251953,"CONTRA COSTA",CONCORD,-122.01686096191406,38.010452270507812
92100768,2023,2023-06-23,9320,2023-06-22,1645,021792,,4,2,9,0700,0,1,3,,2,401,"SR-4 E/B","CUMMINGS SKYWAY",789.00,W,N,A,-,Y,CC,,4," ",R,4.475,H,,R,N,3,0,1,2,A,-,03,22350,,N,C,C,A,A,H,-,A,D,0,,,,,Y,,A,01,0,1,0,0,0,0,0,0,0,"- ","- ",38.014289855957031,-122.19307708740234,"CONTRA COSTA",UNINCORPORATED,-122.19310760498047,38.014324188232422
92101848,2023,2023-06-26,9320,2023-06-17,"230 ",023057,,6,3,6,0704,0,1,3,,2,402,"SR-4 E/B","WILLOW PASS CONCORD",2000.00,W,N,A,-,Y,CC,,4," ",R,16.515,H,,R,Y,3,0,1,2,A,-,03,22350,,N,B,C,A,A,D,-,D,A,0,,,Y,,Y,,C,02,0,1,0,0,0,0,0,0,1,"- ","- ",38.012508392333984,-122.00318908691406,"CONTRA COSTA",CONCORD,-122.00320434570312,38.012557983398438
92102145,2023,2023-06-26,9320,2023-06-18,"105 ",017211,,7,3,3,0706,0,1,1,,2,180,"INTERSTATE 80 W/B","CALIFORNIA STREET",1600.00,W,N,B,-,Y,CC,,80," "," ",11.085,H,,L,Y,2,0,1,2,A,-,03,22350,,N,A,E,A,A,C,-,D,A,0,,,,,Y,,A,07,1,0,0,0,0,0,0,0,0,"- ","- ",38.027141571044922,-122.25823974609375,"CONTRA COSTA",HERCULES,-122.25822448730469,38.027133941650391
92102229,2023,2023-06-26,9365,2023-06-18,1015,019458,,7,1,9,0700,0,1,1,,2,001,"I-80 W/B TO POMONA ST","POMONA STREET",575.00,E,N,A,-,Y,,,,,,,,,,N,4,0,1,1,C,-,18,,,N,E,I,A,A,H,-,A,D,0,,,,,Y,,-,"- ",0,0,1,0,0,0,0,0,0,"- ","- ",38.054821014404297,-122.22869873046875,"CONTRA COSTA",UNINCORPORATED,-122.22869873046875,38.054821014404297
92102409,2023,2023-06-26,9320,2023-06-19,1115,022748,,1,1,5,0708,0,1,3,,2,403,"SR-4 E/B","SAN MARCO BLVD.",1584.00,E,N,A,-,Y,CC,,4," ",R,19.232,H,,R,Y,2,0,1,1,C,-,18,,,N,H,A,A,A,H,-,A,A,0,,,,,Y,,-,"- ",1,0,0,0,0,0,0,0,0,"- ","- ",38.021259307861328,-121.95767974853516,"CONTRA COSTA",PITTSBURG,-121.95765686035156,38.021339416503906
9210250,2020,2021-01-09,0701,2020-10-06,1348,5323,504,2,5,5,0701,0,0,0,,0,005,"BLUEROCK DR","LONE TREE WY",200.00,N,N,A,-,N,,,,,,,,,,Y,4,0,1,1,A,-,03,22350,,N,A,I,A,A,H,-,A,A,0,,,,,Y,,A,01,0,0,1,0,0,0,0,0,0,"- ","- ",,,"CONTRA COSTA",ANTIOCH,-121.80191040039062,37.977443695068359
92102926,2023,2023-06-27,9320,2023-05-17,1900,021185,,3,2,4,0709,0,1,1,,2,683,"I-680 S/B TO CONCORD AVE","CONCORD AVE",675.00,N,N,A,-,Y,,,,,,,,,,N,3,0,2,2,A,-,03,22350,,F,C,C,A,A,H,-,A,A,0,,,,,Y,,D,22,0,2,0,0,0,0,0,0,0,"- ","- ",37.9776611328125,-122.06539916992188,"CONTRA COSTA","PLEASANT HILL",-122.06539916992188,37.9776611328125
92102951,2023,2023-06-27,9320,2023-06-17,"45  ",022994,,6,3,9,0700,0,1,3,,2,405,"SR-4 W/B","MARSH CREEK ROAD",2100.00,W,N,A,-,Y,CC,,4," ",R,37.692,H,,L,Y,4,0,1,1,A,-,01,23152,A,N,F,A,A,A,H,-,D,A,0,,,,,Y,Y,A,01,0,0,1,0,0,0,0,0,0,"- ","- ",37.899120330810547,-121.71775054931641,"CONTRA COSTA",UNINCORPORATED,-121.71771240234375,37.899143218994141
92103067,2023,2023-06-27,9320,2023-06-20,1030,021847,,2,1,4,0709,0,1,1,,2,682,"I-680 N/B TO CONTRA COSTA BLVD OFF-RAMP","CONTRA COSTA BLVD",400.00,S,N,A,-,Y,,,,,,,,,,Y,4,0,1,1,A,-,08,22107,,N,E,C,A,A,H,-,A,A,0,,,,,Y,,A,07,0,0,1,0,0,0,0,0,0,"- ","- ",37.940418243408203,-122.05957794189453,"CONTRA COSTA","PLEASANT HILL",-122.05957794189453,37.940418243408203
92103081,2023,2023-06-27,9370,2023-06-21,2340,022841,,3,3,5,0710,0,1,1,,2,082,"I-80 E/B","CARLSON BOULEVARD",202.00,W,N,A,-,Y,CC,,80," "," ",0.956,H,,R,N,4,0,1,2,A,-,03,22350,,N,C,C,A,A,H,-,D,D,0,,,,,Y,,A,01,0,0,1,0,0,0,0,0,0,"- ","- ",37.910148620605469,-122.31690979003906,"CONTRA COSTA",RICHMOND,-122.31694030761719,37.910140991210938
92103123,2023,2023-06-27,9320,2023-06-15,1700,016094,,4,2,9,0700,0,1,1,,2,681,"I-680 N/B","RUDGEAR RD",3960.00,S,N,A,-,Y,CC,,680," ",R,12.128,H,,R,Y,3,0,1,2,A,-,03,22350,,N,C,C,A,A,H,-,A,D,0,,,,,Y,,A,01,0,1,0,0,0,0,0,0,0,"- ","- ",37.873321533203125,-122.04367065429688,"CONTRA COSTA",UNINCORPORATED,-122.04361724853516,37.873340606689453
92103137,2023,2023-06-27,9320,2023-06-20,1045,022804,,2,1,9,0700,0,2,4,,2,046,"TREAT BLVD","BUSKIRK AVE.",0.00,,Y,A,-,N,,,,,,,,,,Y,4,0,1,2,A,-,09,21453,C,M,D,C,A,A,H,-,C,A,0,,,,,Y,,-,99,0,0,1,0,0,0,0,0,0,"- ","- ",37.926479339599609,-122.06006622314453,"CONTRA COSTA",UNINCORPORATED,-122.06002044677734,37.926460266113281
92103171,2023,2023-06-27,9320,2023-06-10,1655,022915,,6,2,3,0707,0,1,1,,2,180,"I-80 E/B","PINOLE VALLEY RD",500.00,E,N,A,-,Y,CC,,80," "," ",8.614,H,,R,N,3,0,1,3,A,-,07,21658,A,M,C,C,A,A,H,-,A,A,0,,,Y,,Y,,-,99,0,1,0,0,0,0,0,0,1,"- ","- ",37.998130798339844,-122.28498840332031,"CONTRA COSTA",PINOLE,-122.28497314453125,37.998119354248047
9210324,2020,2021-01-14,0708,2020-11-07,1350,338,,6,5,5,0708,0,0,0,,0,002,"HARBOR ST","CENTRAL AV",0.00,,Y,A,-,N,,,,,,,,,,Y,4,0,1,2,A,-,12,22450,A,N,D,C,A,A,H,-,A,A,0,,,,,Y,,A,01,0,0,1,0,0,0,0,0,0,"- ","- ",,,"CONTRA COSTA",PITTSBURG,-121.87960052490234,38.023540496826172
92103271,2023,2023-06-27,9370,2023-06-12,1620,023135,,1,2,5,0710,0,1,1,,2,082,"I-80 E/B TO CARLSON BOULEVARD","CARLSON BOULEVARD",34.00,W,N,A,-,Y,CC,,80," "," ",0.972,H,,R,N,2,0,1,3,A,-,01,23153,A,N,C,2,A,A,H,-,A,A,0,,,,,Y,Y,A,01,1,0,0,0,0,0,0,0,0,"- ","- ",37.910438537597656,-122.31674194335938,"CONTRA COSTA",RICHMOND,-122.31703186035156,37.910354614257812
92103305,2023,2023-06-27,9390,2023-06-18,2233,022303,,7,3,9,0700,0,3,5,,2,100,"COLLIER CANYON ROAD","CARNEAL ROAD",1214.00,N,N,A,-,N,,,,,,,,,,N,3,0,3,1,A,-,08,22107,,N,E,I,A,A,H,-,D,D,0,,,,,Y,,A,07,0,2,1,0,0,0,0,0,0,"- ","- ",37.762481689453125,-121.81897735595703,"CONTRA COSTA",UNINCORPORATED,-121.81894683837891,37.762355804443359
92103360,2023,2023-06-27,9320,2023-06-20,"620 ",016563,,2,1,3,0792,0,1,3,,2,240,"SR-24 E/B","ST. STEPHENS DRIVE",160.00,W,N,A,-,Y,CC,,24," ",R,3.437,H,,R,Y,3,0,1,1,A,-,08,22107,,N,E,I,A,A,H,-,A,A,0,,,,,Y,,A,01,0,1,0,0,0,0,0,0,0,"- ","- ",37.891281127929688,-122.17173767089844,"CONTRA COSTA",ORINDA,-122.17169189453125,37.891212463378906
92103395,2023,2023-06-27,9320,2023-06-19,1140,016563,,1,1,3,0792,0,1,3,,2,240,"SR-24 W/B","WILDER ROAD",1000.00,W,N,A,-,Y,CC,,24," "," ",1.039,H,,L,Y,2,0,1,2,A,-,07,21658,A,F,B,C,A,A,H,-,A,A,0,,,,,Y,,-,99,1,0,0,0,0,0,0,0,0,"- ","- ",37.867450714111328,-122.20156097412109,"CONTRA COSTA",ORINDA,-122.20155334472656,37.867408752441406
92104354,2023,2023-06-28,9390,2023-06-22,"544 ",017095,,4,3,4,0791,0,1,1,,2,068,"I-680 S/B","PINE VALLEY ROAD",1584.00,S,N,B,-,Y,CC,,680," ",R,0.925,H,,L,Y,4,0,1,1,A,-,08,22107,,N,E,8,A,A,H,-,B,D,0,,,,,Y,,D,22,0,0,1,0,0,0,0,0,0,"- ","- ",37.734710693359375,-121.94918060302734,"CONTRA COSTA","SAN RAMON",-121.94908905029297,37.734752655029297
9210480,2020,2021-01-19,0704,2020-10-10,2258,0537,,6,5,6,0704,0,0,0,,0,005,"TREAT BL","TURTLE CREEK RD",198.00,N,N,A,-,N,,,,,,,,,,Y,2,0,1,2,A,-,11,21954,A,N,G,B,E,A,H,-,C,D,0,Y,,,,Y,Y,N,60,1,0,0,0,1,0,0,0,0,"- ","- ",37.958728790283203,-121.99649810791016,"CONTRA COSTA",CONCORD,-121.99598693847656,37.959907531738281
92104959,2023,2023-06-29,9320,2023-06-16,"20  ",022928,,5,3,9,0700,0,3,5,,2,039,"MARIPOSA STREET","DEMPSEY WAY",160.00,W,N,A,-,N,,,,,,,,,,Y,4,0,1,2,A,-,01,23152,A,N,D,E,A,A,H,-,C,A,0,,,,,Y,Y,A,01,0,0,1,0,0,0,0,0,0,"- ","- ",38.037300109863281,-122.26083374023438,"CONTRA COSTA",UNINCORPORATED,-122.26079559326172,38.037338256835938
92104961,2023,2023-06-29,9370,2023-06-11,1650,023189,,7,2,9,0700,0,1,3,,2,023,"SR-24 W/B","EAST EDGE OF CALDECOTT TUNNEL BORE #4",800.00,W,N,A,-,Y,,,,,,,,,,N,4,0,1,3,A,-,03,22350,,F,C,C,A,A,H,-,A,D,0,,,,,Y,,A,01,0,0,1,0,0,0,0,0,0,"- ","- ",37.8560791015625,-122.21630859375,"CONTRA COSTA",UNINCORPORATED,,
92105391,2023,2023-06-29,9320,2023-06-26,1640,019759,,1,2,9,0700,0,2,4,,2,096,"VASCO RD.","CAMINO DIABLO",9504.00,S,N,A,-,N,,,,,,,,,,Y,4,0,1,3,A,-,03,22350,,M,C,C,A,A,H,-,A,A,0,,,,,Y,,A,01,0,0,1,0,0,0,0,0,0,"- ","- ",37.846378326416016,-121.64666748046875,"CONTRA COSTA",UNINCORPORATED,-121.66764068603516,37.865211486816406
92106954,2023,2023-06-30,9320,2023-06-16,1438,022784,,5,2,6,0704,0,1,3,,2,402,"SR-4 EB","PORT CHICAGO HIGHWAY",4400.00,E,N,A,-,Y,CC,,4," ",R,16.281,H,,R,N,2,0,1,2,A,-,03,22350,,N,C,C,A,A,H,-,A,A,0,,,Y,,Y,,C,02,1,0,0,0,0,0,0,0,1,"- ","- ",38.011871337890625,-122.00743865966797,"CONTRA COSTA",CONCORD,-122.0074462890625,38.01190185546875
92106969,2023,2023-06-30,9320,2023-06-17,"311 ",023061,,6,3,6,0704,0,1,3,,2,402,"SR-4 EB","WILLOW PASS RD",1848.00,W,N,A,-,Y,CC,,4," ",R,16.476,H,,R,Y,3,0,5,3,A,-,08,22107,,N,B,2,A,A,D,-,C,A,0,,,,,Y,,A,01,0,1,4,0,0,0,0,0,0,"- ","- ",38.01239013671875,-122.00386047363281,"CONTRA COSTA",CONCORD,-122.00387573242188,38.012451171875
92107241,2023,2023-06-30,9320,2023-06-28,1235,016094,,3,1,5,0701,0,1,3,,2,404,"SR-4 W/B","A ST.",2105.00,E,N,A,-,Y,CC,,4," ",R,28.107,H,,L,Y,3,0,3,2,A,-,08,22107,,N,E,I,A,A,H,-,A,A,0,,,,,Y,,A,01,0,3,0,0,0,0,0,0,0,"- ","- ",37.998519897460938,-121.80052185058594,"CONTRA COSTA",ANTIOCH,-121.80052185058594,37.998268127441406
92107312,2023,2023-06-30,9320,2023-06-28,1030,016094,,3,1,9,0700,0,1,3,,2,402,"SR-4 E/B",I-680,1584.00,W,N,A,-,Y,CC,,4," "," ",12.426,H,,R,N,3,0,1,2,A,-,03,22350,,N,C,C,A,A,H,-,A,A,0,,,,,Y,,A,07,0,1,0,0,0,0,0,0,0,"- ","- ",37.993061065673828,-122.07389068603516,"CONTRA COSTA",UNINCORPORATED,-122.07390594482422,37.993091583251953
92107395,2023,2023-07-26,9320,2023-06-20,1745,022767,,2,2,9,0700,0,1,3,,2,402,"SR-4 E/B","SOLANO WAY",400.00,W,N,A,-,Y,CC,,4," ",R,13.512,H,,R,Y,3,0,1,2,A,-,07,21658,A,N,C,C,A,A,H,-,A,A,0,,,Y,,Y,,A,01,0,1,0,0,0,0,0,0,1,"- ","- ",38.000270843505859,-122.05580902099609,"CONTRA COSTA",UNINCORPORATED,-122.05579376220703,38.000232696533203
92107398,2023,2023-06-30,9320,2023-06-10,1610,022915,,6,2,9,0700,0,1,3,,2,402,"SR-4 W/B","MCEWEN RD",5280.00,E,N,A,-,Y,CC,,4," ",R,6.288,H,,L,Y,4,0,1,2,A,-,07,21658,A,N,B,2,A,A,H,-,A,A,0,,,,,Y,,A,07,0,0,1,0,0,0,0,0,0,"- ","- ",38.005828857421875,-122.16177368164062,"CONTRA COSTA",UNINCORPORATED,-122.16177368164062,38.005821228027344
92107496,2023,2023-06-30,9320,2023-06-18,1830,022915,,7,2,9,0700,0,2,4,,2,012,"VALLEY VIEW RD","SOBRANTE AVE",0.00,,Y,A,-,N,,,,,,,,,,Y,3,0,3,3,A,-,01,23152,A,N,D,C,A,A,H,-,A,A,0,,,,,Y,Y,A,01,0,1,2,0,0,0,0,0,0,"- ","- ",37.977668762207031,-122.29360961914062,"CONTRA COSTA",UNINCORPORATED,-122.29351043701172,37.977676391601562
92107987,2023,2023-07-03,9370,2023-06-22,"625 ",022430,,4,1,5,0710,0,1,1,,2,008,"INTERSTATE 80 WESTBOUND","EL PORTAL DRIVE",1885.00,W,N,B,-,Y,CC,,80," "," ",4.881,H,,L,N,3,0,1,2,A,-,03,22350,,N,B,C,A,A,H,-,A,A,0,,,Y,,Y,,C,02,0,1,0,0,0,0,0,0,1,"- ","- ",37.963321685791016,-122.32790374755859,"CONTRA COSTA",RICHMOND,-122.32788848876953,37.963310241699219
92108156,2023,2023-07-03,9320,2023-05-26,2045,022896,,5,2,9,0700,0,2,4,,2,093,"BYRON HOT SPRINGS RD","HOLEY RD",1150.00,S,N,A,-,N,,,,,,,,,,Y,2,0,3,1,A,-,08,22107,,F,F,0,A,A,H,-,A,A,0,,,,,Y,,D,22,3,0,0,0,0,0,0,0,0,"- ","- ",37.827739715576172,-121.614013671875,"CONTRA COSTA",UNINCORPORATED,-121.62307739257812,37.831050872802734
92108162,2023,2023-07-03,9320,2023-06-10,2305,023002,,6,3,9,0700,0,3,5,,2,075,"LEVEE ROAD","WHARF DRIVE",50.00,E,N,A,-,N,,,,,,,,,,N,2,0,1,3,A,-,08,22107,,M,C,E,A,A,H,-,D,A,0,,,,,Y,,A,01,1,0,0,0,0,0,0,0,0,"- ","- ",38.040760040283203,-121.97570037841797,"CONTRA COSTA",UNINCORPORATED,-121.97587585449219,38.040775299072266
92108178,2023,2023-07-03,9320,2023-06-15,1800,022743,,4,2,3,0707,0,1,1,,2,180,"I-80 E/B","PINOLE VALLEY RD",1800.00,W,N,A,-,Y,CC,,80," "," ",8.163,H,,R,N,4,0,3,2,A,-,08,22107,,M,B,C,A,A,H,-,A,A,0,,,,,Y,,-,99,0,0,3,0,0,0,0,0,0,"- ","- ",37.994781494140625,-122.29167938232422,"CONTRA COSTA",PINOLE,-122.29167175292969,37.994735717773438
92108233,2023,2023-07-03,9320,2023-06-27,"815 ",021797,,2,1,3,0792,0,1,3,,2,241,"SR-24 WESTBOUND","ACALANES ROAD",5280.00,E,N,B,-,Y,CC,,24," ",R,5.222,H,,L,N,4,0,2,2,A,-,03,22350,,N,C,C,A,A,H,-,A,D,0,,,,,Y,,D,22,0,0,2,0,0,0,0,0,0,"- ","- ",37.891231536865234,-122.13999176025391,"CONTRA COSTA",ORINDA,-122.13997650146484,37.891281127929688
92108248,2023,2023-07-03,9320,2023-06-22,2330,022994,,4,3,9,0700,0,1,3,,2,403,"SR-4 E/B","SAN MARCO BOULEVARD",300.00,E,N,A,-,Y,CC,,4," ",R,18.830,H,,R,N,4,0,1,2,A,-,03,22350,,M,C,C,A,A,D,-,D,A,0,,,,,Y,,-,99,0,0,1,0,0,0,0,0,0,"- ","- ",38.022659301757812,-121.96485900878906,"CONTRA COSTA",UNINCORPORATED,-121.96485137939453,38.022689819335938
92108257,2023,2023-07-03,9320,2023-06-23,1215,020009,,5,1,3,0715,0,1,3,,2,241,"SR-24 E/B","DOLORES DR",2000.00,W,N,A,-,Y,CC,,24," ",R,5.405,H,,R,N,4,0,3,2,A,-,07,21658,A,N,B,C,A,A,H,-,A,A,0,,,,,Y,,A,01,0,0,3,0,0,0,0,0,0,"- ","- ",37.890350341796875,-122.13629913330078,"CONTRA COSTA",LAFAYETTE,-122.13629913330078,37.890373229980469
92108258,2023,2023-07-03,9320,2023-06-28,"25  ",022886,,3,3,3,0702,0,1,3,,2,405,"SR-4 E/B","LONE TREE WAY",1478.00,W,N,A,-,Y,CC,,4," ",R,32.612,H,,R,Y,3,0,1,1,A,-,08,22107,,N,F,I,A,A,H,-,C,A,0,,,,,Y,,A,01,0,1,0,0,0,0,0,0,0,"- ","- ",37.965229034423828,-121.74043273925781,"CONTRA COSTA",BRENTWOOD,-121.74032592773438,37.965183258056641
92108277,2023,2023-07-03,9370,2023-06-18,"54  ",022850,,7,3,5,0710,0,1,1,,2,082,"I-80 W/B",MCBRYDE,725.00,W,N,A,-,Y,CC,,80," "," ",3.654,H,,L,Y,4,0,1,1,A,-,08,22107,,N,E,I,A,A,H,-,C,D,0,,,,,Y,,A,07,0,0,1,0,0,0,0,0,0,"- ","- ",37.946739196777344,-122.32539367675781,"CONTRA COSTA",RICHMOND,-122.32530212402344,37.946765899658203
92108404,2023,2023-07-03,9320,2023-06-24,1445,022743,,6,2,5,0712,0,2,4,,1,061,"DANVILLE BLVD","RUDGEAR RD",0.00,,Y,A,-,N,,,,,,,,,,N,4,0,1,2,A,-,10,21950,A,N,G,B,A,A,H,-,A,A,0,,,,,Y,,A,07,0,0,1,0,0,0,0,0,0,"- ","- ",37.878860473632812,-122.05000305175781,"CONTRA COSTA","WALNUT CREEK",-122.04982757568359,37.878688812255859
92108680,2023,2023-07-03,9320,2023-06-20,1030,019546,,2,1,9,0700,0,1,3,,2,405,"SR-4 E/B","WILD HORSE ROAD",2123.00,W,N,A,-,Y,CC,,4," ",R,30.864,H,,R,Y,3,0,3,3,A,-,08,22107,,N,D,2,A,A,H,-,A,A,0,,,,,Y,,A,07,0,2,1,0,0,0,0,0,0,"- ","- ",37.988361358642578,-121.75180816650391,"CONTRA COSTA",UNINCORPORATED,-121.75178527832031,37.988380432128906
92108693,2023,2023-07-03,9320,2023-06-29,"940 ",021472,,4,1,9,0700,0,3,5,,2,020,"OAK ROAD","COGGINS DRIVE",0.00,,Y,A,-,N,,,,,,,,,,Y,4,0,1,2,A,-,12,21453,A,N,B,C,A,A,H,-,A,A,0,,,,,Y,,A,07,0,0,1,0,0,0,0,0,0,"- ","- ",37.927539825439453,-122.05744934082031,"CONTRA COSTA",UNINCORPORATED,-122.05898284912109,37.9332275390625
92108703,2023,2023-07-03,9320,2023-06-30,"40  ",023047,,5,3,9,0700,0,2,4,,2,038,"BRIONES ROAD NORTHBOUND","ALHAMBRA VALLEY ROAD",3432.00,S,N,A,-,N,,,,,,,,,,Y,3,0,1,1,A,-,08,22107,,N,E,I,A,A,H,-,D,D,0,,,,,Y,,A,01,0,1,0,0,0,0,0,0,0,"- ","- ",37.958198547363281,-122.1343994140625,"CONTRA COSTA",UNINCORPORATED,-122.13290405273438,37.959407806396484
92108713,2023,2023-07-03,9370,2023-06-15,"310 ",023196,,4,3,5,0710,0,1,1,,2,081,"I-80 E/B","CENTRAL AVE",300.00,W,N,A,-,Y,CC,,80," "," ",0.147,H,,R,Y,3,0,1,1,A,-,01,23152,A,N,E,I,A,A,H,-,C,D,0,,,,,Y,Y,A,01,0,1,0,0,0,0,0,0,0,"- ","- ",37.899890899658203,-122.30992889404297,"CONTRA COSTA",RICHMOND,-122.31005096435547,37.899845123291016
92108722,2023,2023-07-03,9320,2023-06-21,1555,021185,,3,2,9,0700,0,3,5,,2,020,"DEWING LANE","BLADE WAY",150.00,S,N,A,-,N,,,,,,,,,,Y,3,0,1,2,A,-,08,22107,,N,B,E,A,A,H,-,A,A,0,,,,,Y,,A,07,0,1,0,0,0,0,0,0,0,"- ","- ",37.8927001953125,-122.07141876220703,"CONTRA COSTA",UNINCORPORATED,-122.07140350341797,37.892749786376953
92108738,2023,2023-07-03,9320,2023-06-30,"735 ",021949,,5,1,9,0700,0,1,3,,2,403,"SAN MARCO BLVD. TO SR-4 E/B","SAN MARCO BLVD.",195.00,W,N,A,-,Y,CC,,4," ",R,18.730,H,,R,Y,4,0,1,2,A,-,03,22350,,N,C,C,A,A,H,-,A,A,0,,,,,Y,,A,01,0,0,1,0,0,0,0,0,0,"- ","- ",38.022800445556641,-121.96669006347656,"CONTRA COSTA",UNINCORPORATED,-121.96662139892578,38.023025512695312
92108817,2023,2023-07-03,9320,2023-06-21,1800,021792,,3,2,9,0700,0,1,1,,2,180,"EB I-80","CUMMINGS SKYWAY",205.00,E,N,A,-,Y,CC,,80," "," ",12.890,H,,R,N,3,0,1,1,A,-,03,22350,,N,F,A,A,A,H,-,B,D,0,,,Y,,Y,,C,02,0,1,0,0,0,0,0,0,1,"- ","- ",38.046428680419922,-122.23616027832031,"CONTRA COSTA",UNINCORPORATED,-122.2362060546875,38.046470642089844
92109541,2023,2023-07-05,9320,2023-06-23,1228,021847,,5,1,9,0700,0,1,3,,2,403,"SR-4 E/B","SAN MARCO BLVD",4500.00,E,N,A,-,Y,CC,,4," ",R,17.805,H,,R,Y,4,0,3,3,A,-,07,21658,A,N,B,C,A,A,H,-,A,A,0,,,,,Y,,A,01,0,0,3,0,0,0,0,0,0,"- ","- ",38.02069091796875,-121.98255920410156,"CONTRA COSTA",UNINCORPORATED,-121.98261260986328,38.020763397216797
92109546,2023,2023-07-05,9320,2023-06-26,1115,022505,,1,1,9,0700,0,2,4,,1,061,"CAMILLE AVENUE","DANVILLE BLVD",440.00,W,N,A,-,N,,,,,,,,,,N,3,0,1,2,A,-,21,22106,,N,D,G,A,A,H,-,A,A,0,,Y,,,Y,,A,07,0,1,0,0,0,0,1,0,0,"- ","- ",37.836868286132812,-122.02214813232422,"CONTRA COSTA",UNINCORPORATED,-122.02206420898438,37.836936950683594
92109547,2023,2023-07-05,9320,2023-06-23,1702,022784,,5,2,9,0700,0,3,5,,2,040,"SB MARSH DR","VISTA GRANDE",30.00,N,N,A,-,N,,,,,,,,,,N,4,0,1,3,A,-,03,22350,,M,C,C,A,A,H,-,A,A,0,,,,,Y,,-,99,0,0,1,0,0,0,0,0,0,"- ","- ",37.994678497314453,-122.06330871582031,"CONTRA COSTA",UNINCORPORATED,-122.06325531005859,37.994602203369141
92109556,2023,2023-07-05,9320,2023-06-24,2150,022908,,6,2,3,0707,0,1,1,,2,180,"I-80 EB","PINOLE VALLEY RD",1032.00,W,N,A,-,Y,CC,,80," "," ",8.223,H,,R,Y,2,0,1,2,A,-,01,23152,A,N,B,2,A,A,H,-,C,A,0,,,,,Y,Y,A,01,1,0,0,0,0,0,0,0,0,"- ","- ",37.994991302490234,-122.29061126708984,"CONTRA COSTA",PINOLE,-122.29059600830078,37.994941711425781
92109586,2023,2023-07-05,9320,2023-06-17,"315 ",023028,,6,3,9,0700,0,2,4,,2,096,"VASCO RD","CAMINO DIABLO",0.00,,Y,A,-,Y,,,,,,,,,,Y,2,0,3,2,A,-,12,21453,A,N,D,C,A,A,H,-,C,A,0,,,,,Y,,A,01,1,2,0,0,0,0,0,0,0,"- ","- ",37.865180969238281,-121.66767120361328,"CONTRA COSTA",UNINCORPORATED,-121.66764068603516,37.865215301513672