CASE_ID,ACCIDENT_YEAR,PROC_DATE,JURIS,COLLISION_DATE,COLLISION_TIME,OFFICER_ID,REPORTING_DISTRICT,DAY_OF_WEEK,CHP_SHIFT,POPULATION,CNTY_CITY_LOC,SPECIAL_COND,BEAT_TYPE,CHP_BEAT_TYPE,CITY_DIVISION_LAPD,CHP_BEAT_CLASS,BEAT_NUMBER,PRIMARY_RD,SECONDARY_RD,DISTANCE,DIRECTION,INTERSECTION,WEATHER_1,WEATHER_2,STATE_HWY_IND,CALTRANS_COUNTY,CALTRANS_DISTRICT,STATE_ROUTE,ROUTE_SUFFIX,POSTMILE_PREFIX,POSTMILE,LOCATION_TYPE,RAMP_INTERSECTION,SIDE_OF_HWY,TOW_AWAY,COLLISION_SEVERITY,NUMBER_KILLED,NUMBER_INJURED,PARTY_COUNT,PRIMARY_COLL_FACTOR,PCF_CODE_OF_VIOL,PCF_VIOL_CATEGORY,PCF_VIOLATION,PCF_VIOL_SUBSECTION,HIT_AND_RUN,TYPE_OF_COLLISION,MVIW,PED_ACTION,ROAD_SURFACE,ROAD_COND_1,ROAD_COND_2,LIGHTING,CONTROL_DEVICE,CHP_ROAD_TYPE,PEDESTRIAN_ACCIDENT,BICYCLE_ACCIDENT,MOTORCYCLE_ACCIDENT,TRUCK_ACCIDENT,NOT_PRIVATE_PROPERTY,ALCOHOL_INVOLVED,STWD_VEHTYPE_AT_FAULT,CHP_VEHTYPE_AT_FAULT,COUNT_SEVERE_INJ,COUNT_VISIBLE_INJ,COUNT_COMPLAINT_PAIN,COUNT_PED_KILLED,COUNT_PED_INJURED,COUNT_BICYCLIST_KILLED,COUNT_BICYCLIST_INJURED,COUNT_MC_KILLED,COUNT_MC_INJURED,PRIMARY_RAMP,SECONDARY_RAMP,LATITUDE,LONGITUDE,COUNTY,CITY,POINT_X,POINT_Y
92157765,2023,2023-08-29,9320,2023-08-17,1455,022743,,4,2,5,0712,0,1,1,,2,682,"I-680 S/B","YGNACIO VALLEY RD",350.00,S,N,A,-,Y,CC,,680," "," ",14.774,H,,L,N,3,0,1,3,A,-,03,22350,,N,C,C,A,A,H,-,A,A,0,,,,,Y,,A,01,0,1,0,0,0,0,0,0,0,"- ","- ",37.904369354248047,-122.06989288330078,"CONTRA COSTA","WALNUT CREEK",-122.0699462890625,37.904376983642578
92158129,2023,2023-09-08,9370,2023-08-16,"825 ",023344,,3,1,3,0707,0,1,1,,2,083,"INTERSTATE 80 EASTBOUND","APPIAN WAY",1290.00,W,N,A,-,Y,CC,,80," "," ",7.293,H,,R,Y,3,0,2,3,A,-,08,22107,,N,D,C,A,A,H,-,A,D,0,,,,,Y,,A,01,0,2,0,0,0,0,0,0,0,"- ","- ",37.992160797119141,-122.3072509765625,"CONTRA COSTA",PINOLE,-122.3072509765625,37.992156982421875
92158181,2023,2023-08-30,9320,2023-08-20,1630,021281,,7,2,6,0704,0,1,1,,2,683,"I-680 S/B",SR-242,500.00,N,N,A,-,Y,CC,,680," ",R,18.758,H,,L,Y,2,0,1,2,A,-,01,23152,A,N,C,C,A,A,H,-,A,A,0,,,Y,,Y,Y,C,02,1,0,0,0,0,0,0,0,1,"- ","- ",37.959358215332031,-122.05245971679688,"CONTRA COSTA",CONCORD,-122.05269622802734,37.959320068359375
92158225,2023,2023-08-30,9320,2023-08-23,1325,019914,,3,1,9,0700,0,2,4,,2,046,"TREAT BOULEVARD EB","JONES ROAD",15.00,W,N,A,-,N,,,,,,,,,,N,4,0,1,2,A,-,03,22350,,N,C,C,A,A,H,-,A,A,0,,,,,Y,,D,22,0,0,1,0,0,0,0,0,0,"- ","- ",37.926521301269531,-122.05507659912109,"CONTRA COSTA",UNINCORPORATED,-122.05483245849609,37.926628112792969
92158236,2023,2023-08-30,9320,2023-08-23,1755,019914,,3,2,9,0700,0,1,1,,2,681,"I-680 NB","LIVORNA ROAD U/C",50.00,N,N,A,-,Y,CC,,680," ",R,11.311,H,,R,Y,4,0,2,3,A,-,03,22350,,N,C,C,A,A,H,-,A,A,0,,,,,Y,,A,08,0,0,2,0,0,0,0,0,0,"- ","- ",37.863498687744141,-122.03540802001953,"CONTRA COSTA",UNINCORPORATED,-122.03546142578125,37.863452911376953
92158575,2023,2023-08-30,9370,2023-08-14,2010,022487,,1,2,5,0710,0,1,1,,2,058,"I-580 W/B","MARINE STREET",25.00,E,N,A,-,Y,CC,,580," ",R,5.451,H,,L,N,3,0,1,2,A,-,01,23152,A,N,E,I,A,A,H,-,E,D,0,,,,Y,Y,Y,A,07,0,1,0,0,0,0,0,0,0,"- ","- ",37.931221008300781,-122.3916015625,"CONTRA COSTA",RICHMOND,-122.39163970947266,37.931159973144531
92158648,2023,2023-08-30,9370,2023-08-22,"815 ",023282,,2,1,9,0700,0,3,5,,2,010,"YORK ST","WILLARD AVE",0.00,,Y,A,-,N,,,,,,,,,,N,3,0,1,2,A,-,09,21800,A,N,D,D,A,A,H,-,A,D,0,,,,,Y,,-,"- ",0,1,0,0,0,0,0,0,0,"- ","- ",37.951229095458984,-122.36891937255859,"CONTRA COSTA",UNINCORPORATED,-122.36885833740234,37.951255798339844
92159412,2023,2023-08-31,9320,2023-08-15,2045,021792,,2,2,9,0700,0,1,1,,2,180,"EB I-80","PINOLE VALLEY ROAD",2640.00,E,N,A,-,Y,CC,,80," "," ",9.425,H,,R,Y,4,0,1,3,A,-,07,21658,A,N,B,C,A,A,H,-,A,A,0,,,,Y,Y,,A,01,0,0,1,0,0,0,0,0,0,"- ","- ",38.007549285888672,-122.27616119384766,"CONTRA COSTA",UNINCORPORATED,-122.27619171142578,38.007568359375
92159444,2023,2023-08-31,9370,2023-08-05,1755,023377,,6,2,5,0710,0,1,1,,2,082,"I-80 E/B TO SAN PABLO AVENUE","SAN PABLO AVENUE",160.00,W,N,A,-,Y,CC,,80," "," ",2.786,H,,R,N,3,0,3,2,A,-,08,22107,,N,C,C,A,A,H,-,A,D,0,,,,,Y,,A,01,0,3,0,0,0,0,0,0,0,"- ","- ",37.934810638427734,-122.32662963867188,"CONTRA COSTA",RICHMOND,-122.32682037353516,37.934810638427734
92159455,2023,2023-08-31,9320,2023-08-22,1500,021949,,2,2,5,0708,0,1,3,,2,404,"SR-4 E/B","CENTURY BLVD.",1535.00,W,N,A,-,Y,CC,,4," "," ",24.722,H,,R,Y,4,0,1,4,A,-,08,22107,,N,B,C,A,A,H,-,A,D,0,,,,,Y,,A,01,0,0,1,0,0,0,0,0,0,"- ","- ",38.009990692138672,-121.86019897460938,"CONTRA COSTA",PITTSBURG,-121.86019134521484,38.010021209716797
92159485,2023,2023-08-31,9320,2023-08-23,"625 ",016584,,3,1,3,0707,0,1,1,,2,180,"I-80 E/B","PINOLE VALLEY RD.",757.00,W,N,A,-,Y,CC,,80," "," ",8.360,H,,R,Y,2,0,1,1,A,-,08,22107,,N,A,I,A,A,H,-,B,A,0,,,,,Y,,A,01,1,0,0,0,0,0,0,0,0,"- ","- ",37.995639801025391,-122.28823089599609,"CONTRA COSTA",PINOLE,-122.28829193115234,37.9957275390625
92159987,2023,2023-08-31,9390,2023-08-24,1050,017095,,4,1,9,0700,0,2,4,,2,111,"BLACKHAWK ROAD","APPALOSSA STREET",50.00,W,N,A,-,N,,,,,,,,,,Y,4,0,1,1,A,-,08,22107,,N,E,8,A,A,H,-,A,D,0,,,,,Y,,A,01,0,0,1,0,0,0,0,0,0,"- ","- ",37.830181121826172,-121.94724273681641,"CONTRA COSTA",UNINCORPORATED,,
92160580,2023,2023-09-01,9370,2023-08-22,1235,023282,,2,1,9,0700,0,3,5,,2,010,"RICHMOND PKWY","PITTSBURG AVENUE",0.00,,Y,A,-,N,,,,,,,,,,N,3,0,1,2,A,-,12,21453,A,N,D,C,A,A,H,-,A,A,0,,,,,Y,,A,01,0,1,0,0,0,0,0,0,0,"- ","- ",37.963150024414062,-122.37378692626953,"CONTRA COSTA",UNINCORPORATED,-122.37376403808594,37.963169097900391
92160701,2023,2023-09-01,9350,2023-08-24,1830,022468,,4,2,5,0710,0,1,1,,2,115,"I-580 W/B","WESTERN AVE",1267.00,E,N,A,-,Y,CC,,580," "," ",6.130,H,,R,Y,2,0,1,1,A,-,03,22350,,N,E,I,A,A,H,-,A,D,0,,,,,Y,,A,01,1,0,0,0,0,0,0,0,0,"- ","- ",37.932498931884766,-122.40341949462891,"CONTRA COSTA",RICHMOND,-122.40341949462891,37.9324951171875
92161653,2023,2023-09-04,9320,2023-08-25,1700,022896,,5,2,3,0707,0,1,1,,2,180,"I-80 E/B","PINOLVE VALLEY RD",500.00,E,N,A,-,Y,CC,,80," "," ",9.176,H,,R,N,2,0,1,2,A,-,03,22350,,N,B,C,A,A,H,-,A,A,0,,,Y,,Y,Y,C,02,1,0,0,0,0,0,0,0,1,"- ","- ",38.004718780517578,-122.27899169921875,"CONTRA COSTA",PINOLE,-122.27890014648438,38.004669189453125
92161654,2023,2023-09-04,9320,2023-08-21,1800,022748,,1,2,6,0704,0,1,3,,2,402,"SR-4 E/B","PORT CHICAGO HIGHWAY",1400.00,E,N,A,-,Y,CC,,4," ",R,15.156,H,,R,N,4,0,1,2,A,-,03,22350,,N,C,C,A,A,H,-,A,A,0,,,Y,,Y,,C,02,0,0,1,0,0,0,0,0,1,"- ","- ",38.008708953857422,-122.02789306640625,"CONTRA COSTA",CONCORD,-122.02790069580078,38.008747100830078
92161681,2023,2023-09-04,9320,2023-08-25,2341,022886,,5,3,5,0701,0,1,3,,2,404,"EB SR-4","SOMERSVILLE RD",3960.00,W,N,A,-,Y,CC,,4," "," ",25.241,H,,R,Y,4,0,1,2,A,-,08,22107,,F,B,C,A,A,H,-,D,A,0,,,,,Y,Y,A,01,0,0,1,0,0,0,0,0,0,"- ","- ",38.007369995117188,-121.85095977783203,"CONTRA COSTA",ANTIOCH,-121.85090637207031,38.007484436035156
92161688,2023,2023-09-04,9320,2023-08-26,1220,021847,,6,1,9,0700,0,2,4,,2,077,"MARSH CREEK ROAD E/B","DEER VLLEY ROAD",2112.00,W,N,A,-,N,,,,,,,,,,Y,4,0,1,2,A,-,09,21801,A,N,A,C,A,A,H,-,A,D,0,,,,,Y,,D,22,0,0,1,0,0,0,0,0,0,"- ","- ",37.885478973388672,-121.78296661376953,"CONTRA COSTA",UNINCORPORATED,-121.78312683105469,37.885570526123047
92161711,2023,2023-09-04,9320,2023-08-27,2120,022791,,7,2,9,0700,0,2,4,,2,071,"PACIFICA AVENUE","ANCHOR DRIVE",250.00,E,N,A,-,N,,,,,,,,,,Y,4,0,1,2,A,-,05,21650,,N,B,C,A,A,H,-,C,A,0,,,,,Y,,A,01,0,0,1,0,0,0,0,0,0,"- ","- ",38.034019470214844,-121.96205902099609,"CONTRA COSTA",UNINCORPORATED,-121.96205139160156,38.034019470214844
92161721,2023,2023-09-04,9320,2023-08-28,"535 ",021472,,1,3,6,0704,0,1,3,,2,242,"N/B SR-242","CONCORD AVE",330.00,S,N,A,-,Y,CC,,242," ",R,1.408,H,,R,Y,4,0,1,2,C,-,18,,,N,B,C,A,A,H,-,B,A,0,,,,,Y,,-,"- ",0,0,1,0,0,0,0,0,0,"- ","- ",37.977970123291016,-122.04379272460938,"CONTRA COSTA",CONCORD,-122.04376983642578,37.97796630859375
92161727,2023,2023-10-17,9320,2023-08-28,1400,022462,,1,2,6,0704,0,2,4,,2,072,"MYRTLE DRIVE","BAILEY ROAD",0.00,,Y,A,-,N,,,,,,,,,,N,4,0,1,2,A,-,09,21802,A,N,D,C,A,A,H,-,A,A,0,,,,,Y,,D,22,0,0,1,0,0,0,0,0,0,"- ","- ",37.973171234130859,-121.96829223632812,"CONTRA COSTA",CONCORD,-121.96830749511719,37.973186492919922
92161830,2023,2023-09-04,9370,2023-07-14,2358,023081,,5,3,4,0711,0,1,1,,2,082,"I-80 W/B","SOLANO AVE",320.00,E,N,A,-,Y,CC,,80," "," ",3.476,H,,L,Y,3,0,2,2,A,-,03,22350,,N,C,C,A,A,H,-,D,D,0,,,,,Y,,D,22,0,2,0,0,0,0,0,0,0,"- ","- ",37.944381713867188,-122.32407379150391,"CONTRA COSTA","SAN PABLO",-122.32417297363281,37.944358825683594
92162171,2023,2023-09-05,9320,2023-08-25,2155,023061,,5,2,6,0704,0,1,3,,2,242,"SR-242 SB","CLAYTON RD",4191.00,S,N,A,-,Y,CC,,242," ",R,0.009,H,,L,Y,4,0,1,1,A,-,08,22107,,N,E,8,A,A,H,-,D,A,0,,,,,Y,,A,01,0,0,1,0,0,0,0,0,0,"- ","- ",37.958919525146484,-122.05239105224609,"CONTRA COSTA",CONCORD,-122.05246734619141,37.958942413330078
92162233,2023,2023-09-05,9320,2023-08-29,"730 ",016584,,2,1,9,0700,0,1,1,,2,180,"I-80 E/B","CUMMINGS SKYWAY",650.00,E,N,A,-,Y,CC,,80," "," ",12.882,H,,R,Y,3,0,1,3,A,-,04,21703,,N,C,C,A,A,H,-,A,A,0,,,,,Y,,D,22,0,1,0,0,0,0,0,0,0,"- ","- ",38.046379089355469,-122.23628997802734,"CONTRA COSTA",UNINCORPORATED,-122.23631286621094,38.046398162841797
92162336,2023,2023-09-05,9320,2023-08-29,2230,021797,,2,3,5,0701,0,1,3,,2,404,"SR-4 EASTBOUND","CONTRA LOMA BOULEVARD",1000.00,W,N,A,-,Y,CC,,4," "," ",26.746,H,,R,N,4,0,1,2,A,-,08,22107,,M,B,C,A,A,H,-,D,D,0,,,,,Y,,-,99,0,0,1,0,0,0,0,0,0,"- ","- ",38.000148773193359,-121.82492065429688,"CONTRA COSTA",ANTIOCH,-121.82485961914062,38.000282287597656
92163108,2023,2023-09-06,9370,2023-08-19,"614 ",023369,,6,1,9,0700,0,3,5,,2,010,"RACHEL ROAD (1200 BLOCK)","MICHELE DRIVE",75.00,S,N,B,-,N,,,,,,,,,,N,4,0,1,2,A,-,01,23152,A,N,C,E,A,A,H,-,B,D,0,,,,,Y,Y,D,22,0,0,1,0,0,0,0,0,0,"- ","- ",37.99530029296875,-122.33173370361328,"CONTRA COSTA",UNINCORPORATED,-122.33168029785156,37.995342254638672
92163344,2023,2023-09-06,9320,2023-08-28,1020,016584,,1,1,3,0706,0,1,1,,2,180,"I-80 W/B",SR-4,3168.00,W,N,A,-,Y,CC,,80," "," ",9.158,H,,L,Y,3,0,2,3,A,-,07,21658,A,N,B,C,A,A,H,-,A,A,0,,,,,Y,,A,01,0,1,1,0,0,0,0,0,0,"- ","- ",38.004638671875,-122.27915191650391,"CONTRA COSTA",HERCULES,-122.27916717529297,38.004650115966797
92163371,2023,2023-09-06,9370,2023-08-22,"905 ",023282,,2,1,5,0710,0,1,1,,2,083,"I-80 W/B","RICHMOND PKWY",675.00,W,N,A,-,Y,CC,,80," "," ",6.640,H,,L,N,4,0,1,2,A,-,03,22350,,N,C,C,A,A,H,-,A,D,0,,,,,Y,,D,22,0,0,1,0,0,0,0,0,0,"- ","- ",37.985511779785156,-122.31566619873047,"CONTRA COSTA",RICHMOND,-122.31565093994141,37.985504150390625
92163374,2023,2023-09-06,9320,2023-08-29,"825 ",016584,,2,1,9,0700,0,1,1,,2,180,"I-80 E/B","CUMMINGS SKYWAY",2112.00,E,N,A,-,Y,CC,,80," "," ",13.253,H,,R,N,4,0,1,3,A,-,04,21703,,M,C,C,A,A,H,-,A,A,0,,,,,Y,,A,07,0,0,1,0,0,0,0,0,0,"- ","- ",38.049949645996094,-122.23126983642578,"CONTRA COSTA",UNINCORPORATED,-122.23126983642578,38.049949645996094
92163493,2023,2023-09-06,9350,2023-08-31,2322,022643,,4,3,5,0710,0,1,1,,2,115,"I-580 W/B","STENMARK DRIVE",433.00,W,N,A,-,Y,CC,,580," "," ",6.119,H,,R,Y,4,0,1,1,A,-,01,23152,A,N,E,I,A,A,H,-,E,A,0,,,,,Y,Y,A,07,0,0,1,0,0,0,0,0,0,"- ","- ",37.932430267333984,-122.40322875976562,"CONTRA COSTA",RICHMOND,-122.40322113037109,37.932472229003906
92163729,2023,2023-09-06,9370,2023-08-26,"900 ",023135,,6,1,5,0710,0,1,1,,2,082,"I-80 E/B","SAN PABLO DAM ROAD",1237.00,W,N,A,-,Y,CC,,80," "," ",4.104,H,,R,N,3,0,1,1,C,-,18,,,N,E,J,A,A,H,-,A,D,0,,,Y,,Y,,-,"- ",0,1,0,0,0,0,0,0,1,"- ","- ",37.95294189453125,-122.32801055908203,"CONTRA COSTA",RICHMOND,-122.32804107666016,37.952930450439453
92164262,2023,2023-09-07,9320,2023-08-30,"902 ",017219,,3,1,3,0715,0,1,3,,2,241,"SR-24 W/B","PLEASANT HILL RD U/C",180.00,W,N,A,-,Y,CC,,24," ",R,7.648,H,,L,Y,3,0,1,4,A,-,01,23152,A,M,B,C,A,A,H,-,A,A,0,,,,,Y,Y,D,22,0,1,0,0,0,0,0,0,0,"- ","- ",37.897819519042969,-122.09670257568359,"CONTRA COSTA",LAFAYETTE,-122.09670257568359,37.89788818359375
92164266,2023,2023-09-07,9320,2023-08-30,1155,017530,,3,1,9,0700,0,2,4,,2,096,"VASCO ROAD","DYER ROAD",2112.00,S,N,A,-,N,,,,,,,,,,Y,4,0,1,1,A,-,08,22107,,N,F,I,A,A,H,-,A,D,0,,,,,Y,,A,01,0,0,1,0,0,0,0,0,0,"- ","- ",37.780509948730469,-121.70198059082031,"CONTRA COSTA",UNINCORPORATED,,
92164336,2023,2023-09-07,9320,2023-08-31,"656 ",017219,,4,1,9,0700,0,1,1,,2,682,"I-680 S/B","TREAT BLVD O/C",1584.00,S,N,A,-,Y,CC,,680," "," ",16.096,H,,L,Y,3,0,1,3,A,-,03,22350,,M,A,C,A,A,H,-,A,A,0,,,,,Y,,A,01,0,1,0,0,0,0,0,0,0,"- ","- ",37.922191619873047,-122.06163024902344,"CONTRA COSTA",UNINCORPORATED,-122.06172180175781,37.922210693359375
92164395,2023,2023-09-07,9370,2023-08-18,"135 ",022838,,5,3,5,0710,0,1,1,,2,082,"I-80 W/B","CUTTING BOULEVARD",50.00,W,N,A,-,Y,CC,,80," "," ",2.035,H,,L,Y,3,0,1,1,A,-,01,23152,A,N,E,I,A,A,H,-,E,D,0,,,,,Y,Y,A,01,0,1,0,0,0,0,0,0,0,"- ","- ",37.925251007080078,-122.32084655761719,"CONTRA COSTA",RICHMOND,-122.32093811035156,37.925209045410156
92164491,2023,2023-09-07,9370,2023-08-27,1107,022988,,7,1,4,0711,0,1,1,,2,082,"I-80 W/B","MCBRYDE AVE",600.00,E,N,A,-,Y,CC,,80," "," ",3.894,H,,L,N,3,0,1,2,A,-,03,22350,,N,C,C,A,A,H,-,A,D,0,,,,,Y,,A,01,0,1,0,0,0,0,0,0,0,"- ","- ",37.950008392333984,-122.32681274414062,"CONTRA COSTA","SAN PABLO",-122.32681274414062,37.950008392333984
92164504,2023,2023-09-07,9370,2023-08-27,1117,022988,,7,1,4,0711,0,1,1,,2,082,"I-80 W/B","MCBRYDE AVE",590.00,E,N,A,-,Y,CC,,80," "," ",3.922,H,,L,N,3,0,1,3,A,-,03,22350,,N,C,C,A,A,H,-,A,D,0,,,,,Y,,A,01,0,1,0,0,0,0,0,0,0,"- ","- ",37.950389862060547,-122.32698822021484,"CONTRA COSTA","SAN PABLO",-122.32699584960938,37.950389862060547
92165607,2023,2023-09-08,9320,2023-09-01,1648,022748,,5,2,9,0700,0,1,1,,2,681,"I-680 N/B","STONE VALLEY ROAD",4000.00,S,N,A,-,Y,CC,,680," ",R,9.501,H,,R,Y,4,0,3,4,A,-,03,22350,,N,C,C,A,A,H,-,A,A,0,,,,Y,Y,,F,55,0,0,3,0,0,0,0,0,0,"- ","- ",37.841449737548828,-122.0196533203125,"CONTRA COSTA",UNINCORPORATED,-122.01961517333984,37.841480255126953
92165662,2023,2023-09-08,9320,2023-08-31,2125,021281,,4,2,9,0700,0,3,5,,2,020,"PINEHURST ROAD","REDWOOD ROAD",4000.00,N,N,A,-,N,,,,,,,,,,Y,3,0,1,1,C,-,18,,,N,H,H,A,A,H,-,D,A,0,,,Y,,Y,,-,"- ",0,1,0,0,0,0,0,0,1,"- ","- ",37.832439422607422,-122.16880798339844,"CONTRA COSTA",UNINCORPORATED,-122.17560577392578,37.836864471435547
92166742,2023,2023-09-11,9350,2023-09-04,"950 ",016034,,1,1,9,0700,0,1,1,,2,115,"I-580 W/B","RICHMOND-SAN RAFAEL BRIDGE TOLL PLAZA",5808.00,W,N,A,-,Y,CC,,580," "," ",7.194,H,,L,N,4,0,1,2,A,-,03,22350,,N,C,C,A,A,H,-,A,D,0,,,,,Y,,A,07,0,0,1,0,0,0,0,0,0,"- ","- ",37.933708190917969,-122.4229736328125,"CONTRA COSTA",UNINCORPORATED,-122.4229736328125,37.933670043945312
92166751,2023,2023-09-11,9370,2023-08-29,"805 ",022964,,2,1,4,0711,0,1,1,,2,083,"I-80 W/B","EL PORTAL DRIVE",1310.00,W,N,A,-,Y,CC,,80," "," ",4.993,H,,L,N,4,0,1,2,A,-,03,22350,,M,C,C,A,A,H,-,A,D,0,,,,,Y,,-,99,0,0,1,0,0,0,0,0,0,"- ","- ",37.964141845703125,-122.32627105712891,"CONTRA COSTA","SAN PABLO",-122.32630157470703,37.96417236328125
92166997,2023,2023-09-11,9320,2023-08-30,2035,021949,,3,2,9,0700,0,2,4,,2,077,"MARSH CREEK RD. W/B","DEER VALLEY RD.",7605.00,W,N,A,-,N,,,,,,,,,,N,2,0,1,1,A,-,03,22350,,N,E,I,A,A,B,-,D,D,0,,,Y,,Y,,C,02,1,0,0,0,0,0,0,0,1,"- ","- ",37.891048431396484,-121.80127716064453,"CONTRA COSTA",UNINCORPORATED,-121.79737091064453,37.893890380859375
92167953,2023,2023-09-12,9320,2023-09-01,"518 ",022928,,5,3,3,0706,0,1,3,,2,400,"SR-4 W/B",I-80,898.00,W,N,A,-,Y,CC,,4," "," ",0.185,H,,L,N,4,0,1,2,A,-,03,22350,,M,C,C,A,A,H,-,C,A,0,,,,,Y,,A,01,0,0,1,0,0,0,0,0,0,"- ","- ",38.014350891113281,-122.26609802246094,"CONTRA COSTA",HERCULES,-122.26615142822266,38.014228820800781
92168225,2023,2024-01-09,9370,2023-08-25,1518,022848,,5,2,5,0710,0,1,1,,2,082,"I-80 E/B","SOLANO AVE",855.00,E,N,A,-,Y,CC,,80," "," ",3.613,H,,R,N,4,0,1,3,A,-,07,21658,A,N,B,C,A,A,H,-,A,D,0,,,Y,,Y,,C,02,0,0,1,0,0,0,0,0,1,"- ","- ",37.946250915527344,-122.32488250732422,"CONTRA COSTA",RICHMOND,-122.32483673095703,37.946262359619141
92168234,2023,2023-09-12,9320,2023-09-04,1930,022767,,1,2,3,0715,0,1,3,,2,240,"SR-24 W/B","ACALANES RD",500.00,W,N,A,-,Y,CC,,24," ",R,6.205,H,,L,N,4,0,1,2,A,-,03,22350,,N,C,C,A,A,H,-,B,A,0,,,,,Y,,A,07,0,0,1,0,0,0,0,0,0,"- ","- ",37.893840789794922,-122.12261962890625,"CONTRA COSTA",LAFAYETTE,-122.12263488769531,37.893882751464844
92168311,2023,2023-09-12,9320,2023-09-02,"400 ",017211,,6,3,5,0712,0,1,1,,2,682,"INTERSTATE 680 S/B","MT. DIABLO BOULEVARD",70.00,N,N,B,-,Y,CC,,680," "," ",14.242,H,,L,Y,4,0,1,1,A,-,08,22107,,N,E,I,A,A,H,-,C,A,0,,,,,Y,,A,01,0,0,1,0,0,0,0,0,0,"- ","- ",37.896800994873047,-122.07131195068359,"CONTRA COSTA","WALNUT CREEK",-122.07110595703125,37.896835327148438
92168321,2023,2023-09-12,9320,2023-09-04,1820,020440,,1,2,9,0700,0,2,4,,2,086,"DELTA RD","CURLEW CONNEX",960.00,W,N,A,-,N,,,,,,,,,,Y,3,0,1,2,A,-,08,22107,,N,D,C,A,A,H,-,A,D,0,,,,Y,Y,,A,01,0,1,0,0,0,0,0,0,0,"- ","- ",37.968830108642578,-121.67189788818359,"CONTRA COSTA",UNINCORPORATED,-121.67182159423828,37.968841552734375
92168326,2023,2023-09-12,9320,2023-09-03,2105,022517,,7,2,9,0700,0,2,S,,2,080,"TAYLOR ROAD","BETHEL ISLAND ROAD",4320.00,W,N,A,-,N,,,,,,,,,,Y,3,0,1,2,A,-,01,23152,A,N,A,E,A,A,H,-,D,D,0,,,,,Y,Y,D,22,0,1,0,0,0,0,0,0,0,"- ","- ",38.019851684570312,-121.65425109863281,"CONTRA COSTA",UNINCORPORATED,-121.65351867675781,38.018783569335938
92168366,2023,2023-09-12,9390,2023-09-03,1550,022229,,7,2,9,0700,0,2,4,,2,112,"CAMINO TASSAJARA","WINDEMERE PKWY",2000.00,N,N,A,-,N,,,,,,,,,,Y,4,0,1,2,A,-,05,21460,A,N,B,C,A,A,H,-,A,D,0,,,,,Y,,-,"- ",0,0,1,0,0,0,0,0,0,"- ","- ",37.755218505859375,-121.86907196044922,"CONTRA COSTA",UNINCORPORATED,-121.86997985839844,37.754631042480469
92168431,2023,2023-09-12,9390,2023-09-04,1815,019740,,1,2,4,0791,0,1,1,,2,068,"I-680 SOUTHBOUND",300,0.00,,N,A,-,Y,CC,,680," ",R,4.003,H,,L,N,4,0,1,2,A,-,07,21658,A,N,B,C,A,A,H,-,A,D,0,,,,Y,Y,,D,22,0,0,1,0,0,0,0,0,0,"- ","- ",37.774650573730469,-121.97418975830078,"CONTRA COSTA","SAN RAMON",-121.97413635253906,37.774665832519531
92168645,2023,2023-09-13,9370,2023-08-31,"940 ",023369,,4,1,5,0710,0,1,1,,2,058,"I-580 W/B","STENMARK DRIVE",3400.00,E,N,A,-,Y,CC,,580," ",R,5.345,H,,L,Y,4,0,1,2,A,-,03,22350,,N,C,C,A,A,H,-,A,D,0,,,,,Y,,A,01,0,0,1,0,0,0,0,0,0,"- ","- ",37.930519104003906,-122.38999938964844,"CONTRA COSTA",RICHMOND,-122.39006805419922,37.930427551269531
92168667,2023,2023-09-13,9370,2023-08-31,"945 ",023377,,4,1,5,0710,0,1,1,,2,082,"I-80 W/B","CARLSON BLVD",1275.00,W,N,A,-,Y,CC,,80," "," ",0.768,H,,L,Y,3,0,1,4,A,-,03,22350,,N,C,C,A,A,H,-,A,D,0,,,,,Y,,A,01,0,1,0,0,0,0,0,0,0,"- ","- ",37.907718658447266,-122.31556701660156,"CONTRA COSTA",RICHMOND,-122.31557464599609,37.907718658447266
92169081,2023,2023-09-13,9320,2023-09-03,1240,022505,,7,1,9,0700,0,2,4,,2,071,"PORT CHICAGO HIGHWAY","RIVERSIDE DRIVE",0.00,,Y,A,-,N,,,,,,,,,,N,2,0,1,2,A,-,05,21650,,N,D,G,A,A,H,-,A,A,0,,Y,,,Y,,L,04,1,0,0,0,0,0,1,0,0,"- ","- ",38.029258728027344,-121.96061706542969,"CONTRA COSTA",UNINCORPORATED,-121.96045684814453,38.029293060302734
92169091,2023,2023-11-03,9320,2023-09-04,1310,017219,,1,1,3,0792,0,1,3,,2,240,"SR-24 W/B","CAMINO PABLO",800.00,E,N,A,-,Y,CC,,24," ",R,2.494,H,,L,Y,1,1,0,2,A,-,03,22350,,N,C,C,A,A,H,-,A,A,0,,,Y,,Y,,C,02,0,0,0,0,0,0,0,1,0,"- ","- ",37.880878448486328,-122.18251037597656,"CONTRA COSTA",ORINDA,-122.18254089355469,37.880908966064453