CASE_ID,ACCIDENT_YEAR,PROC_DATE,JURIS,COLLISION_DATE,COLLISION_TIME,OFFICER_ID,REPORTING_DISTRICT,DAY_OF_WEEK,CHP_SHIFT,POPULATION,CNTY_CITY_LOC,SPECIAL_COND,BEAT_TYPE,CHP_BEAT_TYPE,CITY_DIVISION_LAPD,CHP_BEAT_CLASS,BEAT_NUMBER,PRIMARY_RD,SECONDARY_RD,DISTANCE,DIRECTION,INTERSECTION,WEATHER_1,WEATHER_2,STATE_HWY_IND,CALTRANS_COUNTY,CALTRANS_DISTRICT,STATE_ROUTE,ROUTE_SUFFIX,POSTMILE_PREFIX,POSTMILE,LOCATION_TYPE,RAMP_INTERSECTION,SIDE_OF_HWY,TOW_AWAY,COLLISION_SEVERITY,NUMBER_KILLED,NUMBER_INJURED,PARTY_COUNT,PRIMARY_COLL_FACTOR,PCF_CODE_OF_VIOL,PCF_VIOL_CATEGORY,PCF_VIOLATION,PCF_VIOL_SUBSECTION,HIT_AND_RUN,TYPE_OF_COLLISION,MVIW,PED_ACTION,ROAD_SURFACE,ROAD_COND_1,ROAD_COND_2,LIGHTING,CONTROL_DEVICE,CHP_ROAD_TYPE,PEDESTRIAN_ACCIDENT,BICYCLE_ACCIDENT,MOTORCYCLE_ACCIDENT,TRUCK_ACCIDENT,NOT_PRIVATE_PROPERTY,ALCOHOL_INVOLVED,STWD_VEHTYPE_AT_FAULT,CHP_VEHTYPE_AT_FAULT,COUNT_SEVERE_INJ,COUNT_VISIBLE_INJ,COUNT_COMPLAINT_PAIN,COUNT_PED_KILLED,COUNT_PED_INJURED,COUNT_BICYCLIST_KILLED,COUNT_BICYCLIST_INJURED,COUNT_MC_KILLED,COUNT_MC_INJURED,PRIMARY_RAMP,SECONDARY_RAMP,LATITUDE,LONGITUDE,COUNTY,CITY,POINT_X,POINT_Y
92240913,2023,2023-11-20,9320,2023-11-14,1715,021499,,2,2,9,0700,0,1,1,,2,180,"I-80 WESTBOUND","CALIFORNIA STREET",1300.00,E,N,B,-,Y,CC,,80," "," ",11.588,H,,L,N,4,0,1,2,A,-,03,22350,,N,E,J,A,A,H,-,D,A,0,,,,,Y,,A,01,0,0,1,0,0,0,0,0,0,"- ","- ",38.032981872558594,-122.25276947021484,"CONTRA COSTA",UNINCORPORATED,-122.2528076171875,38.033000946044922
92241160,2023,2023-11-21,9390,2023-11-13,"411 ",022482,,1,3,4,0791,0,1,1,,2,068,"I-680 SOUTHBOUND","SYCAMORE VALLEY RD",1584.00,N,N,A,-,Y,CC,,680," ",R,7.053,H,,L,Y,4,0,1,2,A,-,03,22350,,N,C,C,A,A,H,-,C,D,0,,,,,Y,Y,A,01,0,0,1,0,0,0,0,0,0,"- ","- ",37.815570831298828,-121.99347686767578,"CONTRA COSTA","SAN RAMON",-121.99346923828125,37.815570831298828
92241443,2023,2023-11-21,9320,2023-11-12,"200 ",022915,,7,3,3,0715,0,1,3,,2,241,"SR-24 W/B","ACALANES RD",1250.00,E,N,A,-,Y,CC,,24," ",R,4.669,H,,L,Y,4,0,1,1,A,-,01,23152,A,N,E,I,A,A,H,-,C,A,0,,,,,Y,Y,A,01,0,0,1,0,0,0,0,0,0,"- ","- ",37.891498565673828,-122.15006256103516,"CONTRA COSTA",LAFAYETTE,-122.15004730224609,37.891551971435547
92241511,2023,2023-11-21,9370,2023-11-03,1105,023488,,5,1,5,0710,0,1,1,,2,082,"I-80 W/B TO CENTRAL AVENUE","CENTRAL AVENUE",160.00,E,N,A,-,Y,CC,,80," "," ",0.267,H,,L,Y,3,0,1,5,A,-,03,22350,,N,C,C,A,A,H,-,A,A,0,,,,,Y,,A,01,0,1,0,0,0,0,0,0,0,"- ","- ",37.901210784912109,-122.31150054931641,"CONTRA COSTA",RICHMOND,-122.31120300292969,37.901336669921875
92241545,2023,2023-11-21,9370,2023-11-13,1515,022848,,1,2,4,0711,0,1,1,,2,083,"I-80 E/B","SAN PABLO DAM ROAD",1790.00,E,N,A,-,Y,CC,,80," "," ",4.586,H,,R,N,4,0,1,2,A,-,03,22350,,N,C,C,A,A,H,-,A,D,0,,,,,Y,,A,01,0,0,1,0,0,0,0,0,0,"- ","- ",37.959598541259766,-122.33048248291016,"CONTRA COSTA","SAN PABLO",-122.33054351806641,37.959606170654297
92241594,2023,2023-11-21,9320,2023-11-01,2035,022525,,3,2,4,0714,0,1,3,,2,402,"SR-4 W/B","MORELLO AVENUE",1584.00,W,N,A,-,Y,CC,,4," ",R,10.026,H,,L,Y,2,0,1,5,A,-,03,22350,,N,A,C,A,A,H,-,D,D,0,,,Y,,Y,,A,01,1,0,0,0,0,0,0,0,0,"- ","- ",37.994041442871094,-122.10601806640625,"CONTRA COSTA",MARTINEZ,-122.10601043701172,37.994056701660156
92241758,2023,2023-11-21,9320,2023-11-09,1530,020957,,4,2,5,0701,0,1,3,,2,405,"SR-4 E/B",SR-160,1500.00,E,N,A,-,Y,CC,,4," ",R,30.838,H,,R,Y,4,0,1,2,A,-,03,22350,,M,C,C,A,A,H,-,A,D,0,,,,,Y,,A,01,0,0,1,0,0,0,0,0,0,"- ","- ",37.988628387451172,-121.75212860107422,"CONTRA COSTA",ANTIOCH,-121.75213623046875,37.988620758056641
92241763,2023,2023-11-21,9320,2023-11-13,"545 ",020984,,1,3,9,0700,0,2,4,,2,034,"CUMMINGS SKYWAY",I-80,2640.00,S,N,B,-,N,,,,,,,,,,Y,3,0,1,1,A,-,08,22107,,N,E,8,A,A,H,-,D,D,0,,,,,Y,,A,01,0,1,0,0,0,0,0,0,0,"- ","- ",38.044361114501953,-122.22953796386719,"CONTRA COSTA",UNINCORPORATED,-122.23061370849609,38.043781280517578
92241827,2023,2023-11-21,9370,2023-11-14,1805,023346,,2,2,5,0710,0,1,1,,2,083,"I-80 W/B TO EL PORTAL DRIVE","EL PORTAL DRIVE",755.00,E,N,A,-,Y,CC,,80," "," ",5.407,H,,L,Y,4,0,1,3,A,-,03,22350,,F,C,C,A,A,H,-,C,D,0,,,,,Y,,A,07,0,0,1,0,0,0,0,0,0,"- ","- ",37.968231201171875,-122.32151031494141,"CONTRA COSTA",RICHMOND,-122.32126617431641,37.968166351318359
92241899,2023,2023-11-21,9320,2023-11-12,"215 ",022886,,7,3,5,0701,0,1,3,,2,404,"EB SR-4","LOVERIDGE RD",1795.00,W,N,A,-,Y,CC,,4," "," ",23.966,H,,R,Y,3,0,2,4,A,-,03,22350,,N,C,C,A,A,H,-,D,A,0,,,,,Y,,A,01,0,2,0,0,0,0,0,0,0,"- ","- ",38.0130615234375,-121.87368774414062,"CONTRA COSTA",ANTIOCH,-121.87368774414062,38.0130615234375
92241919,2023,2023-11-21,9390,2023-11-14,1748,023305,,2,2,4,0791,0,1,1,,2,068,"I-680 NORTHBOUND","SYCAMORE VALLEY RD.",280.00,N,N,B,-,Y,CC,,680," ",R,6.830,H,,R,N,4,0,3,2,A,-,03,22350,,N,C,C,A,A,H,-,C,D,0,,,,,Y,,A,01,0,0,3,0,0,0,0,0,0,"- ","- ",37.812290191650391,-121.99304962158203,"CONTRA COSTA","SAN RAMON",-121.99301910400391,37.812294006347656
92241983,2023,2023-11-21,9320,2023-11-03,1555,021519,,5,2,5,0712,0,1,1,,2,681,"I-680 S/B","RUDGEAR RD",825.00,S,N,A,-,Y,CC,,680," ",R,12.476,H,,L,Y,4,0,2,2,A,-,01,23152,A,N,C,C,A,A,H,-,A,D,0,,,,,Y,Y,A,01,0,0,2,0,0,0,0,0,0,"- ","- ",37.877201080322266,-122.04763793945312,"CONTRA COSTA","WALNUT CREEK",-122.04756164550781,37.877250671386719
92242021,2023,2023-11-21,9390,2023-11-17,1550,023404,,5,2,4,0791,0,1,1,,2,068,"I-680 SOUTHBOUND","CROW CANYON ROAD",130.00,N,N,C,-,Y,CC,,680," ",R,4.219,H,,L,N,4,0,1,3,A,-,03,22350,,M,C,C,A,B,H,-,A,D,0,,,,,Y,,A,01,0,0,1,0,0,0,0,0,0,"- ","- ",37.777549743652344,-121.97563934326172,"CONTRA COSTA","SAN RAMON",-121.97556304931641,37.777572631835938
92242502,2023,2023-11-22,9320,2023-11-08,2300,023424,,3,3,9,0700,0,3,5,,2,020,"S/B PINEHURST RD","CANYON RD",4430.00,S,N,A,-,N,,,,,,,,,,Y,4,0,1,1,A,-,08,22107,,N,E,I,A,A,H,-,D,D,0,,,,,Y,,A,01,0,0,1,0,0,0,0,0,0,"- ","- ",37.807388305664062,-122.13974761962891,"CONTRA COSTA",UNINCORPORATED,-122.14094543457031,37.808231353759766
92242543,2023,2023-11-22,9320,2023-11-15,1725,023480,,3,2,6,0704,0,1,1,,2,683,"INTERSTATE 680 NORTHBOUND","STATE ROUTE 4",1550.00,S,N,B,C,Y,CC,,680," "," ",20.873,H,,R,N,4,0,1,3,A,-,03,22350,,N,C,C,A,B,H,-,D,A,0,,,,,Y,,D,22,0,0,1,0,0,0,0,0,0,"- ","- ",37.99053955078125,-122.06743621826172,"CONTRA COSTA",CONCORD,-122.06749725341797,37.990531921386719
92242571,2023,2024-03-27,9320,2023-11-12,1955,020957,,7,2,9,0700,0,2,4,,2,086,"SUNSET RD W/B","BYRON HWY",2000.00,W,N,A,-,N,,,,,,,,,,Y,1,1,0,1,A,-,01,23152,A,N,F,8,A,A,H,-,D,D,0,,,,,Y,Y,D,22,0,0,0,0,0,0,0,0,0,"- ","- ",37.954601287841797,-121.64743804931641,"CONTRA COSTA",UNINCORPORATED,-121.64098358154297,37.952228546142578
92242597,2023,2023-11-22,9320,2023-11-14,"855 ",023431,,2,1,9,0700,0,2,4,,2,095,"MARSH CREEK RD","FERTADO LN",20.00,E,N,A,-,N,,,,,,,,,,Y,3,0,2,2,A,-,05,21460,A,N,A,C,A,A,H,-,A,D,0,,,,,Y,,-,"- ",0,2,0,0,0,0,0,0,0,"- ","- ",37.896430969238281,-121.62824249267578,"CONTRA COSTA",UNINCORPORATED,-121.62831878662109,37.896400451660156
92242639,2023,2023-11-22,9320,2023-11-15,"930 ",020984,,3,1,6,0704,0,1,3,,2,242,"SR-242 NB FROM GRANT ST","GRANT ST",25.00,E,N,B,-,Y,,,,,,,,,,Y,4,0,1,2,A,-,03,22350,,N,C,C,A,A,D,-,A,D,0,,,,,Y,,D,22,0,0,1,0,0,0,0,0,0,"- ","- ",37.988319396972656,-122.03997039794922,"CONTRA COSTA",CONCORD,-122.03997039794922,37.988319396972656
92242644,2023,2023-11-28,9320,2023-03-09,1555,019914,,4,2,5,0712,0,1,1,,2,682,"I-680 NB TO YGNACIO VALLEY ROAD","YGNACIO VALLEY ROAD",100.00,S,N,C,-,Y,,,,,,,,,,Y,1,1,5,5,D,-,00,,,N,C,C,A,B,H,-,A,A,0,,,,,Y,,-,"- ",1,0,4,0,0,0,0,0,0,"- ","- ",37.903919219970703,-122.06829071044922,"CONTRA COSTA","WALNUT CREEK",-122.06829071044922,37.903919219970703
92242738,2023,2023-11-22,9320,2023-10-11,"830 ",016563,,3,1,9,0700,0,3,5,,2,020,"WILDCAT CANYON ROAD","SOUTH PARK AVE",0.00,,Y,A,-,N,,,,,,,,,,N,4,0,1,2,A,-,09,21802,A,N,D,G,A,A,H,-,A,A,0,,Y,,,Y,,A,08,0,0,1,0,0,0,1,0,0,"- ","- ",37.892738342285156,-122.24269866943359,"CONTRA COSTA",UNINCORPORATED,-122.24263763427734,37.892791748046875
92242908,2023,2023-11-22,9320,2023-11-16,"635 ",022462,,4,1,9,0700,0,1,3,,2,403,"STATE ROUTE 4 WESTBOUND","BAILEY ROAD",2400.00,E,N,A,-,Y,CC,,4," ",R,20.587,H,,L,N,4,0,1,2,A,-,07,21658,A,N,B,C,A,A,H,-,A,A,0,,,Y,,Y,,A,01,0,0,1,0,0,0,0,0,1,"- ","- ",38.019081115722656,-121.93335723876953,"CONTRA COSTA",UNINCORPORATED,-121.93335723876953,38.019126892089844
92242936,2023,2023-11-22,9320,2023-11-16,"900 ",022896,,4,1,9,0700,0,1,1,,2,681,"I-680 N/B","STONE VALLEY RD",500.00,N,N,B,-,Y,CC,,680," ",R,10.624,H,,R,N,4,0,2,3,A,-,03,22350,,N,B,C,A,A,H,-,A,A,0,,,,,Y,,A,01,0,0,2,0,0,0,0,0,0,"- ","- ",37.854930877685547,-122.029296875,"CONTRA COSTA",UNINCORPORATED,-122.02930450439453,37.854927062988281
92243787,2023,2023-11-24,9320,2023-11-01,"630 ",016563,,3,1,3,0792,0,1,3,,2,240,"SR-24 W/B","CAMINO PABLO",865.00,W,N,A,-,Y,CC,,24," ",R,2.137,H,,L,Y,4,0,2,3,A,-,01,23152,A,N,C,C,A,A,H,-,C,A,0,,,,,Y,Y,A,01,0,0,2,0,0,0,0,0,0,"- ","- ",37.877311706542969,-122.18669891357422,"CONTRA COSTA",ORINDA,-122.18674468994141,37.877323150634766
92243799,2023,2023-11-24,9320,2023-11-16,1736,023431,,4,2,5,0701,0,1,3,,2,404,"SR-4 E/B","HILLCREST AVE",3160.00,E,N,B,-,Y,CC,,4," ",R,29.551,H,,R,N,4,0,1,2,A,-,03,22350,,F,C,C,A,B,H,-,C,A,0,,,,,Y,,-,99,0,0,1,0,0,0,0,0,0,"- ","- ",37.994190216064453,-121.77429962158203,"CONTRA COSTA",ANTIOCH,-121.77429962158203,37.994197845458984
92243808,2023,2023-11-24,9320,2023-11-17,1405,023431,,5,2,9,0700,0,2,4,,2,091,"BIXLER RD",SR-4,350.00,N,N,B,-,N,,,,,,,,,,Y,3,0,1,2,A,-,09,21801,A,N,D,C,A,A,H,-,A,A,0,,,,,Y,,A,07,0,1,0,0,0,0,0,0,0,"- ","- ",37.890491485595703,-121.62300109863281,"CONTRA COSTA",UNINCORPORATED,-121.62308502197266,37.890411376953125
92243902,2023,2023-11-24,9320,2023-11-15,1205,022462,,3,1,9,0700,0,3,5,,2,075,"BREAKER DRIVE","PACIFICA AVENUE",0.00,,Y,A,-,N,,,,,,,,,,N,4,0,2,2,A,-,09,21802,A,N,D,C,A,A,H,-,A,A,0,,,,,Y,,A,07,0,0,2,0,0,0,0,0,0,"- ","- ",38.034049987792969,-121.96558380126953,"CONTRA COSTA",UNINCORPORATED,-121.96556091308594,38.034027099609375
92243903,2023,2023-11-24,9320,2023-11-16,1725,022462,,4,2,9,0700,0,2,4,,2,072,"BAILEY ROAD","CANAL ROAD",78.00,S,N,C,-,N,,,,,,,,,,N,4,0,2,2,A,-,08,22107,,M,B,G,A,B,H,-,C,A,0,,Y,,,Y,,I,11,0,0,2,0,0,0,2,0,0,"- ","- ",38.021289825439453,-121.94200897216797,"CONTRA COSTA",UNINCORPORATED,-121.94187927246094,38.021347045898438
92244851,2023,2023-11-27,9320,2023-11-17,1220,022486,,5,1,5,0712,0,1,1,,2,682,"I-680 S/B","OLYMPIC BLVD",0.28,N,N,A,-,Y,CC,,680," "," ",14.212,H,,L,Y,3,0,1,1,A,-,08,22107,,N,E,I,A,A,H,-,A,D,0,,,,,Y,,A,01,0,1,0,0,0,0,0,0,0,"- ","- ",37.896251678466797,-122.07102203369141,"CONTRA COSTA","WALNUT CREEK",-122.07084655761719,37.896312713623047
92244875,2023,2023-11-27,9320,2023-11-13,"150 ",023057,,1,3,6,0704,0,1,3,,2,403,"SR-4 E/B","WILLOW PASS ROAD",1644.00,W,N,A,-,Y,CC,,4," ",R,16.522,H,,R,N,4,0,1,2,A,-,03,22350,,N,C,C,A,A,H,-,D,D,0,,,,,Y,,A,01,0,0,1,0,0,0,0,0,0,"- ","- ",38.012481689453125,-122.0030517578125,"CONTRA COSTA",CONCORD,-122.00307464599609,38.012577056884766
92244877,2023,2023-11-27,9320,2023-11-15,1310,022486,,3,1,9,0700,0,3,5,,2,040,"SUDAN LOOP","ARIA DRIVE",0.00,,Y,A,-,Y,,,,,,,,,,Y,4,0,1,1,A,-,08,22107,,N,E,I,A,A,H,-,A,D,0,,,,,Y,,A,01,0,0,1,0,0,0,0,0,0,"- ","- ",37.991420745849609,-122.06459045410156,"CONTRA COSTA",UNINCORPORATED,-122.06443786621094,37.991313934326172
92244887,2023,2023-11-27,9320,2023-11-18,"26  ",019759,,6,3,9,0700,0,1,1,,2,683,"I-680 S/B TO SR-4 E/B",SR-4,350.00,S,N,C,-,Y,,,,,,,,,,Y,3,0,1,1,A,-,08,22107,,N,F,A,A,B,H,-,C,A,0,,,,Y,Y,,G,26,0,1,0,0,0,0,0,0,0,"- ","- ",37.993350982666016,-122.06999206542969,"CONTRA COSTA",UNINCORPORATED,-122.06999206542969,37.993350982666016
92244902,2023,2023-11-27,9320,2023-11-16,"210 ",022886,,4,3,5,0701,0,1,3,,2,404,"SR-4 E/B","CONTRA LOMA",1320.00,W,N,B,-,Y,CC,,4," "," ",26.426,H,,R,Y,4,0,2,2,A,-,03,22350,,M,C,C,A,A,H,-,C,A,0,,,,,Y,,-,99,0,0,2,0,0,0,0,0,0,"- ","- ",38.001640319824219,-121.83033752441406,"CONTRA COSTA",ANTIOCH,-121.83028411865234,38.001773834228516
92244918,2023,2023-11-27,9320,2023-11-18,"640 ",022505,,6,1,9,0700,0,2,4,,2,093,"CAMINO DIABLO ROAD","HOLWAY DRIVE",3901.00,W,N,B,-,N,,,,,,,,,,N,2,0,2,3,A,-,08,22107,,F,B,C,A,B,H,-,B,D,0,,,,,Y,,D,22,1,1,0,0,0,0,0,0,0,"- ","- ",37.867431640625,-121.65521240234375,"CONTRA COSTA",UNINCORPORATED,-121.65511322021484,37.867443084716797
92244927,2023,2025-07-09,9320,2023-11-17,1425,021472,,5,2,9,0700,0,3,5,,2,040,"ARTHUR ROAD","ACTRIZ AVENUE",0.00,,Y,B,-,N,,,,,,,,,,Y,3,0,1,2,A,-,09,21801,A,N,D,C,A,B,H,-,A,D,0,,,Y,,Y,,A,07,0,1,0,0,0,0,0,0,1,"- ","- ",38.013748168945312,-122.08847808837891,"CONTRA COSTA",UNINCORPORATED,-122.0885009765625,38.013778686523438
92244933,2023,2023-11-27,9320,2023-11-18,"725 ",022748,,6,1,3,0715,0,1,3,,2,241,SR-24,"ACALANES RD",4100.00,E,N,B,C,Y,CC,,24," ",R,5.217,H,,L,Y,4,0,1,1,A,-,03,22350,,N,E,I,A,B,H,-,A,A,0,,,,,Y,,A,01,0,0,1,0,0,0,0,0,0,"- ","- ",37.891220092773438,-122.14008331298828,"CONTRA COSTA",LAFAYETTE,-122.14006042480469,37.891292572021484
92244940,2023,2023-11-27,9320,2023-11-18,"830 ",019914,,6,1,3,0715,0,1,3,,2,241,"SR-24 WB FROM PLEASANT HILL RD S/B","PLEASANT HILL ROAD",1000.00,W,N,C,-,Y,CC,,24," ",R,7.538,H,,L,Y,4,0,1,1,A,-,03,22350,,N,E,I,A,B,H,-,A,D,0,,,,,Y,,D,22,0,0,1,0,0,0,0,0,0,"- ","- ",37.897941589355469,-122.09873199462891,"CONTRA COSTA",LAFAYETTE,-122.09870147705078,37.897754669189453
92244957,2023,2023-11-27,9320,2023-11-18,1134,022748,,6,1,3,0792,0,1,3,,2,241,SR-24,"ST. STEVENS DR",3000.00,W,N,B,C,Y,CC,,24," ",R,2.888,H,,R,Y,4,0,1,1,A,-,03,22350,,N,E,I,A,B,H,-,A,A,0,,,,,Y,,A,01,0,0,1,0,0,0,0,0,0,"- ","- ",37.885608673095703,-122.17852783203125,"CONTRA COSTA",ORINDA,-122.17845153808594,37.885578155517578
92244969,2023,2023-11-27,9320,2023-11-18,1240,022748,,6,1,3,0715,0,1,3,,2,241,"SR-24 E/B TO I-680 S/B","PLEASANT HILL DRIVE",6864.00,E,N,B,C,Y,,,,,,,,,,Y,4,0,1,3,A,-,03,22350,,N,G,B,E,B,H,-,A,A,0,Y,,,,Y,,A,01,0,0,1,0,1,0,0,0,0,"- ","- ",37.895069122314453,-122.07060241699219,"CONTRA COSTA",LAFAYETTE,-122.07273864746094,37.896224975585938
92245008,2023,2023-11-27,9320,2023-11-18,1255,022505,,6,1,9,0700,0,1,3,,2,404,"MARSH CREEK ROAD","GILL DRIVE",4408.00,E,N,B,-,N,,,,,,,,,,N,3,0,1,1,A,-,03,22350,,N,F,I,A,B,H,-,A,D,0,,,,,Y,,D,22,0,1,0,0,0,0,0,0,0,"- ","- ",37.884761810302734,-121.81942749023438,"CONTRA COSTA",UNINCORPORATED,-121.81980133056641,37.884784698486328
92245012,2023,2023-11-27,9320,2023-11-18,1410,022525,,6,2,9,0700,0,1,3,,2,401,"SR-4 WB","CUMMINNGS SKYWAY O/C",430.00,E,N,B,C,Y,,,,,,,,,,Y,3,0,1,1,A,-,08,22107,,N,E,J,A,B,H,-,A,D,0,,,,,Y,,A,07,0,1,0,0,0,0,0,0,0,"- ","- ",38.016220092773438,-122.18959808349609,"CONTRA COSTA",UNINCORPORATED,-122.18950653076172,38.015926361083984
92245037,2023,2023-11-27,9320,2023-11-18,1600,022517,,6,2,9,0700,0,2,4,,2,094,"CR-J4 (BYRON HIGHWAY)","HOLWAY DRIVE",0.00,,Y,B,C,N,,,,,,,,,,Y,4,0,1,1,A,-,01,23152,A,N,E,8,A,B,H,-,A,D,0,,,,,Y,Y,A,01,0,0,1,0,0,0,0,0,0,"- ","- ",37.871269226074219,-121.64154052734375,"CONTRA COSTA",UNINCORPORATED,-121.64154052734375,37.8714599609375
92245074,2023,2023-11-27,9320,2023-11-18,1900,022896,,6,2,9,0700,0,1,1,,2,681,"I-680 S/B","LIVORNA RD",1000.00,N,N,B,-,Y,CC,,680," ",R,11.483,H,,L,N,4,0,1,1,A,-,08,22107,,N,F,A,A,B,H,-,C,A,0,,,,,Y,,A,01,0,0,1,0,0,0,0,0,0,"- ","- ",37.865089416503906,-122.03794097900391,"CONTRA COSTA",UNINCORPORATED,-122.03781890869141,37.865150451660156
92245084,2023,2023-11-27,9320,2023-11-18,1959,021519,,6,2,4,0714,0,1,1,,2,684,"I-680 N/B","MOCOCO RD",575.00,N,N,C,-,Y,CC,,680," "," ",24.598,H,,R,N,4,0,1,2,A,-,07,21658,A,M,B,C,A,B,H,-,C,D,0,,,,,Y,,-,99,0,0,1,0,0,0,0,0,0,"- ","- ",38.027359008789062,-122.11488342285156,"CONTRA COSTA",MARTINEZ,-122.11491394042969,38.027328491210938
92245172,2023,2023-11-27,9320,2023-11-18,2230,022908,,6,3,5,0701,0,1,3,,2,404,"SR-4 EB","LONE TREE WAY / A ST.",2821.00,W,N,A,-,Y,CC,,4," "," ",27.270,H,,R,Y,3,0,1,2,A,-,01,23152,A,N,C,C,A,B,H,-,C,A,0,,,,,Y,Y,A,01,0,1,0,0,0,0,0,0,0,"- ","- ",37.998039245605469,-121.81594085693359,"CONTRA COSTA",ANTIOCH,-121.81594085693359,37.998081207275391
92245205,2023,2023-11-27,9320,2023-11-18,2320,022886,,6,3,9,0700,0,1,3,,1,406,"SR4 W/B","OLD RIVER BRIDGE",330.00,W,N,A,-,Y,CC,,4," "," ",48.254,H,,L,Y,3,0,1,2,A,-,01,23152,A,N,D,C,A,B,H,-,D,A,0,,,,,Y,Y,D,22,0,1,0,0,0,0,0,0,0,"- ","- ",37.891910552978516,-121.57138824462891,"CONTRA COSTA",UNINCORPORATED,-121.57136535644531,37.891899108886719
92245213,2023,2023-11-27,9370,2023-11-02,"905 ",023488,,4,1,4,0711,0,1,1,,2,082,"INTERSTATE 80 EASTBOUND","SAN PABLO AVE",400.00,E,N,A,-,Y,CC,,80," "," ",3.048,H,,R,Y,4,0,1,2,A,-,08,22107,,N,C,2,A,A,H,-,A,D,0,,,,,Y,,A,01,0,0,1,0,0,0,0,0,0,"- ","- ",37.938331604003906,-122.325439453125,"CONTRA COSTA","SAN PABLO",-122.32546997070312,37.938339233398438
92245346,2023,2023-11-27,9320,2023-11-19,1635,022743,,7,2,9,0700,0,1,1,,2,180,"I-80 E/B","POMONA STREET",950.00,W,N,A,-,Y,CC,,80," "," ",13.343,H,,R,N,3,0,1,2,A,-,07,21658,A,N,B,C,A,A,H,-,A,A,0,,,,,Y,,-,"- ",0,1,0,0,0,0,0,0,0,"- ","- ",38.050788879394531,-122.23001861572266,"CONTRA COSTA",UNINCORPORATED,-122.23004150390625,38.050807952880859
92245374,2023,2023-11-27,9350,2023-11-16,1207,016034,,4,1,9,0700,0,1,1,,2,115,"I-580 W/B","RICHMOND-SAN RAFAEL BRIDGE TOLL PLAZA",4752.00,W,N,B,-,Y,CC,,580," "," ",7.236,H,,L,N,4,0,2,3,A,-,03,22350,,N,C,C,A,A,H,-,A,D,0,,,,,Y,,A,07,0,0,2,0,0,0,0,0,0,"- ","- ",37.933761596679688,-122.42372894287109,"CONTRA COSTA",UNINCORPORATED,-122.42373657226562,37.933723449707031
92245376,2023,2023-11-27,9320,2023-11-20,"355 ",023061,,1,3,6,0704,0,1,1,,2,683,"I-680 NB","WILLOW PASS ROAD",170.00,S,N,A,-,Y,CC,,680," ",R,19.214,H,,R,Y,4,0,1,1,A,-,08,22107,,N,E,8,A,A,H,-,C,D,0,,,,,Y,,A,01,0,0,1,0,0,0,0,0,0,"- ","- ",37.965728759765625,-122.05564117431641,"CONTRA COSTA",CONCORD,-122.05576324462891,37.965682983398438
92245382,2023,2023-11-27,9320,2023-11-20,1240,017530,,1,1,9,0700,0,1,3,,1,406,SR-4,"NEWPORT DR",0.00,,Y,A,-,Y,CC,,4," "," ",45.753,H,,R,Y,3,0,3,2,A,-,09,21801,A,N,A,C,A,A,H,-,A,A,0,,,,,Y,,A,07,0,3,0,0,0,0,0,0,0,"- ","- ",37.889358520507812,-121.61537170410156,"CONTRA COSTA",UNINCORPORATED,-121.61537170410156,37.889312744140625
9224591,2021,2021-03-16,0702,2021-01-22,1239,490M,418B,5,5,3,0702,0,0,0,,0,004,"BALFOUR RD","ROSEGATE AV",0.00,,Y,A,-,N,,,,,,,,,,Y,3,0,2,2,A,-,08,22107,,N,D,C,A,A,H,-,A,A,0,,,,,Y,,A,07,0,2,0,0,0,0,0,0,0,"- ","- ",33.79254150390625,-121.70883178710938,"CONTRA COSTA",BRENTWOOD,-121.70883178710938,37.925380706787109
9224592,2021,2021-03-13,0702,2021-01-23,0930,573J,127B,6,5,3,0702,0,0,0,,0,001,"EMPIRE AV","SHADY WILLOW LN",66.00,E,N,A,-,N,,,,,,,,,,N,4,0,1,1,A,-,08,22107,,N,E,I,A,B,H,-,A,D,0,,,,,Y,,A,01,0,0,1,0,0,0,0,0,0,"- ","- ",37.950901031494141,-121.73728179931641,"CONTRA COSTA",BRENTWOOD,-121.73714447021484,37.950859069824219
92246342,2023,2023-11-28,9320,2023-11-02,"115 ",023490,,4,3,5,0708,0,1,3,,2,403,"SR 4 W/B","BAILEY ROAD",2650.00,E,N,A,-,Y,CC,,4," ",R,20.617,H,,L,N,4,0,1,2,A,-,07,21658,A,M,B,C,A,A,H,-,D,A,0,,,,,Y,,A,01,0,0,1,0,0,0,0,0,0,"- ","- ",38.019199371337891,-121.93280792236328,"CONTRA COSTA",PITTSBURG,-121.93281555175781,38.019126892089844