CASE_ID,ACCIDENT_YEAR,PROC_DATE,JURIS,COLLISION_DATE,COLLISION_TIME,OFFICER_ID,REPORTING_DISTRICT,DAY_OF_WEEK,CHP_SHIFT,POPULATION,CNTY_CITY_LOC,SPECIAL_COND,BEAT_TYPE,CHP_BEAT_TYPE,CITY_DIVISION_LAPD,CHP_BEAT_CLASS,BEAT_NUMBER,PRIMARY_RD,SECONDARY_RD,DISTANCE,DIRECTION,INTERSECTION,WEATHER_1,WEATHER_2,STATE_HWY_IND,CALTRANS_COUNTY,CALTRANS_DISTRICT,STATE_ROUTE,ROUTE_SUFFIX,POSTMILE_PREFIX,POSTMILE,LOCATION_TYPE,RAMP_INTERSECTION,SIDE_OF_HWY,TOW_AWAY,COLLISION_SEVERITY,NUMBER_KILLED,NUMBER_INJURED,PARTY_COUNT,PRIMARY_COLL_FACTOR,PCF_CODE_OF_VIOL,PCF_VIOL_CATEGORY,PCF_VIOLATION,PCF_VIOL_SUBSECTION,HIT_AND_RUN,TYPE_OF_COLLISION,MVIW,PED_ACTION,ROAD_SURFACE,ROAD_COND_1,ROAD_COND_2,LIGHTING,CONTROL_DEVICE,CHP_ROAD_TYPE,PEDESTRIAN_ACCIDENT,BICYCLE_ACCIDENT,MOTORCYCLE_ACCIDENT,TRUCK_ACCIDENT,NOT_PRIVATE_PROPERTY,ALCOHOL_INVOLVED,STWD_VEHTYPE_AT_FAULT,CHP_VEHTYPE_AT_FAULT,COUNT_SEVERE_INJ,COUNT_VISIBLE_INJ,COUNT_COMPLAINT_PAIN,COUNT_PED_KILLED,COUNT_PED_INJURED,COUNT_BICYCLIST_KILLED,COUNT_BICYCLIST_INJURED,COUNT_MC_KILLED,COUNT_MC_INJURED,PRIMARY_RAMP,SECONDARY_RAMP,LATITUDE,LONGITUDE,COUNTY,CITY,POINT_X,POINT_Y
92326163,2024,2024-02-29,9320,2024-02-24,"740 ",019914,,6,1,9,0700,0,3,5,,2,050,"SOUTH GATE ROAD EB","MOUNT DIABLO SCENIC",5280.00,E,N,A,-,N,,,,,,,,,,N,3,0,1,2,A,-,03,22350,,N,C,G,A,A,H,-,A,D,0,,Y,,,Y,,A,01,0,1,0,0,0,0,1,0,0,"- ","- ",37.841209411621094,-121.93917083740234,"CONTRA COSTA",UNINCORPORATED,-121.93896484375,37.841140747070312
92326225,2024,2024-02-29,9320,2024-02-24,1830,022505,,6,2,9,0700,0,3,5,,2,060,"569 OAKSHIRE  PLACE","SUGAR CREEK COURT",724.00,E,N,A,-,N,,,,,,,,,,N,3,0,2,1,B,-,22,,,N,E,9,A,A,H,-,D,D,0,,,,,Y,,A,01,0,2,0,0,0,0,0,0,0,"- ","- ",37.859428405761719,-121.99279022216797,"CONTRA COSTA",UNINCORPORATED,-121.99310302734375,37.859367370605469
92326307,2023,2024-02-29,9370,2023-11-28,2145,023178,,2,2,5,0710,0,1,1,,2,082,"I-80 E/B","CARLSON BLVD",740.00,W,N,A,-,Y,CC,,80," "," ",0.860,H,,R,Y,1,1,1,3,A,-,03,22350,,N,C,C,A,A,D,E,D,A,0,,,,,Y,,D,22,0,1,0,0,0,0,0,0,0,"- ","- ",37.908878326416016,-122.31623077392578,"CONTRA COSTA",RICHMOND,-122.316162109375,37.908905029296875
92326363,2024,2024-02-29,9370,2024-02-20,1345,023589,,2,1,3,0707,0,1,1,,2,083,"I-80 W/B","APPIAN WAY",348.00,W,N,C,-,Y,CC,,80," "," ",7.533,H,,L,N,4,0,1,3,A,-,03,22350,,N,C,C,A,B,H,-,A,D,0,,,,,Y,,A,07,0,0,1,0,0,0,0,0,0,"- ","- ",37.993209838867188,-122.30320739746094,"CONTRA COSTA",PINOLE,-122.30323028564453,37.993297576904297
92326402,2024,2024-02-29,9320,2024-02-26,"815 ",019914,,1,1,4,0709,0,1,1,,2,683,"I-680 SB","WILLOW PASS ROAD UC",5280.00,S,N,B,-,Y,CC,,680," ",R,18.852,H,,L,N,4,0,1,3,A,-,03,22350,,N,C,C,A,A,H,-,A,A,0,,,,,Y,,A,01,0,0,1,0,0,0,0,0,0,"- ","- ",37.960670471191406,-122.05316925048828,"CONTRA COSTA","PLEASANT HILL",-122.05316925048828,37.960670471191406
92326457,2024,2024-02-29,9370,2024-02-03,"210 ",023081,,6,3,5,0710,0,1,1,,2,058,"I-580 W/B","CENTRAL AVENUE",2360.00,E,N,A,-,Y,ALA,,580," "," ",47.797,H,,L,Y,3,0,1,1,A,-,01,23152,A,M,E,I,A,A,H,-,D,D,0,,,,,Y,Y,A,01,0,1,0,0,0,0,0,0,0,"- ","- ",37.894378662109375,-122.30938720703125,"CONTRA COSTA",RICHMOND,-122.30968475341797,37.894283294677734
92326522,2024,2024-02-29,9320,2024-02-28,1600,020440,,3,2,9,0700,0,2,4,,2,097,"VASCO RD","CAMINO DIABLO",7022.00,N,N,A,-,N,,,,,,,,,,Y,4,0,2,3,A,-,03,22350,,N,C,C,A,A,H,-,A,D,0,,,,,Y,,A,07,0,0,2,0,0,0,0,0,0,"- ","- ",37.878700256347656,-121.68473815917969,"CONTRA COSTA",UNINCORPORATED,-121.68471527099609,37.878620147705078
92326561,2024,2024-02-29,9320,2024-02-28,"815 ",018086,,3,1,3,0707,0,1,1,,2,180,"I-80 WESTBOUND","PINOLE VALLEY ROAD",1426.00,E,N,A,-,Y,CC,,80," "," ",8.798,H,,L,N,4,0,1,2,A,-,03,22350,,N,C,C,A,A,H,-,A,A,0,,,,,Y,,A,01,0,0,1,0,0,0,0,0,0,"- ","- ",38.000450134277344,-122.28314971923828,"CONTRA COSTA",PINOLE,-122.2830810546875,38.000411987304688
92326616,2024,2024-02-29,9320,2024-02-02,1040,023666,,5,1,3,0715,0,1,3,,2,241,"SR-24 W/B","DOLORES DR",2006.00,W,N,B,-,Y,CC,,24," ",R,5.429,H,,L,N,2,0,1,2,A,-,07,21658,A,F,F,D,A,B,H,-,A,A,0,,,,,Y,,-,99,1,0,0,0,0,0,0,0,0,"- ","- ",37.890911102294922,-122.13627624511719,"CONTRA COSTA",LAFAYETTE,-122.13627624511719,37.890823364257812
92326769,2024,2024-02-29,9320,2024-02-18,1500,022896,,7,2,9,0700,0,3,5,,2,010,"ROLPH PARK DR","ROLPH PARK CT",70.00,E,N,B,-,N,,,,,,,,,,N,3,0,1,1,A,-,03,22350,,N,E,8,A,B,H,-,A,A,0,,,,,Y,,A,01,0,1,0,0,0,0,0,0,0,"- ","- ",38.050239562988281,-122.21974182128906,"CONTRA COSTA",UNINCORPORATED,-122.22000885009766,38.049945831298828
92327405,2024,2024-03-01,9320,2024-02-25,"100 ",022915,,7,3,6,0704,0,1,3,,2,402,"SR-4 E/B TO PORT CHICAGO HWY","PORT CHICAGO HIGHWAY",4500.00,W,N,A,-,Y,CC,,4," ",R,14.556,H,,R,Y,4,0,1,1,A,-,01,23152,A,N,E,I,A,A,H,-,C,A,0,,,,,Y,Y,A,01,0,0,1,0,0,0,0,0,0,"- ","- ",38.005039215087891,-122.03746795654297,"CONTRA COSTA",CONCORD,-122.03755187988281,38.005126953125
92327407,2024,2024-03-01,9320,2024-02-20,1846,023490,,2,2,3,0792,0,1,3,,2,240,"SR-24 W/B","WILDER ROAD",830.00,W,N,C,-,Y,CC,,24," "," ",1.345,H,,L,Y,4,0,2,1,A,-,03,22350,,N,A,I,A,B,H,-,C,A,0,,,,,Y,,A,01,0,0,2,0,0,0,0,0,0,"- ","- ",37.868289947509766,-122.19544982910156,"CONTRA COSTA",ORINDA,-122.19551849365234,37.868350982666016
92327433,2024,2024-03-01,9320,2024-02-20,1847,023490,,2,2,3,0792,0,1,3,,2,240,"SR-24 W/B","WILDER ROAD",830.00,W,N,C,-,Y,CC,,24," "," ",1.370,H,,L,Y,4,0,2,5,A,-,03,22350,,N,D,2,E,B,H,-,C,A,0,Y,,,,Y,,D,22,0,0,2,0,1,0,0,0,0,"- ","- ",37.868541717529297,-122.19509887695312,"CONTRA COSTA",ORINDA,-122.19515228271484,37.86859130859375
92327498,2024,2024-03-01,9320,2024-02-29,1400,021281,,4,2,9,0700,0,1,3,,2,241,"SR-24 W/B","BROWN AVENUE",500.00,E,N,C,-,Y,CC,,24," ",R,7.035,H,,L,Y,4,0,1,1,A,-,03,22350,,N,E,I,A,B,H,-,A,A,0,,,,,Y,,D,22,0,0,1,0,0,0,0,0,0,"- ","- ",37.896221160888672,-122.10769653320312,"CONTRA COSTA",UNINCORPORATED,-122.10772705078125,37.896324157714844
92327536,2024,2024-03-01,9320,2024-02-28,1450,020957,,3,2,5,0708,0,1,3,,2,404,"SR-4 W/B TO CALIFORNIA AVE","CALIFORNIA AVE",10.00,S,N,A,-,Y,,,,,,,,,,Y,4,0,2,3,A,-,03,22350,,N,D,3,A,A,H,-,A,A,0,,,,,Y,,A,08,0,0,2,0,0,0,0,0,0,"- ","- ",38.012821197509766,-121.86875152587891,"CONTRA COSTA",PITTSBURG,-121.86875152587891,38.012821197509766
92327571,2024,2024-03-20,9320,2024-02-27,"448 ",019759,,2,3,9,0700,0,1,3,,2,403,"SR-4 W/B","WILLOW PASS RD.",2640.00,E,N,A,-,Y,CC,,4," ",R,17.297,H,,L,Y,2,0,5,4,A,-,03,22350,,N,C,C,A,A,H,-,D,A,0,,,,,Y,,A,01,1,4,0,0,0,0,0,0,0,"- ","- ",38.017238616943359,-121.99063873291016,"CONTRA COSTA",UNINCORPORATED,-121.99070739746094,38.017311096191406
92328618,2024,2024-03-04,9320,2024-02-16,2140,022915,,5,2,9,0700,0,1,1,,2,180,"I-80 E/B","CUMMINGS SKYWAY",4200.00,W,N,A,-,Y,CC,,80," "," ",11.976,H,,R,Y,4,0,4,3,A,-,01,23152,A,N,C,C,A,A,H,-,C,A,0,,,,,Y,Y,A,01,0,0,4,0,0,0,0,0,0,"- ","- ",38.037418365478516,-122.24845886230469,"CONTRA COSTA",UNINCORPORATED,-122.24844360351562,38.037410736083984
92328681,2024,2024-03-04,9320,2024-02-15,1824,023677,,4,2,5,0712,0,1,1,,2,682,"I-680 N/B","TREAT BLVD",2418.00,S,N,A,-,Y,CC,,680," "," ",15.946,H,,R,N,4,0,1,2,A,-,03,22350,,M,C,C,A,A,H,-,D,D,0,,,,,Y,,D,22,0,0,1,0,0,0,0,0,0,"- ","- ",37.919849395751953,-122.06228637695312,"CONTRA COSTA","WALNUT CREEK",-122.0623779296875,37.919876098632812
92328924,2024,2024-03-04,9320,2024-02-26,"710 ",016563,,1,1,9,0700,0,2,4,,2,026,"PLEASANT HILL ROAD","HOLLAND DRIVE",650.00,E,N,B,-,N,,,,,,,,,,N,4,0,1,1,A,-,08,22107,,N,E,I,A,A,H,-,A,A,0,,,,,Y,,A,07,0,0,1,0,0,0,0,0,0,"- ","- ",37.920269012451172,-122.09780883789062,"CONTRA COSTA",UNINCORPORATED,-122.09502410888672,37.923175811767578
92328958,2024,2024-03-04,9320,2024-02-21,1315,016563,,3,1,3,0715,0,1,3,,2,240,"SR-24 E/B","ACALANES ROAD",300.00,W,N,A,-,Y,CC,,24," ",R,4.338,H,,R,N,3,0,1,2,A,-,03,22350,,N,C,C,A,A,H,-,A,A,0,,,,Y,Y,,F,26,0,1,0,0,0,0,0,0,0,"- ","- ",37.892021179199219,-122.15560913085938,"CONTRA COSTA",LAFAYETTE,-122.15561676025391,37.892005920410156
92329184,2024,2024-03-04,9320,2024-03-04,"640 ",016563,,1,1,3,0715,0,1,3,,2,241,"SR-24 E/B","EL NIDO RANCH ROAD",800.00,E,N,B,-,Y,CC,,24," ",R,5.101,H,,R,Y,3,0,1,1,A,-,03,22350,,N,E,I,A,B,H,-,B,A,0,,,,,Y,,D,22,0,1,0,0,0,0,0,0,0,"- ","- ",37.891269683837891,-122.14167785644531,"CONTRA COSTA",LAFAYETTE,-122.14169311523438,37.891193389892578
92329192,2024,2024-03-04,9320,2024-03-03,"830 ",022119,,7,1,9,0700,0,2,4,,1,042,"SHELL AVENUE","S CREST AVENUE",0.00,,Y,A,-,Y,,,,,,,,,,Y,3,0,1,2,A,-,09,21804,A,N,D,C,A,B,H,-,A,A,0,,,,,Y,,A,01,0,1,0,0,0,0,0,0,0,"- ","- ",38.010089874267578,-122.11891937255859,"CONTRA COSTA",UNINCORPORATED,-122.11898803710938,38.010051727294922
92329197,2024,2024-03-04,9320,2024-03-02,2215,023680,,6,3,4,0714,0,1,1,,2,683,"INTERSTATE 680 SOUTHBOUND","MARINA VISTA AVE",2020.00,S,N,C,-,Y,CC,,680," "," ",23.982,H,,L,Y,4,0,1,1,A,-,03,22350,,N,E,I,A,B,H,-,C,D,0,,,,,Y,,A,08,0,0,1,0,0,0,0,0,0,"- ","- ",38.022819519042969,-122.10572814941406,"CONTRA COSTA",MARTINEZ,-122.10576629638672,38.022769927978516
92329210,2024,2024-03-04,9320,2024-03-02,2000,022517,,6,2,6,0704,0,1,1,,2,683,"I-680 S/B",SR-242,140.00,N,N,B,C,Y,CC,,680," ",R,18.760,H,,L,N,4,0,2,2,A,-,03,22350,,N,B,C,A,B,H,-,C,A,0,,,,,Y,,A,07,0,0,2,0,0,0,0,0,0,"- ","- ",37.959358215332031,-122.05269622802734,"CONTRA COSTA",CONCORD,-122.05270385742188,37.959358215332031
92329322,2024,2024-03-04,9370,2024-02-24,1800,022350,,6,2,5,0710,0,1,1,,2,058,"I-580 E/B","CENTRAL AVE",3127.00,W,N,A,-,Y,ALA,,580," ",R,47.620,H,,R,N,3,0,2,2,A,-,03,22350,,N,C,C,A,A,H,-,D,D,0,,,,,Y,,A,07,0,1,1,0,0,0,0,0,0,"- ","- ",37.892421722412109,-122.30899047851562,"CONTRA COSTA",RICHMOND,-122.30879974365234,37.892448425292969
92329334,2024,2024-03-04,9370,2024-02-24,1900,022350,,6,2,4,0711,0,1,1,,2,082,"I-80 E/B TO SAN PABLO DAM ROAD","SAN PABLO DAM RD",377.00,W,N,A,-,Y,CC,,80," "," ",4.272,H,,R,Y,3,0,2,2,A,-,03,22350,,N,C,C,A,A,H,-,C,D,0,,,,,Y,,D,22,0,1,1,0,0,0,0,0,0,"- ","- ",37.955249786376953,-122.32904052734375,"CONTRA COSTA","SAN PABLO",-122.32931518554688,37.955146789550781
9232990,2021,2021-03-08,0700,2021-01-31,1202,OA032,OAK,7,5,3,0734,0,0,0,,0,052,"IBIS DR","SNOEY EGRET WY",0.00,,Y,A,-,N,,,,,,,,,,Y,3,0,1,2,A,-,08,22107,,N,B,C,A,A,H,-,A,B,0,,,Y,,Y,,C,02,0,1,0,0,0,0,0,0,1,"- ","- ",,,"CONTRA COSTA",OAKLEY,-121.68795776367188,37.995246887207031
92329905,2024,2024-03-05,9320,2024-02-24,2347,022994,,6,3,6,0704,0,1,1,,2,683,"SR-242 N/B","MONUMENT BLVD",4752.00,N,N,A,-,Y,CC,,242," ",L,0.000,H,,R,Y,3,0,1,4,A,-,01,23152,A,N,G,B,E,A,H,-,D,A,0,Y,,,,Y,Y,A,01,0,1,0,0,1,0,0,0,0,"- ","- ",37.957771301269531,-122.05235290527344,"CONTRA COSTA",CONCORD,-122.05222320556641,37.957904815673828
92330447,2024,2024-03-05,9370,2024-03-02,"18  ",023330,,6,3,4,0711,0,1,1,,2,083,"I-80 E/B","EL PORTAL DRIVE",165.00,W,N,C,-,Y,CC,,80," "," ",5.223,H,,R,Y,3,0,1,2,A,-,07,21658,A,M,B,C,A,B,H,-,D,D,0,,,,,Y,,-,99,0,1,0,0,0,0,0,0,0,"- ","- ",37.965900421142578,-122.32288360595703,"CONTRA COSTA","SAN PABLO",-122.32286834716797,37.965885162353516
92330617,2024,2024-03-05,9370,2024-03-04,"555 ",023484,,1,3,5,0710,0,1,1,,2,083,"I-80 W/B","SAN PABLO DAMN ROAD",1600.00,E,N,B,-,Y,CC,,80," "," ",4.621,H,,L,Y,3,0,1,2,A,-,03,22350,,N,C,C,A,B,H,-,D,D,0,,,,,Y,,A,01,0,1,0,0,0,0,0,0,0,"- ","- ",37.960151672363281,-122.33056640625,"CONTRA COSTA",RICHMOND,-122.33058166503906,37.960151672363281
92330989,2024,2024-03-06,9320,2024-02-28,1815,022828,,3,2,3,0707,0,1,1,,2,180,"INTERSTATE 80 EASTBOUND","APPIAN OVERCROSSING",35.00,E,N,B,-,Y,CC,,80," "," ",7.626,H,,R,N,4,0,1,2,A,-,08,22107,,N,C,C,A,A,H,-,C,A,0,,,,Y,Y,,A,07,0,0,1,0,0,0,0,0,0,"- ","- ",37.993400573730469,-122.30142211914062,"CONTRA COSTA",PINOLE,-122.30141448974609,37.993381500244141
92331128,2024,2024-03-06,9320,2024-02-28,1440,017530,,3,2,9,0700,0,2,4,,2,077,"MARSH CREEK RD","MORGAN TERRITORY RD",7920.00,W,N,A,-,N,,,,,,,,,,Y,3,0,1,1,A,-,08,22107,,N,E,I,A,A,H,-,A,D,0,,,,,Y,,A,07,0,1,0,0,0,0,0,0,0,"- ","- ",37.911720275878906,-121.88156890869141,"CONTRA COSTA",UNINCORPORATED,-121.89559936523438,37.918018341064453
92331362,2024,2024-03-06,9320,2024-03-01,"715 ",016094,,5,1,9,0700,0,2,4,,2,077,"MARSH CREEK RD","SYCAMORE SPRINGS RD",1954.00,W,N,B,-,N,,,,,,,,,,Y,3,0,1,1,A,-,08,22107,,M,E,J,A,B,H,-,A,D,0,,,,,Y,,A,01,0,1,0,0,0,0,0,0,0,"- ","- ",37.884769439697266,-121.81926727294922,"CONTRA COSTA",UNINCORPORATED,,
92331454,2024,2024-03-06,9320,2024-03-01,1355,021281,,5,1,4,0709,0,1,3,,2,241,"SR-24 E/B","PLEASANT HILL ROAD",1500.00,W,N,C,-,Y,CC,,24," ",R,7.245,H,,R,Y,4,0,1,2,A,-,03,22350,,N,C,C,A,B,H,-,A,A,0,,,,,Y,,A,01,0,0,1,0,0,0,0,0,0,"- ","- ",37.896671295166016,-122.10373687744141,"CONTRA COSTA","PLEASANT HILL",-122.10372161865234,37.896610260009766
92332105,2024,2024-03-07,9370,2024-02-26,"930 ",023697,,1,1,5,0710,0,1,1,,2,082,"I-80 W/B","POTRERO AVE",1320.00,E,N,A,-,Y,CC,,80," "," ",1.969,H,,L,Y,4,0,2,4,A,-,03,22350,,N,C,C,A,A,H,-,A,D,0,,,,,Y,,A,07,0,0,2,0,0,0,0,0,0,"- ","- ",37.924358367919922,-122.32028961181641,"CONTRA COSTA",RICHMOND,-122.32032775878906,37.924343109130859
92332155,2024,2024-03-07,9320,2024-02-25,"145 ",022886,,7,3,5,0708,0,1,3,,2,404,"SR-4 W/B TO LOVERIDGE RD","CALIFORNIA AVE",40.00,S,N,A,-,Y,,,,,,,,,,Y,4,0,1,2,A,-,01,23152,A,N,C,C,A,A,H,-,C,A,0,,,,,Y,Y,A,01,0,0,1,0,0,0,0,0,0,"- ","- ",38.012798309326172,-121.8685302734375,"CONTRA COSTA",PITTSBURG,-121.8685302734375,38.012798309326172
92332168,2024,2024-03-07,9320,2024-02-25,1945,022896,,7,2,9,0700,0,2,4,,2,012,"SAN PABLO DAM RD","APPIAN WAY",550.00,W,N,A,-,N,,,,,,,,,,N,4,0,1,4,A,-,01,23152,A,N,C,4,A,A,H,-,C,A,0,,,,,Y,Y,D,22,0,0,1,0,0,0,0,0,0,"- ","- ",37.965530395507812,-122.31131744384766,"CONTRA COSTA",UNINCORPORATED,-122.31114959716797,37.965694427490234
92332176,2024,2024-03-07,9320,2024-02-27,"933 ",023677,,2,1,9,0700,0,1,3,,1,406,"SR-4 W/B","HOFFMAN LN",2112.00,E,N,A,-,Y,CC,,4," ",R,40.740,H,,L,N,4,0,1,2,A,-,03,22350,,N,C,C,A,A,H,-,A,D,0,,,,,Y,,A,01,0,0,1,0,0,0,0,0,0,"- ","- ",37.896499633789062,-121.66368865966797,"CONTRA COSTA",UNINCORPORATED,-121.66368865966797,37.896476745605469
92332184,2024,2024-03-07,9320,2024-02-28,1820,021949,,3,2,9,0700,0,3,5,,2,040,"IMHOFF DR. W/B","BLUM RD.",135.00,E,N,A,-,N,,,,,,,,,,Y,3,0,1,1,A,-,03,22350,,N,F,A,A,A,H,-,D,D,0,,,,,Y,,D,22,0,1,0,0,0,0,0,0,0,"- ","- ",37.998470306396484,-122.07380676269531,"CONTRA COSTA",UNINCORPORATED,-122.07389831542969,37.998542785644531
92332589,2024,2024-03-07,9390,2024-02-28,"840 ",023649,,3,1,4,0790,0,1,1,,2,069,"I-680 NORTHBOUND","DIABLO ROAD",1531.00,S,N,A,-,Y,CC,,680," ",R,7.272,H,,R,Y,4,0,1,3,A,-,03,22350,,M,C,C,A,A,H,-,A,D,0,,,,,Y,,-,99,0,0,1,0,0,0,0,0,0,"- ","- ",37.818679809570312,-121.99315643310547,"CONTRA COSTA",DANVILLE,-121.99314117431641,37.818679809570312
92332690,2024,2024-03-07,9390,2024-03-01,2105,021947,,5,2,4,0791,0,1,1,,2,068,"I-680 SOUTHBOUND","CROW CANYON ROAD",2323.00,N,N,B,C,Y,CC,,680," ",R,4.839,H,,L,Y,4,0,2,2,A,-,07,21658,A,N,B,C,A,B,H,-,D,D,0,,,,,Y,Y,A,01,0,0,2,0,0,0,0,0,0,"- ","- ",37.785800933837891,-121.98000335693359,"CONTRA COSTA","SAN RAMON",-121.97998809814453,37.785804748535156
92333609,2024,2024-03-08,9320,2024-03-02,1350,022505,,6,1,9,0700,0,2,4,,2,086,"BYRON HIGHWAY S/B","HOLWAY DRIVE",30.00,S,N,B,-,N,,,,,,,,,,N,3,0,1,1,A,-,08,22107,,N,E,I,A,B,H,-,A,A,0,,,,,Y,,A,01,0,1,0,0,0,0,0,0,0,"- ","- ",37.8709716796875,-121.64122009277344,"CONTRA COSTA",UNINCORPORATED,-121.64150238037109,37.871383666992188
92333619,2024,2024-03-08,9320,2024-03-02,1824,022784,,6,2,3,0792,0,1,3,,2,240,"SR-24 W/B","WILDER ROAD",1100.00,W,N,B,-,Y,CC,,24," "," ",1.015,H,,L,N,3,0,1,1,A,-,03,22350,,N,E,I,A,B,H,-,C,A,0,,,,,Y,,A,01,0,1,0,0,0,0,0,0,0,"- ","- ",37.867259979248047,-122.20204925537109,"CONTRA COSTA",ORINDA,-122.20206451416016,37.867362976074219
92333629,2024,2024-03-08,9320,2024-03-02,1400,022525,,6,2,5,0708,0,1,3,,2,403,"SR-4 E/B","RAILROAD AVE",3960.00,W,N,B,-,Y,CC,,4," "," ",21.610,H,,R,Y,3,0,2,3,A,-,03,22350,,N,C,C,A,B,H,-,A,A,0,,,,,Y,,A,07,0,1,1,0,0,0,0,0,0,"- ","- ",38.019969940185547,-121.91522216796875,"CONTRA COSTA",PITTSBURG,-121.91522216796875,38.019947052001953
92333652,2024,2024-03-08,9320,2024-03-04,"707 ",021472,,1,1,4,0709,0,1,1,,2,682,"I-680 S/B","MONUMENT BLVD",112.00,S,N,B,-,Y,CC,,680," ",R,17.690,H,,L,Y,4,0,1,2,A,-,03,22350,,N,C,C,A,A,H,-,A,A,0,,,,,Y,,D,22,0,0,1,0,0,0,0,0,0,"- ","- ",37.944919586181641,-122.0584716796875,"CONTRA COSTA","PLEASANT HILL",-122.05852508544922,37.944934844970703
92333658,2024,2024-03-08,9320,2024-03-03,"810 ",023424,,7,1,3,0792,0,1,3,,2,240,"SR-24 W/B","WILDER RD.",430.00,E,N,B,-,Y,CC,,24," "," ",1.274,H,,L,N,4,0,1,1,A,-,03,22350,,N,E,I,A,B,H,-,A,A,0,,,,,Y,,D,22,0,0,1,0,0,0,0,0,0,"- ","- ",37.867710113525391,-122.19663238525391,"CONTRA COSTA",ORINDA,-122.19668579101562,37.867809295654297
92334524,2023,2024-03-11,9320,2023-12-29,1952,022462,,5,2,9,0700,0,2,4,,1,042,"PACHECO BOULEVARD","ARNOLD DRIVE",50.00,S,N,C,-,N,,,,,,,,,,N,4,0,1,1,A,-,01,23152,A,N,E,I,A,B,H,-,C,A,0,,,,,Y,,D,22,0,0,1,0,0,0,0,0,0,"- ","- ",37.997589111328125,-122.07723236083984,"CONTRA COSTA",UNINCORPORATED,-122.07733917236328,37.997615814208984
9233454,2021,2021-04-09,0740,2021-02-25,1927,SR501,,4,5,4,0791,0,0,0,,0,BEAT4,"ALCOSTA BL","DAVONA DR",47.00,W,N,A,-,N,,,,,,,,,,Y,4,0,1,2,A,-,03,22350,,N,C,C,A,A,H,-,C,A,0,,,,,Y,,D,22,0,0,1,0,0,0,0,0,0,"- ","- ",37.724220275878906,-121.93697357177734,"CONTRA COSTA","SAN RAMON",-121.93716430664062,37.724319458007812
92334541,2024,2024-03-11,9320,2024-03-01,1420,022784,,5,2,9,0700,0,2,4,,2,026,"PLEASANT HILL RD","GREENVALLEY DR",2880.00,N,N,B,C,N,,,,,,,,,,N,4,0,1,1,A,-,03,22350,,N,E,I,A,B,H,-,A,A,0,,,,,Y,Y,A,01,0,0,1,0,0,0,0,0,0,"- ","- ",37.920299530029297,-122.0982666015625,"CONTRA COSTA",UNINCORPORATED,-122.09829711914062,37.920249938964844
92334551,2024,2024-03-11,9320,2024-03-01,2113,022896,,5,2,9,0700,0,1,3,,2,400,"SR-4 E/B","CHRISTIE RD",100.00,W,N,B,C,Y,CC,,4," ",R,3.394,H,,R,N,4,0,2,2,A,-,03,22350,,N,C,C,A,B,H,-,A,A,0,,,,,Y,,A,01,0,0,2,0,0,0,0,0,0,"- ","- ",38.007801055908203,-122.21015930175781,"CONTRA COSTA",UNINCORPORATED,-122.21015930175781,38.007801055908203
92334570,2024,2024-03-11,9320,2024-03-01,2320,022828,,5,3,3,0706,0,1,1,,2,180,"INTERSTATE 80 WESTBOUND","STATE ROUTE 4 EASTBOUND",960.00,E,N,C,-,Y,CC,,80," "," ",10.255,H,,L,Y,3,0,2,2,A,-,03,22350,,N,C,C,A,B,H,-,D,A,0,,,,,Y,,A,01,0,2,0,0,0,0,0,0,0,"- ","- ",38.017318725585938,-122.26743316650391,"CONTRA COSTA",HERCULES,-122.26740264892578,38.017303466796875
92334649,2024,2024-03-11,9320,2024-03-02,1605,022743,,6,2,9,0700,0,1,1,,2,681,"I-680 S/B","LIVORNA RD",1500.00,S,N,B,C,Y,CC,,680," ",R,11.009,H,,L,N,4,0,2,1,A,-,03,22350,,N,E,I,A,B,H,-,A,A,0,,,,,Y,,A,01,0,0,2,0,0,0,0,0,0,"- ","- ",37.859790802001953,-122.03263092041016,"CONTRA COSTA",UNINCORPORATED,-122.03248596191406,37.859844207763672
92334796,2024,2024-03-11,9320,2024-03-03,1750,023063,,7,2,3,0715,0,1,3,,2,241,"SR-24 WESTBOUND","ACALANES ROAD",931.00,W,N,C,-,Y,CC,,24," ",R,4.234,H,,L,Y,4,0,1,2,A,-,07,21658,A,N,B,C,A,B,H,-,B,A,0,,,,,Y,,A,07,0,0,1,0,0,0,0,0,0,"- ","- ",37.892730712890625,-122.15785217285156,"CONTRA COSTA",LAFAYETTE,-122.15784454345703,37.892738342285156
92334943,2024,2024-03-11,9320,2024-03-04,"750 ",016563,,1,1,5,0712,0,1,1,,2,682,"I-680 N/B","NORTH MAIN STREET",1240.00,N,N,B,-,Y,CC,,680," "," ",15.854,H,,R,Y,3,0,1,7,A,-,07,21658,A,M,B,C,A,A,H,-,A,A,0,,,,,Y,,-,99,0,1,0,0,0,0,0,0,0,"- ","- ",37.918571472167969,-122.06313323974609,"CONTRA COSTA","WALNUT CREEK",-122.06305694580078,37.918537139892578