CASE_ID,ACCIDENT_YEAR,PROC_DATE,JURIS,COLLISION_DATE,COLLISION_TIME,OFFICER_ID,REPORTING_DISTRICT,DAY_OF_WEEK,CHP_SHIFT,POPULATION,CNTY_CITY_LOC,SPECIAL_COND,BEAT_TYPE,CHP_BEAT_TYPE,CITY_DIVISION_LAPD,CHP_BEAT_CLASS,BEAT_NUMBER,PRIMARY_RD,SECONDARY_RD,DISTANCE,DIRECTION,INTERSECTION,WEATHER_1,WEATHER_2,STATE_HWY_IND,CALTRANS_COUNTY,CALTRANS_DISTRICT,STATE_ROUTE,ROUTE_SUFFIX,POSTMILE_PREFIX,POSTMILE,LOCATION_TYPE,RAMP_INTERSECTION,SIDE_OF_HWY,TOW_AWAY,COLLISION_SEVERITY,NUMBER_KILLED,NUMBER_INJURED,PARTY_COUNT,PRIMARY_COLL_FACTOR,PCF_CODE_OF_VIOL,PCF_VIOL_CATEGORY,PCF_VIOLATION,PCF_VIOL_SUBSECTION,HIT_AND_RUN,TYPE_OF_COLLISION,MVIW,PED_ACTION,ROAD_SURFACE,ROAD_COND_1,ROAD_COND_2,LIGHTING,CONTROL_DEVICE,CHP_ROAD_TYPE,PEDESTRIAN_ACCIDENT,BICYCLE_ACCIDENT,MOTORCYCLE_ACCIDENT,TRUCK_ACCIDENT,NOT_PRIVATE_PROPERTY,ALCOHOL_INVOLVED,STWD_VEHTYPE_AT_FAULT,CHP_VEHTYPE_AT_FAULT,COUNT_SEVERE_INJ,COUNT_VISIBLE_INJ,COUNT_COMPLAINT_PAIN,COUNT_PED_KILLED,COUNT_PED_INJURED,COUNT_BICYCLIST_KILLED,COUNT_BICYCLIST_INJURED,COUNT_MC_KILLED,COUNT_MC_INJURED,PRIMARY_RAMP,SECONDARY_RAMP,LATITUDE,LONGITUDE,COUNTY,CITY,POINT_X,POINT_Y
92342630,2024,2024-03-20,9320,2024-03-12,"920 ",022828,,2,1,4,0790,0,1,1,,2,681,"INTERSTATE 680 NORTHBOUND","EL CERRO BOULEVARD",1530.00,N,N,B,C,Y,CC,,680," ",R,8.455,H,,R,N,2,0,1,2,A,-,03,22350,,N,C,C,A,B,H,-,A,A,0,,,,,Y,,-,"- ",1,0,0,0,0,0,0,0,0,"- ","- ",37.832229614257812,-122.00450897216797,"CONTRA COSTA",DANVILLE,-122.00457000732422,37.832172393798828
92342649,2024,2024-03-20,9320,2024-02-28,1419,023666,,3,2,9,0700,0,2,4,,2,013,"SAN PABLO DAM RD N/B","INSPIRATION TRAIL CROSSWALK (TRAIL CROSSING)",618.00,N,N,B,-,N,,,,,,,,,,Y,2,0,4,3,A,-,08,22107,,N,A,C,A,A,G,-,A,A,0,,,,,Y,,A,01,1,2,1,0,0,0,0,0,0,"- ","- ",37.912521362304688,-122.23383331298828,"CONTRA COSTA",UNINCORPORATED,,
92342650,2024,2024-03-20,9320,2024-03-15,1145,021847,,5,1,9,0700,0,2,4,,2,091,"ORWOOD ROAD","BIXLER ROAD",62.00,W,N,A,-,Y,,,,,,,,,,Y,2,0,2,1,A,-,01,23152,A,N,E,I,A,A,H,-,A,A,0,,,,,Y,Y,A,01,1,1,0,0,0,0,0,0,0,"- ","- ",37.939788818359375,-121.62281799316406,"CONTRA COSTA",UNINCORPORATED,-121.62271881103516,37.939857482910156
92342678,2024,2024-03-20,9320,2024-03-14,"825 ",021847,,4,1,9,0700,0,2,4,,2,097,"VASCO ROAD S/B","CAMINO DIABLO",2100.00,N,N,A,-,Y,,,,,,,,,,Y,4,0,1,4,A,-,03,22350,,N,C,C,A,A,H,-,A,D,0,,,,,Y,,D,22,0,0,1,0,0,0,0,0,0,"- ","- ",37.868778228759766,-121.67350006103516,"CONTRA COSTA",UNINCORPORATED,-121.67337036132812,37.868736267089844
92342987,2024,2024-03-20,9320,2024-03-15,"455 ",019759,,5,3,5,0701,0,1,3,,2,404,"SR-4 W/B","HILLCREST AVE",400.00,E,N,A,-,Y,CC,,4," ",R,29.046,H,,L,Y,3,0,1,1,A,-,08,22107,,N,F,A,A,A,H,-,C,D,0,,,,,Y,,D,22,0,1,0,0,0,0,0,0,0,"- ","- ",37.996070861816406,-121.78353118896484,"CONTRA COSTA",ANTIOCH,-121.78354644775391,37.996009826660156
92343005,2024,2024-03-20,9320,2024-03-15,"915 ",016094,,5,1,9,0700,0,1,3,,2,404,"SR-4 W/B","CALIFORNIA AVE.",0.11,E,N,A,-,Y,CC,,4," "," ",23.627,H,,L,N,4,0,1,1,C,-,18,,,N,E,J,A,A,H,-,A,D,0,,,,,Y,,-,"- ",0,0,1,0,0,0,0,0,0,"- ","- ",38.014808654785156,-121.87925720214844,"CONTRA COSTA",UNINCORPORATED,-121.87930297851562,38.014698028564453
92343250,2024,2024-03-20,9370,2024-03-08,"845 ",023682,,5,1,5,0710,0,1,1,,2,058,"INTERSTATE 580 WESTBOUND","RICHMOND / SAN RAFAEL TOLL PLAZA",3600.00,E,N,A,-,Y,CC,,580," ",R,5.395,H,,L,N,4,0,1,2,A,-,03,22350,,N,C,C,A,A,H,-,A,D,0,,,,,Y,,A,01,0,0,1,0,0,0,0,0,0,"- ","- ",37.930870056152344,-122.3907470703125,"CONTRA COSTA",RICHMOND,-122.39081573486328,37.930782318115234
92343582,2024,2024-03-21,9320,2024-03-10,2225,023480,,7,3,4,0709,0,1,1,,2,682,"I-680 S/B","MONUMENT BLVD",100.00,N,N,B,C,Y,CC,,680," ",R,17.755,H,,L,Y,4,0,1,1,A,-,08,22107,,N,E,I,A,B,H,-,C,A,0,,,,,Y,,A,01,0,0,1,0,0,0,0,0,0,"- ","- ",37.945850372314453,-122.05828094482422,"CONTRA COSTA","PLEASANT HILL",-122.05812835693359,37.945808410644531
92343604,2024,2024-03-21,9320,2024-03-11,"545 ",016563,,1,3,3,0715,0,1,3,,2,241,"SR-24 E/B","EL NIDO RANCH ROAD",460.00,W,N,B,C,Y,CC,,24," ",R,4.861,H,,R,Y,3,0,1,1,A,-,03,22350,,N,E,I,A,B,H,-,A,A,0,,,,,Y,,A,01,0,1,0,0,0,0,0,0,0,"- ","- ",37.891029357910156,-122.14608764648438,"CONTRA COSTA",LAFAYETTE,-122.14605712890625,37.890884399414062
9234362,2021,2021-04-15,0702,2021-03-06,1440,573J,202B,6,5,3,0702,0,0,0,,0,002,"BRENTWOOD BL","TECHNOLOGY BL",51.00,S,N,A,-,N,,,,,,,,,,N,4,0,1,2,A,-,03,22350,,N,C,C,A,A,H,-,A,A,0,,,,,Y,,A,01,0,0,1,0,0,0,0,0,0,"- ","- ",37.946659088134766,-121.69613647460938,"CONTRA COSTA",BRENTWOOD,-121.69624328613281,37.944698333740234
9234363,2021,2021-04-15,0702,2021-03-24,1020,490M,433B,3,5,3,0702,0,0,0,,0,004,"VINEYARDS PKWY","ZINFANDEL DR",0.00,,Y,A,-,N,,,,,,,,,,N,3,0,1,2,A,-,08,22107,,N,D,C,A,A,H,-,A,D,0,,,,,Y,,A,08,0,1,0,0,0,0,0,0,0,"- ","- ",37.904819488525391,-121.7264404296875,"CONTRA COSTA",BRENTWOOD,-121.72645568847656,37.904758453369141
9234364,2021,2021-04-15,0702,2021-03-05,0721,490M,130B,5,5,3,0702,0,0,0,,0,001,"RUTHERFORD CIR","GARLAND WY",274.00,N,N,A,-,N,,,,,,,,,,N,2,0,1,2,A,-,03,22350,,N,A,B,D,A,H,-,A,D,0,Y,,,,Y,,A,07,1,0,0,0,1,0,0,0,0,"- ","- ",37.934680938720703,-121.72660827636719,"CONTRA COSTA",BRENTWOOD,-121.72724151611328,37.935005187988281
9234376,2021,2021-04-15,0705,2021-03-17,1354,E232,PATRO,3,5,3,0705,0,0,0,,0,011,"WALL AV","SAN PABLO AV",16.00,W,N,B,-,N,,,,,,,,,,N,4,0,1,2,A,-,21,22106,,N,C,C,A,A,H,-,A,A,0,,,,,Y,,D,22,0,0,1,0,0,0,0,0,0,"- ","- ",37.927940368652344,-122.32012176513672,"CONTRA COSTA","EL CERRITO",-122.32036590576172,37.927864074707031
92343978,2024,2024-03-21,9370,2024-03-12,1030,022979,,2,1,5,0710,0,1,1,,2,082,"I-80 W/B","CENTRAL AVE",50.00,E,N,A,-,Y,CC,,80," "," ",0.250,H,,L,Y,3,0,1,3,A,-,03,22350,,N,C,C,A,A,H,-,A,D,0,,,,,Y,,-,"- ",0,1,0,0,0,0,0,0,0,"- ","- ",37.901138305664062,-122.31098937988281,"CONTRA COSTA",RICHMOND,-122.31105804443359,37.901111602783203
92344003,2023,2024-03-21,9320,2023-11-16,2333,022804,,4,3,9,0700,0,1,3,,1,406,"STATE ROUTE 4 WESTBOUND","NEWPORT DRIVE",977.00,W,N,B,-,Y,CC,,4," "," ",45.559,H,,L,N,1,1,0,2,A,-,11,21954,A,F,G,B,E,B,H,-,D,D,0,Y,,,,Y,Y,N,60,0,0,0,1,0,0,0,0,0,"- ","- ",37.889430999755859,-121.61862945556641,"CONTRA COSTA",UNINCORPORATED,-121.61862945556641,37.889430999755859
92344016,2024,2024-03-21,9320,2024-03-12,1730,022462,,2,2,9,0700,0,2,4,,2,012,"SAN PABLO DAM ROAD","HILLCREST ROAD",360.00,E,N,A,-,N,,,,,,,,,,N,4,0,1,2,A,-,17,22517,,N,B,C,A,A,H,-,A,A,0,,,,,Y,,A,01,0,0,1,0,0,0,0,0,0,"- ","- ",37.965160369873047,-122.31356811523438,"CONTRA COSTA",UNINCORPORATED,-122.31357574462891,37.965103149414062
92344019,2024,2024-03-21,9320,2024-03-13,1135,016584,,3,1,9,0700,0,2,4,,2,012,"SAN PABLO DAM RD.","PHEASANT LN",10.00,E,N,A,-,N,,,,,,,,,,Y,3,0,2,2,A,-,04,21703,,N,C,C,A,A,H,-,A,A,0,,,,,Y,,A,07,0,2,0,0,0,0,0,0,0,"- ","- ",37.963390350341797,-122.29192352294922,"CONTRA COSTA",UNINCORPORATED,-122.29216766357422,37.963367462158203
92344021,2024,2024-03-21,9320,2024-03-14,1830,021949,,4,2,9,0700,0,3,5,,2,039,"MARIPOSA ST.","DEMPSEY WAY",45.00,W,N,A,-,N,,,,,,,,,,Y,4,0,1,2,A,-,01,23152,A,N,D,E,A,A,H,-,B,D,0,,,,,Y,Y,A,01,0,0,1,0,0,0,0,0,0,"- ","- ",38.037460327148438,-122.26040649414062,"CONTRA COSTA",UNINCORPORATED,-122.26043701171875,38.037464141845703
92344201,2024,2024-03-21,9370,2024-03-13,"538 ",023682,,3,3,5,0710,0,1,1,,2,058,"INTERSTATE 580 EASTBOUND","MARINA BAY PARK WAY",108.00,E,N,A,-,Y,CC,,580," ",R,2.854,H,,R,N,4,0,1,2,A,-,07,21658,A,M,B,C,A,A,H,-,B,D,0,,,,,Y,,-,99,0,0,1,0,0,0,0,0,0,"- ","- ",37.921710968017578,-122.34696960449219,"CONTRA COSTA",RICHMOND,-122.34696960449219,37.921916961669922
92344271,2024,2024-03-21,9370,2024-03-13,1150,023588,,3,1,5,0710,0,1,1,,2,082,"I-80 E/B FROM SAN PABLO AVENUE","SAN PABLO AVE",81.00,E,N,A,-,Y,,,,,,,,,,N,4,0,1,2,A,-,07,21658,A,N,B,C,A,A,H,-,A,D,0,,,,,Y,,A,07,0,0,1,0,0,0,0,0,0,"- ","- ",37.937221527099609,-122.32569122314453,"CONTRA COSTA",RICHMOND,-122.32569122314453,37.937221527099609
92344565,2024,2024-03-22,9320,2024-03-12,"910 ",022828,,2,1,4,0790,0,1,1,,2,681,"INTERSTATE 680 NORTHBOUND","EL CERRO BOULEVARD",1360.00,N,N,B,C,Y,CC,,680," ",R,8.456,H,,R,Y,3,0,1,2,A,-,03,22350,,N,B,C,A,B,H,-,A,A,0,,,,,Y,,A,01,0,1,0,0,0,0,0,0,0,"- ","- ",37.832168579101562,-122.00460052490234,"CONTRA COSTA",DANVILLE,-122.00458526611328,37.832183837890625
92345920,2024,2024-03-25,9320,2024-03-16,"220 ",023082,,6,3,6,0704,0,1,3,,2,242,"SR-242 N/B","CLAYTON RD",1000.00,S,N,A,-,Y,CC,,242," ",L,0.239,H,,R,Y,4,0,1,1,A,-,08,22107,,N,E,I,A,A,H,-,D,A,0,,,,,Y,,D,22,0,0,1,0,0,0,0,0,0,"- ","- ",37.95867919921875,-122.05207824707031,"CONTRA COSTA",CONCORD,-122.05196380615234,37.958656311035156
92345955,2024,2024-03-25,9320,2024-03-14,"125 ",023684,,4,3,4,0790,0,1,1,,2,681,"I-680 SOUTHBOUND","EL CERRO BLVD",581.00,N,N,A,-,Y,CC,,680," ",R,8.316,H,,L,Y,2,0,1,1,A,-,01,23152,A,N,E,I,A,A,H,-,C,A,0,,,,,Y,Y,A,01,1,0,0,0,0,0,0,0,0,"- ","- ",37.830810546875,-122.00270843505859,"CONTRA COSTA",DANVILLE,-122.00276184082031,37.830760955810547
92345975,2023,2024-03-25,9320,2023-12-03,1755,022525,,7,2,5,0701,0,1,3,,2,404,"SR-4 E/B","SOMERSVILLE RD",3250.00,W,N,B,-,Y,CC,,4," "," ",25.381,H,,R,Y,2,0,2,6,A,-,03,22350,,F,B,C,A,A,H,-,D,A,0,,,,,Y,,A,01,1,0,1,0,0,0,0,0,0,"- ","- ",38.006759643554688,-121.84844970703125,"CONTRA COSTA",ANTIOCH,-121.84843444824219,38.006801605224609
92345989,2024,2024-03-25,9320,2024-03-15,1725,022505,,5,2,9,0700,0,2,4,,2,096,"VASCO ROAD S/B","CAMINO DIABLO ROAD",1920.00,S,N,A,-,N,,,,,,,,,,Y,2,0,5,2,A,-,08,22107,,N,D,C,A,A,H,-,A,A,0,,,,,Y,,A,01,1,4,0,0,0,0,0,0,0,"- ","- ",37.861820220947266,-121.66259002685547,"CONTRA COSTA",UNINCORPORATED,-121.66764068603516,37.865211486816406
92346012,2024,2024-03-25,9320,2024-03-16,1720,022505,,6,2,9,0700,0,2,4,,2,096,"VASCO ROAD","CAMINO DIABLO ROAD",0.00,,Y,A,-,N,,,,,,,,,,N,3,0,1,2,A,-,12,21453,A,N,D,C,A,A,H,-,A,A,0,,,Y,,Y,,A,07,0,1,0,0,0,0,0,0,1,"- ","- ",37.865200042724609,-121.66776275634766,"CONTRA COSTA",UNINCORPORATED,-121.66764068603516,37.865215301513672
92346041,2024,2024-03-25,9320,2024-03-16,1945,022517,,6,2,6,0704,0,1,3,,2,242,"SR-242 NB","GRANT ST OC",1000.00,S,N,A,-,Y,CC,,242," ",R,2.076,H,,R,Y,4,0,1,2,A,-,07,21658,A,M,B,C,A,A,H,-,C,A,0,,,,,Y,,A,08,0,0,1,0,0,0,0,0,0,"- ","- ",37.987220764160156,-122.04055023193359,"CONTRA COSTA",CONCORD,-122.04057312011719,37.987224578857422
92346046,2024,2024-03-25,9320,2024-03-16,2340,023082,,6,3,9,0700,0,3,5,,2,050,"GRIZZLY PEAK BOULEVARD","GRIZZLY PEAK TRAIL",300.00,E,N,A,-,N,,,,,,,,,,N,4,0,1,2,A,-,03,22350,,N,B,E,A,A,H,-,D,D,0,,,,,Y,,A,01,0,0,1,0,0,0,0,0,0,"- ","- ",37.884559631347656,-122.24017333984375,"CONTRA COSTA",UNINCORPORATED,-122.2396240234375,37.884525299072266
92346051,2024,2024-03-25,9320,2024-03-17,"105 ",023684,,7,3,6,0704,0,1,1,,2,683,"I-680 N/B","WILLOW PASS",2851.00,S,N,A,-,Y,CC,,680," ",R,18.678,H,,R,Y,3,0,1,1,A,-,01,23152,A,N,E,I,A,A,H,-,C,A,0,,,,,Y,Y,A,01,0,1,0,0,0,0,0,0,0,"- ","- ",37.958518981933594,-122.05229187011719,"CONTRA COSTA",CONCORD,-122.05245208740234,37.958522796630859
92346071,2024,2024-03-25,9320,2024-03-17,1145,023424,,7,1,9,0700,0,1,1,,2,681,"I-680 SOUTHBOUND TO EL CERRO BLVD.","EL CERRO BLVD.",855.00,N,N,A,-,Y,CC,,680," ",R,8.367,H,,L,N,4,0,1,1,A,-,08,22107,,N,E,I,A,A,H,-,A,A,0,,,,,Y,,A,01,0,0,1,0,0,0,0,0,0,"- ","- ",37.831089019775391,-122.00361633300781,"CONTRA COSTA",UNINCORPORATED,-122.00347137451172,37.831230163574219
92346136,2024,2024-03-25,9320,2024-03-10,1455,022525,,7,2,9,0700,0,2,4,,2,072,"BAILEY RD","WILLOW PASS RD",100.00,S,N,B,-,N,,,,,,,,,,Y,4,0,1,2,A,-,03,22350,,N,C,C,A,A,H,-,A,D,0,,,,,Y,,A,07,0,0,1,0,0,0,0,0,0,"- ","- ",38.02642822265625,-121.94194030761719,"CONTRA COSTA",UNINCORPORATED,-122.00334167480469,37.992210388183594
92346157,2024,2024-03-25,9320,2024-03-02,1507,022784,,6,2,3,0715,0,1,3,,2,241,"SR-24 W/B","EL NIDO RANCH ROAD",675.00,E,N,B,C,Y,CC,,24," ",R,4.828,H,,L,N,2,0,1,1,A,-,03,22350,,N,F,8,A,B,H,-,A,A,0,,,,,Y,,A,01,1,0,0,0,0,0,0,0,0,"- ","- ",37.89154052734375,-122.14717864990234,"CONTRA COSTA",LAFAYETTE,-122.14717102050781,37.891391754150391
92346369,2024,2024-03-25,9320,2024-03-17,1730,022896,,7,2,9,0700,0,2,4,,2,038,"ALHAMBRA VALLEY RD W/B","FERNDALE RD",430.00,E,N,A,-,N,,,,,,,,,,N,4,0,1,2,A,-,06,21750,,M,E,I,A,A,H,-,A,A,0,,,Y,,Y,,C,02,0,0,1,0,0,0,0,0,0,"- ","- ",37.968879699707031,-122.17421722412109,"CONTRA COSTA",UNINCORPORATED,-122.17416381835938,37.968845367431641
92346390,2024,2024-03-25,9320,2024-03-19,"820 ",023047,,2,1,4,0709,0,1,1,,2,682,"INTERSTATE 680 SOUTHBOUND","SOUTH ROAD EDGE OF MONUMENT BOULEVARD",1003.00,S,N,A,-,Y,CC,,680," ",R,17.535,H,,L,Y,4,0,1,2,A,-,03,22350,,N,C,C,A,A,H,-,A,A,0,,,,,Y,,A,01,0,0,1,0,0,0,0,0,0,"- ","- ",37.942588806152344,-122.05964660644531,"CONTRA COSTA","PLEASANT HILL",-122.05955505371094,37.942562103271484
92346407,2024,2024-03-25,9320,2024-03-19,1232,016094,,2,1,9,0700,0,1,3,,2,404,"SR-4 E/B TO SOMERSVILLE RD","SOMERSVILLE RD.",220.00,E,N,A,-,Y,,,,,,,,,,Y,3,0,2,5,A,-,03,22350,,N,C,C,A,A,H,-,A,A,0,,,,Y,Y,,D,22,0,2,0,0,0,0,0,0,0,"- ","- ",38.003791809082031,-121.83876800537109,"CONTRA COSTA",UNINCORPORATED,-121.83766174316406,38.003746032714844
92346430,2024,2024-03-25,9320,2024-03-20,"540 ",016094,,3,3,9,0700,0,2,4,,2,071,"N. BROADWAY","SIINO WEST AVE",0.00,,Y,A,-,N,,,,,,,,,,N,3,0,1,4,A,-,09,21802,A,N,D,C,A,A,H,-,C,A,0,,,,,Y,,D,22,0,1,0,0,0,0,0,0,0,"- ","- ",38.028270721435547,-121.94091033935547,"CONTRA COSTA",UNINCORPORATED,-121.94089508056641,38.028301239013672
92346647,2024,2024-03-25,9370,2024-03-16,1550,023596,,6,2,5,0710,0,1,1,,2,082,"I-80 E/B","SOLANO AVE",834.00,W,N,A,-,Y,CC,,80," "," ",3.252,H,,R,Y,4,0,1,3,A,-,07,21658,A,N,C,C,A,A,H,-,A,D,0,,,,,Y,,A,01,0,0,1,0,0,0,0,0,0,"- ","- ",37.941158294677734,-122.32405090332031,"CONTRA COSTA",RICHMOND,-122.32405853271484,37.941162109375
92347232,2024,2024-03-26,9320,2024-03-20,1900,023063,,3,2,9,0700,0,2,4,,2,086,"BIXLER ROAD NORTHBOUND","ORWOOD ROAD",81.00,S,N,A,-,N,,,,,,,,,,N,4,0,1,1,A,-,08,22107,,N,E,I,A,A,H,-,B,A,0,,,,,Y,,A,01,0,0,1,0,0,0,0,0,0,"- ","- ",37.939838409423828,-121.62261199951172,"CONTRA COSTA",UNINCORPORATED,-121.62272644042969,37.939468383789062
92347245,2024,2024-03-26,9320,2024-03-22,"600 ",016503,,5,1,6,0704,0,1,1,,2,683,"I-680 N/B","WILLOW PASS RD U/C",121.00,N,N,A,-,Y,CC,,680," "," ",19.083,H,,R,Y,3,0,1,2,A,-,08,22107,,N,C,C,A,A,H,-,C,D,0,,,,,Y,,D,22,0,1,0,0,0,0,0,0,0,"- ","- ",37.966571807861328,-122.05632781982422,"CONTRA COSTA",CONCORD,-122.05637359619141,37.966548919677734
92347336,2024,2024-03-26,9320,2024-03-02,2016,022784,,6,2,5,0712,0,1,3,,2,241,"SR-24 E/B TO I-680 N/B","EL CURTOLA BLVD",3080.00,E,N,B,-,Y,CC,,24," "," ",8.892,H,,R,Y,2,0,1,3,A,-,03,22350,,N,D,2,A,B,H,-,C,A,0,,,,,Y,,A,01,1,0,0,0,0,0,0,0,0,"- ","- ",37.895900726318359,-122.07472991943359,"CONTRA COSTA","WALNUT CREEK",-122.07472991943359,37.895854949951172
92347396,2024,2024-03-26,9320,2024-03-23,"20  ",022928,,6,3,3,0792,0,1,3,,2,241,"SR-24 W/B","CAMINO PABLO",317.00,W,N,B,C,Y,CC,,24," "," ",1.676,H,,L,Y,3,0,1,1,A,-,01,23152,A,N,E,I,A,B,H,-,D,A,0,,,,,Y,Y,A,01,0,1,0,0,0,0,0,0,0,"- ","- ",37.871700286865234,-122.19078826904297,"CONTRA COSTA",ORINDA,-122.19087982177734,37.871772766113281
92347476,2024,2024-03-26,9320,2024-03-18,"915 ",023677,,1,1,5,0701,0,1,3,,2,404,"SR-4 E/B","LONETREE WAY",1129.00,W,N,A,-,Y,CC,,4," ",R,27.583,H,,R,Y,3,0,1,2,A,-,08,22107,,N,B,C,A,A,H,-,A,A,0,,,,,Y,,A,01,0,1,0,0,0,0,0,0,0,"- ","- ",37.998020172119141,-121.81014251708984,"CONTRA COSTA",ANTIOCH,-121.81014251708984,37.998069763183594
92347531,2024,2024-03-26,9320,2024-03-07,1830,022784,,4,2,3,0715,0,1,3,,2,241,"SR-24 W/B","FIRST ST",1936.00,E,N,A,-,Y,CC,,24," ",R,6.914,H,,L,Y,4,0,1,1,A,-,08,22107,,N,E,8,A,A,H,-,C,A,0,,,,,Y,,A,01,0,0,1,0,0,0,0,0,0,"- ","- ",37.896091461181641,-122.10993957519531,"CONTRA COSTA",LAFAYETTE,-122.10990905761719,37.895973205566406
92347703,2024,2024-04-04,9370,2024-03-17,1700,023377,,7,2,5,0710,0,1,1,,2,082,"I-80 W/B","CUTTING BOULEVARD",108.00,E,N,A,-,Y,CC,,80," "," ",2.107,H,,L,Y,4,0,2,2,A,-,08,22107,,N,D,C,A,A,H,-,A,D,0,,,,,Y,,A,01,0,0,2,0,0,0,0,0,0,"- ","- ",37.926158905029297,-122.32157897949219,"CONTRA COSTA",RICHMOND,-122.32160949707031,37.9261474609375
92348213,2024,2024-03-27,9320,2024-03-17,1620,022743,,7,2,5,0712,0,1,1,,2,682,"I-680 N/B","OAKVALE RD OVERCROSSING",1682.00,N,N,A,-,Y,CC,,680," "," ",14.863,H,,R,N,2,0,1,2,A,-,07,21658,A,N,B,C,A,A,H,-,A,A,0,,,Y,,Y,,D,22,1,0,0,0,0,0,0,0,1,"- ","- ",37.905479431152344,-122.06941223144531,"CONTRA COSTA","WALNUT CREEK",-122.06940460205078,37.905479431152344
92348242,2023,2024-03-27,9320,2023-12-31,2240,023684,,7,3,9,0700,0,2,4,,2,071,"PORT CHICAGO HWY","WILLOW PASS RD",0.00,,Y,C,-,N,,,,,,,,,,N,4,0,1,2,A,-,12,21453,A,M,D,C,A,B,H,-,C,A,0,,,,,Y,,-,"- ",0,0,1,0,0,0,0,0,0,"- ","- ",38.026538848876953,-121.96013641357422,"CONTRA COSTA",UNINCORPORATED,-122.02960205078125,37.97857666015625
92348292,2024,2024-03-27,9320,2024-03-16,"426 ",023684,,6,3,6,0704,0,1,3,,2,403,"SR-4 WESTBOUND","PORT CHICAGO HIGHWAY",3379.00,E,N,A,-,Y,CC,,4," ",R,16.108,H,,L,Y,3,0,1,2,A,-,03,22350,,N,A,C,A,A,H,-,C,A,0,,,,,Y,,A,01,0,1,0,0,0,0,0,0,0,"- ","- ",38.011810302734375,-122.01097869873047,"CONTRA COSTA",CONCORD,-122.01095581054688,38.011726379394531
92348397,2023,2024-03-27,9320,2023-12-05,"930 ",021847,,2,1,9,0700,0,1,1,,2,683,"I-680 NORTHBOUND","PACHECO BOULEVARD",2216.50,S,N,B,-,Y,CC,,680," "," ",22.004,H,,R,Y,1,1,0,2,A,-,03,22350,,N,C,C,A,A,H,-,A,A,0,,,,,Y,,A,01,0,0,0,0,0,0,0,0,0,"- ","- ",38.003238677978516,-122.08003234863281,"CONTRA COSTA",UNINCORPORATED,-122.07999420166016,38.003265380859375
92348568,2024,2024-03-27,9320,2024-03-23,"705 ",018086,,6,1,9,0700,0,1,3,,2,400,"SR-4 E/B","CHRISTIE ROAD",230.00,E,N,B,C,Y,CC,,4," ",R,3.414,H,,R,N,3,0,1,1,A,-,08,22107,,N,B,I,A,B,H,-,B,A,0,,,,,Y,,A,07,0,1,0,0,0,0,0,0,0,"- ","- ",38.007850646972656,-122.20973968505859,"CONTRA COSTA",UNINCORPORATED,-122.20975494384766,38.007888793945312
92348580,2024,2024-03-27,9320,2024-03-15,2240,023644,,5,3,9,0700,0,3,5,,2,060,"STONEGATE DR","KENTFIELD CT",0.00,,Y,A,-,N,,,,,,,,,,Y,3,0,3,2,A,-,08,22107,,N,D,C,A,A,H,-,D,A,0,,,,,Y,,A,01,0,2,1,0,0,0,0,0,0,"- ","- ",37.872329711914062,-122.00727081298828,"CONTRA COSTA",UNINCORPORATED,-122.0072021484375,37.872352600097656
92348625,2024,2024-03-27,9320,2024-03-24,1720,022505,,7,2,5,0712,0,1,1,,2,681,"I-680 N/B","RUDGEAR ROAD",564.00,N,N,B,-,Y,CC,,680," ",R,12.739,H,,R,N,4,0,1,2,A,-,03,22350,,N,C,C,A,A,H,-,A,A,0,,,,,Y,,A,01,0,0,1,0,0,0,0,0,0,"- ","- ",37.880840301513672,-122.05003356933594,"CONTRA COSTA","WALNUT CREEK",-122.05007171630859,37.880821228027344
92348665,2024,2024-03-27,9320,2024-03-20,1059,023677,,3,1,9,0700,0,2,4,,2,096,"VASCO RD N/B","CAMINO DIABLO",36960.00,S,N,A,-,N,,,,,,,,,,Y,3,0,1,2,A,-,03,22350,,N,B,C,A,A,H,-,A,D,0,,,,,Y,,A,07,0,1,0,0,0,0,0,0,0,"- ","- ",37.796070098876953,-121.68565368652344,"CONTRA COSTA",UNINCORPORATED,-121.66964721679688,37.807865142822266
92349233,2023,2024-03-28,9320,2023-12-17,2240,022887,,7,3,9,0700,0,2,4,,2,073,"KIRKER PASS ROAD NORTHBOUND","HESS ROAD",4215.00,N,N,C,-,N,,,,,,,,,,Y,1,1,0,1,A,-,01,23152,A,N,E,I,A,B,H,-,D,A,0,,,,,Y,Y,A,01,0,0,0,0,0,0,0,0,0,"- ","- ",37.975139617919922,-121.90907287597656,"CONTRA COSTA",UNINCORPORATED,-121.92108154296875,37.970836639404297