CASE_ID,ACCIDENT_YEAR,PROC_DATE,JURIS,COLLISION_DATE,COLLISION_TIME,OFFICER_ID,REPORTING_DISTRICT,DAY_OF_WEEK,CHP_SHIFT,POPULATION,CNTY_CITY_LOC,SPECIAL_COND,BEAT_TYPE,CHP_BEAT_TYPE,CITY_DIVISION_LAPD,CHP_BEAT_CLASS,BEAT_NUMBER,PRIMARY_RD,SECONDARY_RD,DISTANCE,DIRECTION,INTERSECTION,WEATHER_1,WEATHER_2,STATE_HWY_IND,CALTRANS_COUNTY,CALTRANS_DISTRICT,STATE_ROUTE,ROUTE_SUFFIX,POSTMILE_PREFIX,POSTMILE,LOCATION_TYPE,RAMP_INTERSECTION,SIDE_OF_HWY,TOW_AWAY,COLLISION_SEVERITY,NUMBER_KILLED,NUMBER_INJURED,PARTY_COUNT,PRIMARY_COLL_FACTOR,PCF_CODE_OF_VIOL,PCF_VIOL_CATEGORY,PCF_VIOLATION,PCF_VIOL_SUBSECTION,HIT_AND_RUN,TYPE_OF_COLLISION,MVIW,PED_ACTION,ROAD_SURFACE,ROAD_COND_1,ROAD_COND_2,LIGHTING,CONTROL_DEVICE,CHP_ROAD_TYPE,PEDESTRIAN_ACCIDENT,BICYCLE_ACCIDENT,MOTORCYCLE_ACCIDENT,TRUCK_ACCIDENT,NOT_PRIVATE_PROPERTY,ALCOHOL_INVOLVED,STWD_VEHTYPE_AT_FAULT,CHP_VEHTYPE_AT_FAULT,COUNT_SEVERE_INJ,COUNT_VISIBLE_INJ,COUNT_COMPLAINT_PAIN,COUNT_PED_KILLED,COUNT_PED_INJURED,COUNT_BICYCLIST_KILLED,COUNT_BICYCLIST_INJURED,COUNT_MC_KILLED,COUNT_MC_INJURED,PRIMARY_RAMP,SECONDARY_RAMP,LATITUDE,LONGITUDE,COUNTY,CITY,POINT_X,POINT_Y
9235665,2021,2021-03-12,0714,2021-01-11,1708,111,051,1,5,4,0714,0,0,0,,0,001,"ESTUDILLO ST","SUSANA ST",0.00,,Y,A,-,N,,,,,,,,,,N,2,0,1,2,A,-,12,22450,,N,D,G,A,A,H,-,B,A,0,,Y,,,Y,,L,04,1,0,0,0,0,0,1,0,0,"- ","- ",38.013931274414062,-122.13358306884766,"CONTRA COSTA",MARTINEZ,-122.13355255126953,38.013931274414062
92357053,2024,2024-04-05,9320,2024-03-28,1430,022525,,4,2,9,0700,0,2,4,,2,074,"DEER VALLEY RD","WETZEL LN",845.00,S,N,B,-,N,,,,,,,,,,Y,3,0,1,1,A,-,08,22107,,N,F,0,A,A,H,-,A,D,0,,,Y,,Y,,C,02,0,1,0,0,0,0,0,0,1,"- ","- ",37.907459259033203,-121.76339721679688,"CONTRA COSTA",UNINCORPORATED,-121.76378631591797,37.907878875732422
92357060,2024,2024-04-05,9320,2024-03-28,1455,022517,,4,2,6,0704,0,1,3,,2,402,"SR-4 WB","PERALTA ROAD",1700.00,E,N,A,-,Y,CC,,4," ",R,14.313,H,,L,Y,4,0,2,2,A,-,03,22350,,N,C,C,A,A,H,-,A,A,0,,,,,Y,,A,08,0,0,2,0,0,0,0,0,0,"- ","- ",38.003700256347656,-122.04183197021484,"CONTRA COSTA",CONCORD,-122.04192352294922,38.003910064697266
92357157,2024,2024-04-05,9320,2024-03-28,1810,022525,,4,2,5,0708,0,1,3,,2,403,"SR-4 EB","SAN MARCO BLVD",2640.00,E,N,B,-,Y,CC,,4," ",R,19.285,H,,R,Y,4,0,1,1,A,-,08,22107,,N,E,9,A,A,H,-,A,A,0,,,,,Y,,A,01,0,0,1,0,0,0,0,0,0,"- ","- ",38.020961761474609,-121.95677185058594,"CONTRA COSTA",PITTSBURG,-121.95671081542969,38.021167755126953
92357221,2024,2024-04-05,9320,2024-03-29,1850,023756,,5,2,9,0700,0,2,4,,2,093,"CAMINO DIABLO RD","HOLWAY DR",177.00,W,N,B,-,N,,,,,,,,,,N,4,0,1,2,A,-,03,22350,,N,C,C,A,A,H,-,A,D,0,,,,,Y,,A,01,0,0,1,0,0,0,0,0,0,"- ","- ",37.867488861083984,-121.64228820800781,"CONTRA COSTA",UNINCORPORATED,-121.6422119140625,37.867469787597656
92357225,2024,2024-04-05,9320,2024-03-29,1630,023680,,5,2,5,0712,0,1,1,,2,682,"INTERSTATE 680 SOUTHBOUND","NORTH MAIN ST",1320.00,N,N,B,C,Y,CC,,680," "," ",15.339,H,,L,Y,4,0,1,3,A,-,03,22350,,N,C,C,A,B,H,-,A,A,0,,,,,Y,,A,01,0,0,1,0,0,0,0,0,0,"- ","- ",37.912200927734375,-122.06739807128906,"CONTRA COSTA","WALNUT CREEK",-122.06752777099609,37.912227630615234
92357238,2024,2024-04-05,9320,2024-03-30,"720 ",016584,,6,1,3,0715,0,1,3,,2,241,"SR-24 W/B","ACALANES RD.",4224.00,E,N,B,-,Y,CC,,24," ",R,5.302,H,,L,Y,3,0,1,1,A,-,08,22107,,N,E,I,A,B,H,-,B,A,0,,,,,Y,,A,07,0,1,0,0,0,0,0,0,0,"- ","- ",37.890968322753906,-122.13857269287109,"CONTRA COSTA",LAFAYETTE,-122.1385498046875,37.891036987304688
92357465,2024,2024-04-05,9320,2024-03-29,1935,023063,,5,2,3,0715,0,1,3,,2,241,"SR-24 EASTBOUND","PLEASANT HILL ROAD",1267.00,E,N,B,-,Y,CC,,24," ",R,7.933,H,,R,N,3,0,1,1,A,-,01,23152,A,N,E,I,A,B,H,-,C,A,0,,,,,Y,Y,A,01,0,1,0,0,0,0,0,0,0,"- ","- ",37.897781372070312,-122.09127044677734,"CONTRA COSTA",LAFAYETTE,-122.09126281738281,37.897686004638672
92357468,2024,2024-04-05,9320,2024-03-29,"830 ",023775,,5,1,3,0715,0,1,3,,2,241,"SR-24 EASTBOUND","ACALANES ROAD",12672.00,E,N,C,-,Y,CC,,24," ",R,4.891,H,,R,Y,4,0,1,2,A,-,07,21658,A,M,C,2,A,B,H,-,A,A,0,,,,,Y,,-,99,0,0,1,0,0,0,0,0,0,"- ","- ",37.890979766845703,-122.14552307128906,"CONTRA COSTA",LAFAYETTE,-122.14551544189453,37.890949249267578
92357473,2024,2024-04-05,9320,2024-04-04,"800 ",023684,,4,1,6,0704,0,1,3,,2,242,"SR-242 NORTHBOUND","CONCORD AVE",1267.00,N,N,C,-,Y,CC,,242," ",R,1.740,H,,R,Y,4,0,4,1,A,-,08,22107,,N,E,I,A,B,H,-,A,A,0,,,,,Y,,A,01,0,0,4,0,0,0,0,0,0,"- ","- ",37.982429504394531,-122.04176330566406,"CONTRA COSTA",CONCORD,-122.04164123535156,37.982414245605469
92357658,2024,2024-04-05,9370,2024-03-27,1840,023803,,3,2,4,0711,0,1,1,,2,083,"I-80 W/B","EL PORTAL DR",390.00,W,N,B,-,Y,CC,,80," "," ",5.184,H,,L,Y,4,0,1,1,A,-,03,22350,,N,F,I,A,B,H,-,A,D,0,,,,,Y,,A,01,0,0,1,0,0,0,0,0,0,"- ","- ",37.965579986572266,-122.32353210449219,"CONTRA COSTA","SAN PABLO",-122.32357788085938,37.965629577636719
92358379,2024,2024-04-08,9320,2024-03-31,1425,022517,,7,2,3,0702,0,1,3,,2,405,"SR-4 EB TO LONE TREE WAY","LONE TREE WAY",10.00,W,N,B,-,Y,,,,,,,,,,Y,4,0,2,4,A,-,05,21651,B,N,A,C,A,A,H,-,A,A,0,,,,,Y,,D,22,0,0,2,0,0,0,0,0,0,"- ","- ",37.961891174316406,-121.74430084228516,"CONTRA COSTA",BRENTWOOD,-121.74430084228516,37.961891174316406
92358398,2024,2024-04-08,9320,2024-03-31,1525,022517,,7,2,5,0712,0,2,4,,2,104,"BYRON HIGHWAY","CLIFTON COURT",35.00,N,N,B,C,Y,,,,,,,,,,Y,4,0,2,3,A,-,03,22350,,N,C,C,A,B,H,-,A,D,0,,,,,Y,,A,01,0,0,2,0,0,0,0,0,0,"- ","- ",37.838470458984375,-121.61241149902344,"CONTRA COSTA","WALNUT CREEK",-121.61231994628906,37.838428497314453
92358441,2024,2024-04-08,9320,2024-03-29,1615,023756,,5,2,5,0701,0,1,3,,2,160,"SR-160 S/B TO SR-4 E/B","LAUREL RD",4224.00,N,N,C,-,Y,CC,,4," ",R,30.831,H,,R,N,4,0,1,2,A,-,03,22350,,N,C,2,A,B,H,-,A,A,0,,,,,Y,,D,22,0,0,1,0,0,0,0,0,0,"- ","- ",37.988548278808594,-121.75235748291016,"CONTRA COSTA",ANTIOCH,-121.75223541259766,37.988681793212891
92358472,2024,2024-04-08,9320,2024-03-23,"930 ",023424,,6,1,3,0715,0,1,3,,2,241,"SR-24 W/B","EL NIDO RANCH RD.",2305.00,E,N,B,-,Y,CC,,24," ",R,5.419,H,,L,N,4,0,1,2,A,-,03,22350,,N,D,C,A,B,H,-,A,A,0,,,,,Y,,A,07,0,0,1,0,0,0,0,0,0,"- ","- ",37.89080810546875,-122.13645172119141,"CONTRA COSTA",LAFAYETTE,-122.13645172119141,37.890823364257812
92358613,2024,2024-04-08,9320,2024-03-19,"808 ",016563,,2,1,9,0700,0,2,4,,2,062,"STONE VALLEY ROAD",I-680,520.00,E,N,A,-,N,,,,,,,,,,Y,4,0,1,2,A,-,03,22350,,N,C,C,A,A,H,-,A,A,0,,,,,Y,,A,01,0,0,1,0,0,0,0,0,0,"- ","- ",37.851768493652344,-122.02667999267578,"CONTRA COSTA",UNINCORPORATED,-122.02700805664062,37.851802825927734
92358619,2024,2024-04-08,9320,2024-03-14,"940 ",016563,,4,1,5,0712,0,1,1,,2,682,"I-680 S/B","NORTH MAIN STREET",1400.00,S,N,A,-,Y,CC,,680," "," ",15.320,H,,L,N,4,0,2,2,A,-,03,22350,,N,C,C,A,A,H,-,A,A,0,,,,,Y,,A,01,0,0,2,0,0,0,0,0,0,"- ","- ",37.911968231201172,-122.06761169433594,"CONTRA COSTA","WALNUT CREEK",-122.06761169433594,37.911972045898438
92358833,2024,2024-05-06,9320,2024-03-31,1628,023063,,7,2,5,0708,0,1,3,,2,403,"SR-4 EASTBOUND","BAILEY ROAD",2798.00,E,N,A,-,Y,CC,,4," ",R,20.659,H,,R,Y,3,0,2,3,A,-,03,22350,,N,C,C,A,A,H,-,A,D,0,,,,,Y,,A,01,0,1,1,0,0,0,0,0,0,"- ","- ",38.018821716308594,-121.93199920654297,"CONTRA COSTA",PITTSBURG,-121.93199920654297,38.018787384033203
92359144,2024,2024-04-08,9370,2024-03-24,1430,023478,,7,2,5,0710,0,1,1,,2,058,"I-580 E/B","CENTRAL AVE",300.00,W,N,A,-,Y,CC,,580," "," ",0.348,H,,R,Y,4,0,1,2,A,-,03,22350,,N,C,C,A,A,H,-,A,D,0,,,,,Y,,D,22,0,0,1,0,0,0,0,0,0,"- ","- ",37.901371002197266,-122.31513214111328,"CONTRA COSTA",RICHMOND,-122.31502532958984,37.901424407958984
92359558,2024,2024-04-09,9320,2024-04-03,"845 ",023781,,3,1,9,0700,0,2,4,,2,094,"BYRON HWY","CAMINO DIABLO RD",2640.00,S,N,A,-,N,,,,,,,,,,Y,4,0,2,1,A,-,08,22107,,N,E,I,A,A,H,-,A,D,0,,,,,Y,,A,07,0,0,2,0,0,0,0,0,0,"- ","- ",37.862049102783203,-121.63350677490234,"CONTRA COSTA",UNINCORPORATED,-121.63311004638672,37.861576080322266
92359561,2024,2024-04-09,9320,2024-04-01,1850,023756,,1,2,9,0700,0,1,3,,2,403,"SR-4 E/B","SAN MARCO BLVD",3685.00,W,N,A,-,Y,CC,,4," ",R,18.065,H,,R,N,3,0,1,1,A,-,08,22107,,N,E,I,A,A,H,-,A,A,0,,,,,Y,,A,01,0,1,0,0,0,0,0,0,0,"- ","- ",38.022640228271484,-121.97850036621094,"CONTRA COSTA",UNINCORPORATED,-121.97845458984375,38.022575378417969
92359567,2024,2024-04-09,9320,2024-03-23,"700 ",023424,,6,1,5,0712,0,1,3,,2,241,"SR-24 E/B TO I-680 N/B",I-680,995.00,W,N,B,C,Y,CC,,24," "," ",8.899,H,,R,N,4,0,1,2,A,-,03,22350,,N,B,C,A,B,H,-,A,A,0,,,,,Y,,A,01,0,0,1,0,0,0,0,0,0,"- ","- ",37.895889282226562,-122.07459259033203,"CONTRA COSTA","WALNUT CREEK",-122.0745849609375,37.895866394042969
92359632,2024,2024-04-09,9320,2024-04-05,2000,022896,,5,2,3,0707,0,1,1,,2,180,"I-80 W/B","APPIAN WAY",1200.00,E,N,B,-,Y,CC,,80," "," ",7.854,H,,L,N,4,0,1,2,A,-,07,21658,A,N,B,2,A,A,H,-,C,A,0,,,,,Y,,A,01,0,0,1,0,0,0,0,0,0,"- ","- ",37.994110107421875,-122.29736328125,"CONTRA COSTA",PINOLE,-122.29735565185547,37.994102478027344
92359663,2024,2024-04-09,9320,2024-03-29,"855 ",023766,,5,1,5,0712,0,1,1,,2,682,"I-680 N/B","MT. DIABLO BLVD",19.00,S,N,B,C,Y,CC,,680," "," ",14.207,H,,R,N,3,0,1,1,A,-,08,22107,,N,E,I,A,B,H,-,A,A,0,,,,,Y,,D,22,0,1,0,0,0,0,0,0,0,"- ","- ",37.896308898925781,-122.07038879394531,"CONTRA COSTA","WALNUT CREEK",-122.07048797607422,37.896274566650391
92359790,2024,2024-04-09,9320,2024-02-10,"440 ",022886,,6,3,3,0702,0,1,3,,2,405,"STATE ROUTE 4 EASTBOUND","LONE TREE WAY",3001.00,N,N,A,-,Y,CC,,4," ",R,32.545,H,,R,Y,1,2,0,2,A,-,01,23152,A,N,A,C,A,A,H,-,C,A,0,,,,,Y,Y,A,01,0,0,0,0,0,0,0,0,0,"- ","- ",37.96588134765625,-121.73982238769531,"CONTRA COSTA",BRENTWOOD,-121.7398681640625,37.965896606445312
92359915,2024,2024-04-09,9320,2024-04-04,1945,021281,,4,2,3,0715,0,1,3,,2,240,"SR-24 E/B",ACALANES,1000.00,E,N,C,-,Y,CC,,24," ",R,4.756,H,,R,Y,4,0,1,1,A,-,03,22350,,N,E,I,A,B,H,-,C,A,0,,,,,Y,,A,01,0,0,1,0,0,0,0,0,0,"- ","- ",37.891048431396484,-122.14797973632812,"CONTRA COSTA",LAFAYETTE,-122.14800262451172,37.890888214111328
92359983,2023,2024-04-09,9370,2023-09-03,"154 ",022850,,7,3,5,0710,0,1,1,,2,058,"I-580 W/B (JOHN T. KNOX FREEWAY)","SAN RAFAEL / RICHMOND BRIDGE TOLL PLAZA",2780.00,E,N,B,-,Y,CC,,580," ",R,5.567,H,,L,N,1,2,1,2,A,-,01,23152,A,N,A,2,A,A,H,-,C,D,0,,,,,Y,Y,A,01,1,0,0,0,0,0,0,0,0,"- ","- ",37.932071685791016,-122.39338684082031,"CONTRA COSTA",RICHMOND,-122.39345550537109,37.931983947753906
92360175,2024,2024-04-09,9320,2024-04-04,1632,019850,,4,2,9,0700,0,3,5,,2,040,"PACHECO BLVD NB","BLUM RD",15.00,S,N,B,-,N,,,,,,,,,,N,4,0,1,2,A,-,21,22106,,N,C,C,A,B,H,-,A,A,0,,,,,Y,,A,07,0,0,1,0,0,0,0,0,0,"- ","- ",37.994041442871094,-122.07422637939453,"CONTRA COSTA",UNINCORPORATED,-122.07427978515625,37.994171142578125
92360720,2024,2024-04-10,9320,2024-03-29,1250,023775,,5,1,3,0792,0,1,3,,2,240,"SR-24 W/B","GATEWAY BOULEVARD",150.00,E,N,C,-,Y,CC,,24," "," ",1.239,H,,L,Y,4,0,2,1,A,-,03,22350,,N,E,8,A,B,H,-,A,A,0,,,,,Y,,A,07,0,0,2,0,0,0,0,0,0,"- ","- ",37.867530822753906,-122.19728088378906,"CONTRA COSTA",ORINDA,-122.19731903076172,37.867618560791016
92360749,2024,2024-04-10,9390,2024-04-01,1538,023163,,1,2,9,0700,0,2,4,,2,111,"DEER MEADOW DR","PEPPERWOOD DR",75.00,S,N,A,-,N,,,,,,,,,,N,4,0,1,1,A,-,08,22107,,N,E,I,A,A,H,-,A,D,0,,,,,Y,,A,07,0,0,1,0,0,0,0,0,0,"- ","- ",37.827659606933594,-121.91739654541016,"CONTRA COSTA",UNINCORPORATED,-121.91726684570312,37.827678680419922
92361047,2024,2024-04-10,9370,2024-04-02,"615 ",023801,,2,1,4,0711,0,1,1,,2,083,"I-80 W/B","EL PORTAL DR",763.00,W,N,A,-,Y,CC,,80," "," ",5.639,H,,L,Y,4,0,1,2,A,-,07,21658,A,M,B,I,A,A,H,-,C,D,0,,,,,Y,,-,99,0,0,1,0,0,0,0,0,0,"- ","- ",37.971469879150391,-122.32032775878906,"CONTRA COSTA","SAN PABLO",-122.32015228271484,37.971435546875
92361086,2024,2024-04-10,9320,2024-04-04,2035,023763,,4,2,5,0701,0,1,3,,2,404,"SR-4 W/B","HILLCREST AVE",3326.00,W,N,C,-,Y,CC,,4," ",R,28.302,H,,L,Y,4,0,2,1,A,-,08,22107,,N,E,I,A,B,H,-,D,A,0,,,,,Y,,A,07,0,0,2,0,0,0,0,0,0,"- ","- ",37.99822998046875,-121.79694366455078,"CONTRA COSTA",ANTIOCH,-121.79694366455078,37.998207092285156
9236146,2021,2021-07-07,0714,2021-01-08,1715,163,18-4,5,5,4,0714,0,0,0,,0,003,"MUIR RD","PG&E POLE 110193225",0.00,,Y,A,-,N,,,,,,,,,,Y,1,1,1,2,A,-,05,21460,A,N,A,C,A,A,H,-,B,D,0,,,,,Y,,D,22,0,1,0,0,0,0,0,0,0,"- ","- ",37.99407958984375,-122.11036682128906,"CONTRA COSTA",MARTINEZ,,
9236170,2020,2021-03-25,0701,2020-03-31,2111,3398,201,2,5,5,0701,0,0,0,,0,002,"B ST","W 5TH ST",210.00,E,N,A,-,N,,,,,,,,,,Y,4,0,1,1,A,-,01,23152,A,N,E,I,A,A,H,-,C,D,0,,,,,Y,Y,D,22,0,0,1,0,0,0,0,0,0,"- ","- ",,,"CONTRA COSTA",ANTIOCH,-121.80751800537109,38.014751434326172
92361779,2024,2024-04-11,9370,2024-04-04,"930 ",023484,,4,1,4,0711,0,1,1,,2,082,"I-80 E/B","EL PORTAL DR",800.00,W,N,B,C,Y,CC,,80," "," ",5.135,H,,R,Y,3,0,1,2,A,-,03,22350,,N,B,C,A,B,H,-,A,D,0,,,,,Y,,A,01,0,1,0,0,0,0,0,0,0,"- ","- ",37.965190887451172,-122.3240966796875,"CONTRA COSTA","SAN PABLO",-122.32408142089844,37.965164184570312
92361831,2024,2024-04-11,9320,2024-04-03,"623 ",023781,,3,1,9,0700,0,2,4,,2,072,"BAILEY RD","CANAL RD",0.00,,Y,A,-,N,,,,,,,,,,Y,4,0,1,2,A,-,09,21453,C,N,D,C,A,A,H,-,A,A,0,,,,,Y,,A,01,0,0,1,0,0,0,0,0,0,"- ","- ",38.020259857177734,-121.94194030761719,"CONTRA COSTA",UNINCORPORATED,-121.94187927246094,38.021560668945312
92361916,2024,2024-04-11,9320,2024-04-03,1845,021281,,3,2,5,0701,0,1,3,,2,404,"SR-4 E/B","SOMERSVILLE ROAD",1500.00,E,N,A,-,Y,CC,,4," "," ",26.259,H,,R,Y,4,0,1,4,A,-,07,21658,A,N,B,C,A,A,H,-,B,A,0,,,,,Y,,A,01,0,0,1,0,0,0,0,0,0,"- ","- ",38.002468109130859,-121.83313751220703,"CONTRA COSTA",ANTIOCH,-121.83310699462891,38.002552032470703
92362071,2024,2024-04-11,9390,2024-04-04,"850 ",020395,,4,1,4,0791,0,1,1,,2,068,"INTERSTATE 680 NORTHBOUND","BOLLINGER CANYON ROAD",3960.00,S,N,B,C,Y,CC,,680," ",R,2.274,H,,R,Y,4,0,4,2,A,-,03,22350,,N,E,8,A,B,H,-,A,D,0,,,,,Y,,A,07,0,0,4,0,0,0,0,0,0,"- ","- ",37.752201080322266,-121.96028137207031,"CONTRA COSTA","SAN RAMON",-121.96022796630859,37.752220153808594
92362217,2024,2024-04-11,9390,2024-04-04,2050,023100,,4,2,4,0791,0,1,1,,2,068,"I-680 SOUTHBOUND","ALCOSTA BLVD",1320.00,N,N,C,-,Y,CC,,680," ",R,0.453,H,,L,Y,4,0,1,1,A,-,03,22350,,N,E,9,A,B,H,-,C,D,0,,,,,Y,,D,22,0,0,1,0,0,0,0,0,0,"- ","- ",37.728981018066406,-121.94448852539062,"CONTRA COSTA","SAN RAMON",-121.94457244873047,37.728939056396484
92362265,2024,2024-04-11,9320,2024-04-06,1732,019850,,6,2,4,0709,0,1,1,,2,682,"I-680 N/B","MONUMENT BLVD",1670.00,S,N,A,-,Y,CC,,680," ",R,17.435,H,,R,N,4,0,1,3,A,-,07,21658,A,N,B,C,A,A,H,-,A,A,0,,,,,Y,,A,01,0,0,1,0,0,0,0,0,0,"- ","- ",37.940849304199219,-122.05991363525391,"CONTRA COSTA","PLEASANT HILL",-122.05992126464844,37.940849304199219
92362330,2024,2024-04-11,9320,2024-03-21,"200 ",023644,,4,3,3,0792,0,1,3,,2,240,"SR-24 W/B","WILDER RD",896.00,W,N,B,-,Y,CC,,24," "," ",1.072,H,,L,Y,3,0,2,1,C,-,18,,,N,E,8,A,A,H,-,C,A,0,,,,,Y,,-,"- ",0,1,1,0,0,0,0,0,0,"- ","- ",37.867530822753906,-122.20082092285156,"CONTRA COSTA",ORINDA,-122.20082092285156,37.867439270019531
92362336,2024,2024-04-11,9320,2024-04-07,"250 ",023082,,7,3,3,0792,0,1,3,,2,240,"SR-24 WESTBOUND","WILDER ROAD",150.00,E,N,A,-,Y,CC,,24," "," ",1.220,H,,L,Y,4,0,1,1,A,-,01,23152,A,N,E,I,A,A,H,-,C,A,0,,,,,Y,Y,A,01,0,0,1,0,0,0,0,0,0,"- ","- ",37.867630004882812,-122.19770050048828,"CONTRA COSTA",ORINDA,-122.19766998291016,37.867542266845703
92362969,2024,2024-06-06,9320,2024-04-04,"810 ",023684,,4,1,6,0704,0,1,3,,2,242,"SR-242 NORTHBOUND","CONCORD AVE",1267.00,N,N,C,-,Y,CC,,242," ",R,1.740,H,,R,Y,4,0,4,2,A,-,08,22107,,M,A,D,A,B,H,-,A,A,0,,,,,Y,,A,01,0,0,4,0,0,0,0,0,0,"- ","- ",37.982429504394531,-122.04176330566406,"CONTRA COSTA",CONCORD,-122.04164123535156,37.982414245605469
92363198,2024,2024-04-12,9320,2024-04-04,1505,023644,,4,2,6,0704,0,1,3,,2,402,"SR-4 E/B","SOLANO WAY",439.00,W,N,B,-,Y,CC,,4," ",R,13.572,H,,R,Y,4,0,1,2,A,-,03,22350,,N,C,C,A,B,H,-,A,A,0,,,,,Y,,D,22,0,0,1,0,0,0,0,0,0,"- ","- ",38.000461578369141,-122.05471801757812,"CONTRA COSTA",CONCORD,-122.05474090576172,38.000507354736328
92363312,2024,2024-04-12,9320,2024-04-02,1530,023680,,2,2,9,0700,0,1,1,,2,681,"INTERSTATE 680 SOUTHBOUND","DIABLO RD",35.00,N,N,A,-,Y,,,,,,,,,,N,4,0,1,2,C,-,18,,,N,C,C,A,A,H,-,A,A,0,,,,,Y,,-,"- ",0,0,1,0,0,0,0,0,0,"- ","- ",37.823139190673828,-121.99443817138672,"CONTRA COSTA",UNINCORPORATED,-121.99445343017578,37.824359893798828
92363725,2024,2024-04-15,9370,2024-04-05,1615,023589,,5,2,4,0711,0,1,1,,2,082,"I-80 W/B","SAN PABLO DAM ROAD",1224.00,W,N,A,-,Y,CC,,80," "," ",4.117,H,,L,N,3,0,1,3,A,-,03,22350,,N,C,C,A,A,H,-,A,D,0,,,,,Y,,A,01,0,1,0,0,0,0,0,0,0,"- ","- ",37.952999114990234,-122.32832336425781,"CONTRA COSTA","SAN PABLO",-122.32828521728516,37.953010559082031
9236381,2020,2021-03-06,0701,2020-08-26,1850,6142,610,3,5,5,0701,0,0,0,,0,006,"PERRY WY","PERRY WY 5000",0.00,,Y,A,-,N,,,,,,,,,,N,2,0,1,2,D,-,00,,,N,A,E,A,A,H,-,A,D,0,,,Y,,Y,,-,"- ",1,0,0,0,0,0,0,0,1,"- ","- ",,,"CONTRA COSTA",ANTIOCH,-121.767673,37.961817000000003
9236383,2020,2021-03-06,0701,2020-08-13,1335,5936,602,4,5,5,0701,0,0,0,,0,006,"PEARLITE WY","GALENEZ WY",575.00,E,N,A,-,N,,,,,,,,,,Y,3,0,1,2,A,-,03,22350,,N,C,E,A,A,H,-,A,D,0,,,Y,,Y,,C,02,0,1,0,0,0,0,0,0,1,"- ","- ",,,"CONTRA COSTA",ANTIOCH,-121.78107452392578,37.981418609619141
9236386,2020,2021-03-06,0701,2020-09-05,0758,6151,305,6,5,5,0701,0,0,0,,0,003,"AUTO CENTER DR","RT 4",0.00,,Y,A,-,N,,,,,,,,,,Y,4,0,1,2,A,-,12,21453,A,N,D,C,A,A,H,-,A,A,0,,,,,Y,,A,01,0,0,1,0,0,0,0,0,0,"- ","- ",,,"CONTRA COSTA",ANTIOCH,-121.83753967285156,38.003711700439453
9236387,2020,2021-03-06,0701,2020-09-13,0653,2372,610,7,5,5,0701,0,0,0,,0,006,"PREWETT RANCH DR","MOCCASIN WY",130.00,W,N,A,-,N,,,,,,,,,,N,4,0,1,1,A,-,08,22107,,N,E,I,A,A,H,-,A,A,0,,,,,Y,,A,01,0,0,1,0,0,0,0,0,0,"- ","- ",,,"CONTRA COSTA",ANTIOCH,-121.77425384521484,37.958667755126953
9236390,2020,2021-03-06,0701,2020-09-09,0247,4270,209,3,5,5,0701,0,0,0,,0,002,"E 18TH ST","A ST",66.00,,N,A,-,N,,,,,,,,,,Y,4,0,1,2,A,-,03,22350,,N,C,C,A,A,H,-,C,D,0,,,Y,,Y,,C,02,0,0,1,0,0,0,0,0,1,"- ","- ",,,"CONTRA COSTA",ANTIOCH,-121.8060302734375,38.004898071289062
9236394,2020,2021-03-06,0711,2020-09-27,1723,1129,,7,5,4,0711,0,0,0,,0,001,"DEL CAMINO DR","MISSION BELL DR",325.00,N,N,A,-,N,,,,,,,,,,N,4,0,1,2,A,-,06,21751,,N,D,C,A,-,H,-,A,D,0,,,,,Y,,-,,0,0,1,0,0,0,0,0,0,"- ","- ",,,"CONTRA COSTA","SAN PABLO",-122.34246826171875,37.97064208984375
92364155,2024,2024-04-15,9320,2024-04-05,2100,023644,,5,2,9,0700,0,1,3,,2,404,"SR-4 W/B","BAILEY RD.",3142.00,W,N,B,-,Y,CC,,4," ",R,19.510,H,,L,Y,2,0,1,1,A,-,08,22107,,N,E,8,A,B,H,-,C,D,0,,,,,Y,,A,07,1,0,0,0,0,0,0,0,0,"- ","- ",38.020500183105469,-121.95272064208984,"CONTRA COSTA",UNINCORPORATED,-121.95276641845703,38.020416259765625
92364186,2024,2024-04-15,9320,2024-04-07,"650 ",023775,,7,1,5,0712,0,2,4,,2,046,"TREAT BOULEVARD E/B","CHERRY LANE",27.00,E,N,A,-,N,,,,,,,,,,N,4,0,1,1,A,-,01,23152,A,N,E,8,A,A,H,-,B,A,0,,,,,Y,Y,A,01,0,0,1,0,0,0,0,0,0,"- ","- ",37.926368713378906,-122.05082702636719,"CONTRA COSTA","WALNUT CREEK",-122.05094909667969,37.926509857177734
9236437,2020,2021-03-08,0701,2020-07-10,2231,6136,511,5,5,5,0701,0,0,0,,0,005,"PREWETT RANCH DR","MARIGOLD WY",500.00,S,N,A,-,N,,,,,,,,,,N,4,0,2,4,A,-,03,22350,,N,C,B,E,B,C,-,C,D,0,Y,,,,Y,,A,01,0,0,2,0,2,0,0,0,0,"- ","- ",,,"CONTRA COSTA",ANTIOCH,-121.78468322753906,37.959144592285156