CASE_ID,ACCIDENT_YEAR,PROC_DATE,JURIS,COLLISION_DATE,COLLISION_TIME,OFFICER_ID,REPORTING_DISTRICT,DAY_OF_WEEK,CHP_SHIFT,POPULATION,CNTY_CITY_LOC,SPECIAL_COND,BEAT_TYPE,CHP_BEAT_TYPE,CITY_DIVISION_LAPD,CHP_BEAT_CLASS,BEAT_NUMBER,PRIMARY_RD,SECONDARY_RD,DISTANCE,DIRECTION,INTERSECTION,WEATHER_1,WEATHER_2,STATE_HWY_IND,CALTRANS_COUNTY,CALTRANS_DISTRICT,STATE_ROUTE,ROUTE_SUFFIX,POSTMILE_PREFIX,POSTMILE,LOCATION_TYPE,RAMP_INTERSECTION,SIDE_OF_HWY,TOW_AWAY,COLLISION_SEVERITY,NUMBER_KILLED,NUMBER_INJURED,PARTY_COUNT,PRIMARY_COLL_FACTOR,PCF_CODE_OF_VIOL,PCF_VIOL_CATEGORY,PCF_VIOLATION,PCF_VIOL_SUBSECTION,HIT_AND_RUN,TYPE_OF_COLLISION,MVIW,PED_ACTION,ROAD_SURFACE,ROAD_COND_1,ROAD_COND_2,LIGHTING,CONTROL_DEVICE,CHP_ROAD_TYPE,PEDESTRIAN_ACCIDENT,BICYCLE_ACCIDENT,MOTORCYCLE_ACCIDENT,TRUCK_ACCIDENT,NOT_PRIVATE_PROPERTY,ALCOHOL_INVOLVED,STWD_VEHTYPE_AT_FAULT,CHP_VEHTYPE_AT_FAULT,COUNT_SEVERE_INJ,COUNT_VISIBLE_INJ,COUNT_COMPLAINT_PAIN,COUNT_PED_KILLED,COUNT_PED_INJURED,COUNT_BICYCLIST_KILLED,COUNT_BICYCLIST_INJURED,COUNT_MC_KILLED,COUNT_MC_INJURED,PRIMARY_RAMP,SECONDARY_RAMP,LATITUDE,LONGITUDE,COUNTY,CITY,POINT_X,POINT_Y
9236443,2020,2021-03-06,0701,2020-05-22,1000,5936,611,5,5,5,0701,0,0,0,,0,006,"HILLCREST AV","WILDHORSE DR",0.00,,Y,A,-,N,,,,,,,,,,Y,4,0,1,1,A,-,03,22350,,N,E,I,A,A,H,-,A,A,0,,,,,Y,Y,A,01,0,0,1,0,0,0,0,0,0,"- ","- ",,,"CONTRA COSTA",ANTIOCH,-121.76661682128906,37.981880187988281
92364574,2024,2024-04-15,9320,2024-04-03,1334,023763,,3,1,5,0712,0,1,1,,2,682,"I-680 S/B","TREAT BLVD",528.00,S,N,A,-,Y,CC,,680," "," ",16.290,H,,L,Y,4,0,1,4,A,-,03,22350,,N,C,C,A,A,C,-,A,A,0,,,,,Y,,A,08,0,0,1,0,0,0,0,0,0,"- ","- ",37.924869537353516,-122.0609130859375,"CONTRA COSTA","WALNUT CREEK",-122.06101226806641,37.924880981445312
92364670,2024,2024-04-15,9370,2024-03-31,"225 ",023344,,7,3,5,0710,0,1,1,,2,082,"INTERSTATE 80 WESTBOUND","CENTRAL AVENUE",930.00,E,N,B,-,Y,CC,,80," "," ",0.428,H,,L,Y,3,0,1,2,A,-,08,22107,,F,B,C,A,A,H,-,C,D,0,,,,,Y,,A,01,0,1,0,0,0,0,0,0,0,"- ","- ",37.903339385986328,-122.31265258789062,"CONTRA COSTA",RICHMOND,-122.31259918212891,37.903362274169922
92365118,2024,2024-04-16,9320,2024-04-04,"900 ",023766,,4,1,5,0712,0,1,1,,2,682,"I-680 N/B","MT. DIABLO BLVD U/C (NORTH EDGE)",50.00,S,N,B,C,Y,CC,,680," "," ",14.215,H,,R,N,3,0,1,1,A,-,08,22107,,N,E,I,A,B,H,-,A,A,0,,,,,Y,,A,01,0,1,0,0,0,0,0,0,0,"- ","- ",37.896381378173828,-122.07068634033203,"CONTRA COSTA","WALNUT CREEK",-122.07057189941406,37.89642333984375
92365154,2024,2024-04-16,9320,2024-04-07,1715,022486,,7,2,6,0704,0,1,3,,2,242,"SR-242 N/B TO SR-4 E/B","PORT CHICAGO HWY",2980.00,W,N,A,-,Y,CC,,4," ",R,14.862,H,,R,Y,4,0,1,3,A,-,01,23152,A,N,C,C,A,A,H,-,A,A,0,,,,,Y,Y,A,01,0,0,1,0,0,0,0,0,0,"- ","- ",38.007240295410156,-122.03289794921875,"CONTRA COSTA",CONCORD,-122.03300476074219,38.007392883300781
92365185,2024,2024-04-16,9320,2024-04-08,1625,021281,,1,2,6,0704,0,1,3,,2,242,"SR-242 N/B","IRON HORSE TRAIL",500.00,N,N,A,-,Y,CC,,242," ",R,0.065,H,,R,N,3,0,1,3,A,-,03,22350,,N,C,C,A,A,H,-,A,A,0,,,,,Y,,A,01,0,1,0,0,0,0,0,0,0,"- ","- ",37.959510803222656,-122.05168151855469,"CONTRA COSTA",CONCORD,-122.05168914794922,37.959510803222656
9236523,2020,2021-03-12,0701,2020-11-05,1540,5936,612,4,5,5,0701,0,0,0,,0,006,"HILLCREST AV","LONE TREE WY",110.00,N,N,A,-,N,,,,,,,,,,Y,2,0,1,3,A,-,03,22350,1,N,G,B,A,A,H,-,A,A,0,,,,,Y,,A,01,1,0,0,0,0,0,0,0,0,"- ","- ",,,"CONTRA COSTA",ANTIOCH,-121.76005554199219,37.962062835693359
92365298,2024,2024-04-16,9320,2024-04-09,1015,018086,,2,1,9,0700,0,1,1,,2,180,"I-80 E/B","POMONA STREET UNDERCROSSING",792.00,W,N,A,-,Y,CC,,80," "," ",13.359,H,,R,N,3,0,1,1,A,-,03,22350,,N,E,I,A,A,H,-,A,D,0,,,,,Y,,A,01,0,1,0,0,0,0,0,0,0,"- ","- ",38.050868988037109,-122.22971343994141,"CONTRA COSTA",UNINCORPORATED,-122.22982025146484,38.05096435546875
92365353,2024,2024-04-16,9320,2024-04-09,1248,018086,,2,1,3,0706,0,1,1,,2,180,"I-80 W/B","WILLOW AVENUE UNDERCROSSING",700.00,E,N,A,-,Y,CC,,80," "," ",10.840,H,,L,N,3,0,1,1,A,-,16,24002,A,N,E,I,A,A,H,-,A,D,0,,,,,Y,,D,22,0,1,0,0,0,0,0,0,0,"- ","- ",38.024341583251953,-122.26103973388672,"CONTRA COSTA",HERCULES,-122.26090240478516,38.024261474609375
92365361,2024,2024-04-16,9320,2024-04-09,1500,023063,,2,2,4,0714,0,3,5,,2,015,"ALHAMBRA VALLEY RD","ALHAMBRA CREEK ROAD",1267.00,W,N,A,-,N,,,,,,,,,,Y,2,0,1,1,A,-,08,22107,,N,E,I,A,A,H,-,A,D,0,,,,,Y,,D,22,1,0,0,0,0,0,0,0,0,"- ","- ",37.967189788818359,-122.15190124511719,"CONTRA COSTA",MARTINEZ,-122.12477874755859,37.980503082275391
92365374,2024,2024-04-16,9320,2024-04-09,1635,023063,,2,2,4,0714,0,1,3,,2,401,"SR-4 WESTBOUND","ALHAMBRA AVENUE",7814.00,W,N,A,-,Y,CC,,4," ",R,7.126,H,,L,Y,2,0,2,3,A,-,01,23152,A,N,C,C,F,A,H,-,A,D,0,Y,,,,Y,Y,A,01,1,1,0,0,1,0,0,0,0,"- ","- ",38.000751495361328,-122.14823150634766,"CONTRA COSTA",MARTINEZ,-122.14825439453125,38.000720977783203
92365448,2024,2024-04-16,9370,2024-03-31,1940,023478,,7,2,5,0710,0,1,1,,2,082,"I-80 W/B (EASTSHORE FREEWAY)","CENTRAL AVENUE",500.00,E,N,A,-,Y,CC,,80," "," ",0.486,H,,L,Y,2,0,1,2,A,-,07,21658,A,N,D,C,A,A,H,-,C,D,0,,,,,Y,,A,01,1,0,0,0,0,0,0,0,0,"- ","- ",37.904060363769531,-122.31314849853516,"CONTRA COSTA",RICHMOND,-122.31310272216797,37.904083251953125
92365557,2024,2024-04-16,9320,2024-04-10,2255,023082,,3,3,6,0704,0,1,3,,2,402,"SR 4 WEST BOUND","PORT CHICAGO HIGHWAY",310.00,E,N,A,-,Y,CC,,4," ",R,15.521,H,,L,N,3,0,1,2,A,-,03,22350,,N,C,C,A,A,H,-,A,A,0,,,,,Y,,A,01,0,1,0,0,0,0,0,0,0,"- ","- ",38.010139465332031,-122.02149963378906,"CONTRA COSTA",CONCORD,-122.02149200439453,38.010108947753906
92366331,2024,2024-04-17,9390,2024-04-06,1620,023163,,6,2,9,0700,0,3,5,,2,100,"BLACKHAWK DRIVE","SILVER BIRCH CT",100.00,E,N,A,-,N,,,,,,,,,,Y,4,0,3,2,A,-,03,22350,,N,C,C,A,A,H,-,A,D,0,,,,,Y,,A,01,0,0,3,0,0,0,0,0,0,"- ","- ",37.812179565429688,-121.91464233398438,"CONTRA COSTA",UNINCORPORATED,-121.91472625732422,37.812236785888672
92366341,2024,2024-04-17,9320,2024-04-07,1700,023680,,7,2,5,0712,0,2,4,,2,046,"TREAT BLVD","CHERRY LN",0.00,,Y,A,-,N,,,,,,,,,,Y,4,0,2,2,A,-,17,21451,A,N,A,C,A,A,H,-,A,A,0,,,,,Y,,A,07,0,0,2,0,0,0,0,0,0,"- ","- ",37.926498413085938,-122.05101013183594,"CONTRA COSTA","WALNUT CREEK",-122.05104064941406,37.926532745361328
92366369,2024,2024-04-17,9320,2024-04-12,"720 ",023684,,5,1,9,0700,0,3,5,,2,060,"PINEHURST RD","CANYON ROAD",5280.00,S,N,A,-,N,,,,,,,,,,Y,3,0,2,2,A,-,05,21460,A,N,A,C,A,A,H,-,A,A,0,,,,,Y,,A,01,0,1,1,0,0,0,0,0,0,"- ","- ",37.806800842285156,-122.13954162597656,"CONTRA COSTA",UNINCORPORATED,-122.13951110839844,37.806774139404297
92366409,2024,2024-04-17,9320,2024-04-12,"815 ",016094,,5,1,9,0700,0,1,3,,2,403,"SR-4 W/B","RAILROAD AVE",581.00,W,N,A,-,Y,CC,,4," "," ",22.926,H,,L,Y,3,0,1,2,A,-,03,22350,,N,C,2,A,A,H,-,A,A,0,,,,,Y,,A,01,0,1,0,0,0,0,0,0,0,"- ","- ",38.017620086669922,-121.89160919189453,"CONTRA COSTA",UNINCORPORATED,-121.8916015625,38.017642974853516
92366498,2024,2024-04-17,9320,2024-04-12,1515,023644,,5,2,5,0712,0,1,1,,2,682,"I-680 N/B","TREAT BLVD.",247.00,N,N,B,-,Y,CC,,680," "," ",16.456,H,,R,N,4,0,1,2,A,-,03,22350,,N,C,C,A,A,H,-,A,D,0,,,,,Y,,A,08,0,0,1,0,0,0,0,0,0,"- ","- ",37.927268981933594,-122.06044006347656,"CONTRA COSTA","WALNUT CREEK",-122.06041717529297,37.927268981933594
92366639,2024,2024-04-17,9320,2024-04-04,"650 ",023760,,4,1,3,0792,0,1,3,,2,240,"SR-24 E/B","WILDER RD",230.00,E,N,B,C,Y,CC,,24," "," ",1.237,H,,R,Y,2,0,1,1,A,-,08,22107,,N,E,I,A,B,H,-,A,D,0,,,,,Y,,A,01,1,0,0,0,0,0,0,0,0,"- ","- ",37.867519378662109,-122.19724273681641,"CONTRA COSTA",ORINDA,-122.19721221923828,37.867454528808594
92366953,2024,2024-04-17,9390,2024-04-12,1446,023305,,5,2,4,0790,0,3,5,,2,100,"RED PINE CT.","BLACKHAWK CLUB DR.",8.00,S,N,A,-,N,,,,,,,,,,N,4,0,1,2,A,-,08,22107,,N,B,C,A,A,H,-,A,D,0,,,,,Y,,A,07,0,0,1,0,0,0,0,0,0,"- ","- ",37.818271636962891,-121.91697692871094,"CONTRA COSTA",DANVILLE,-121.9169921875,37.818302154541016
92367098,2024,2024-04-17,9370,2024-04-09,2020,023196,,2,2,4,0711,0,1,1,,2,083,"I-80 W/B","SAN PABLO DAM ROAD",2054.00,E,N,A,-,Y,CC,,80," "," ",4.721,H,,L,N,4,0,4,2,A,-,03,22350,,N,C,C,A,A,H,-,C,D,0,,,,,Y,,A,01,0,0,4,0,0,0,0,0,0,"- ","- ",37.961570739746094,-122.32981872558594,"CONTRA COSTA","SAN PABLO",-122.32982635498047,37.961574554443359
9236747,2021,2021-04-06,0700,2021-03-05,1747,OA032,OAK,5,5,3,0734,0,0,0,,0,053,"WEST CYPRESS RD","OHARA AV",135.00,E,N,A,-,N,,,,,,,,,,Y,4,0,1,2,A,-,03,22350,,N,C,C,A,A,H,-,A,A,0,,,,,Y,,D,22,0,0,1,0,0,0,0,0,0,"- ","- ",,,"CONTRA COSTA",OAKLEY,-121.71360778808594,37.990550994873047
92367504,2024,2024-04-18,9320,2024-04-12,1745,022517,,5,2,9,0700,0,2,4,,2,093,"CAMINO DIABLO","MCCABE ROAD",100.00,E,N,A,-,N,,,,,,,,,,N,4,0,1,2,A,-,03,22350,,N,C,C,A,A,H,-,A,A,0,,,,,Y,,A,07,0,0,1,0,0,0,0,0,0,"- ","- ",37.867458343505859,-121.64454650878906,"CONTRA COSTA",UNINCORPORATED,-121.64458465576172,37.867469787597656
92367907,2024,2024-04-18,9320,2024-04-09,"730 ",023766,,2,1,3,0715,0,1,3,,2,241,"SR-24 W/B","EL CURTOLA BLVD",650.00,W,N,A,-,Y,CC,,24," ",R,8.145,H,,L,N,3,0,1,2,A,-,03,22350,,N,C,C,A,A,H,-,A,A,0,,,,,Y,,A,01,0,1,0,0,0,0,0,0,0,"- ","- ",37.898090362548828,-122.08753967285156,"CONTRA COSTA",LAFAYETTE,-122.08753967285156,37.898162841796875
92367949,2024,2024-04-18,9370,2024-04-11,"912 ",023801,,4,1,5,0710,0,1,1,,2,058,"I-580 E/B","CENTRAL AVE",253.78,W,N,A,-,Y,CC,,580," "," ",0.372,H,,R,Y,4,0,2,2,A,-,03,22350,,N,C,C,A,A,H,-,A,D,0,,,,,Y,,A,01,0,0,2,0,0,0,0,0,0,"- ","- ",37.901660919189453,-122.31536865234375,"CONTRA COSTA",RICHMOND,-122.31526184082031,37.901714324951172
92368643,2024,2024-04-19,9320,2024-04-11,1610,020440,,4,2,5,0701,0,1,3,,2,405,"SR-4 E/B FROM LAUREL RD W/B","LAUREL RD",607.00,E,N,A,-,Y,,,,,,,,,,Y,4,0,1,2,A,-,03,22350,,N,C,C,A,A,H,-,A,A,0,,,,,Y,,A,07,0,0,1,0,0,0,0,0,0,"- ","- ",37.979408264160156,-121.74526214599609,"CONTRA COSTA",ANTIOCH,-121.74440002441406,37.978759765625
92368660,2024,2024-04-19,9320,2024-04-10,"915 ",023760,,3,1,5,0712,0,1,3,,2,241,"SR-24 E/B TO I-680 S/B","BOULEVARD WAY",1136.00,E,N,A,-,Y,,,,,,,,,,Y,2,0,1,2,A,-,08,22107,,N,C,C,A,A,H,-,A,A,0,,,Y,Y,Y,,F,55,1,0,0,0,0,0,0,0,1,"- ","- ",37.895580291748047,-122.07602691650391,"CONTRA COSTA","WALNUT CREEK",,
92368667,2024,2024-05-03,9320,2024-04-12,2117,019850,,5,2,6,0704,0,1,1,,2,683,"I-680 NB","MONUMENT BLVD",1750.00,N,N,C,-,Y,CC,,680," ",R,18.068,H,,R,N,4,0,3,2,A,-,03,22350,,F,C,C,A,A,H,-,C,D,0,,,,,Y,Y,A,01,0,0,3,0,0,0,0,0,0,"- ","- ",37.950099945068359,-122.05603790283203,"CONTRA COSTA",CONCORD,-122.05595397949219,37.950077056884766
92368679,2024,2024-04-19,9320,2024-04-13,"140 ",023061,,6,3,9,0700,0,2,4,,2,071,"WILLOW PASS ROAD SOUTHBOUND","GOBLE DRIVE",270.00,N,N,A,-,N,,,,,,,,,,Y,3,0,1,1,A,-,01,23152,A,N,E,9,A,A,H,-,C,A,0,,,,,Y,Y,A,01,0,1,0,0,0,0,0,0,0,"- ","- ",38.025901794433594,-121.96141815185547,"CONTRA COSTA",UNINCORPORATED,-121.96141052246094,38.025733947753906
92368692,2024,2024-04-19,9320,2024-04-13,"950 ",023684,,6,1,5,0712,0,1,1,,2,681,"I680 SOUTHBOUND","OLYMPIC BLVD",463.00,N,N,B,-,Y,CC,,680," "," ",14.118,H,,L,Y,2,0,6,3,A,-,07,21658,A,F,B,C,A,B,C,-,A,D,0,,,,,Y,,-,99,2,0,4,0,0,0,0,0,0,"- ","- ",37.895210266113281,-122.06979370117188,"CONTRA COSTA","WALNUT CREEK",-122.06980895996094,37.895195007324219
92368701,2024,2024-04-19,9320,2024-04-13,"951 ",023424,,6,1,9,0700,0,1,1,,2,681,"I-680 N/B","STONE VALLEY RD.",414.00,S,N,B,C,Y,CC,,680," ",R,10.307,H,,R,N,4,0,1,1,A,-,03,22350,,N,E,I,A,B,H,-,A,A,0,,,,,Y,,A,01,0,0,1,0,0,0,0,0,0,"- ","- ",37.850429534912109,-122.02834320068359,"CONTRA COSTA",UNINCORPORATED,-122.02863311767578,37.850391387939453
92368720,2024,2024-04-19,9320,2024-04-13,1230,023781,,6,1,9,0700,0,2,4,,2,038,"ALHAMBRA VALLEY ROAD","POWER POLE 110267202",60.00,E,N,B,C,N,,,,,,,,,,Y,3,0,1,1,A,-,08,22107,,N,E,I,A,B,H,-,A,D,0,,,,,Y,,A,07,0,1,0,0,0,0,0,0,0,"- ","- ",37.967521667480469,-122.15309143066406,"CONTRA COSTA",UNINCORPORATED,,
92368738,2024,2024-04-19,9320,2024-04-13,1715,023644,,6,2,9,0700,0,3,5,,2,075,"SKIPPER RD.","PORT CHICAGO HWY.",0.00,,Y,B,-,N,,,,,,,,,,Y,4,0,1,2,A,-,09,21802,A,N,D,C,A,B,H,-,A,A,0,,,,,Y,,A,07,0,0,1,0,0,0,0,0,0,"- ","- ",38.035919189453125,-121.96051788330078,"CONTRA COSTA",UNINCORPORATED,-121.96047210693359,38.035926818847656
92368743,2024,2024-04-19,9320,2024-04-13,1725,022517,,6,2,6,0704,0,1,3,,2,242,"SR-242 NB","CONCORD AVE",950.00,N,N,B,C,Y,CC,,242," ",R,1.685,H,,R,Y,4,0,1,1,A,-,03,22350,,N,E,I,A,B,H,-,A,D,0,,,,,Y,,A,01,0,0,1,0,0,0,0,0,0,"- ","- ",37.981658935546875,-122.04193878173828,"CONTRA COSTA",CONCORD,-122.04188537597656,37.981647491455078
92368744,2024,2024-04-19,9320,2024-04-13,1825,022743,,6,2,5,0712,0,1,3,,2,241,"SR-24 E/B TO I-680 N/B",I-680,1000.00,W,N,B,C,Y,CC,,24," "," ",8.927,H,,R,N,3,0,3,1,A,-,03,22350,,N,E,I,A,B,H,-,A,A,0,,,,,Y,,A,08,0,1,2,0,0,0,0,0,0,"- ","- ",37.895961761474609,-122.07380676269531,"CONTRA COSTA","WALNUT CREEK",-122.07382202148438,37.89599609375
92368751,2024,2024-04-19,9320,2024-04-14,1538,022517,,7,2,4,0714,0,1,3,,2,402,"SR-4 EB","ALHAMBRA WAY",471.00,E,N,B,-,Y,CC,,4," ",R,8.910,H,,R,N,4,0,1,2,A,-,03,22350,,N,C,C,A,A,H,-,A,D,0,,,,,Y,,A,01,0,0,1,0,0,0,0,0,0,"- ","- ",37.992538452148438,-122.12429046630859,"CONTRA COSTA",MARTINEZ,-122.12432861328125,37.992588043212891
9236878,2021,2021-04-05,0740,2021-02-24,2207,SR501,,3,5,4,0791,0,0,0,,0,BEAT4,"STONEY CREEK DR","BENT CREEK DR",0.00,,Y,A,-,N,,,,,,,,,,Y,4,0,2,1,A,-,03,22350,,N,E,I,A,A,H,-,C,D,0,,,,,Y,,A,01,0,0,2,0,0,0,0,0,0,"- ","- ",37.730358123779297,-121.91303253173828,"CONTRA COSTA","SAN RAMON",-121.91310119628906,37.734020233154297
92368887,2024,2024-04-19,9320,2024-04-15,1640,023063,,1,2,3,0707,0,1,S,,2,080,"I-80 EASTBOUND","PINOLE VALLEY ROAD",1742.00,E,N,A,-,Y,CC,,80," "," ",8.855,H,,R,N,4,0,1,2,A,-,03,22350,,N,C,C,A,A,H,-,A,D,0,,,,,Y,,A,01,0,0,1,0,0,0,0,0,0,"- ","- ",38.000888824462891,-122.28230285644531,"CONTRA COSTA",PINOLE,-122.28237915039062,38.000938415527344
92368892,2024,2024-04-19,9320,2024-04-09,"940 ",023766,,2,1,5,0712,0,1,1,,2,682,"I-680 S/B","OAK PARK BLVD",200.00,S,N,A,-,Y,CC,,680," "," ",16.761,H,,R,N,3,0,1,3,A,-,03,22350,,M,C,C,A,A,H,-,A,A,0,,,,,Y,,A,01,0,1,0,0,0,0,0,0,0,"- ","- ",37.931659698486328,-122.06002044677734,"CONTRA COSTA","WALNUT CREEK",-122.06011199951172,37.931659698486328
92368979,2024,2024-04-19,9370,2024-03-13,2330,023589,,3,3,3,0705,0,1,1,,2,082,"I-80 E/B","POTRERO AVENUE",1346.00,E,N,A,-,Y,CC,,80," "," ",1.442,H,,R,N,4,0,1,2,A,-,03,22350,,N,C,C,A,A,D,-,C,D,0,,,,,Y,,A,01,0,0,1,0,0,0,0,0,0,"- ","- ",37.917091369628906,-122.31742095947266,"CONTRA COSTA","EL CERRITO",-122.3173828125,37.917091369628906
92369169,2024,2024-04-19,9370,2024-04-07,1400,023139,,7,2,9,0700,0,1,3,,2,023,"SR-24 W/B (CALDECOTT TUNNEL BORE #3)","FISH RANCH RD",766.00,W,N,A,-,Y,,,,,,,,,,N,4,0,1,4,A,-,03,22350,,N,C,C,A,A,H,-,A,D,0,,,,,Y,,A,01,0,0,1,0,0,0,0,0,0,"- ","- ",37.859588623046875,-122.21185302734375,"CONTRA COSTA",UNINCORPORATED,-122.21245574951172,37.859786987304688
92371483,2024,2024-04-22,9370,2024-04-07,1244,023579,,7,1,9,0700,0,3,5,,2,012,"KILLARNEY DRIVE","GALWAY ROAD",0.00,,Y,A,-,N,,,,,,,,,,N,2,0,2,2,A,-,09,21802,A,N,D,C,A,A,H,-,A,A,0,,,Y,,Y,,A,01,2,0,0,0,0,0,0,0,1,"- ","- ",37.996021270751953,-122.31178283691406,"CONTRA COSTA",UNINCORPORATED,-122.31166839599609,37.996002197265625
92371498,2024,2024-04-22,9320,2024-04-15,1735,023063,,1,2,9,0700,0,2,4,,2,012,"SAN PABLO DAM ROAD","CLARK ROAD",0.00,,Y,A,-,N,,,,,,,,,,Y,4,0,1,2,A,-,12,21453,A,N,D,C,A,A,H,-,A,A,0,,,,,Y,,A,07,0,0,1,0,0,0,0,0,0,"- ","- ",37.966239929199219,-122.30113983154297,"CONTRA COSTA",UNINCORPORATED,-122.3011474609375,37.96624755859375
92371508,2024,2024-04-22,9320,2024-04-06,"10  ",023480,,6,3,3,0792,0,1,3,,2,240,"SR-24 W/B","CAMINO PABLO",3100.00,W,N,A,-,Y,CC,,24," "," ",1.697,H,,L,Y,4,0,1,2,A,-,16,24002,A,N,C,J,A,A,H,-,C,A,0,,,,,Y,,E,22,0,0,1,0,0,0,0,0,0,"- ","- ",37.871978759765625,-122.19056701660156,"CONTRA COSTA",ORINDA,-122.19058990478516,37.871994018554688
92371516,2024,2024-04-22,9320,2024-04-11,1832,023768,,4,2,9,0700,0,1,3,,2,403,"SR-4 EASTBOUND","SAN MARCO BLVD",1900.00,W,N,A,-,Y,CC,,4," ",R,18.185,H,,R,N,3,0,1,2,A,-,03,22350,,N,C,C,A,A,H,-,A,A,0,,,,,Y,,A,01,0,1,0,0,0,0,0,0,0,"- ","- ",38.023220062255859,-121.97640991210938,"CONTRA COSTA",UNINCORPORATED,-121.97641754150391,38.023246765136719
92371549,2024,2024-06-12,9320,2024-04-13,"38  ",023431,,6,3,5,0701,0,1,3,,2,405,"SR-4 E/B","WILD HORSE RD",1152.00,W,N,B,-,Y,CC,,4," ",R,31.057,H,,R,Y,3,0,2,1,A,-,01,23152,A,N,E,I,A,A,H,-,C,A,0,,,,,Y,Y,A,07,0,1,1,0,0,0,0,0,0,"- ","- ",37.986259460449219,-121.74978637695312,"CONTRA COSTA",ANTIOCH,-121.74964904785156,37.986324310302734
92371572,2024,2024-04-22,9370,2024-04-21,"501 ",023579,,7,3,9,0700,0,3,5,,2,010,"MARKET AVENUE E/B (400 BLOCK)","5TH STREET",11.00,W,N,A,-,N,,,,,,,,,,N,2,0,1,2,A,-,11,21954,A,F,G,B,E,A,H,-,C,A,0,Y,,,,Y,,N,60,1,0,0,0,1,0,0,0,0,"- ","- ",37.958709716796875,-122.36438751220703,"CONTRA COSTA",UNINCORPORATED,-122.36425018310547,37.958690643310547
92371575,2024,2024-04-22,9320,2024-04-06,2345,023480,,6,3,5,0708,0,1,3,,2,404,"SR-4 W/B TO HARBOR ST","CALIFORNIA AVE",5.00,S,N,A,-,Y,CC,,4," "," ",23.510,H,,L,Y,4,0,1,1,A,-,01,23152,A,N,E,I,A,A,H,-,C,A,0,,,,,Y,Y,A,01,0,0,1,0,0,0,0,0,0,"- ","- ",38.01544189453125,-121.88126373291016,"CONTRA COSTA",PITTSBURG,-121.88134765625,38.015209197998047
92371606,2024,2024-04-22,9320,2024-02-22,1858,022743,,4,2,4,0790,0,1,1,,2,681,"I-680 N/B","EL CERRO BLVD",1500.00,S,N,A,-,Y,CC,,680," ",R,7.891,H,,R,N,4,0,1,2,A,-,08,22107,,M,B,C,A,A,H,-,C,A,0,,,,,Y,,-,99,0,0,1,0,0,0,0,0,0,"- ","- ",37.826930999755859,-121.99658966064453,"CONTRA COSTA",DANVILLE,-121.99655151367188,37.826957702636719
9237288,2021,2021-04-13,0706,2021-02-01,0101,207,84,1,5,3,0706,0,0,0,,0,002,"REDWOOD RD","OAK CT",0.00,,Y,A,-,N,,,,,,,,,,Y,4,0,1,2,A,-,08,22107,,N,A,E,A,A,H,-,C,D,0,,,,,Y,,A,01,0,0,1,0,0,0,0,0,0,"- ","- ",,,"CONTRA COSTA",HERCULES,-122.25173187255859,38.002914428710938
92372934,2024,2024-04-23,9320,2024-04-15,"630 ",023775,,1,1,3,0702,0,2,4,,2,077,"MARSH CREEK ROAD S/B","LYDIA LANE",1373.00,N,N,A,-,N,,,,,,,,,,Y,4,0,1,2,A,-,05,21460,A,N,B,2,A,A,H,-,A,A,0,,,,,Y,,A,01,0,0,1,0,0,0,0,0,0,"- ","- ",37.870780944824219,-121.73712921142578,"CONTRA COSTA",BRENTWOOD,-121.74186706542969,37.870800018310547
92372938,2024,2024-04-23,9320,2024-04-16,"738 ",023057,,2,1,9,0700,0,2,4,,2,011,"HILLTOP DR","MANOR ROAD",342.00,S,N,A,-,N,,,,,,,,,,Y,4,0,2,2,A,-,09,21804,B,N,D,C,A,A,H,-,A,D,0,,,,,Y,,A,07,0,0,2,0,0,0,0,0,0,"- ","- ",37.982269287109375,-122.30290222167969,"CONTRA COSTA",UNINCORPORATED,-122.30292510986328,37.982341766357422
92373163,2024,2024-04-23,9370,2024-03-16,"330 ",023081,,6,3,5,0710,0,1,1,,2,083,"I-80 W/B","HILLTOP DR",1300.00,E,N,A,-,Y,CC,,80," "," ",6.240,H,,L,Y,3,0,1,1,A,-,01,23152,A,N,E,I,A,A,H,-,D,D,0,,,,,Y,Y,A,01,0,1,0,0,0,0,0,0,0,"- ","- ",37.9798583984375,-122.31729888916016,"CONTRA COSTA",RICHMOND,-122.31737518310547,37.979873657226562
92373830,2024,2024-04-24,9320,2024-04-14,1710,023680,,7,2,9,0700,0,2,4,,2,026,"PLEASANT HILL RD","GREENVALLEY RD",0.00,,Y,B,-,N,,,,,,,,,,Y,4,0,1,2,A,-,12,21453,A,N,B,C,A,A,H,-,A,A,0,,,,,Y,,A,01,0,0,1,0,0,0,0,0,0,"- ","- ",37.913379669189453,-122.09864044189453,"CONTRA COSTA",UNINCORPORATED,-122.09862518310547,37.913318634033203