CASE_ID,ACCIDENT_YEAR,PROC_DATE,JURIS,COLLISION_DATE,COLLISION_TIME,OFFICER_ID,REPORTING_DISTRICT,DAY_OF_WEEK,CHP_SHIFT,POPULATION,CNTY_CITY_LOC,SPECIAL_COND,BEAT_TYPE,CHP_BEAT_TYPE,CITY_DIVISION_LAPD,CHP_BEAT_CLASS,BEAT_NUMBER,PRIMARY_RD,SECONDARY_RD,DISTANCE,DIRECTION,INTERSECTION,WEATHER_1,WEATHER_2,STATE_HWY_IND,CALTRANS_COUNTY,CALTRANS_DISTRICT,STATE_ROUTE,ROUTE_SUFFIX,POSTMILE_PREFIX,POSTMILE,LOCATION_TYPE,RAMP_INTERSECTION,SIDE_OF_HWY,TOW_AWAY,COLLISION_SEVERITY,NUMBER_KILLED,NUMBER_INJURED,PARTY_COUNT,PRIMARY_COLL_FACTOR,PCF_CODE_OF_VIOL,PCF_VIOL_CATEGORY,PCF_VIOLATION,PCF_VIOL_SUBSECTION,HIT_AND_RUN,TYPE_OF_COLLISION,MVIW,PED_ACTION,ROAD_SURFACE,ROAD_COND_1,ROAD_COND_2,LIGHTING,CONTROL_DEVICE,CHP_ROAD_TYPE,PEDESTRIAN_ACCIDENT,BICYCLE_ACCIDENT,MOTORCYCLE_ACCIDENT,TRUCK_ACCIDENT,NOT_PRIVATE_PROPERTY,ALCOHOL_INVOLVED,STWD_VEHTYPE_AT_FAULT,CHP_VEHTYPE_AT_FAULT,COUNT_SEVERE_INJ,COUNT_VISIBLE_INJ,COUNT_COMPLAINT_PAIN,COUNT_PED_KILLED,COUNT_PED_INJURED,COUNT_BICYCLIST_KILLED,COUNT_BICYCLIST_INJURED,COUNT_MC_KILLED,COUNT_MC_INJURED,PRIMARY_RAMP,SECONDARY_RAMP,LATITUDE,LONGITUDE,COUNTY,CITY,POINT_X,POINT_Y
92387993,2024,2024-05-13,9320,2024-05-04,"545 ",023431,,6,3,9,0700,0,1,3,,2,240,SR-24,"WILDER RD",817.00,E,N,B,C,Y,CC,,24," "," ",1.342,H,,R,Y,4,0,4,1,A,-,03,22350,,N,E,8,A,B,H,-,B,A,0,,,,,Y,,A,01,0,0,4,0,0,0,0,0,0,"- ","- ",37.868080139160156,-122.19535827636719,"CONTRA COSTA",UNINCORPORATED,-122.19544219970703,37.868167877197266
92387995,2024,2024-05-13,9320,2024-05-03,1720,021797,,5,2,6,0704,0,1,3,,2,402,"SR-4 EASTBOUND TO PORT CHICAGO HWY","PORT CHICAGO HIGHWAY",200.00,W,N,A,-,Y,CC,,4," ",R,15.335,H,,R,Y,3,0,1,2,A,-,03,22350,,N,C,C,A,A,H,-,A,A,0,,,Y,,Y,,C,02,0,1,0,0,0,0,0,0,1,"- ","- ",38.009029388427734,-122.02459716796875,"CONTRA COSTA",CONCORD,-122.024658203125,38.009243011474609
9238800,2021,2021-04-13,0702,2021-03-30,0904,490M,308B,2,5,3,0702,0,0,0,,0,003,"CHESTNUT ST","1ST  ST",0.00,,Y,A,-,N,,,,,,,,,,Y,3,0,1,2,A,-,12,22450,A,N,D,C,A,A,H,-,A,A,0,,,,Y,Y,,A,01,0,1,0,0,0,0,0,0,0,"- ","- ",37.931529998779297,-121.69386291503906,"CONTRA COSTA",BRENTWOOD,-121.69386291503906,37.931526184082031
92388006,2024,2024-05-13,9320,2024-05-04,"825 ",023431,,6,1,3,0792,0,1,3,,2,240,SR-24,"CAMINO PABLO",2786.00,E,N,B,C,Y,CC,,24," ",R,2.860,H,,R,Y,3,0,1,2,A,-,03,22350,,N,B,2,A,B,H,-,A,A,0,,,,,Y,,A,07,0,1,0,0,0,0,0,0,0,"- ","- ",37.885238647460938,-122.1787109375,"CONTRA COSTA",ORINDA,-122.17866516113281,37.885223388671875
92388024,2024,2024-05-13,9320,2024-05-04,1010,023680,,6,1,4,0709,0,1,1,,2,682,"INTERSTATE 680 SOUTHBOUND","MONUMENT BLVD",2640.00,S,N,C,-,Y,CC,,680," ",R,17.460,H,,L,Y,3,0,1,1,A,-,03,22350,,N,E,I,A,B,H,-,A,A,0,,,,,Y,,A,01,0,1,0,0,0,0,0,0,0,"- ","- ",37.941368103027344,-122.05991363525391,"CONTRA COSTA","PLEASANT HILL",-122.06005859375,37.941402435302734
92388052,2024,2024-05-13,9320,2024-05-04,1010,023431,,6,1,3,0715,0,1,3,,2,241,"SR-24 E/B","ACALANES RD",2220.00,W,N,B,C,Y,CC,,24," ",R,4.830,H,,R,Y,3,0,5,2,A,-,03,22350,,N,B,E,A,B,H,-,A,A,0,,,,,Y,,A,07,0,2,3,0,0,0,0,0,0,"- ","- ",37.890968322753906,-122.14665222167969,"CONTRA COSTA",LAFAYETTE,-122.14664459228516,37.890838623046875
92388063,2024,2024-05-13,9320,2024-05-04,1338,019850,,6,1,9,0700,0,1,3,,2,401,"SR-4 W/B","MCEWEN RD",600.00,W,N,B,C,Y,CC,,4," ",R,5.064,H,,L,N,3,0,1,2,A,-,03,22350,,N,B,C,A,B,H,-,A,D,0,,,,,Y,,A,07,0,1,0,0,0,0,0,0,0,"- ","- ",38.015701293945312,-122.17962646484375,"CONTRA COSTA",UNINCORPORATED,-122.17962646484375,38.015701293945312
92388068,2024,2024-05-13,9320,2024-05-04,1200,023680,,6,1,4,0714,0,1,3,,2,402,"STATE ROUTE 4 WESTBOUND","SOLANO AVE",200.00,W,N,C,-,Y,CC,,4," ",R,13.463,H,,L,Y,3,0,1,1,A,-,03,22350,,N,E,I,A,B,H,-,A,A,0,,,,,Y,,A,01,0,1,0,0,0,0,0,0,0,"- ","- ",38.000080108642578,-122.05673980712891,"CONTRA COSTA",MARTINEZ,-122.05678558349609,38.000175476074219
92388149,2024,2024-05-13,9320,2024-05-05,"645 ",023644,,7,1,6,0704,0,1,3,,2,402,"SR-4 E/B","KINNE BLVD.",51.00,W,N,B,-,Y,CC,,4," ",R,16.056,H,,R,Y,3,0,1,1,A,-,01,23152,A,N,E,8,A,A,H,-,A,D,0,,,Y,,Y,Y,C,03,0,1,0,0,0,0,0,0,1,"- ","- ",38.01129150390625,-122.01170349121094,"CONTRA COSTA",CONCORD,-122.01168823242188,38.011245727539062
92388160,2024,2024-05-13,9320,2024-05-05,1434,022517,,7,2,9,0700,0,2,4,,2,037,"FRANKLIN CAYNON ROAD","ALHAMBRA AVE",500.00,W,N,A,-,N,,,,,,,,,,N,3,0,1,1,A,-,08,22107,,N,F,J,A,A,H,-,A,D,0,,Y,,,Y,,L,04,0,1,0,0,0,0,1,0,0,"- ","- ",37.988628387451172,-122.13552093505859,"CONTRA COSTA",UNINCORPORATED,-122.13088989257812,37.989963531494141
92388168,2024,2024-05-13,9320,2024-05-05,1435,022517,,7,2,9,0700,0,2,4,,2,037,"FRANKLIN CANYON ROAD","ALHAMBRA AVENUE",500.00,W,N,A,-,N,,,,,,,,,,N,3,0,1,1,A,-,08,22107,,N,E,I,A,A,H,-,A,A,0,,Y,,,Y,,L,04,0,1,0,0,0,0,1,0,0,"- ","- ",37.988628387451172,-122.13552093505859,"CONTRA COSTA",UNINCORPORATED,-122.13088989257812,37.989963531494141
92388176,2024,2024-05-13,9320,2024-05-05,1915,022517,,7,2,4,0709,0,1,1,,2,682,"I-680 S/B","MONUMENT BLVD",130.00,S,N,A,-,Y,CC,,680," ",R,17.683,H,,L,Y,4,0,1,2,A,-,07,21658,A,N,B,C,A,A,H,-,A,A,0,,,,,Y,,A,01,0,0,1,0,0,0,0,0,0,"- ","- ",37.944831848144531,-122.05853271484375,"CONTRA COSTA","PLEASANT HILL",-122.05856323242188,37.944839477539062
92388202,2024,2024-05-13,9320,2024-05-06,2140,023057,,1,2,3,0702,0,1,3,,2,405,"SR-4 W/B","LONE TREE WAY",2175.00,W,N,A,-,Y,CC,,4," ",R,32.434,H,,L,N,4,0,1,2,A,-,07,21658,A,M,B,C,A,A,H,-,C,A,0,,,,,Y,,-,99,0,0,1,0,0,0,0,0,0,"- ","- ",37.967208862304688,-121.73873901367188,"CONTRA COSTA",BRENTWOOD,-121.73875427246094,37.967212677001953
92388229,2024,2024-05-13,9320,2024-05-06,1820,023775,,1,2,6,0704,0,1,3,,2,402,"SR-4 E/B","PERALTA ROAD",2482.00,E,N,A,-,Y,CC,,4," ",R,14.447,H,,R,N,4,0,1,3,A,-,03,22350,,N,C,2,A,A,H,-,A,A,0,,,,,Y,,A,08,0,0,1,0,0,0,0,0,0,"- ","- ",38.004299163818359,-122.03942108154297,"CONTRA COSTA",CONCORD,-122.03943634033203,38.004341125488281
92388251,2024,2024-05-13,9320,2024-04-30,2340,023490,,2,3,9,0700,0,3,5,,2,092,"STATE ROUTE 4","DISCOVERY BAY BOULEVARD",0.00,,Y,A,-,Y,CC,,4," "," ",46.456,H,,R,Y,2,0,5,2,A,-,01,23152,A,F,D,C,A,A,H,-,C,A,0,,,,,Y,Y,A,01,1,1,3,0,0,0,0,0,0,"- ","- ",37.890148162841797,-121.60233306884766,"CONTRA COSTA",UNINCORPORATED,-121.60233306884766,37.890071868896484
92388480,2024,2024-08-14,9320,2024-04-26,"325 ",023424,,5,3,9,0700,0,2,S,,2,080,"BRENTWOOD BLVD. W/B","SMITH LN.",2412.00,W,N,A,-,N,,,,,,,,,,N,3,0,1,1,A,-,03,22350,,N,E,I,A,A,H,-,D,A,0,,,,,Y,,A,01,0,1,0,0,0,0,0,0,0,"- ","- ",37.91107177734375,-121.66343688964844,"CONTRA COSTA",UNINCORPORATED,-121.66342163085938,37.911014556884766
92388484,2024,2024-05-13,9320,2024-04-27,1530,023644,,6,2,3,0707,0,1,1,,2,180,"I-80 E/B","PINOLE VALLEY RD.",1576.00,E,N,B,-,Y,CC,,80," "," ",8.829,H,,R,Y,4,0,1,1,A,-,08,22107,,N,E,I,A,A,H,-,A,D,0,,,,,Y,,A,01,0,0,1,0,0,0,0,0,0,"- ","- ",38.00067138671875,-122.28273010253906,"CONTRA COSTA",PINOLE,-122.28266906738281,38.000637054443359
92388517,2024,2024-05-13,9320,2024-05-04,"905 ",023431,,6,1,3,0792,0,1,3,,2,240,"SR-24 E/B","WILDER RD",185.00,E,N,B,C,Y,CC,,24," "," ",1.229,H,,R,N,4,0,1,2,A,-,03,22350,,N,B,C,A,B,H,-,A,A,0,,,,,Y,,A,01,0,0,1,0,0,0,0,0,0,"- ","- ",37.867359161376953,-122.19734954833984,"CONTRA COSTA",ORINDA,-122.19737243652344,37.867416381835938
92389434,2024,2024-05-14,9320,2024-05-01,1800,021949,,3,2,9,0700,0,1,3,,2,403,"SR-4 E/B","SAN MARCO BLVD.",4190.00,W,N,A,-,Y,CC,,4," ",R,17.937,H,,R,N,3,0,2,2,A,-,03,22350,,N,C,C,A,A,H,-,A,A,0,,,,,Y,,A,01,0,1,1,0,0,0,0,0,0,"- ","- ",38.021690368652344,-121.98050689697266,"CONTRA COSTA",UNINCORPORATED,-121.98050689697266,38.021686553955078
92389522,2024,2024-05-14,9320,2024-05-08,2344,019759,,3,3,9,0700,0,1,3,,1,406,SR-4,"OLD RIVER BRIDGE",1320.00,W,N,A,-,N,,,,,,,,,,Y,3,0,1,1,A,-,01,23152,A,N,F,8,A,A,H,-,D,A,0,,,,,Y,Y,A,07,0,1,0,0,0,0,0,0,0,"- ","- ",37.890300750732422,-121.57438659667969,"CONTRA COSTA",UNINCORPORATED,,
92389536,2024,2024-05-14,9390,2024-05-04,1355,022302,,6,1,4,0790,0,1,1,,2,069,"I-680 S/B","SYCAMORE VALLEY ROAD",1500.00,S,N,B,C,Y,CC,,680," ",R,5.912,H,,L,Y,3,0,1,1,A,-,03,22350,,N,E,I,A,B,H,-,A,D,0,,,,,Y,,A,01,0,1,0,0,0,0,0,0,0,"- ","- ",37.799991607666016,-121.98828125,"CONTRA COSTA",DANVILLE,-121.98809051513672,37.800052642822266
92389543,2024,2024-05-14,9390,2024-05-04,1825,023163,,6,2,9,0700,0,2,4,,2,112,"CAMINO TASSAJARA","HIGHLAND RD",695.00,S,N,B,-,N,,,,,,,,,,Y,3,0,1,1,A,-,08,22107,,N,E,8,A,B,H,-,A,D,0,,,,,Y,,A,01,0,1,0,0,0,0,0,0,0,"- ","- ",37.773948669433594,-121.86237335205078,"CONTRA COSTA",UNINCORPORATED,-121.86225128173828,37.773994445800781
92390224,2024,2024-05-15,9320,2024-05-07,1040,023756,,2,1,9,0700,0,1,3,,2,403,"SR-4 W/B","SAN MARCOS BLVD",3696.00,W,N,A,-,Y,CC,,4," ",R,18.009,H,,L,N,3,0,1,2,A,-,03,22350,,N,C,C,A,A,H,-,A,A,0,,,,,Y,,A,07,0,1,0,0,0,0,0,0,0,"- ","- ",38.022430419921875,-121.97933197021484,"CONTRA COSTA",UNINCORPORATED,-121.97937774658203,38.022502899169922
92390225,2024,2024-05-15,9320,2024-05-07,1540,022828,,2,2,4,0709,0,1,1,,2,682,"I-680 NORTHBOUND SOUTH OF MONUMENT BLVD","I-680 NORTHBOUND TO CONTRA COSTA BOULEVARD",880.00,S,N,A,-,Y,CC,,680," ",R,17.267,H,,R,N,3,0,1,3,A,-,03,22350,,N,C,C,A,A,H,-,A,A,0,,,,,Y,,A,07,0,1,0,0,0,0,0,0,0,"- ","- ",37.9385986328125,-122.06012725830078,"CONTRA COSTA","PLEASANT HILL",-122.06021118164062,37.9385986328125
92390227,2024,2024-05-15,9320,2024-05-02,2045,023766,,4,2,9,0700,0,1,1,,2,180,"I-80 E/B","SYCAMORE AVE",528.00,W,N,A,-,Y,CC,,80," "," ",9.380,H,,R,N,2,0,2,3,A,-,07,21658,A,F,D,C,A,A,H,-,C,A,0,,,Y,,Y,,A,07,2,0,0,0,0,0,0,0,2,"- ","- ",38.007061004638672,-122.27671813964844,"CONTRA COSTA",UNINCORPORATED,-122.27668762207031,38.007041931152344
92390359,2024,2024-05-15,9390,2024-05-07,1635,022867,,2,2,4,0790,0,1,1,,2,069,"I-680 NORTHBOUND","DIABLO ROAD",1056.00,S,N,A,-,Y,CC,,680," ",R,7.236,H,,R,Y,4,0,1,2,A,-,03,22350,,N,C,C,A,A,H,-,A,D,0,,,,,Y,,A,01,0,0,1,0,0,0,0,0,0,"- ","- ",37.818180084228516,-121.99317169189453,"CONTRA COSTA",DANVILLE,-121.99314880371094,37.818180084228516
92390370,2024,2024-05-15,9320,2024-05-08,"625 ",016503,,3,1,6,0704,0,1,3,,2,402,"SR-4 E/B FROM PORT CHICAGO HIGHWAY","PORT CHICAGO HIGHWAY",1584.00,E,N,A,-,Y,CC,,4," ",R,15.767,H,,R,N,3,0,1,2,A,-,03,22350,,N,D,C,A,A,H,-,A,A,0,,,Y,Y,Y,,C,02,0,1,0,0,0,0,0,0,1,"- ","- ",38.010261535644531,-122.01689147949219,"CONTRA COSTA",CONCORD,-122.01693725585938,38.010440826416016
92390379,2024,2024-05-15,9320,2024-05-08,1630,021281,,3,2,6,0704,0,1,3,,2,402,"SR-4 E/B","PERALTA ROAD",500.00,E,N,A,-,Y,CC,,4," ",R,14.136,H,,R,N,4,0,1,3,A,-,03,22350,,N,C,C,A,A,H,-,A,A,0,,,,,Y,,A,01,0,0,1,0,0,0,0,0,0,"- ","- ",38.002948760986328,-122.04490661621094,"CONTRA COSTA",CONCORD,-122.04489898681641,38.002925872802734
92390413,2024,2024-05-15,9370,2024-05-13,"935 ",023081,,1,1,5,0710,0,1,1,,2,083,"I-80 W/B","EL PORTAL DR",305.00,E,N,A,-,Y,CC,,80," "," ",5.334,H,,L,N,3,0,1,2,A,-,03,22350,,N,C,C,A,B,H,-,A,D,0,,,,,Y,,A,01,0,1,0,0,0,0,0,0,0,"- ","- ",37.967178344726562,-122.32177734375,"CONTRA COSTA",RICHMOND,-122.32180023193359,37.967185974121094
92390455,2024,2024-05-15,9320,2024-05-09,1650,023684,,4,2,3,0792,0,1,3,,2,240,"SR-24 EASTBOUND","ST. STEPHENS DR",2376.00,W,N,A,-,Y,CC,,24," ",R,3.010,H,,R,N,4,0,1,2,A,-,07,21658,A,N,B,C,A,A,H,-,A,A,0,,,Y,,Y,,A,07,0,0,1,0,0,0,0,0,1,"- ","- ",37.887168884277344,-122.17746734619141,"CONTRA COSTA",ORINDA,-122.17741394042969,37.887142181396484
92391368,2024,2024-05-16,9370,2024-04-09,"854 ",023576,,2,1,5,0710,0,1,1,,2,083,"I-80 W/B","EL PORTAL DRIVE",1842.00,E,N,A,-,Y,CC,,80," "," ",5.616,H,,L,N,4,0,1,3,A,-,07,21658,A,M,C,C,A,A,H,-,A,D,0,,,,,Y,,A,01,0,0,1,0,0,0,0,0,0,"- ","- ",37.971099853515625,-122.32025909423828,"CONTRA COSTA",RICHMOND,-122.32026672363281,37.971099853515625
92391378,2024,2024-05-16,9370,2024-04-29,2200,023475,,1,3,4,0711,0,1,1,,2,083,"I-80 W/B","SAN PABLO ROAD",1823.00,E,N,A,-,Y,CC,,80," "," ",4.679,H,,L,N,4,0,1,1,A,-,01,23152,A,N,E,I,A,A,H,-,B,D,0,,,,,Y,Y,A,01,0,0,1,0,0,0,0,0,0,"- ","- ",37.960979461669922,-122.33014678955078,"CONTRA COSTA","SAN PABLO",-122.33020782470703,37.96099853515625
92391415,2024,2024-05-16,9320,2024-05-07,1622,016584,,2,2,9,0700,0,1,1,,2,681,"I-680 N/B","RUDGEAR RD.",2640.00,S,N,A,-,Y,CC,,680," ",R,12.182,H,,R,Y,3,0,1,2,A,-,08,22107,,F,B,C,A,A,H,-,A,A,0,,,Y,,Y,,A,01,0,1,0,0,0,0,0,0,1,"- ","- ",37.874000549316406,-122.04415130615234,"CONTRA COSTA",UNINCORPORATED,-122.04409790039062,37.8740234375
92391437,2024,2024-05-16,9320,2024-05-10,2500,023002,,5,4,9,0700,0,2,4,,2,077,"MARSH CREEK ROAD","RUSSELMANN PARK BLVD",900.00,E,N,A,-,N,,,,,,,,,,N,4,0,1,1,A,-,01,23152,A,N,F,J,A,A,H,-,C,A,0,,,,,Y,Y,D,22,0,0,1,0,0,0,0,0,0,"- ","- ",37.921951293945312,-121.90373229980469,"CONTRA COSTA",UNINCORPORATED,-121.90380859375,37.922050476074219
92391449,2024,2024-05-16,9320,2024-04-26,1740,023002,,5,2,9,0700,0,1,3,,1,406,"SR-4 W/B","DISCOVERY BLVD",683.00,E,N,A,-,Y,CC,,4," "," ",46.598,H,,L,N,2,0,2,2,A,-,03,22350,,N,C,C,A,A,H,-,A,A,0,,,,,Y,,A,01,1,0,1,0,0,0,0,0,0,"- ","- ",37.890140533447266,-121.59974670410156,"CONTRA COSTA",UNINCORPORATED,-121.59975433349609,37.890186309814453
92391461,2024,2024-05-16,9320,2024-05-07,2110,021281,,2,2,4,0714,0,1,3,,2,402,"SR-4 E/B",I-680,50.00,E,N,A,-,Y,CC,,4," "," ",12.704,H,,R,Y,4,0,2,2,C,-,18,,,N,E,I,A,D,G,-,C,A,0,,,,,Y,,-,"- ",0,0,2,0,0,0,0,0,0,"- ","- ",37.994781494140625,-122.06922149658203,"CONTRA COSTA",MARTINEZ,-122.06920623779297,37.9947509765625
92391465,2024,2024-05-16,9320,2024-05-04,1335,023496,,6,1,9,0700,0,1,3,,2,401,"SR-4 W/B","ALHAMBRA AVE",2630.00,W,N,C,-,Y,CC,,4," ",R,8.048,H,,L,Y,2,0,4,1,A,-,03,22350,,N,E,I,A,B,H,-,A,A,0,,,,,Y,,A,01,2,2,0,0,0,0,0,0,0,"- ","- ",37.989948272705078,-122.13910675048828,"CONTRA COSTA",UNINCORPORATED,-122.13913726806641,37.989898681640625
92391470,2024,2024-05-16,9320,2024-04-28,"59  ",023082,,7,3,9,0700,0,3,5,,2,039,"VAQUEROS AVENUE","SEVENTH STREET",380.00,S,N,A,-,N,,,,,,,,,,Y,3,0,1,3,A,-,08,22107,,N,E,I,A,A,H,-,C,A,0,,,,,Y,,A,01,0,1,0,0,0,0,0,0,0,"- ","- ",38.027519226074219,-122.26378631591797,"CONTRA COSTA",UNINCORPORATED,-122.26390838623047,38.027545928955078
92391880,2024,2024-08-14,9320,2024-05-14,2110,022915,,2,2,9,0700,0,2,4,,2,013,"EL PORTAL DR","SAN PABLO DAM RD",50.00,N,N,A,-,N,,,,,,,,,,N,3,0,1,2,A,-,09,21800,A,F,B,C,A,A,H,-,C,A,0,,,Y,,Y,,-,99,0,1,0,0,0,0,0,0,1,"- ","- ",37.964420318603516,-122.31842041015625,"CONTRA COSTA",UNINCORPORATED,-122.31842041015625,37.964290618896484
92392560,2024,2024-05-17,9320,2024-05-10,2000,022517,,5,2,6,0704,0,1,3,,2,402,SR-4,"PORT CHICAGO HIGHWAY",2100.00,W,N,A,-,Y,CC,,4," ",R,15.029,H,,R,Y,4,0,1,2,A,-,03,22350,,M,C,C,A,A,H,-,A,A,0,,,,,Y,,A,08,0,0,1,0,0,0,0,0,0,"- ","- ",38.008281707763672,-122.0301513671875,"CONTRA COSTA",CONCORD,-122.03015899658203,38.008304595947266
92392640,2024,2024-05-17,9320,2024-05-11,"700 ",023431,,6,1,9,0700,0,1,1,,2,180,"I-80 E/B","CUMMINGS SKYWAY",2121.00,W,N,A,-,Y,CC,,80," "," ",12.350,H,,R,Y,3,0,2,2,A,-,03,22350,,M,C,C,A,A,H,-,A,D,0,,,,,Y,,A,01,0,2,0,0,0,0,0,0,0,"- ","- ",38.04119873046875,-122.24356079101562,"CONTRA COSTA",UNINCORPORATED,-122.24362945556641,38.041255950927734
92392873,2024,2024-05-17,9320,2024-04-07,"510 ",023028,,7,3,6,0704,0,1,1,,2,683,"I-680 NORTHBOUND","MONUMENT BOULEVARD",4500.00,N,N,A,-,Y,CC,,680," ",R,18.637,H,,R,Y,1,1,5,1,A,-,08,22107,,F,E,I,A,A,H,-,C,A,0,,,,,Y,,A,07,5,0,0,0,0,0,0,0,0,"- ","- ",37.957908630371094,-122.05242919921875,"CONTRA COSTA",CONCORD,-122.05249786376953,37.957916259765625
92393707,2024,2024-05-20,9370,2024-05-12,1400,023377,,7,2,5,0710,0,1,1,,2,082,"I-80 E/B FROM CARLSON BOULEVARD","CARSLON BOULEVARD",180.00,W,N,A,-,Y,CC,,80," "," ",1.038,H,,R,Y,3,0,3,2,A,-,03,22350,,N,C,C,A,A,H,-,A,D,0,,,,,Y,,A,07,0,1,2,0,0,0,0,0,0,"- ","- ",37.911308288574219,-122.31697082519531,"CONTRA COSTA",RICHMOND,-122.31729888916016,37.911277770996094
92393730,2024,2024-07-26,9320,2024-05-12,1900,022517,,7,2,6,0704,0,1,3,,2,242,"SR-242 S/B","OLIVERA ROAD",3120.00,N,N,A,-,Y,CC,,242," ",R,3.398,H,,L,Y,3,0,2,2,A,-,08,22107,,N,E,I,A,A,H,-,A,A,0,,,,,Y,,A,07,0,1,1,0,0,0,0,0,0,"- ","- ",38.006080627441406,-122.03603363037109,"CONTRA COSTA",CONCORD,-122.03624725341797,38.005912780761719
92393775,2024,2024-05-20,9320,2024-05-04,1144,023082,,6,1,6,0704,0,1,3,,2,242,"SR-242 NORTHBOUND","CONCORD AVE",1500.00,N,N,B,C,Y,CC,,242," ",R,1.875,H,,R,N,3,0,2,1,A,-,08,22107,,N,E,I,A,B,H,-,A,A,0,,,,,Y,,A,07,0,1,1,0,0,0,0,0,0,"- ","- ",37.984329223632812,-122.04113006591797,"CONTRA COSTA",CONCORD,-122.04122924804688,37.984344482421875
92393798,2024,2024-05-20,9320,2024-04-18,2004,023788,,4,2,9,0700,0,3,5,,2,075,"ALBERTS AVENUE","WATER STREET",0.00,,Y,A,-,N,,,,,,,,,,Y,3,0,1,2,A,-,12,22450,A,M,D,C,A,A,H,-,D,A,0,,,,,Y,,A,08,0,1,0,0,0,0,0,0,0,"- ","- ",38.02532958984375,-121.95596313476562,"CONTRA COSTA",UNINCORPORATED,-121.95590972900391,38.025295257568359
92393800,2024,2024-05-20,9320,2024-05-10,1935,022525,,5,2,9,0700,0,1,3,,1,406,SR-4,"WALNUT BLVD",1930.00,E,N,A,-,Y,CC,,4," ",R,39.332,H,,R,Y,2,0,6,2,A,-,05,21460,A,N,A,C,A,A,H,-,A,A,0,,,,,Y,,A,01,2,2,2,0,0,0,0,0,0,"- ","- ",37.896411895751953,-121.68948364257812,"CONTRA COSTA",UNINCORPORATED,-121.68948364257812,37.896427154541016
92393935,2024,2024-05-20,9320,2024-05-12,1715,022525,,7,2,9,0700,0,2,4,,2,086,"DELTA RD","BYRON HIGHWAY",940.00,E,N,A,-,N,,,,,,,,,,Y,4,0,1,2,A,-,09,21801,A,N,D,2,A,A,H,-,A,A,0,,,,,Y,,D,22,0,0,1,0,0,0,0,0,0,"- ","- ",37.968830108642578,-121.63767242431641,"CONTRA COSTA",UNINCORPORATED,-121.6376953125,37.96881103515625
92393976,2024,2024-05-20,9320,2024-05-13,1600,022743,,1,2,9,0700,0,3,5,,2,060,"LIVORNA RD","I-680 S/B TO LIVORNA",0.00,,Y,A,-,N,,,,,,,,,,N,4,0,1,2,A,-,09,21802,A,N,D,C,A,A,H,-,A,A,0,,,,,Y,,A,07,0,0,1,0,0,0,0,0,0,"- ","- ",37.863170623779297,-122.03589630126953,"CONTRA COSTA",UNINCORPORATED,-122.01087188720703,37.870189666748047
92394049,2024,2024-05-20,9320,2024-05-13,1711,017219,,1,2,3,0715,0,1,3,,2,241,"SR-24 E/B","FIRST ST",1584.00,E,N,A,-,Y,CC,,24," ",R,6.822,H,,R,N,4,0,1,4,A,-,03,22350,,M,C,C,A,A,H,-,A,A,0,,,,,Y,,-,99,0,0,1,0,0,0,0,0,0,"- ","- ",37.895420074462891,-122.111328125,"CONTRA COSTA",LAFAYETTE,-122.11131286621094,37.895366668701172
92394060,2024,2024-05-20,9320,2024-05-13,1610,023775,,1,2,6,0704,0,1,3,,2,402,"SR-4 E/B","SOLANO WAY",2112.00,W,N,A,-,Y,CC,,4," ",R,13.238,H,,R,Y,3,0,2,3,A,-,03,22350,,N,C,C,A,A,H,-,A,A,0,,,,,Y,,A,07,0,1,1,0,0,0,0,0,0,"- ","- ",37.998390197753906,-122.06024169921875,"CONTRA COSTA",CONCORD,-122.06024932861328,37.998401641845703
92394094,2024,2024-05-20,9320,2024-05-14,1435,023775,,2,2,5,0701,0,1,3,,2,404,"SR-4 E/B FROM LONE TREE WAY","LONE TREE WAY",790.00,E,N,A,-,Y,CC,,4," ",R,27.972,H,,R,N,3,0,1,2,A,-,03,22350,,N,C,C,A,A,H,-,A,A,0,,,,,Y,,A,01,0,1,0,0,0,0,0,0,0,"- ","- ",37.997940063476562,-121.80294799804688,"CONTRA COSTA",ANTIOCH,-121.80294799804688,37.998039245605469
92394377,2024,2024-05-20,9350,2024-05-12,1120,023716,,7,1,9,0700,0,1,1,,2,115,"I-580 W/B","MAIN ST",7286.00,W,N,A,-,Y,CC,,580," "," ",7.203,H,,L,Y,4,0,2,2,A,-,03,22350,,N,C,C,A,A,H,-,A,D,0,,,,,Y,,A,01,0,0,2,0,0,0,0,0,0,"- ","- ",37.933719635009766,-122.42312622070312,"CONTRA COSTA",UNINCORPORATED,-122.42313385009766,37.933681488037109