CASE_ID,ACCIDENT_YEAR,PROC_DATE,JURIS,COLLISION_DATE,COLLISION_TIME,OFFICER_ID,REPORTING_DISTRICT,DAY_OF_WEEK,CHP_SHIFT,POPULATION,CNTY_CITY_LOC,SPECIAL_COND,BEAT_TYPE,CHP_BEAT_TYPE,CITY_DIVISION_LAPD,CHP_BEAT_CLASS,BEAT_NUMBER,PRIMARY_RD,SECONDARY_RD,DISTANCE,DIRECTION,INTERSECTION,WEATHER_1,WEATHER_2,STATE_HWY_IND,CALTRANS_COUNTY,CALTRANS_DISTRICT,STATE_ROUTE,ROUTE_SUFFIX,POSTMILE_PREFIX,POSTMILE,LOCATION_TYPE,RAMP_INTERSECTION,SIDE_OF_HWY,TOW_AWAY,COLLISION_SEVERITY,NUMBER_KILLED,NUMBER_INJURED,PARTY_COUNT,PRIMARY_COLL_FACTOR,PCF_CODE_OF_VIOL,PCF_VIOL_CATEGORY,PCF_VIOLATION,PCF_VIOL_SUBSECTION,HIT_AND_RUN,TYPE_OF_COLLISION,MVIW,PED_ACTION,ROAD_SURFACE,ROAD_COND_1,ROAD_COND_2,LIGHTING,CONTROL_DEVICE,CHP_ROAD_TYPE,PEDESTRIAN_ACCIDENT,BICYCLE_ACCIDENT,MOTORCYCLE_ACCIDENT,TRUCK_ACCIDENT,NOT_PRIVATE_PROPERTY,ALCOHOL_INVOLVED,STWD_VEHTYPE_AT_FAULT,CHP_VEHTYPE_AT_FAULT,COUNT_SEVERE_INJ,COUNT_VISIBLE_INJ,COUNT_COMPLAINT_PAIN,COUNT_PED_KILLED,COUNT_PED_INJURED,COUNT_BICYCLIST_KILLED,COUNT_BICYCLIST_INJURED,COUNT_MC_KILLED,COUNT_MC_INJURED,PRIMARY_RAMP,SECONDARY_RAMP,LATITUDE,LONGITUDE,COUNTY,CITY,POINT_X,POINT_Y
92402163,2024,2024-05-30,9320,2024-05-23,1622,019850,,4,2,9,0700,0,3,5,,2,040,"PALM AVE","ROSE ST",0.00,,Y,A,-,N,,,,,,,,,,N,3,0,1,2,A,-,12,22450,A,N,D,C,A,A,H,-,A,A,0,,,Y,,Y,,C,02,0,1,0,0,0,0,0,0,1,"- ","- ",38.010910034179688,-122.11649322509766,"CONTRA COSTA",UNINCORPORATED,-122.11650085449219,38.010932922363281
9240238,2020,2021-04-23,0710,2020-09-30,1740,1426,NORTH,3,5,5,0710,0,0,0,,0,008,"GIANT RD","PHANOR DR",0.00,,Y,A,-,N,,,,,,,,,,N,4,0,2,3,A,-,05,21650,,N,B,D,F,A,H,-,A,D,0,Y,,,,Y,,A,01,0,0,2,0,1,0,0,0,0,"- ","- ",,,"CONTRA COSTA",RICHMOND,-122.35280609130859,37.987911224365234
92402383,2024,2024-08-14,9320,2024-05-22,"755 ",022835,,3,1,3,0706,0,1,1,,2,180,"I-80 E/B","SYCAMORE AVE.",1584.00,W,N,A,-,Y,CC,,80," "," ",9.478,H,,R,N,4,0,2,2,A,-,03,22350,,N,C,C,A,A,H,-,A,A,0,,,,,Y,,D,22,0,0,2,0,0,0,0,0,0,"- ","- ",38.008159637451172,-122.27558135986328,"CONTRA COSTA",HERCULES,-122.27561950683594,38.008182525634766
92402458,2024,2024-05-30,9390,2024-05-23,1750,023645,,4,2,4,0790,0,1,1,,2,069,"INTERSTATE 680 NORTHBOUND","DIABLO ROAD",1584.00,S,N,A,-,Y,CC,,680," ",R,7.245,H,,R,Y,3,0,1,2,A,-,03,22350,,N,C,C,A,A,H,-,A,D,0,,,,,Y,,A,07,0,1,0,0,0,0,0,0,0,"- ","- ",37.818309783935547,-121.99317932128906,"CONTRA COSTA",DANVILLE,-121.99314880371094,37.818309783935547
92402484,2024,2024-05-30,9320,2024-05-23,"720 ",023666,,4,1,3,0702,0,1,3,,1,406,"SR-4 E/B","MARSH CREEK RD",740.00,W,N,A,-,Y,CC,,4," ",R,37.908,H,,R,Y,4,0,2,2,A,-,06,21750,,N,D,C,A,A,H,-,A,A,0,,,,,Y,,D,22,0,0,2,0,0,0,0,0,0,"- ","- ",37.897018432617188,-121.71488952636719,"CONTRA COSTA",BRENTWOOD,-121.71492004394531,37.896987915039062
92402575,2024,2024-05-30,9350,2024-05-30,"800 ",022514,,4,1,9,0700,0,1,1,,2,115,"I-580 W/B","RICHMOND SAN RAFAEL BRIDGE TOLL PLAZA",5096.00,W,N,A,-,Y,CC,,580," "," ",7.089,H,,L,Y,4,0,2,2,A,-,03,22350,,N,C,C,A,A,H,-,A,D,0,,,,,Y,,A,01,0,0,2,0,0,0,0,0,0,"- ","- ",37.933570861816406,-122.42102813720703,"CONTRA COSTA",UNINCORPORATED,-122.42103576660156,37.933528900146484
9240276,2021,2021-04-12,0705,2021-03-09,1448,E239,PATRO,2,5,3,0705,0,0,0,,0,011,"RT 123","POTRERO AV",0.00,,Y,A,-,Y,CC,4,123,-,-,1.750,I,5,N,Y,3,0,1,2,A,-,08,22107,,N,D,C,A,A,H,-,A,A,0,,,,,Y,,A,08,0,1,0,0,0,0,0,0,0,"- ","- ",,,"CONTRA COSTA","EL CERRITO",-122.31517028808594,37.920719146728516
92402941,2024,2024-05-31,9320,2024-05-17,2205,023783,,5,3,9,0700,0,1,3,,2,403,"STATE ROUTE 4 EASTBOUND","BAILEY ROAD",2138.00,W,N,A,-,Y,CC,,4," ",R,19.700,H,,R,Y,4,0,3,6,A,-,01,23152,A,N,C,C,A,A,H,-,C,A,0,,,,,Y,Y,A,07,0,0,3,0,0,0,0,0,0,"- ","- ",38.019050598144531,-121.94960784912109,"CONTRA COSTA",UNINCORPORATED,-121.94952392578125,38.019233703613281
92403050,2024,2024-05-31,9320,2024-05-27,1540,023490,,1,2,9,0700,0,1,1,,2,180,"INTERSTATE 80","WILLOW AVENUE",2957.00,E,N,A,-,Y,CC,,80," "," ",11.272,H,,R,Y,4,0,2,3,A,-,07,21658,A,N,B,2,A,A,H,-,A,A,0,,,,,Y,,A,01,0,0,2,0,0,0,0,0,0,"- ","- ",38.029201507568359,-122.25611114501953,"CONTRA COSTA",UNINCORPORATED,-122.25611114501953,38.029201507568359
92403070,2024,2024-05-31,9320,2024-05-29,"806 ",023680,,3,1,9,0700,0,3,5,,2,060,"OLYMPIC BLVD WESTBOUND","NEWELL CT",40.00,E,N,A,-,N,,,,,,,,,,Y,3,0,1,2,A,-,03,22350,,N,C,C,A,A,H,-,A,A,0,,,Y,,Y,,A,07,0,1,0,0,0,0,0,0,0,"- ","- ",37.884788513183594,-122.08525848388672,"CONTRA COSTA",UNINCORPORATED,-122.08544158935547,37.884433746337891
92403421,2024,2024-05-31,9370,2024-05-25,"905 ",023579,,6,1,5,0710,0,1,1,,2,082,"I-80 W/B","CUTTING BLVD",528.00,W,N,A,-,Y,CC,,80," "," ",1.933,H,,L,Y,3,0,1,5,A,-,08,22107,,N,E,J,A,A,H,-,A,D,0,,,,,Y,,A,01,0,1,0,0,0,0,0,0,0,"- ","- ",37.923938751220703,-122.31986999511719,"CONTRA COSTA",RICHMOND,-122.31998443603516,37.92388916015625
92403443,2024,2024-05-31,9370,2024-05-25,1908,020235,,6,2,9,0700,0,3,5,,2,012,"SAN PABLO AVENUE S/B","TARA HILLS DRIVE",500.00,S,N,A,-,N,,,,,,,,,,N,2,0,1,2,A,-,11,21954,A,N,G,B,E,A,H,-,A,D,0,Y,,,,Y,Y,N,60,1,0,0,0,1,0,0,0,0,"- ","- ",37.998699188232422,-122.32386779785156,"CONTRA COSTA",UNINCORPORATED,-122.3238525390625,37.998893737792969
9240367,2021,2021-04-13,0709,2021-03-23,1118,353,3020,2,5,4,0709,0,0,0,,0,002,"CONTRA COSTA BL","CHIPANCINGO PKWY",0.00,,Y,A,G,Y,CC,4,680,-,-,19.702,R,4,S,Y,4,0,2,2,B,-,22,,,N,A,C,A,A,H,-,A,A,0,,,,,Y,,-,"- ",0,0,2,0,0,0,0,0,0,"- ","- ",37.975601196289062,-122.06491851806641,"CONTRA COSTA","PLEASANT HILL",-122.06261444091797,37.973781585693359
92404090,2024,2024-06-03,9370,2024-05-12,"438 ",023475,,7,3,4,0711,0,1,1,,2,083,"I-80 W/B","SAN PABLO DAM ROAD",1433.00,E,N,A,-,Y,CC,,80," "," ",4.601,H,,L,N,3,0,1,4,A,-,01,23152,A,N,C,C,A,A,H,-,B,D,0,,,,,Y,Y,A,01,0,1,0,0,0,0,0,0,0,"- ","- ",37.9598388671875,-122.33061981201172,"CONTRA COSTA","SAN PABLO",-122.33067321777344,37.959846496582031
92404102,2024,2024-06-03,9320,2024-05-18,1930,023028,,6,2,9,0700,0,2,4,,2,094,"BYRON HIGHWAY","MOUNTAIN HOUSE RD",50.00,W,N,A,-,Y,,,,,,,,,,Y,4,0,1,2,A,-,12,22450,A,N,D,C,A,A,H,-,C,A,0,,,,Y,Y,,A,01,0,0,1,0,0,0,0,0,0,"- ","- ",37.811649322509766,-121.57749938964844,"CONTRA COSTA",UNINCORPORATED,,
92404191,2024,2024-06-03,9320,2024-05-18,1220,021847,,6,1,9,0700,0,2,4,,2,046,"OAK ROAD S/B","JONES ROAD",150.00,N,N,A,-,N,,,,,,,,,,N,4,0,1,1,A,-,08,22107,,N,E,I,A,A,H,-,A,D,0,,,,,Y,,A,01,0,0,1,0,0,0,0,0,0,"- ","- ",37.925388336181641,-122.05780792236328,"CONTRA COSTA",UNINCORPORATED,-122.05763244628906,37.925327301025391
92404202,2024,2024-06-03,9320,2024-05-05,"34  ",023768,,7,3,9,0700,0,2,4,,1,061,"DANVILLE BOULVARD","STONE VALLEY RD",680.00,N,N,A,-,Y,,,,,,,,,,Y,4,0,1,1,A,-,01,23152,A,N,E,I,A,A,H,-,C,A,0,,,,,Y,Y,A,01,0,0,1,0,0,0,0,0,0,"- ","- ",37.852020263671875,-122.03359985351562,"CONTRA COSTA",UNINCORPORATED,-122.03359985351562,37.851921081542969
92404247,2024,2024-06-03,9320,2024-04-17,1750,023788,,3,2,9,0700,0,2,4,,2,071,"WILLOW PASS RD. E/B","POINSETTIA AVE",89.00,W,N,A,-,N,,,,,,,,,,N,2,0,1,3,A,-,08,22107,,F,B,G,A,A,H,-,A,A,0,,Y,,,Y,,-,99,1,0,0,0,0,0,1,0,0,"- ","- ",38.026699066162109,-121.93892669677734,"CONTRA COSTA",UNINCORPORATED,-121.93889617919922,38.026760101318359
92404321,2024,2024-07-30,9320,2024-05-23,"555 ",023666,,4,3,9,0700,0,2,4,,2,095,"MARSH CREEK RD S/B","DEER VALLEY RD",0.00,,Y,A,-,N,,,,,,,,,,Y,4,0,1,2,A,-,09,21801,A,N,B,C,A,A,H,-,A,A,0,,,,,Y,,D,22,0,0,1,0,0,0,0,0,0,"- ","- ",37.882080078125,-121.77739715576172,"CONTRA COSTA",UNINCORPORATED,-121.77735137939453,37.882015228271484
92404331,2024,2024-06-03,9390,2024-05-24,1050,019612,,5,1,4,0790,0,2,4,,2,112,"CAMINO TASSAJARA","CREEKVIEW PLACE",0.00,,Y,A,-,N,,,,,,,,,,Y,4,0,2,2,A,-,12,21453,A,N,D,C,A,A,H,-,A,A,0,,,,,Y,,A,01,0,0,2,0,0,0,0,0,0,"- ","- ",37.798789978027344,-121.88820648193359,"CONTRA COSTA",DANVILLE,-121.88848114013672,37.798927307128906
92404337,2024,2024-06-03,9320,2024-05-27,1120,022886,,1,1,9,0700,0,2,S,,2,080,"MARSH CREEK RD","BYRON HWY",3277.00,W,N,A,-,N,,,,,,,,,,Y,3,0,2,2,A,-,08,22107,,N,D,C,A,A,H,-,A,A,0,,,,,Y,,A,07,0,2,0,0,0,0,0,0,0,"- ","- ",37.896530151367188,-121.65284729003906,"CONTRA COSTA",UNINCORPORATED,-121.65274810791016,37.896526336669922
92404383,2024,2024-08-14,9320,2024-05-24,1530,023684,,5,2,9,0700,0,2,4,,2,096,"VASCO ROAD","CAMINO DIABLO",9821.00,S,N,G,-,N,,,,,,,,,,Y,4,0,1,5,A,-,03,22350,,N,C,C,A,A,H,-,A,A,0,,,,,Y,,D,22,0,0,1,0,0,0,0,0,0,"- ","- ",37.843730926513672,-121.64671325683594,"CONTRA COSTA",UNINCORPORATED,-121.66764068603516,37.865211486816406
92404454,2024,2024-06-03,9320,2024-05-07,"752 ",023680,,2,1,9,0700,0,1,1,,2,681,"INTERSTATE 680 NORTHBOUND","STONE VALLEY RD",2640.00,S,N,A,-,Y,CC,,680," ",R,9.768,H,,R,Y,4,0,1,3,A,-,03,22350,,N,C,C,A,A,H,-,A,A,0,,,,Y,Y,,A,01,0,0,1,0,0,0,0,0,0,"- ","- ",37.844120025634766,-122.02320098876953,"CONTRA COSTA",UNINCORPORATED,-122.02315521240234,37.844158172607422
92404549,2024,2024-06-03,9365,2024-06-01,1305,023390,,6,1,9,0700,0,1,1,,2,001,"I-80 E/B","POMONA ST",1100.00,E,N,A,-,Y,CC,,80," "," ",13.711,H,,R,N,4,0,1,1,A,-,08,22107,,N,E,I,A,A,H,-,A,D,0,,,Y,,Y,,C,02,0,0,1,0,0,0,0,0,1,"- ","- ",38.054519653320312,-122.22509765625,"CONTRA COSTA",UNINCORPORATED,-122.22526550292969,38.054580688476562
9240478,2021,2022-02-17,0740,2021-03-15,1731,SR033,,1,5,4,0791,0,0,0,,0,"BEAT 3","CROW CANYON RD","RT 680",0.00,,Y,A,-,Y,CC,4,680,-,R,3.991,R,4,N,Y,4,0,1,2,A,-,12,21453,A,N,D,C,A,A,H,-,A,A,0,,,,,Y,,A,01,0,0,1,0,0,0,0,0,0,"- ",NF,37.777698516845703,-121.97398376464844,"CONTRA COSTA","SAN RAMON",-121.97385406494141,37.774585723876953
92405201,2024,2024-06-04,9320,2024-05-17,"850 ",023756,,5,1,5,0712,0,1,1,,2,682,"I-680 S/B","TREAT BLVD",739.00,N,N,A,-,Y,CC,,680," "," ",16.546,H,,L,N,4,0,2,4,A,-,03,22350,,N,C,C,A,A,H,-,A,A,0,,,,,Y,,A,01,0,0,2,0,0,0,0,0,0,"- ","- ",37.9285888671875,-122.06050109863281,"CONTRA COSTA","WALNUT CREEK",-122.06057739257812,37.928592681884766
92405335,2024,2024-06-04,9320,2024-05-26,1850,023028,,7,2,9,0700,0,1,3,,1,406,"VASCO RD","LOS VAQUEROS RD",6336.00,N,N,A,-,Y,,,,,,,,,,Y,3,0,2,3,A,-,05,21460,A,N,A,C,A,A,H,-,A,A,0,,,Y,,Y,,C,02,0,1,1,0,0,0,0,0,1,"- ","- ",37.778099060058594,-121.71568298339844,"CONTRA COSTA",UNINCORPORATED,,
92405377,2024,2024-06-04,9320,2024-05-26,1647,023677,,7,2,6,0704,0,1,3,,2,242,"SR-242 N/B","GRANT ST",1531.00,S,N,A,-,Y,CC,,242," ",R,1.860,H,,R,N,4,0,2,2,A,-,07,21658,A,M,C,C,A,A,H,-,A,A,0,,,,,Y,,-,99,0,0,2,0,0,0,0,0,0,"- ","- ",37.984138488769531,-122.04126739501953,"CONTRA COSTA",CONCORD,-122.04126739501953,37.984138488769531
92405390,2024,2024-06-04,9320,2024-05-26,"455 ",023783,,7,3,9,0700,0,1,3,,2,403,"STATE ROUTE 4 EASTBOUND","SAN MARCO BLVD",1860.00,E,N,A,-,Y,CC,,4," ",R,19.137,H,,R,Y,4,0,2,1,A,-,08,22107,,N,E,I,A,A,H,-,C,A,0,,,,,Y,,A,01,0,0,2,0,0,0,0,0,0,"- ","- ",38.021469116210938,-121.95941925048828,"CONTRA COSTA",UNINCORPORATED,-121.95936584472656,38.021652221679688
92405486,2023,2024-06-04,9320,2023-11-13,"255 ",023002,,1,3,5,0708,0,1,3,,2,403,"SR-4 E/B","RAILROAD AVE",2900.00,W,N,A,-,Y,CC,,4," "," ",22.486,H,,R,Y,1,1,0,1,A,-,01,23152,A,N,E,I,A,A,H,-,D,A,0,,,,,Y,Y,A,01,0,0,0,0,0,0,0,0,0,"- ","- ",38.019229888916016,-121.89933776855469,"CONTRA COSTA",PITTSBURG,-121.8992919921875,38.019378662109375
92405566,2024,2024-06-04,9370,2024-02-19,1506,023377,,1,2,5,0710,0,1,1,,2,083,"I-80 E/B (EASTSHORE FREEWAY)","EL PORTAL DRIVE",123.00,E,N,B,-,Y,CC,,80," "," ",5.294,H,,R,N,1,1,0,1,A,-,03,22350,,N,E,8,A,B,H,-,A,D,0,,,,,Y,,A,07,0,0,0,0,0,0,0,0,0,"- ","- ",37.966579437255859,-122.32187652587891,"CONTRA COSTA",RICHMOND,-122.32201385498047,37.966655731201172
92405657,2023,2024-06-04,9320,2023-12-30,1825,022517,,6,2,9,0700,0,1,3,,1,406,"BYRON HIGHWAY","CLIFTON COURT RD",200.00,S,N,B,-,Y,,,,,,,,,,Y,1,1,2,4,A,-,05,21460,A,N,A,C,A,B,H,-,D,D,0,,,,,Y,,D,22,0,2,0,0,0,0,0,0,0,"- ","- ",37.8372802734375,-121.61138153076172,"CONTRA COSTA",UNINCORPORATED,-121.59782409667969,37.824264526367188
92405781,2024,2024-06-04,9320,2024-05-30,1740,022517,,4,2,9,0700,0,1,1,,2,682,"I-680 S/B","RUDGEAR ROAD",2500.00,S,N,A,-,Y,CC,,680," ",R,12.162,H,,L,Y,4,0,1,2,A,-,03,22350,,N,C,C,A,A,H,-,A,A,0,,,,,Y,,A,07,0,0,1,0,0,0,0,0,0,"- ","- ",37.873630523681641,-122.04409790039062,"CONTRA COSTA",UNINCORPORATED,-122.04410552978516,37.873630523681641
92406064,2024,2024-06-04,9370,2024-05-18,1215,023589,,6,1,5,0710,0,1,1,,2,082,"I-80 W/B","CENTRAL AVE",846.00,W,N,A,-,Y,CC,,80," "," ",0.064,H,,L,N,4,0,1,4,A,-,03,22350,,N,C,C,A,A,H,-,A,D,0,,,Y,,Y,,A,01,0,0,1,0,0,0,0,0,1,"- ","- ",37.898769378662109,-122.30963897705078,"CONTRA COSTA",RICHMOND,-122.3096923828125,37.898754119873047
92406413,2024,2024-06-05,9320,2024-05-25,1203,023760,,6,1,6,0704,0,1,1,,2,683,"INTERSTATE 680 SOUTHBOUND","WILLOW PASS ROAD",1003.00,N,N,A,-,Y,CC,,680," "," ",19.303,H,,L,Y,2,0,1,1,A,-,01,23152,A,N,E,I,A,A,H,-,A,A,0,,,,,Y,Y,A,01,1,0,0,0,0,0,0,0,0,"- ","- ",37.969169616699219,-122.05861663818359,"CONTRA COSTA",CONCORD,-122.05868530273438,37.969135284423828
92406416,2024,2024-06-05,9320,2024-05-29,1535,022828,,3,2,9,0700,0,3,5,,2,015,"SOBRANTE AVENUE","VALLEY VIEW ROAD",0.00,,Y,A,-,N,,,,,,,,,,N,3,0,1,2,D,-,00,,,N,D,C,A,A,H,-,A,A,0,,,,,Y,,-,"- ",0,1,0,0,0,0,0,0,0,"- ","- ",37.977691650390625,-122.29350280761719,"CONTRA COSTA",UNINCORPORATED,-122.29351043701172,37.977676391601562
92406527,2024,2024-06-05,9350,2024-05-26,1149,022795,,7,1,5,0710,0,1,1,,2,115,"I-580 W/B","RICHMOND BRIDGE TOLL PLAZA",3326.00,W,N,A,-,Y,CC,,580," "," ",6.751,H,,L,N,4,0,1,2,A,-,03,22350,,N,C,C,A,A,H,-,A,D,0,,,,,Y,,A,01,0,0,1,0,0,0,0,0,0,"- ","- ",37.933128356933594,-122.41484832763672,"CONTRA COSTA",RICHMOND,-122.41484832763672,37.933116912841797
92407600,2024,2024-06-06,9390,2024-05-30,"545 ",017095,,4,3,4,0791,0,1,1,,2,068,"I-680 S/B","CROW CANYON ROAD",2640.00,N,N,A,-,Y,CC,,680," ",R,4.731,H,,L,Y,3,0,1,1,A,-,08,22107,,M,E,I,A,A,H,-,B,D,0,,,,,Y,,A,01,0,1,0,0,0,0,0,0,0,"- ","- ",37.784400939941406,-121.97904205322266,"CONTRA COSTA","SAN RAMON",-121.97915649414062,37.784358978271484
92407734,2024,2024-06-06,9390,2024-05-30,1620,023325,,4,2,4,0790,0,2,4,,2,111,"BLACKHAWK ROAD","MT. DIABLO SCENIC BLVD.",145.00,W,N,A,-,N,,,,,,,,,,Y,4,0,2,2,A,-,05,21460,,N,A,C,A,A,H,-,A,D,0,,,,,Y,,A,07,0,0,2,0,0,0,0,0,0,"- ","- ",37.831928253173828,-121.95130920410156,"CONTRA COSTA",DANVILLE,-121.95192718505859,37.831951141357422
9240779,2021,2021-04-01,0712,2021-02-25,1100,P518,,4,5,5,0712,0,0,0,,0,003,"TREAT BL","BANCROFT RD",300.00,W,N,A,-,,,,,,,,,,,,4,0,1,2,A,-,03,22350,,N,C,C,A,A,H,-,A,D,0,,,,,Y,,A,07,0,0,1,0,0,0,0,0,0,"- ","- ",,,"CONTRA COSTA","WALNUT CREEK",-122.0433349609375,37.928657531738281
9240780,2021,2021-04-01,0712,2021-02-08,1945,P545,,1,5,5,0712,0,0,0,,0,003,"YGNACIO VALLEY RD","BANCROFT RD",0.00,,Y,A,-,,,,,,,,,,,,3,0,4,2,A,-,09,21453,C,N,D,C,A,A,H,-,C,A,0,,,,,Y,,A,07,0,1,3,0,0,0,0,0,0,"- ","- ",,,"CONTRA COSTA","WALNUT CREEK",-122.03443145751953,37.920879364013672
9240781,2021,2021-03-30,0712,2021-02-26,1616,P610,,5,5,5,0712,0,0,0,,0,001,"SOUTH CALIFORNIA BL","BOTELHO DR",0.00,,Y,A,-,N,,,,,,,,,,Y,4,0,3,2,A,-,09,21801,A,N,A,C,A,A,H,-,A,A,0,,,,,Y,,A,07,0,0,3,0,0,0,0,0,0,"- ","- ",,,"CONTRA COSTA","WALNUT CREEK",-122.06185150146484,37.894580841064453
9240782,2021,2021-03-30,0712,2021-02-23,2124,P545,,2,5,5,0712,0,0,0,,0,002,"NORTH CALIFORNIA BL","PRINGLE AV",0.00,,Y,A,-,N,,,,,,,,,,Y,4,0,1,1,A,-,03,22350,,N,E,I,A,A,H,-,C,A,0,,,,,Y,,A,01,0,0,1,0,0,0,0,0,0,"- ","- ",,,"CONTRA COSTA","WALNUT CREEK",-122.06644439697266,37.907657623291016
9240783,2021,2021-03-30,0712,2021-02-18,1945,P613,,4,5,5,0712,0,0,0,,0,002,"NORTH CALIFORNIA BL","N MAIN ST",0.00,,Y,A,-,N,,,,,,,,,,N,3,0,2,2,A,-,12,21453,A,N,D,C,A,A,H,-,C,A,0,,,,,Y,,A,01,0,1,1,0,0,0,0,0,0,"- ","- ",,,"CONTRA COSTA","WALNUT CREEK",-122.065185546875,37.909801483154297
9240798,2021,2021-03-30,0709,2021-02-01,1008,353,2290,1,5,4,0709,0,0,0,,0,002,"CONTRA COSTA BL","MASSOLO DR",0.00,,Y,A,-,N,,,,,,,,,,Y,4,0,1,2,A,-,07,21658,A,N,-,-,A,A,H,-,A,-,0,,,Y,,Y,,-,,0,0,1,0,0,0,0,0,0,"- ","- ",37.956081390380859,-122.060302734375,"CONTRA COSTA","PLEASANT HILL",-122.0604248046875,37.956024169921875
92408031,2024,2024-06-12,9320,2024-05-23,1600,022517,,4,2,9,0700,0,1,1,,2,180,"I-80 E/B","PINOLE VALLEY ROAD",2950.00,E,N,A,-,Y,CC,,80," "," ",9.089,H,,R,N,4,0,1,2,A,-,03,22350,,N,C,C,A,A,H,-,A,A,0,,,,,Y,,A,01,0,0,1,0,0,0,0,0,0,"- ","- ",38.003761291503906,-122.28002166748047,"CONTRA COSTA",UNINCORPORATED,-122.27983856201172,38.003654479980469
9240809,2020,2021-04-01,0710,2020-09-01,1647,1705,,2,5,5,0710,0,0,0,,0,,"LINCOLN AV","18TH ST",0.00,,Y,A,-,N,,,,,,,,,,,4,0,1,3,A,-,12,22450,A,N,D,C,A,A,H,-,A,A,0,,,,,Y,,A,01,0,0,1,0,0,0,0,0,0,"- ","- ",37.945590972900391,-122.35111236572266,"CONTRA COSTA",RICHMOND,-122.35205841064453,37.945960998535156
92408240,2024,2024-06-07,9370,2024-05-27,1130,023902,,1,1,5,0710,0,1,1,,2,083,"I-80 E/B","HILLTOP DR",1098.00,W,N,A,-,Y,CC,,80," "," ",5.773,H,,R,Y,3,0,1,2,A,-,07,21658,,M,B,C,A,A,H,-,A,D,0,,,,,Y,,-,99,0,1,0,0,0,0,0,0,0,"- ","- ",37.973270416259766,-122.31945037841797,"CONTRA COSTA",RICHMOND,-122.31936645507812,37.973255157470703
92408251,2024,2024-06-07,9370,2024-05-29,"810 ",023905,,3,1,4,0711,0,1,1,,2,083,"I-80 W/B","SAN PABLO DAM ROAD",1157.00,E,N,A,-,Y,CC,,80," "," ",4.552,H,,L,N,3,0,1,2,A,-,07,21658,A,N,B,C,A,A,H,-,A,D,0,,,Y,,Y,,A,07,0,1,0,0,0,0,0,0,1,"- ","- ",37.959110260009766,-122.33078002929688,"CONTRA COSTA","SAN PABLO",-122.33080291748047,37.959110260009766
9240833,2020,2021-04-01,0710,2020-09-05,0547,1687,NORTH,6,5,5,0710,0,0,0,,0,008,"RICHMOND PKWY","SIERRA RIDGE AV",620.00,W,N,A,-,N,,,,,,,,,,Y,2,0,2,2,A,-,01,23152,F,N,A,C,A,A,H,-,B,D,0,,,,Y,Y,,A,01,1,0,1,0,0,0,0,0,0,"- ","- ",37.987571716308594,-122.31891632080078,"CONTRA COSTA",RICHMOND,-122.32085418701172,37.988346099853516
9240861,2020,2021-04-01,0710,2020-09-21,0824,1687,SOUTH,1,5,5,0710,0,0,0,,0,001,"CASTRO ST","MILLS ST E",788.00,S,N,A,-,N,,,,,,,,,,,3,0,2,4,A,-,03,22350,,N,C,C,A,A,H,-,A,A,0,,,,Y,Y,,F,26,0,1,1,0,0,0,0,0,0,"- ","- ",37.941410064697266,-122.37494659423828,"CONTRA COSTA",RICHMOND,-122.38259887695312,37.932167053222656
92408760,2024,2024-06-07,9320,2024-05-11,"915 ",023431,,6,1,3,0707,0,1,1,,2,180,"I-80 E/B","PINOLE VALLEY RD",234.00,E,N,A,-,Y,CC,,80," "," ",8.570,H,,R,N,4,0,1,2,C,-,18,,,N,B,C,A,A,H,-,A,A,0,,,,,Y,Y,-,"- ",0,0,1,0,0,0,0,0,0,"- ","- ",37.997581481933594,-122.28542327880859,"CONTRA COSTA",PINOLE,-122.28547668457031,37.997615814208984
92408785,2024,2024-06-07,9320,2024-05-31,"740 ",022835,,5,1,5,0708,0,1,3,,2,404,"SR-4 W/B TO HARBOR ST.","HARBOR ST.",1560.00,E,N,A,-,Y,CC,,4," "," ",23.627,H,,L,N,4,0,1,2,A,-,03,22350,,N,C,C,A,A,H,-,A,A,0,,,,,Y,,A,01,0,0,1,0,0,0,0,0,0,"- ","- ",38.014911651611328,-121.87921905517578,"CONTRA COSTA",PITTSBURG,-121.87930297851562,38.014698028564453
92408788,2024,2024-06-07,9320,2024-05-28,"645 ",023821,,2,1,9,0700,0,1,3,,2,403,"SR-4 W/B","BAILEY RD",5860.00,E,N,A,-,Y,CC,,4," "," ",21.275,H,,L,N,2,0,1,2,A,-,03,22350,,N,C,C,A,A,H,-,A,A,0,,,Y,,Y,,C,02,1,0,0,0,0,0,0,0,1,"- ","- ",38.020130157470703,-121.92134857177734,"CONTRA COSTA",UNINCORPORATED,-121.92134094238281,38.020084381103516