CASE_ID,ACCIDENT_YEAR,PROC_DATE,JURIS,COLLISION_DATE,COLLISION_TIME,OFFICER_ID,REPORTING_DISTRICT,DAY_OF_WEEK,CHP_SHIFT,POPULATION,CNTY_CITY_LOC,SPECIAL_COND,BEAT_TYPE,CHP_BEAT_TYPE,CITY_DIVISION_LAPD,CHP_BEAT_CLASS,BEAT_NUMBER,PRIMARY_RD,SECONDARY_RD,DISTANCE,DIRECTION,INTERSECTION,WEATHER_1,WEATHER_2,STATE_HWY_IND,CALTRANS_COUNTY,CALTRANS_DISTRICT,STATE_ROUTE,ROUTE_SUFFIX,POSTMILE_PREFIX,POSTMILE,LOCATION_TYPE,RAMP_INTERSECTION,SIDE_OF_HWY,TOW_AWAY,COLLISION_SEVERITY,NUMBER_KILLED,NUMBER_INJURED,PARTY_COUNT,PRIMARY_COLL_FACTOR,PCF_CODE_OF_VIOL,PCF_VIOL_CATEGORY,PCF_VIOLATION,PCF_VIOL_SUBSECTION,HIT_AND_RUN,TYPE_OF_COLLISION,MVIW,PED_ACTION,ROAD_SURFACE,ROAD_COND_1,ROAD_COND_2,LIGHTING,CONTROL_DEVICE,CHP_ROAD_TYPE,PEDESTRIAN_ACCIDENT,BICYCLE_ACCIDENT,MOTORCYCLE_ACCIDENT,TRUCK_ACCIDENT,NOT_PRIVATE_PROPERTY,ALCOHOL_INVOLVED,STWD_VEHTYPE_AT_FAULT,CHP_VEHTYPE_AT_FAULT,COUNT_SEVERE_INJ,COUNT_VISIBLE_INJ,COUNT_COMPLAINT_PAIN,COUNT_PED_KILLED,COUNT_PED_INJURED,COUNT_BICYCLIST_KILLED,COUNT_BICYCLIST_INJURED,COUNT_MC_KILLED,COUNT_MC_INJURED,PRIMARY_RAMP,SECONDARY_RAMP,LATITUDE,LONGITUDE,COUNTY,CITY,POINT_X,POINT_Y
9244169,2019,2021-06-04,0700,2019-12-08,0850,71124,DAN33,7,5,4,0790,0,0,0,,0,061,"DEL AMIGO RD","IRON HORSE TRAIL",0.00,,Y,B,-,N,,,,,,,,,,N,3,0,1,2,A,-,11,21950,B,N,G,B,B,B,H,-,A,A,0,Y,,,,Y,,N,60,0,1,0,0,1,0,0,0,0,"- ","- ",37.826930999755859,-122.01103210449219,"CONTRA COSTA",DANVILLE,-122.011009,37.826957
92441718,2024,2024-07-17,9320,2024-07-10,"730 ",023781,,3,1,9,0700,0,2,4,,2,096,"VASCO ROAD","CAMINO DIABLO",24288.00,S,N,A,-,N,,,,,,,,,,Y,3,0,2,2,A,-,08,22107,,N,D,C,A,A,H,-,A,A,0,,,,,Y,,A,01,0,2,0,0,0,0,0,0,0,"- ","- ",37.798801422119141,-121.67636871337891,"CONTRA COSTA",UNINCORPORATED,-121.66764068603516,37.865211486816406
9244172,2019,2021-06-04,0700,2019-12-16,1500,69561,,1,5,3,0715,0,0,0,,0,041,"DEER HILL RD","FIRST ST",0.00,,Y,A,-,N,,,,,,,,,,Y,2,0,1,2,A,-,09,21801,A,N,A,C,A,A,H,-,A,A,0,,,,,Y,,A,,1,0,0,0,0,0,0,0,0,"- ","- ",,,"CONTRA COSTA",LAFAYETTE,-122.11669158935547,37.895618438720703
9244173,2019,2021-06-04,0700,2019-12-30,1217,69561,,1,5,3,0715,0,0,0,,0,040,"RELEIZ STATION RD","LAS TRAMPAS RD",0.00,,Y,A,-,N,,,,,,,,,,Y,3,0,1,3,A,-,07,21658,A,N,E,I,A,A,H,-,A,A,0,,,,,Y,,-,,0,1,0,0,0,0,0,0,0,"- ","- ",,,"CONTRA COSTA",LAFAYETTE,-122.09696197509766,37.882560729980469
92442029,2024,2024-07-19,9320,2024-07-14,1820,022486,,7,2,9,0700,0,1,3,,2,403,"SR-4 W/B","SAN MARCO BLVD",2375.00,E,N,A,-,Y,CC,,4," ",R,19.239,H,,L,Y,3,0,1,2,A,-,03,22350,,N,C,C,A,A,H,-,A,A,0,,,,,Y,,A,01,0,1,0,0,0,0,0,0,0,"- ","- ",38.021568298339844,-121.95748901367188,"CONTRA COSTA",UNINCORPORATED,-121.95750427246094,38.021518707275391
92442781,2024,2024-07-18,9320,2024-07-09,"710 ",016094,,2,1,9,0700,0,2,4,,2,073,"KIRKER PASS RD","HESS DR",1267.00,N,N,A,-,N,,,,,,,,,,Y,3,0,3,3,A,-,03,22350,,N,C,C,A,A,H,-,A,D,0,,,,,Y,,A,01,0,3,0,0,0,0,0,0,0,"- ","- ",37.965541839599609,-121.92784881591797,"CONTRA COSTA",UNINCORPORATED,-121.92776489257812,37.96514892578125
92442830,2024,2024-08-22,9320,2024-07-06,"425 ",023766,,6,3,9,0700,0,1,3,,2,403,"AZORES COURT","AZORES CIRCLE",420.00,W,N,A,-,N,,,,,,,,,,N,3,0,1,3,A,-,01,23152,A,F,D,4,A,A,H,-,C,A,0,,,,,Y,Y,A,01,0,1,0,0,0,0,0,0,0,"- ","- ",38.029651641845703,-121.97728729248047,"CONTRA COSTA",UNINCORPORATED,-121.97708892822266,38.029678344726562
92443051,2024,2024-07-19,9320,2024-07-13,1355,022517,,6,1,9,0700,0,3,5,,2,040,"BROWN DRIVE","TEMPLE DRIVE",0.00,,Y,A,-,N,,,,,,,,,,Y,3,0,3,2,A,-,09,21803,A,N,D,C,A,A,H,-,A,A,0,,,,,Y,,A,07,0,1,2,0,0,0,0,0,0,"- ","- ",37.985439300537109,-122.07202911376953,"CONTRA COSTA",UNINCORPORATED,-122.07199096679688,37.985408782958984
92443052,2024,2024-07-19,9320,2024-07-05,"342 ",023766,,5,3,5,0708,0,1,3,,2,404,"STATE ROUTE 4 WESTBOUND","HARBOR STREET",940.00,W,N,A,-,Y,CC,,4," "," ",23.304,H,,L,N,3,0,1,2,A,-,07,21658,A,M,B,2,A,A,H,-,C,A,0,,,,,Y,,-,99,0,1,0,0,0,0,0,0,0,"- ","- ",38.016040802001953,-121.88500213623047,"CONTRA COSTA",PITTSBURG,-121.88498687744141,38.016071319580078
92443053,2024,2024-07-19,9320,2024-07-05,"218 ",023002,,5,3,3,0707,0,1,1,,2,180,"I-80 E/B","APPIAN WAY (S/B)",75.00,E,N,A,-,Y,CC,,80," "," ",7.614,H,,R,N,4,0,1,2,A,-,01,23152,A,N,B,C,A,A,H,-,C,A,0,,,,Y,Y,Y,A,07,0,0,1,0,0,0,0,0,0,"- ","- ",37.993328094482422,-122.30162048339844,"CONTRA COSTA",PINOLE,-122.30162811279297,37.993350982666016
92443054,2024,2024-07-19,9320,2024-06-29,2240,023766,,6,3,9,0700,0,2,4,,2,073,"KIRKER PASS ROAD","HESS ROAD",700.00,N,N,A,-,N,,,,,,,,,,Y,3,0,1,1,A,-,01,23152,A,M,E,I,A,A,H,-,D,A,0,,,,,Y,Y,A,01,0,1,0,0,0,0,0,0,0,"- ","- ",37.963691711425781,-121.92813110351562,"CONTRA COSTA",UNINCORPORATED,-121.92813110351562,37.963630676269531
92443555,2024,2024-07-19,9320,2024-07-18,"600 ",023061,,4,1,9,0700,0,1,1,,2,180,"I-80 WB","CALIFORNIA ST",1848.00,E,N,A,-,Y,CC,,80," "," ",11.691,H,,L,Y,4,0,1,2,C,-,18,,,N,H,C,A,A,H,-,A,A,0,,,,,Y,,-,"- ",0,0,1,0,0,0,0,0,0,"- ","- ",38.034141540527344,-122.25164031982422,"CONTRA COSTA",UNINCORPORATED,-122.25171661376953,38.034183502197266
92443730,2024,2024-07-19,9320,2024-07-02,1500,023480,,2,2,3,0706,0,1,1,,2,180,"I-80 W/B","WILLOW AVE",895.00,W,N,A,-,Y,CC,,80," "," ",10.529,H,,L,N,4,0,1,2,A,-,07,21658,A,N,B,C,A,A,H,-,A,A,0,,,,Y,Y,,-,"- ",0,0,1,0,0,0,0,0,0,"- ","- ",38.0206298828125,-122.26441955566406,"CONTRA COSTA",HERCULES,-122.26434326171875,38.020584106445312
92444412,2024,2024-07-22,9320,2024-07-04,2105,022835,,4,2,5,0708,0,1,3,,2,404,"SR-4 W/B TO CALIFORNIA AVE.","CALIFORNIA AVE.",300.00,E,N,A,-,Y,,,,,,,,,,N,2,0,1,1,A,-,08,22107,,N,F,8,A,A,H,-,C,A,0,,,,,Y,,A,01,1,0,0,0,0,0,0,0,0,"- ","- ",38.012401580810547,-121.86759948730469,"CONTRA COSTA",PITTSBURG,-121.87004852294922,38.012821197509766
92444413,2024,2024-07-22,9320,2024-06-29,1928,023677,,6,2,4,0790,0,1,1,,2,681,"I-680 S/B","EL CERRO BLVD",1373.00,N,N,A,-,Y,CC,,680," ",R,8.460,H,,L,Y,3,0,2,2,A,-,08,22107,,N,F,C,A,A,H,-,A,A,0,,,,,Y,,D,22,0,1,1,0,0,0,0,0,0,"- ","- ",37.832061767578125,-122.00480651855469,"CONTRA COSTA",DANVILLE,-122.00478363037109,37.832084655761719
92444687,2024,2024-07-22,9350,2024-07-17,2115,022107,,3,2,9,0700,0,1,1,,2,115,"I-580 E/B","RICHMOND SAN RAFAEL BRIDGE TOLL PLAZA",6125.00,W,N,A,-,Y,CC,,580," "," ",7.281,H,,R,N,4,0,1,2,A,-,03,22350,,N,C,C,A,A,H,-,C,D,0,,,,,Y,,D,22,0,0,1,0,0,0,0,0,0,"- ","- ",37.933750152587891,-122.42455291748047,"CONTRA COSTA",UNINCORPORATED,-122.42454528808594,37.933784484863281
9244896,2021,2021-04-02,0714,2021-01-16,1816,165,14,6,5,4,0714,0,0,0,,0,004,"MIDHILL RD","MIDHILL RD 139",0.00,,-,A,-,N,,,,,,,,,,Y,2,0,1,2,A,-,03,22350,,N,D,C,A,A,H,-,D,D,0,,,Y,,Y,,C,02,1,0,0,0,0,0,0,0,1,"- ","- ",,,"CONTRA COSTA",MARTINEZ,-122.094059,37.997667999999997
9244930,2021,2021-04-01,0702,2021-01-30,0113,619M,127B,6,5,3,0702,0,0,0,,0,001,"LONE TREE WY","GIANNINI RANCH RD",316.00,W,N,A,-,N,,,,,,,,,,Y,3,0,2,2,A,-,01,23152,F,F,C,C,A,A,H,-,C,A,0,,,,,Y,,A,01,0,1,1,0,0,0,0,0,0,"- ","- ",37.961639404296875,-121.72902679443359,"CONTRA COSTA",BRENTWOOD,-121.73011016845703,37.961555480957031
9244931,2021,2021-04-01,0702,2021-01-09,1816,605M,422B,6,5,3,0702,0,0,0,,0,004,"BRENTWOOD BL","BALFOUR RD",20.00,N,N,A,-,N,,,,,,,,,,N,3,0,1,2,A,-,12,21453,A,M,D,G,A,A,H,-,A,A,0,,Y,,,Y,,L,04,0,1,0,0,0,0,1,0,0,"- ","- ",37.925628662109375,-121.69056701660156,"CONTRA COSTA",BRENTWOOD,-121.69064331054688,37.925636291503906
9244946,2021,2021-04-01,0709,2021-01-26,1600,425,3020,2,5,4,0709,0,0,0,,0,002,"CONTRA COSTA BL","CHILPANCINGO PKWY",0.00,,Y,C,-,N,,,,,,,,,,N,3,0,1,2,D,-,00,,,N,D,G,A,B,H,-,C,A,0,,Y,,,Y,,-,"- ",0,1,0,0,0,0,1,0,0,"- ","- ",37.975601196289062,-122.06491851806641,"CONTRA COSTA","PLEASANT HILL",-122.06494903564453,37.975715637207031
9245597,2021,2021-04-02,0709,2021-01-22,2102,467,3001,5,5,4,0709,0,0,0,,0,022,"CONTRA COSTA BL","RT 680",0.00,,Y,A,-,Y,CC,4,680,-,-,19.889,R,4,S,Y,3,0,1,3,A,-,12,21453,A,N,D,C,A,B,H,-,C,A,0,,,,,Y,,A,01,0,1,0,0,0,0,0,0,0,"- ",SF,37.977268218994141,-122.06723022460938,"CONTRA COSTA","PLEASANT HILL",-122.06425476074219,37.976066589355469
9247158,2021,2021-04-16,0703,2021-03-30,1029,C067,042,2,5,3,0703,0,0,0,,0,007,"CLAYTON RD","DUNCAN DR",26.00,W,N,A,-,N,,,,,,,,,,Y,3,0,1,2,A,-,09,21801,,N,B,C,A,A,H,-,A,A,0,,,,,Y,,A,01,0,1,0,0,0,0,0,0,0,"- ","- ",37.950839996337891,-121.95493316650391,"CONTRA COSTA",CLAYTON,-121.95505523681641,37.950908660888672
9247883,2021,2021-04-20,0712,2021-03-08,2140,P628,,1,5,5,0712,0,0,0,,0,002,"NORTH CALIFORNIA BL","COLE AV",0.00,,N,A,-,N,,,,,,,,,,Y,3,0,1,2,A,-,09,21802,A,N,D,C,A,A,H,-,C,A,0,,,,,Y,,A,01,0,1,0,0,0,0,0,0,0,"- ","- ",,,"CONTRA COSTA","WALNUT CREEK",-122.06478118896484,37.902610778808594
9247900,2021,2021-04-20,0706,2021-03-09,1337,211,HERCU,2,5,3,0706,0,0,0,,0,001,"RAILROAD AV","SYCAMORE AV",0.00,,Y,B,-,N,,,,,,,,,,N,4,0,1,2,A,-,12,22450,A,N,G,B,D,B,H,-,A,D,0,Y,,,,Y,,A,01,0,0,1,0,1,0,0,0,0,"- ","- ",,,"CONTRA COSTA",HERCULES,-122.28742980957031,38.01800537109375
9248071,2021,2021-04-12,0702,2021-02-26,2341,597A,418B,5,5,3,0702,0,0,0,,0,004,"BALFOUR RD","FAIRVIEW AV",50.00,E,N,A,-,N,,,,,,,,,,Y,3,0,1,2,A,-,03,22350,,N,C,C,A,A,H,-,C,A,0,,,,,Y,,A,01,0,1,0,0,0,0,0,0,0,"- ","- ",37.925300598144531,-121.72371673583984,"CONTRA COSTA",BRENTWOOD,-121.72362518310547,37.925258636474609
92480909,2024,2024-07-22,9370,2024-07-14,1410,023682,,7,2,5,0710,0,1,1,,2,058,"INTERSTATE 580 EASTBOUND","CENTRAL AVE",1100.00,E,N,A,-,Y,CC,,580," "," ",0.002,H,,R,N,4,0,1,2,A,-,03,22350,,N,C,C,A,A,H,-,A,D,0,,,,,Y,,A,01,0,0,1,0,0,0,0,0,0,"- ","- ",37.897441864013672,-122.31195068359375,"CONTRA COSTA",RICHMOND,-122.31183624267578,37.897499084472656
9248286,2021,2021-04-15,0700,2021-03-11,1954,OA032,0AK,4,5,3,0734,0,0,0,,0,052,"MAIN ST","DELTA RD",0.00,,Y,A,-,N,,,,,,,,,,Y,2,0,2,2,A,-,09,21802,A,N,D,C,A,A,H,-,D,A,0,,,Y,,Y,,A,01,1,1,0,0,0,0,0,0,1,"- ","- ",,,"CONTRA COSTA",OAKLEY,-121.69602966308594,37.968856811523438
9249835,2021,2021-04-21,0701,2021-01-20,1808,6169,402,3,5,5,0701,0,0,0,,0,004,"JAMES DONLON BL","CONTRA LOMA BL",5.00,W,N,A,-,N,,,,,,,,,,Y,4,0,2,2,A,-,03,22350,,N,D,C,A,A,H,-,C,A,0,,,,,Y,,A,01,0,0,2,0,0,0,0,0,0,"- ","- ",,,"CONTRA COSTA",ANTIOCH,-121.8255615234375,37.982498168945312
9249838,2021,2021-04-28,0711,2021-01-26,1826,1080,BAY,2,5,4,0711,0,0,0,,0,001,"SAN PABLO AV","LAKE ST",0.00,,Y,C,-,N,,,,,,,,,,N,4,0,2,2,C,-,18,,,N,A,J,A,B,H,-,C,D,0,,,,,Y,,-,"- ",0,0,2,0,0,0,0,0,0,"- ","- ",37.970760345458984,-122.34349822998047,"CONTRA COSTA","SAN PABLO",-122.34352874755859,37.970279693603516
9250075,2021,2021-04-27,0740,2021-03-30,1756,SR030,,2,5,4,0791,0,0,0,,0,BEAT5,"BOLLINGER CANYON RD","DOUGHERTY RD",50.00,W,N,A,-,N,,,,,,,,,,Y,4,0,1,2,A,-,03,22350,,N,C,C,A,A,H,-,A,A,0,,,,,Y,,A,01,0,0,1,0,0,0,0,0,0,"- ","- ",37.773719787597656,-121.92488861083984,"CONTRA COSTA","SAN RAMON",-121.92528533935547,37.773567199707031
9250135,2021,2021-05-11,0740,2021-04-04,1030,SR097,,7,5,4,0791,0,0,0,,0,BEAT5,"JAPONICA WY","N MONARCH RD",0.00,,Y,A,-,N,,,,,,,,,,Y,4,0,1,2,A,-,09,21801,A,N,D,C,A,A,H,-,A,D,0,,,,,Y,,-,,0,0,1,0,0,0,0,0,0,"- ","- ",37.775650024414062,-121.90849304199219,"CONTRA COSTA","SAN RAMON",-121.90843963623047,37.775665283203125
9250136,2021,2021-05-06,0740,2021-04-01,1601,SR501,,4,5,4,0791,0,0,0,,0,BEAT1,"DEERWOOD RD","OMEGA RD",0.00,,Y,A,-,N,,,,,,,,,,Y,4,0,1,2,A,-,12,22450,,N,D,C,A,A,H,-,A,A,0,,,,,Y,,A,01,0,0,1,0,0,0,0,0,0,"- ","- ",37.779781341552734,-121.97979736328125,"CONTRA COSTA","SAN RAMON",-121.97978210449219,37.779811859130859
9250530,2021,2021-04-28,0714,2021-03-22,1700,170,223,1,5,4,0714,0,0,0,,0,002,"RELIEZ VALLEY RD","TAVARES ESTATES",105.00,S,N,A,-,N,,,,,,,,,,N,3,0,1,2,D,-,00,,,F,B,G,A,A,B,E,A,D,0,,Y,,,Y,,-,"- ",0,1,0,0,0,0,1,0,0,"- ","- ",37.958591461181641,-122.10939788818359,"CONTRA COSTA",MARTINEZ,-122.10939025878906,37.958297729492188
9250531,2021,2021-04-23,0714,2021-03-22,1440,170,223,1,5,4,0714,0,0,0,,0,002,"RELIEZ VALLEY RD","BLUE RIDGE DR",500.00,N,N,A,-,N,,,,,,,,,,N,3,0,1,1,D,-,00,,,N,E,J,A,A,A,-,A,D,0,,Y,,,Y,,-,"- ",0,1,0,0,0,0,1,0,0,"- ","- ",37.961769104003906,-122.11305999755859,"CONTRA COSTA",MARTINEZ,-122.11086273193359,37.960647583007812
9250532,2021,2021-04-23,0714,2021-03-18,1025,168,032,4,5,4,0714,0,0,0,,0,001,"PACHECO BL","ELM ST",10.00,E,N,B,-,N,,,,,,,,,,Y,3,0,2,2,B,-,22,,,N,A,C,A,B,H,-,A,D,0,,,,,Y,,A,01,0,1,1,0,0,0,0,0,0,"- ","- ",38.012889862060547,-122.1209716796875,"CONTRA COSTA",MARTINEZ,-122.12093353271484,38.012893676757812
9250533,2021,2021-04-28,0714,2021-03-04,0648,168,072,4,5,4,0714,0,0,0,,0,002,"BERRELLESSA ST","ALLEN ST",10.00,W,N,A,-,N,,,,,,,,,,N,3,0,1,2,A,-,03,22350,,N,D,C,A,A,H,-,A,D,0,,,,,Y,,A,01,0,1,0,0,0,0,0,0,0,"- ","- ",38.008800506591797,-122.13200378417969,"CONTRA COSTA",MARTINEZ,-122.13198089599609,38.008811950683594
9250534,2021,2021-04-26,0714,2021-03-01,1243,169,102,1,5,4,0714,0,0,0,,0,001,"ALHAMBRA AV","H ST",0.00,,Y,A,-,N,,,,,,,,,,N,3,0,1,2,A,-,08,22107,,N,G,G,A,A,D,H,A,D,0,,Y,,,Y,,A,01,0,1,0,0,0,0,1,0,0,"- ","- ",37.998378753662109,-122.13217163085938,"CONTRA COSTA",MARTINEZ,-122.13217163085938,37.998397827148438
9250540,2021,2021-04-26,0716,2021-03-29,1559,171,R4,1,5,3,0716,0,0,0,,0,001,"SAINT MARYS RD","RHEEM BL",0.00,,Y,A,-,N,,,,,,,,,,N,3,0,1,2,A,-,09,21800,A,N,D,G,A,A,H,-,A,A,0,,Y,,,Y,,A,01,0,1,0,0,0,0,1,0,0,"- ","- ",,,"CONTRA COSTA",MORAGA,-122.10971832275391,37.846405029296875
9250545,2021,2021-04-29,0740,2021-02-23,1507,SR033,,2,5,4,0791,0,0,0,,0,BEAT3,"BISHOP DR","EXECUTIVE PKWY",655.00,N,N,-,-,N,,,,,,,,,,Y,4,0,1,1,A,-,08,22107,,N,-,-,A,-,-,-,-,-,0,,,,,Y,,A,01,0,0,1,0,0,0,0,0,0,"- ","- ",37.772148132324219,-121.9705810546875,"CONTRA COSTA","SAN RAMON",-121.97035217285156,37.768634796142578
92508762,2024,2024-07-23,9370,2024-07-13,"311 ",023870,,6,3,5,0710,0,1,1,,2,082,"INTERSTATE 80 EB","SAN PABLO AVE",1182.00,E,N,A,-,Y,CC,,80," "," ",3.222,H,,R,N,4,0,1,1,A,-,01,23152,A,N,E,I,A,A,H,-,D,D,0,,,,,Y,Y,A,01,0,0,1,0,0,0,0,0,0,"- ","- ",37.940761566162109,-122.32430267333984,"CONTRA COSTA",RICHMOND,-122.32424926757812,37.940746307373047
92508828,2024,2024-07-23,9320,2024-05-30,"836 ",023666,,4,1,9,0700,0,2,4,,2,095,"SR-4 (MARSH CREEK RD)","WALNUT BLVD",0.00,,Y,A,-,N,,,,,,,,,,Y,2,0,2,2,A,-,12,21453,A,N,D,C,A,A,H,-,A,A,0,,,,Y,Y,,A,01,1,1,0,0,0,0,0,0,0,"- ","- ",37.896419525146484,-121.69622802734375,"CONTRA COSTA",UNINCORPORATED,-121.6962890625,37.896381378173828
9251238,2021,2021-04-29,0712,2021-01-02,1119,P614,,6,5,5,0712,0,0,0,,0,001,"SOUTH CALIFORNIA BL","BOTELHO DR",250.00,S,N,C,-,,,,,,,,,,,Y,3,0,1,2,A,-,08,22107,,N,C,C,A,B,H,-,A,A,0,,,,,Y,,A,07,0,1,0,0,0,0,0,0,0,"- ","- ",,,"CONTRA COSTA","WALNUT CREEK",-122.06153106689453,37.893943786621094
9251400,2021,2021-04-20,0712,2021-03-31,0824,P386,,3,5,5,0712,0,0,0,,0,003,"YGNACIO VALLEY RD","SAN CARLOS DR",12.00,W,N,A,-,,,,,,,,,,,,4,0,1,2,A,-,03,22350,,N,C,C,A,A,H,-,A,A,0,,,,,Y,,A,07,0,0,1,0,0,0,0,0,0,"- ","- ",,,"CONTRA COSTA","WALNUT CREEK",-122.03935241699219,37.917453765869141
9251401,2021,2021-04-19,0712,2021-03-30,1656,P481,21,2,5,5,0712,0,0,0,,0,002,"PARKSIDE DR","LAWRENCE WY",0.00,,Y,A,-,N,,,,,,,,,,Y,2,0,1,2,A,-,12,21453,,N,D,C,A,A,H,-,A,A,0,,,Y,,Y,,C,02,1,0,0,0,0,0,0,0,1,"- ","- ",,,"CONTRA COSTA","WALNUT CREEK",-122.06440734863281,37.911907196044922
9252063,2020,2021-04-27,0710,2020-09-28,0423,1767,CENTR,1,5,5,0710,0,0,0,,0,004,"22ND ST","BARRETT AV",0.00,,Y,-,-,N,,,,,,,,,,Y,4,0,1,2,A,-,12,21453,A,N,D,C,A,A,H,-,C,A,0,,,,,Y,,-,"- ",0,0,1,0,0,0,0,0,0,"- ","- ",37.938011169433594,-122.3477783203125,"CONTRA COSTA",RICHMOND,-122.34855651855469,37.938461303710938
9252064,2020,2021-04-30,0710,2020-09-30,1605,1730,NORTH,3,5,5,0710,0,0,0,,0,007,"BARRETT AV","37TH ST",0.00,,Y,A,-,N,,,,,,,,,,Y,4,0,1,2,D,-,00,,,N,B,C,A,A,H,-,A,A,0,,,,,Y,,-,"- ",0,0,1,0,0,0,0,0,0,"- ","- ",,,"CONTRA COSTA",RICHMOND,-122.3336181640625,37.936550140380859
9252065,2020,2021-04-27,0710,2020-09-28,1609,1730,NORTH,1,5,5,0710,0,0,0,,0,008,"HILLTOP DR","BLUME DR",0.00,,Y,A,-,N,,,,,,,,,,Y,4,0,1,2,A,-,09,21801,A,N,B,C,A,A,H,-,A,A,0,,,,,Y,,A,01,0,0,1,0,0,0,0,0,0,"- ","- ",,,"CONTRA COSTA",RICHMOND,-122.32424926757812,37.976829528808594
9252066,2020,2021-04-27,0710,2020-09-21,1043,1692,SOUTH,1,5,5,0710,0,0,0,,0,003,"CUTTING BL","S 26TH ST",0.00,,Y,A,-,N,,,,,,,,,,Y,4,0,1,2,D,-,00,,,N,D,C,A,A,H,-,A,A,0,,,,,Y,,-,"- ",0,0,1,0,0,0,0,0,0,"- ","- ",,,"CONTRA COSTA",RICHMOND,-122.34471130371094,37.925258636474609
9252067,2020,2021-04-27,0710,2020-09-21,1623,1687,CENTR,1,5,5,0710,0,0,0,,0,004,"MACDONALD AV","21ST ST",4.00,W,N,A,-,N,,,,,,,,,,,2,0,1,2,A,-,10,21950,A,F,G,B,B,A,H,-,A,A,0,Y,,,,Y,,A,01,1,0,0,0,1,0,0,0,0,"- ","- ",37.935558319091797,-122.34942626953125,"CONTRA COSTA",RICHMOND,-122.34957122802734,37.935741424560547
9252076,2020,2021-04-27,0710,2020-09-16,1230,1777,SOUTH,3,5,5,0710,0,0,0,,0,002,"HOFFMAN BL","MARINA WY SOUTH",0.00,,Y,B,-,N,,,,,,,,,,,2,0,2,3,A,-,10,21950,A,F,G,B,B,A,H,-,A,D,0,Y,,,,Y,,-,99,2,0,0,0,2,0,0,0,0,"- ","- ",37.922508239746094,-122.35610198974609,"CONTRA COSTA",RICHMOND,-122.35587310791016,37.922550201416016
9252077,2020,2021-04-27,0710,2020-09-17,1730,1424,CENTR,4,5,5,0710,0,0,0,,0,004,"ESMOND AV","18TH ST",0.00,,Y,A,-,N,,,,,,,,,,Y,4,0,2,5,A,-,12,22450,A,N,D,C,A,A,H,-,A,D,0,,,,Y,Y,,A,07,0,0,2,0,0,0,0,0,0,"- ","- ",37.945289611816406,-122.35221862792969,"CONTRA COSTA",RICHMOND,-122.35205841064453,37.94525146484375
9252078,2020,2021-04-27,0710,2020-09-25,2310,1662,CENTR,5,5,5,0710,0,0,0,,0,006,"RICHMOND PKWY","OHIO AV",650.00,N,N,A,-,N,,,,,,,,,,Y,4,0,1,2,A,-,08,22107,,N,D,C,A,A,H,-,C,D,0,,,,,Y,Y,A,01,0,0,1,0,0,0,0,0,0,"- ","- ",37.930870056152344,-122.37796783447266,"CONTRA COSTA",RICHMOND,-122.37680816650391,37.932365417480469
9252079,2020,2021-04-27,0710,2020-09-25,2340,1774,CENTR,5,5,5,0710,0,0,0,,0,004,"MACDONALD AV","23RD ST",0.00,,Y,A,-,N,,,,,,,,,,,4,0,2,2,A,-,08,22107,,M,A,C,A,A,H,-,C,A,0,,,,,Y,,-,99,0,0,2,0,0,0,0,0,0,"- ","- ",37.935531616210938,-122.34742736816406,"CONTRA COSTA",RICHMOND,-122.34754943847656,37.93572998046875
9252080,2020,2021-04-27,0710,2020-09-17,1754,1454,CENTR,4,5,5,0710,0,0,0,,0,006,"MACDONALD AV","3RD ST",3.00,S,N,A,-,N,,,,,,,,,,,4,0,1,2,A,-,03,22350,,N,D,C,A,A,H,-,A,A,0,,,,,Y,,-,"- ",0,0,1,0,0,0,0,0,0,"- ","- ",,,"CONTRA COSTA",RICHMOND,-122.36665344238281,37.935718536376953
9252081,2020,2021-04-28,0710,2020-09-23,1705,1799,CENTR,3,5,5,0710,0,0,0,,0,004,"13TH ST","GARVIN AV",36.00,N,N,A,-,N,,,,,,,,,,,4,0,1,2,A,-,08,22107,,F,B,G,A,A,H,-,A,D,0,,Y,,,Y,,A,01,0,0,1,0,0,0,1,0,0,"- ","- ",37.943489074707031,-122.35662078857422,"CONTRA COSTA",RICHMOND,-122.35761260986328,37.943901062011719
9252083,2020,2021-04-28,0710,2020-09-01,0830,1687,SOUTH,2,5,5,0710,0,0,0,,0,003,"CARLSON BL",BROADWAY,116.00,S,N,A,-,N,,,,,,,,,,,3,0,1,2,A,-,03,22350,,F,C,C,A,A,H,-,A,A,0,,,,,Y,,A,08,0,1,0,0,0,0,0,0,0,"- ","- ",37.931930541992188,-122.34747314453125,"CONTRA COSTA",RICHMOND,-122.34725952148438,37.931835174560547
9252084,2020,2021-04-28,0710,2020-09-02,2008,1592,SOUTH,3,5,5,0710,0,0,0,,0,003,"CUTTING BL","S 34TH ST",0.00,,Y,A,-,N,,,,,,,,,,Y,3,0,1,2,A,-,09,21801,A,N,D,C,A,A,H,-,C,D,0,,,,,Y,,A,01,0,1,0,0,0,0,0,0,0,"- ","- ",,,"CONTRA COSTA",RICHMOND,-122.33693695068359,37.925251007080078
9252085,2020,2021-04-28,0710,2020-09-02,1523,1791,NORTH,3,5,5,0710,0,0,0,,0,008,"BLUME DR","AUTO PZ W",0.00,N,N,A,-,N,,,,,,,,,,,4,0,2,2,A,-,12,22450,A,N,D,C,A,A,H,-,A,-,0,,,,,Y,,A,07,0,0,2,0,0,0,0,0,0,"- ","- ",37.982009887695312,-122.32064056396484,"CONTRA COSTA",RICHMOND,-122.32247161865234,37.98284912109375