CASE_ID,ACCIDENT_YEAR,PROC_DATE,JURIS,COLLISION_DATE,COLLISION_TIME,OFFICER_ID,REPORTING_DISTRICT,DAY_OF_WEEK,CHP_SHIFT,POPULATION,CNTY_CITY_LOC,SPECIAL_COND,BEAT_TYPE,CHP_BEAT_TYPE,CITY_DIVISION_LAPD,CHP_BEAT_CLASS,BEAT_NUMBER,PRIMARY_RD,SECONDARY_RD,DISTANCE,DIRECTION,INTERSECTION,WEATHER_1,WEATHER_2,STATE_HWY_IND,CALTRANS_COUNTY,CALTRANS_DISTRICT,STATE_ROUTE,ROUTE_SUFFIX,POSTMILE_PREFIX,POSTMILE,LOCATION_TYPE,RAMP_INTERSECTION,SIDE_OF_HWY,TOW_AWAY,COLLISION_SEVERITY,NUMBER_KILLED,NUMBER_INJURED,PARTY_COUNT,PRIMARY_COLL_FACTOR,PCF_CODE_OF_VIOL,PCF_VIOL_CATEGORY,PCF_VIOLATION,PCF_VIOL_SUBSECTION,HIT_AND_RUN,TYPE_OF_COLLISION,MVIW,PED_ACTION,ROAD_SURFACE,ROAD_COND_1,ROAD_COND_2,LIGHTING,CONTROL_DEVICE,CHP_ROAD_TYPE,PEDESTRIAN_ACCIDENT,BICYCLE_ACCIDENT,MOTORCYCLE_ACCIDENT,TRUCK_ACCIDENT,NOT_PRIVATE_PROPERTY,ALCOHOL_INVOLVED,STWD_VEHTYPE_AT_FAULT,CHP_VEHTYPE_AT_FAULT,COUNT_SEVERE_INJ,COUNT_VISIBLE_INJ,COUNT_COMPLAINT_PAIN,COUNT_PED_KILLED,COUNT_PED_INJURED,COUNT_BICYCLIST_KILLED,COUNT_BICYCLIST_INJURED,COUNT_MC_KILLED,COUNT_MC_INJURED,PRIMARY_RAMP,SECONDARY_RAMP,LATITUDE,LONGITUDE,COUNTY,CITY,POINT_X,POINT_Y
9349880,2021,2021-10-26,0710,2021-08-23,1217,1687,CENTR,1,5,5,0710,0,0,0,,0,006,"COLLINS ST","MACDONALD AV",193.00,S,N,A,-,N,,,,,,,,,,N,3,0,1,1,A,-,03,22350,,N,E,I,A,A,H,-,A,D,0,,,Y,,Y,,C,02,0,1,0,0,0,0,0,0,1,"- ","- ",,,"CONTRA COSTA",RICHMOND,-122.37118530273438,37.934921264648438
9350008,2021,2021-11-05,0714,2021-09-25,2300,166,14,6,5,4,0714,0,0,0,,0,003,"ARNOLD DR","MORELLO AV",0.00,,Y,A,-,N,,,,,,,,,,N,4,0,1,1,A,-,08,22107,,N,E,I,A,A,H,-,C,D,0,,,,,Y,,A,01,0,0,1,0,0,0,0,0,0,"- ","- ",37.993801116943359,-122.10066223144531,"CONTRA COSTA",MARTINEZ,-122.10060119628906,37.993858337402344
9350009,2021,2021-11-05,0714,2021-09-15,1403,101,"10 2",3,5,4,0714,0,0,0,,0,001,"BROOKSIDE AV",ESTUDILLO,45.00,W,N,A,-,N,,,,,,,,,,N,3,0,1,2,A,-,03,22350,,F,A,D,A,A,H,-,A,D,0,,,,,Y,,A,01,0,1,0,0,0,0,0,0,0,"- ","- ",38.001018524169922,-122.12841033935547,"CONTRA COSTA",MARTINEZ,-122.12961578369141,37.998207092285156
9350010,2021,2021-11-05,0714,2021-09-12,0726,165,"23 3",7,5,4,0714,0,0,0,,0,002,"BLUE RIDGE","LAS ANIMAS",0.00,,Y,A,-,N,,,,,,,,,,Y,3,0,1,1,A,-,03,22350,A,N,E,I,A,A,H,-,A,D,0,,,,,Y,,A,01,0,1,0,0,0,0,0,0,0,"- ","- ",37.960121154785156,-122.09596252441406,"CONTRA COSTA",MARTINEZ,-122.09614562988281,37.959877014160156
9350024,2021,2021-11-08,0700,2021-09-15,1717,70451,,3,5,3,0715,0,0,0,,0,040,"MORAGA BL","VICTORIA AV E",0.00,,Y,A,-,N,,,,,,,,,,N,2,0,1,2,A,-,12,22450,A,N,D,G,A,A,H,-,A,A,0,,Y,,,Y,,L,04,1,0,0,0,0,0,1,0,0,"- ","- ",37.889850616455078,-122.10407257080078,"CONTRA COSTA",LAFAYETTE,-122.10691833496094,37.890972137451172
9351626,2021,2021-11-10,0716,2021-09-10,1743,171,R1,5,5,3,0716,0,0,0,,0,001,"MORAGA RD","CAMPOLIONDO DR",0.00,,Y,A,-,N,,,,,,,,,,Y,3,0,1,2,A,-,12,21453,A,N,D,C,A,A,H,-,A,A,0,,,,,Y,,A,01,0,1,0,0,0,0,0,0,0,"- ","- ",,,"CONTRA COSTA",MORAGA,-122.12522125244141,37.868419647216797
9351844,2021,2021-11-19,0700,2021-10-03,1721,032,OAKLE,7,5,3,0734,0,0,0,,0,052,"E CYPRESS RD","MAIN ST",570.00,E,N,A,-,N,,,,,,,,,,Y,3,0,1,3,A,-,03,22350,,N,C,C,A,A,H,-,A,A,0,,,,,Y,,A,01,0,1,0,0,0,0,0,0,0,"- ","- ",,,"CONTRA COSTA",OAKLEY,-121.69532775878906,37.990745544433594
9352856,2021,2021-11-12,0740,2021-09-20,1458,SR076,SR,1,5,4,0791,0,0,0,,0,005,"BOLLINGER CANYON","S GALE RIDGE RD",0.00,,Y,A,-,N,,,,,,,,,,Y,4,0,1,2,A,-,03,22350,,N,C,C,A,A,H,-,A,A,0,,,,,Y,,A,08,0,0,1,0,0,0,0,0,0,"- ","- ",37.772689819335938,-121.93154907226562,"CONTRA COSTA","SAN RAMON",-121.93150329589844,37.772190093994141
9352857,2021,2021-11-12,0740,2021-09-13,1550,SR076,SR,1,5,4,0791,0,0,0,,0,002,"MONTEVIDEO DR","IRON HORSE TRL",0.00,W,N,A,-,N,,,,,,,,,,N,3,0,1,2,A,-,09,21804,A,N,D,G,A,A,H,-,A,A,0,,Y,,,Y,,L,04,0,1,0,0,0,0,1,0,0,"- ","- ",37.753528594970703,-121.94756317138672,"CONTRA COSTA","SAN RAMON",-121.94760131835938,37.753559112548828
9353093,2021,2021-11-09,0740,2021-10-14,0808,SR120,SR72,4,5,4,0791,0,0,0,,0,005,"DOUGHERTY RD","BOLLINGER CANYON  RD",0.00,,Y,-,-,N,,,,,,,,,,N,3,0,1,2,A,-,12,21453,A,N,D,G,A,A,-,-,A,A,0,,Y,,,Y,,L,04,0,1,0,0,0,0,1,0,0,"- ","- ",37.770198822021484,-121.92664337158203,"CONTRA COSTA","SAN RAMON",-121.92510986328125,37.7735595703125
9353094,2021,2021-11-09,0740,2021-10-05,1020,SR076,SR,2,5,4,0791,0,0,0,,0,003,"CROW CANYON RD","EL CAPITAN",0.00,E,N,A,-,N,,,,,,,,,,N,4,0,1,2,A,-,03,22350,,N,C,C,A,A,H,-,A,A,0,,,,,Y,,A,01,0,0,1,0,0,0,0,0,0,"- ","- ",37.781459808349609,-121.96394348144531,"CONTRA COSTA","SAN RAMON",-121.96225738525391,37.7825927734375
9354006,2021,2021-12-27,0709,2021-11-02,1914,475,,2,5,4,0709,0,0,0,,0,001,"CONTRA COSTA BL","DORAY DR",0.00,,Y,A,-,N,,,,,,,,,,Y,2,0,2,2,A,-,12,21453,A,N,H,C,A,A,H,-,C,A,0,,,,,Y,,A,01,1,1,0,0,0,0,0,0,0,"- ","- ",37.954818725585938,-122.06022644042969,"CONTRA COSTA","PLEASANT HILL",-122.06024169921875,37.954807281494141
9354761,2021,2021-11-03,0702,2021-09-24,1737,629D,307B,5,5,3,0702,0,0,0,,0,003,"BRENTWOOD BL","CENTRAL BL",117.00,N,N,A,-,N,,,,,,,,,,Y,3,0,1,3,A,-,03,22350,,N,C,C,A,A,H,-,A,A,0,,,,,Y,,A,01,0,1,0,0,0,0,0,0,0,"- ","- ",37.939781188964844,-121.69622039794922,"CONTRA COSTA",BRENTWOOD,-121.69622039794922,37.940101623535156
9354762,2021,2021-11-03,0702,2021-09-11,0118,5891,311B,6,5,3,0702,0,0,0,,0,003,"NOTTINGHAM DR","MCCLARREN RD",188.00,N,N,A,-,N,,,,,,,,,,Y,3,0,1,2,A,-,01,23152,A,N,A,E,A,A,H,-,C,D,0,,,,,Y,Y,A,07,0,1,0,0,0,0,0,0,0,"- ","- ",37.929828643798828,-121.70469665527344,"CONTRA COSTA",BRENTWOOD,-121.70441436767578,37.929767608642578
9354763,2021,2021-11-04,0702,2021-09-10,0746,631A,426B,5,5,3,0702,0,0,0,,0,004,"MOUNTAIN VIEW DR","BALFOUR RD",0.00,,Y,A,-,N,,,,,,,,,,N,3,0,1,2,A,-,12,22450,A,N,D,G,A,A,H,-,A,A,0,,Y,,,Y,,A,07,0,1,0,0,0,0,1,0,0,"- ","- ",,,"CONTRA COSTA",BRENTWOOD,-121.75078582763672,37.925216674804688
9354764,2021,2021-11-04,0702,2021-09-07,1648,522R,422B,2,5,3,0702,0,0,0,,0,004,"BALFOUR RD","ARMSTRONG WY",0.00,,Y,A,-,N,,,,,,,,,,Y,3,0,1,2,A,-,08,22107,,N,D,C,A,A,H,-,A,D,0,,,,,Y,,A,01,0,1,0,0,0,0,0,0,0,"- ","- ",37.925559997558594,-121.69213104248047,"CONTRA COSTA",BRENTWOOD,-121.69218444824219,37.925559997558594
9354787,2021,2021-11-02,0702,2021-08-19,1135,558T,2A01B,4,5,3,0702,0,0,0,,0,002,"BRENTWOOD BL","LONE TREE WY",15.00,S,N,A,-,N,,,,,,,,,,N,4,0,2,2,A,-,03,22350,,M,C,C,A,A,H,-,A,A,0,,,,,Y,Y,A,08,0,0,2,0,0,0,0,0,0,"- ","- ",37.961589813232422,-121.69609069824219,"CONTRA COSTA",BRENTWOOD,-121.69609069824219,37.9615478515625
9355010,2021,2021-11-04,0702,2021-07-08,0815,610B,204B,4,5,3,0702,0,0,0,,0,002,"GARIN PKY","JENNIFER CT",0.00,,Y,A,-,N,,,,,,,,,,N,3,0,1,2,A,-,08,22107,,N,B,C,A,A,H,-,A,D,0,,,,,Y,,A,01,0,1,0,0,0,0,0,0,0,"- ","- ",37.943470001220703,-121.68721008300781,"CONTRA COSTA",BRENTWOOD,-121.68721008300781,37.943470001220703
9355480,2021,2021-11-24,0702,2021-08-20,1723,600I,308B,5,5,3,0702,0,0,0,,0,003,"BRENTWOOD BL","BRENTWOOD BL 8530",10.00,W,N,A,-,N,,,,,,,,,,N,4,0,2,2,A,-,04,21703,,M,C,C,A,A,H,-,A,D,0,,,,,Y,,D,22,0,0,2,0,0,0,0,0,0,"- ","- ",37.929039001464844,-121.69357299804688,"CONTRA COSTA",BRENTWOOD,-121.69375610351562,37.928920745849609
9355484,2021,2021-11-24,0702,2021-08-26,1553,490M,127B,4,5,3,0702,0,0,0,,0,001,"APRICOT WY",FIORITA,391.00,W,N,A,-,N,,,,,,,,,,Y,3,0,1,3,A,-,01,23152,A,N,A,C,A,A,H,-,A,D,0,,,,,Y,Y,D,73,0,1,0,0,0,0,0,0,0,"- ","- ",37.949260711669922,-121.72561645507812,"CONTRA COSTA",BRENTWOOD,-121.72672271728516,37.949886322021484
9355492,2021,2021-11-24,0702,2021-08-31,2210,509R,324B,2,5,3,0702,0,0,0,,0,003,"SELLERS AV","BALFOUR RD",0.00,,Y,A,-,N,,,,,,,,,,Y,3,0,2,2,A,-,12,22450,A,N,D,C,A,A,H,-,C,A,0,,,,,Y,,D,22,0,2,0,0,0,0,0,0,0,"- ","- ",37.93280029296875,-121.67790222167969,"CONTRA COSTA",BRENTWOOD,-121.67794036865234,37.925567626953125
9355500,2021,2021-11-05,0702,2021-09-04,0042,6061,202B,6,5,3,0702,0,0,0,,0,002,"BRENTWOOD BL","HOMECOMING WY",175.00,N,N,A,-,N,,,,,,,,,,Y,3,0,1,2,A,-,01,23152,A,N,A,C,A,A,H,-,C,D,0,,,,,Y,Y,D,22,0,1,0,0,0,0,0,0,0,"- ","- ",37.954288482666016,-121.6961669921875,"CONTRA COSTA",BRENTWOOD,-121.69615936279297,37.955692291259766
9355508,2021,2021-11-05,0702,2021-09-09,0731,604A,426B,4,5,3,0702,0,0,0,,0,004,"LAKEVIEW DR","SILVERMERE CT",104.00,W,N,A,-,N,,,,,,,,,,Y,3,0,1,2,A,-,08,22107,,N,C,C,A,A,H,-,A,D,0,,,,,Y,,D,22,0,1,0,0,0,0,0,0,0,"- ","- ",37.929931640625,-121.74787139892578,"CONTRA COSTA",BRENTWOOD,-121.74788665771484,37.930233001708984
9355512,2021,2021-11-18,0702,2021-09-11,1722,543D,431B,6,5,3,0702,0,0,0,,0,004,"BALFOUR RD","RT 4",0.00,,Y,A,-,Y,CC,4,4,-,R,35.475,R,4,E,Y,3,0,2,2,A,-,08,22107,,N,D,C,A,A,H,-,A,A,0,,,,,Y,,A,01,0,2,0,0,0,0,0,0,0,"- ",EF,37.92572021484375,-121.73478698730469,"CONTRA COSTA",BRENTWOOD,-121.73355865478516,37.927017211914062
9355553,2021,2021-10-27,0710,2021-08-21,1548,1716,CENTR,6,5,5,0710,0,0,0,,0,004,"15TH ST","LINCOLN AV",0.00,,Y,A,-,N,,,,,,,,,,N,2,0,3,2,A,-,09,21802,A,F,D,C,A,A,H,-,A,A,0,,,,,Y,,A,01,1,0,2,0,0,0,0,0,0,"- ","- ",37.946060180664062,-122.35566711425781,"CONTRA COSTA",RICHMOND,-122.35552978515625,37.945953369140625
9355666,2021,2021-10-25,0710,2021-08-01,1903,1655,,7,5,5,0710,0,0,0,,0,,"28TH ST","DOWNER AV",0.00,,N,A,-,N,,,,,,,,,,N,4,0,1,2,A,-,09,21804,,N,D,G,A,A,H,-,A,D,0,,Y,,,Y,Y,A,01,0,0,1,0,0,0,1,0,0,"- ","- ",37.941318511962891,-122.34111785888672,"CONTRA COSTA",RICHMOND,-122.3409423828125,37.942981719970703
9355975,2021,2021-11-05,0709,2021-10-19,1615,443,2030,2,5,4,0709,0,0,0,,0,022,"GOLF CLUB RD","COLLEGE DR",0.00,,Y,A,-,N,,,,,,,,,,N,4,0,1,2,A,-,05,21650,1,N,A,G,A,A,H,-,A,D,0,,Y,,,Y,,L,04,0,0,1,0,0,0,1,0,0,"- ","- ",37.971778869628906,-122.06585693359375,"CONTRA COSTA","PLEASANT HILL",-122.06507110595703,37.971603393554688
9356715,2021,2021-11-10,0700,2021-10-14,0856,013,DELTA,4,5,3,0734,0,0,0,,0,051,"LAUREL RD","LIVE OAK AV",171.00,E,N,A,-,N,,,,,,,,,,,4,0,1,2,A,-,03,22350,,N,C,C,A,A,H,-,A,D,0,,,,,Y,,A,07,0,0,1,0,0,0,0,0,0,"- ","- ",37.981098175048828,-121.74109649658203,"CONTRA COSTA",OAKLEY,-119.6514892578125,37.335159301757812
93568893,2024,2024-08-05,9320,2024-07-27,1522,019850,,6,2,4,0714,0,1,1,,2,684,"I-680 N/B","MOCOCO RD",100.00,S,N,A,-,Y,CC,,680," "," ",24.457,H,,R,Y,4,0,2,2,A,-,08,22107,,N,B,C,A,A,H,-,A,A,0,,,,,Y,,A,07,0,0,2,0,0,0,0,0,0,"- ","- ",38.026130676269531,-122.11300659179688,"CONTRA COSTA",MARTINEZ,-122.11302185058594,38.026115417480469
9356948,2021,2021-11-09,0700,2021-09-19,2109,041,,7,5,3,0734,0,0,0,,0,,"BETHEL ISLAND RD","CYPRESS RD",2000.00,N,N,A,-,N,,,,,,,,,,N,4,0,1,2,A,-,01,23152,A,N,A,C,A,A,H,-,C,D,0,,,,,Y,Y,A,01,0,0,1,0,0,0,0,0,0,"- ","- ",37.991340637207031,-121.64109802246094,"CONTRA COSTA",OAKLEY,-121.64131164550781,37.996852874755859
93572809,2024,2024-08-05,9320,2024-07-24,"610 ",022525,,3,1,9,0700,0,1,3,,2,403,"SR-4 WB","BAILEY RD",780.00,E,N,A,-,Y,CC,,4," ",R,20.277,H,,L,Y,4,0,1,3,A,-,07,21658,A,N,B,2,A,A,H,-,A,A,0,,,Y,,Y,,C,02,0,0,1,0,0,0,0,0,1,"- ","- ",38.019100189208984,-121.93901824951172,"CONTRA COSTA",UNINCORPORATED,-121.93901824951172,38.019111633300781
9357332,2021,2021-12-06,0709,2021-10-08,2342,70,1360,5,5,4,0709,0,0,0,,0,001,"PLEASANT HILL RD","ACKLEY CT",152.00,S,N,A,-,N,,,,,,,,,,Y,3,0,1,1,A,-,01,23152,A,M,A,J,A,A,H,-,C,D,0,,,,,Y,Y,A,01,0,1,0,0,0,0,0,0,0,"- ","- ",37.933330535888672,-122.08500671386719,"CONTRA COSTA","PLEASANT HILL",-122.08499908447266,37.933650970458984
9357333,2021,2021-12-06,0709,2021-10-12,0746,425,1070,2,5,4,0709,0,0,0,,0,002,"MORELLO AV","VIKING DR",0.00,,Y,A,-,N,,,,,,,,,,N,3,0,1,2,A,-,00,21084,,N,D,C,A,A,H,-,A,D,0,,,,,Y,,A,01,0,1,0,0,0,0,0,0,0,"- ","- ",37.964061737060547,-122.07958221435547,"CONTRA COSTA","PLEASANT HILL",-122.07958984375,37.964015960693359
9357334,2021,2021-12-06,0709,2021-10-16,0950,480,3001,6,5,4,0709,0,0,0,,0,002,"CONTRA COSTA BL","RT 680",0.00,,Y,A,-,N,,,,,,,,,,Y,3,0,2,3,A,-,12,21453,A,N,D,C,A,A,H,-,A,A,0,,,,,Y,,A,01,0,1,1,0,0,0,0,0,0,"- ",SF,37.976058959960938,-122.06555938720703,"CONTRA COSTA","PLEASANT HILL",-122.06040954589844,37.936092376708984
9359106,2021,2021-11-15,0702,2021-08-30,0845,542E,308B,1,5,3,0702,0,0,0,,0,003,"BALFOUR RD","MALAGA WY",0.00,,Y,A,-,N,,,,,,,,,,N,3,0,1,2,D,-,00,,,N,G,B,B,A,H,-,A,D,0,Y,,,,Y,,-,"- ",0,1,0,0,1,0,0,0,0,"- ","- ",37.9256591796875,-121.04147338867188,"CONTRA COSTA",BRENTWOOD,-121.68489837646484,37.9256591796875
9359107,2021,2021-11-12,0700,2021-08-16,1657,543D,,1,5,3,0734,0,0,0,,0,OUT,"EAST CYPRESS RD","DELANEY PKWY",38.00,W,N,A,-,N,,,,,,,,,,Y,3,0,1,2,A,-,03,22350,,M,C,C,A,A,H,-,A,A,0,,,,,Y,Y,A,01,0,1,0,0,0,0,0,0,0,"- ","- ",37.990680694580078,-121.67745971679688,"CONTRA COSTA",OAKLEY,-121.67300415039062,37.990650177001953
9359108,2021,2021-11-12,0702,2021-08-13,1430,490,228B,5,5,3,0702,0,0,0,,0,002,"OHARA AV","OHARA LN",324.00,N,N,A,-,N,,,,,,,,,,Y,3,0,2,2,A,-,03,22350,,N,C,C,A,A,H,-,A,A,0,,,,,Y,,A,01,0,2,0,0,0,0,0,0,0,"- ","- ",37.959701538085938,-121.71404266357422,"CONTRA COSTA",BRENTWOOD,-121.71410369873047,37.958839416503906
9359254,2021,2021-11-29,0709,2021-10-31,0555,466,3100,7,5,4,0709,0,0,0,,0,001,"CONTRA COSTA BL","WOODSWORTH LN",0.00,,Y,A,-,N,,,,,,,,,,Y,4,0,1,1,-,-,"- ",,,N,A,I,A,A,H,-,C,A,0,,,,,Y,,-,"- ",0,0,1,0,0,0,0,0,0,"- ","- ",37.950168609619141,-122.06008148193359,"CONTRA COSTA","PLEASANT HILL",-122.06025695800781,37.950183868408203
9359255,2021,2021-11-29,0709,2021-10-23,1615,471,3120,6,5,4,0709,0,0,0,,0,001,"GREGORY LN","CONTRA COSTA BL",0.00,,Y,A,-,N,,,,,,,,,,N,3,0,1,2,A,-,12,21453,A,N,D,C,A,A,H,-,A,A,0,,,,,Y,,A,01,0,1,0,0,0,0,0,0,0,"- ","- ",37.947921752929688,-122.060302734375,"CONTRA COSTA","PLEASANT HILL",-122.06028747558594,37.948013305664062
9359268,2021,2021-11-30,0740,2021-10-19,1957,SR110,SR,2,5,4,0791,0,0,0,,0,BEAT3,"NORRIS CANYON RD","NORRIS CANYON RD 4450",0.00,,Y,A,-,N,,,,,,,,,,N,4,0,1,2,A,-,09,21804,A,N,D,G,A,A,-,-,C,D,0,,,,,Y,,-,,0,0,1,0,0,0,0,0,0,"- ","- ",37.773960113525391,-121.97036743164062,"CONTRA COSTA","SAN RAMON",-121.96060943603516,37.777355194091797
9359413,2021,2021-11-15,0709,2021-10-16,2030,467,3150,6,5,4,0709,0,0,0,,0,001,"MONUMENT BL","MARCIA DR",205.00,E,N,A,-,N,,,,,,,,,,Y,4,0,2,2,A,-,03,22350,,N,C,C,A,A,H,-,C,D,0,,,,,Y,,A,01,0,0,2,0,0,0,0,0,0,"- ","- ",37.945598602294922,-122.05370330810547,"CONTRA COSTA","PLEASANT HILL",-122.05405426025391,37.945892333984375
9359486,2021,2021-11-19,0705,2021-09-26,0356,E200,PATRO,7,5,3,0705,0,0,0,,0,010,"SAN PABLO AV","CARLSON BL",0.00,,Y,A,-,Y,CC,4,123,-,-,0.060,I,5,S,Y,4,0,1,2,A,-,01,23152,A,N,D,C,A,A,H,-,C,A,0,,,,,Y,Y,A,01,0,0,1,0,0,0,0,0,0,"- ","- ",37.898971557617188,-122.30185699462891,"CONTRA COSTA","EL CERRITO",-122.30191802978516,37.899135589599609
9359490,2021,2021-11-20,0740,2021-09-18,1135,S113,SR,6,5,4,0791,0,0,0,,0,004,"ALCOSTA BL","THUNDERBIRD DR",330.00,S,N,A,-,N,,,,,,,,,,Y,3,0,1,2,A,-,07,21658,A,N,A,I,A,A,H,-,A,D,0,,,,,Y,,D,22,0,1,0,0,0,0,0,0,0,"- ","- ",37.740631103515625,-121.92828369140625,"CONTRA COSTA","SAN RAMON",-121.9259033203125,37.738121032714844
9360204,2021,2021-12-30,0714,2021-10-02,2217,170,01,6,5,4,0714,0,0,0,,0,001,"MARINA VISTA AV","RT 680",0.00,,Y,A,-,Y,CC,4,680,-,-,24.391,R,4,S,Y,3,0,1,2,A,-,01,23152,A,N,D,C,A,A,H,-,D,D,0,,,,Y,Y,Y,A,01,0,1,0,0,0,0,0,0,0,"- ",NF,38.024349212646484,-122.10984802246094,"CONTRA COSTA",MARTINEZ,-122.11174011230469,38.025196075439453
9360649,2021,2021-11-30,0707,2021-10-09,0011,2161430,,6,5,3,0707,0,0,0,,0,001,"PINOLE VALLEY RD","RT 80",14.00,W,N,A,-,N,,,,,,,,,,Y,3,0,1,1,A,-,03,22350,,M,A,I,A,A,H,-,C,A,0,,,,,Y,,A,01,0,1,0,0,0,0,0,0,0,"- ",WF,,,"CONTRA COSTA",PINOLE,-122.28610992431641,37.997119903564453
9360831,2021,2022-03-21,0714,2021-10-22,1049,116,18-4,5,5,4,0714,0,0,0,,0,,MORRELO,"RT 4",0.00,,Y,A,-,Y,CC,4,4,-,R,10.175,R,4,W,Y,3,0,1,2,A,-,12,21453,A,N,D,C,A,A,H,-,A,A,0,,,,,Y,,A,07,0,1,0,0,0,0,0,0,0,"- ",WO,37.944789886474609,-120.94035339355469,"CONTRA COSTA",MARTINEZ,-122.10352325439453,37.993106842041016
9360832,2021,2021-11-23,0714,2021-10-15,1633,165,10-2,5,5,4,0714,0,0,0,,0,001,"ALHAMBRA AV","ALHAMBRA WY",0.00,,Y,A,-,N,,,,,,,,,,N,4,0,1,2,A,-,04,21703,,N,C,C,A,A,H,-,A,A,0,,,,,Y,,A,07,0,0,1,0,0,0,0,0,0,"- ","- ",37.998439788818359,-122.13159942626953,"CONTRA COSTA",MARTINEZ,-122.13208770751953,37.998928070068359
9360833,2021,2021-11-23,0714,2021-10-14,2103,173,16,4,5,4,0714,0,0,0,,0,003,"ALHAMBRA AV","RT 4",0.00,,Y,A,-,N,,,,,,,,,,Y,3,0,1,2,A,-,12,21453,A,N,D,C,A,A,H,-,C,A,0,,,,,Y,,A,01,0,1,0,0,0,0,0,0,0,"- ",EF,37.9893798828125,-122.12933349609375,"CONTRA COSTA",MARTINEZ,-122.13002777099609,37.990737915039062
9360835,2021,2021-12-07,0714,2021-10-01,1606,174,05-1,5,5,4,0714,0,0,0,,0,001,"ESTUDILLO ST","HAVEN ST",0.00,,Y,A,-,N,,,,,,,,,,N,4,0,1,2,A,-,11,21954,A,N,G,B,D,A,H,-,A,D,0,Y,,,,Y,,N,60,0,0,1,0,1,0,0,0,0,"- ","- ",38.012821197509766,-122.13253784179688,"CONTRA COSTA",MARTINEZ,-122.13253021240234,38.012813568115234
9361931,2021,2021-12-06,0710,2021-09-18,2100,1749,CENTR,6,5,5,0710,0,0,0,,0,004,"MACDONALD AV","22ND ST",0.00,,Y,A,-,N,,,,,,,,,,,4,0,1,2,A,-,09,21804,A,F,G,B,B,A,H,-,C,A,0,Y,,,,Y,,D,72,0,0,1,0,1,0,0,0,0,"- ","- ",37.935550689697266,-122.34845733642578,"CONTRA COSTA",RICHMOND,-122.34857940673828,37.935737609863281
9361939,2021,2021-11-29,0710,2021-09-01,1218,1776,NORTH,3,5,5,0710,0,0,0,,0,008,"RICHMOND PKWY","BLUME DR",30.00,E,N,A,-,N,,,,,,,,,,N,3,0,1,2,A,-,08,22107,,N,D,D,A,A,H,-,A,A,0,,,,,Y,Y,A,01,0,1,0,0,0,0,0,0,0,"- ","- ",37.987049102783203,-122.31694030761719,"CONTRA COSTA",RICHMOND,-122.31685638427734,37.986900329589844
9361947,2021,2021-12-16,0710,2021-09-08,1152,1483,SOUTH,3,5,5,0710,0,0,0,,0,002,"CUTTING BL","MARINA WY",135.00,E,N,A,-,N,,,,,,,,,,Y,3,0,2,2,A,-,03,22350,,N,A,E,A,A,H,-,A,D,0,,,,,Y,,D,22,0,1,1,0,0,0,0,0,0,"- ","- ",37.925151824951172,-122.35601806640625,"CONTRA COSTA",RICHMOND,-122.35540008544922,37.925201416015625
9361962,2021,2021-12-06,0710,2021-09-28,1303,1687,SOUTH,2,5,5,0710,0,0,0,,0,003,"CUTTING BL","S 37TH ST",0.00,,Y,A,-,N,,,,,,,,,,,4,0,1,2,A,-,09,21801,A,N,H,A,A,A,H,-,A,A,0,,,Y,,Y,,D,22,0,0,1,0,0,0,0,0,1,"- ","- ",,,"CONTRA COSTA",RICHMOND,-122.33429718017578,37.925342559814453
9361966,2021,2021-11-30,0710,2021-09-21,1355,1483,,2,5,5,0710,0,0,0,,0,,"W CUTTING BL","CANAL BL",1307.00,E,N,A,-,N,,,,,,,,,,Y,4,0,1,2,A,-,09,21800,B,N,D,C,A,A,H,-,A,D,0,,,,,Y,,E,22,0,0,1,0,0,0,0,0,0,"- ","- ",,,"CONTRA COSTA",RICHMOND,-122.3736572265625,37.925289154052734
9361970,2021,2021-11-19,0710,2021-09-25,1554,1655,CENTR,6,5,5,0710,0,0,0,,0,005,"BARRETT AV","HARBOUR WY",0.00,,Y,A,-,N,,,,,,,,,,Y,4,0,2,4,A,-,09,21800,A,N,A,C,A,A,H,-,A,A,0,,,,,Y,Y,A,07,0,0,2,0,0,0,0,0,0,"- ","- ",37.938430786132812,-122.35984039306641,"CONTRA COSTA",RICHMOND,-122.36006164550781,37.938358306884766
9361978,2021,2021-12-06,0710,2021-09-30,0739,1687,NORTH,4,5,5,0710,0,0,0,,0,007,"BARRETT AV","CENTER ST",92.00,E,N,A,F,N,,,,,,,,,,Y,4,0,3,2,A,-,03,22350,,N,C,C,A,A,H,-,B,D,0,,,,,Y,,A,01,0,0,3,0,0,0,0,0,0,"- ","- ",37.937889099121094,-122.34430694580078,"CONTRA COSTA",RICHMOND,-122.34203338623047,37.937705993652344
9361982,2021,2022-01-06,0710,2021-09-20,0600,1343,SOUTH,1,5,5,0710,0,0,0,,0,003,"CENTRAL AV","RYDIN RD",235.00,W,N,A,-,N,,,,,,,,,,N,2,0,1,1,A,-,08,22107,,N,E,I,A,A,H,-,C,D,0,,,,,Y,,D,72,1,0,0,0,0,0,0,0,0,"- ","- ",37.89984130859375,-122.31671905517578,"CONTRA COSTA",RICHMOND,-122.31748199462891,37.899494171142578