CASE_ID,ACCIDENT_YEAR,PROC_DATE,JURIS,COLLISION_DATE,COLLISION_TIME,OFFICER_ID,REPORTING_DISTRICT,DAY_OF_WEEK,CHP_SHIFT,POPULATION,CNTY_CITY_LOC,SPECIAL_COND,BEAT_TYPE,CHP_BEAT_TYPE,CITY_DIVISION_LAPD,CHP_BEAT_CLASS,BEAT_NUMBER,PRIMARY_RD,SECONDARY_RD,DISTANCE,DIRECTION,INTERSECTION,WEATHER_1,WEATHER_2,STATE_HWY_IND,CALTRANS_COUNTY,CALTRANS_DISTRICT,STATE_ROUTE,ROUTE_SUFFIX,POSTMILE_PREFIX,POSTMILE,LOCATION_TYPE,RAMP_INTERSECTION,SIDE_OF_HWY,TOW_AWAY,COLLISION_SEVERITY,NUMBER_KILLED,NUMBER_INJURED,PARTY_COUNT,PRIMARY_COLL_FACTOR,PCF_CODE_OF_VIOL,PCF_VIOL_CATEGORY,PCF_VIOLATION,PCF_VIOL_SUBSECTION,HIT_AND_RUN,TYPE_OF_COLLISION,MVIW,PED_ACTION,ROAD_SURFACE,ROAD_COND_1,ROAD_COND_2,LIGHTING,CONTROL_DEVICE,CHP_ROAD_TYPE,PEDESTRIAN_ACCIDENT,BICYCLE_ACCIDENT,MOTORCYCLE_ACCIDENT,TRUCK_ACCIDENT,NOT_PRIVATE_PROPERTY,ALCOHOL_INVOLVED,STWD_VEHTYPE_AT_FAULT,CHP_VEHTYPE_AT_FAULT,COUNT_SEVERE_INJ,COUNT_VISIBLE_INJ,COUNT_COMPLAINT_PAIN,COUNT_PED_KILLED,COUNT_PED_INJURED,COUNT_BICYCLIST_KILLED,COUNT_BICYCLIST_INJURED,COUNT_MC_KILLED,COUNT_MC_INJURED,PRIMARY_RAMP,SECONDARY_RAMP,LATITUDE,LONGITUDE,COUNTY,CITY,POINT_X,POINT_Y
94019271,2024,2024-08-09,9320,2024-08-08,"415 ",016094,,4,3,9,0700,0,2,4,,2,095,"MARSH CREEK RD E/B","13980 MARSH CREEK RD",42.00,E,N,A,-,N,,,,,,,,,,Y,3,0,1,1,A,-,08,22107,,N,E,J,A,A,H,-,D,D,0,,,,,Y,,A,01,0,1,0,0,0,0,0,0,0,"- ","- ",37.884719848632812,-121.83199310302734,"CONTRA COSTA",UNINCORPORATED,-121.71257781982422,37.895832061767578
94020694,2024,2024-08-12,9320,2024-07-28,"140 ",023028,,7,3,3,0702,0,1,3,,2,405,"SR-4 W/B","BALFOUR RD",3942.00,W,N,A,-,Y,CC,,4," ",M,34.850,H,,L,Y,2,0,1,1,A,-,08,22107,,N,E,I,A,A,H,-,C,A,0,,,,,Y,,A,01,1,0,0,0,0,0,0,0,0,"- ","- ",37.9356689453125,-121.73754119873047,"CONTRA COSTA",BRENTWOOD,-121.73757171630859,37.935661315917969
94020698,2024,2024-08-12,9320,2024-07-25,1350,023783,,4,1,9,0700,0,2,4,,2,012,"GREENRIDGE DRIVE","SAN PABLO DAM ROAD",0.00,,Y,A,-,N,,,,,,,,,,Y,4,0,5,2,A,-,09,21802,A,N,D,C,A,A,H,-,A,A,0,,,,,Y,,A,01,0,0,5,0,0,0,0,0,0,"- ","- ",37.963951110839844,-122.29608917236328,"CONTRA COSTA",UNINCORPORATED,-122.29598999023438,37.963951110839844
94020768,2024,2024-08-12,9370,2024-08-03,1435,023801,,6,2,5,0710,0,1,1,,2,082,"I-80 W/B","BARRETT AVE",1005.00,E,N,A,-,Y,CC,,80," "," ",3.021,H,,L,N,3,0,2,1,A,-,08,22107,,N,E,J,A,A,H,-,A,D,0,,,,,Y,,A,01,0,1,1,0,0,0,0,0,0,"- ","- ",37.93817138671875,-122.325927734375,"CONTRA COSTA",RICHMOND,-122.32581329345703,37.938129425048828
94020805,2024,2024-08-12,9320,2024-07-30,"900 ",023768,,2,1,6,0704,0,1,3,,2,402,"SR-4 WESTBOUND","PORT CHICAGO HIGHWAY",2910.00,E,N,A,-,Y,CC,,4," ",R,16.014,H,,L,Y,3,0,1,2,A,-,03,22350,,N,C,C,A,A,H,-,A,A,0,,,,,Y,,D,22,0,1,0,0,0,0,0,0,0,"- ","- ",38.011440277099609,-122.01264190673828,"CONTRA COSTA",CONCORD,-122.01264190673828,38.011463165283203
9402755,2021,2022-02-14,0711,2021-11-27,1943,1154,BAY,6,5,4,0711,0,0,0,,0,002,"VALE RD","SAN PABLO AV",57.00,W,N,A,-,N,,,,,,,,,,N,4,0,1,2,A,-,03,22350,,N,C,C,A,A,H,-,C,A,0,,,,,Y,,D,22,0,0,1,0,0,0,0,0,0,"- ","- ",,,"CONTRA COSTA","SAN PABLO",-122.33587646484375,37.955432891845703
9402809,2021,2022-02-17,0711,2021-11-27,1443,1402,BAY,6,5,4,0711,0,0,0,,0,002,"SAN PABLO AV","SAN PABLO DAM RD",0.00,,Y,A,-,N,,,,,,,,,,Y,4,0,5,3,A,-,12,21453,A,N,D,C,A,A,H,-,A,A,0,,,,,Y,,A,01,0,0,5,0,0,0,0,0,0,"- ","- ",37.953201293945312,-122.33357238769531,"CONTRA COSTA","SAN PABLO",-122.33359527587891,37.953250885009766
9402810,2021,2022-02-14,0711,2021-11-26,1652,S1093,BAY,5,5,4,0711,0,0,0,,0,003,"23RD ST","PINE AV",0.00,,Y,A,-,N,,,,,,,,,,N,3,0,1,3,A,-,09,21802,A,N,B,C,A,A,H,-,B,D,0,,,,,Y,,A,01,0,1,0,0,0,0,0,0,0,"- ","- ",,,"CONTRA COSTA","SAN PABLO",-122.34735870361328,37.954963684082031
9402811,2021,2022-02-09,0711,2021-11-15,1806,1402,BAY,1,5,4,0711,0,0,0,,0,003,"CHURCH LN","EL PORTAL",647.00,W,N,A,-,N,,,,,,,,,,Y,4,0,1,2,A,-,09,21801,A,N,D,C,A,A,H,-,B,D,0,,,,,Y,,A,01,0,0,1,0,0,0,0,0,0,"- ","- ",37.961441040039062,-122.33683776855469,"CONTRA COSTA","SAN PABLO",-122.33634185791016,37.963169097900391
9402812,2021,2022-02-17,0711,2021-11-26,0200,S1063,,5,5,4,0711,0,0,0,,0,,"EL PORTAL DR","FORDHAM ST",952.00,E,N,A,-,N,,,,,,,,,,Y,2,0,1,1,A,-,03,22350,,N,E,I,A,A,H,-,C,D,0,,,,,Y,,A,01,1,0,0,0,0,0,0,0,0,"- ","- ",,,"CONTRA COSTA","SAN PABLO",-122.32936859130859,37.962944030761719
9402813,2021,2022-02-09,0711,2021-11-05,2027,S1125,BAY,5,5,4,0711,0,0,0,,0,001,"EL PORTAL DR","ROLLINGWOOD DR",15.00,E,N,A,-,N,,,,,,,,,,N,4,0,1,2,A,-,03,22350,,F,A,G,A,A,H,-,C,D,0,,Y,,,Y,Y,A,01,0,0,1,0,0,0,1,0,0,"- ","- ",37.96343994140625,-122.33622741699219,"CONTRA COSTA","SAN PABLO",-122.33628845214844,37.963169097900391
9402814,2021,2022-02-09,0711,2021-11-12,1317,S1156,SANPA,5,5,4,0711,0,0,0,,0,003,"RUMRILL BL","REGINA AV",65.00,N,N,A,-,N,,,,,,,,,,Y,3,0,1,2,A,-,05,21460,A,F,D,C,A,A,H,-,A,A,0,,,,,Y,,A,01,0,1,0,0,0,0,0,0,0,"- ","- ",37.951900482177734,-122.35690307617188,"CONTRA COSTA","SAN PABLO",-122.35706329345703,37.951808929443359
9403825,2022,2022-03-18,0707,2022-02-08,1831,436/271,BAY,2,5,3,0707,0,0,0,,0,003,"RT 80","APPIAN WY",54.00,E,N,A,-,N,,,,,,,,,,Y,4,0,1,1,-,-,"- ",,,N,E,I,A,A,H,-,C,A,0,,,,,Y,Y,-,"- ",0,0,1,0,0,0,0,0,0,EF,"- ",,,"CONTRA COSTA",PINOLE,-122.30137634277344,37.9935302734375
9403826,2022,2022-03-18,0740,2022-02-09,1205,SR030,SR,3,5,4,0791,0,0,0,,0,4573,"BROADMOOR DR","BELLE MEADE DR",500.00,S,N,A,-,N,,,,,,,,,,N,2,0,2,2,A,-,05,21651,B,N,A,C,A,A,H,-,A,A,0,,,,,Y,,A,01,1,1,0,0,0,0,0,0,0,"- ","- ",37.731250762939453,-121.93623352050781,"CONTRA COSTA","SAN RAMON",-121.93757629394531,37.731979370117188
9403827,2022,2022-03-18,0740,2022-02-10,1613,SR030,SR,4,5,4,0791,0,0,0,,0,4509,"BOLLINGER CANYON RD","CAMINO RAMON",475.00,W,N,A,-,N,,,,,,,,,,Y,4,0,1,4,A,-,07,21658,,N,H,C,A,A,H,-,A,A,0,,,,,Y,Y,A,01,0,0,1,0,0,0,0,0,0,"- ","- ",37.762561798095703,-121.95709991455078,"CONTRA COSTA","SAN RAMON",-121.95863342285156,37.762081146240234
9403828,2022,2022-03-18,0740,2022-02-01,0755,SR544,SR,2,5,4,0791,0,0,0,,0,003,"TAHITI DR","ANDROS DR",77.00,N,N,A,-,N,,,,,,,,,,Y,3,0,1,2,A,-,03,22350,,N,C,E,A,A,H,-,A,D,0,,,,,Y,,A,01,0,1,0,0,0,0,0,0,0,"- ","- ",37.780941009521484,-121.95964813232422,"CONTRA COSTA","SAN RAMON",-121.95987701416016,37.78106689453125
9404985,2022,2022-02-22,0712,2022-01-02,1731,P622,,7,5,5,0712,0,0,0,,0,002,"LARKEY LN","1ST AV",0.00,,Y,A,-,N,,,,,,,,,,N,3,0,1,2,A,-,11,21954,A,N,G,B,D,A,H,-,D,D,0,Y,,,,Y,,N,60,0,1,0,0,1,0,0,0,0,"- ","- ",,,"CONTRA COSTA","WALNUT CREEK",-122.07816314697266,37.92401123046875
9404986,2022,2022-02-22,0712,2022-01-17,1252,P518,,1,5,5,0712,0,0,0,,0,002,"YGANCIO VALLEY RD","RT 680",0.00,,Y,A,-,N,,,,,,,,,,N,4,0,1,2,A,-,10,21950,A,N,G,B,B,A,H,-,A,A,0,Y,,,,Y,,A,01,0,0,1,0,1,0,0,0,0,"- ",NF,,,"CONTRA COSTA","WALNUT CREEK",-122.06575775146484,37.90496826171875
9404987,2022,2022-02-22,0712,2022-01-27,1529,P386,,4,5,5,0712,0,0,0,,0,001,"NEWELL AV","SOUTH CALIFORNIA BL",50.00,E,N,A,-,N,,,,,,,,,,N,3,0,1,3,A,-,09,21804,A,N,D,C,A,A,H,-,A,D,0,,,,,Y,,A,01,0,1,0,0,0,0,0,0,0,"- ","- ",,,"CONTRA COSTA","WALNUT CREEK",-122.06092071533203,37.89263916015625
9405004,2022,2022-02-17,0709,2022-01-19,1157,407,3160,3,5,4,0709,0,0,0,,0,001,"BUSKIRK AV","HOOKSTON RD",235.00,W,N,A,-,N,,,,,,,,,,N,3,0,1,2,A,-,05,21650,,N,D,G,A,A,H,-,A,D,0,,Y,,,Y,,L,04,0,1,0,0,0,0,1,0,0,"- ","- ",37.941131591796875,-122.05715179443359,"CONTRA COSTA","PLEASANT HILL",-122.05787658691406,37.941120147705078
9405005,2022,2022-03-09,0709,2022-01-29,0200,455,3150,6,5,4,0709,0,0,0,,0,001,"BUSKIRK AV","THE CROSSROADS ENT",0.00,,Y,A,-,N,,,,,,,,,,Y,4,0,1,1,A,-,01,23152,A,N,E,I,A,A,H,-,C,A,0,,,,,Y,Y,A,01,0,0,1,0,0,0,0,0,0,"- ","- ",37.941879272460938,-122.05854797363281,"CONTRA COSTA","PLEASANT HILL",-122.05626599999999,37.943677000000001
9405461,2022,2022-02-10,0740,2022-01-05,1357,SR030,SR,3,5,4,0791,0,0,0,,0,BEAT1,"SAN RAMON VALLEY BL","NORRIS CANYON RD",0.00,,Y,B,-,N,,,,,,,,,,Y,4,0,1,4,A,-,12,21453,A,N,D,C,A,A,H,-,A,A,0,,,,,Y,,A,01,0,0,1,0,0,0,0,0,0,"- ","- ",37.771099090576172,-121.97345733642578,"CONTRA COSTA","SAN RAMON",-121.97348022460938,37.771110534667969
9406133,2021,2022-02-17,0712,2021-12-30,2246,P633,,4,5,5,0712,0,0,0,,0,002,"N MAIN ST","N CALIFORNIA",0.00,,Y,A,-,N,,,,,,,,,,N,3,0,1,1,A,-,03,22350,,N,E,I,A,A,H,-,C,A,0,,,,,Y,Y,A,01,0,1,0,0,0,0,0,0,0,"- ","- ",,,"CONTRA COSTA","WALNUT CREEK",-122.065185546875,37.909801483154297
9406330,2021,2022-02-18,0712,2021-08-26,2149,P573,,4,5,5,0712,0,0,0,,0,003,"YGNACIO VALLEY RD","OAK GROVE RD",5280.00,E,N,A,-,N,,,,,,,,,,N,3,0,1,1,A,-,03,22350,,N,H,A,A,A,H,-,D,D,0,,,Y,,Y,,C,02,0,1,0,0,0,0,0,0,1,"- ","- ",,,"CONTRA COSTA","WALNUT CREEK",-122.00033569335938,37.935230255126953
9406356,2021,2022-03-17,0701,2021-09-17,0033,4164,408,5,5,5,0701,0,0,0,,0,004,"W TREGALLAS RD","G ST",0.00,,N,A,-,N,,,,,,,,,,N,4,0,1,2,A,-,03,22350,,F,C,G,A,A,H,-,C,A,0,,Y,,,Y,Y,A,01,0,0,1,0,0,0,1,0,0,"- ","- ",,,"CONTRA COSTA",ANTIOCH,-121.81575012207031,37.997539520263672
9406758,2022,2022-03-14,0709,2022-02-23,0808,407,3030,3,5,4,0709,0,0,0,,0,002,"TAYLOR BL","CONTRA COSTA BL",290.00,W,N,A,-,N,,,,,,,,,,Y,3,0,1,3,A,-,04,21703,,N,C,C,A,A,H,-,A,D,0,,,,,Y,,A,07,0,1,0,0,0,0,0,0,0,"- ","- ",37.962398529052734,-122.06189727783203,"CONTRA COSTA","PLEASANT HILL",-122.06283569335938,37.962020874023438
9406808,2022,2022-03-07,0740,2022-02-10,0729,SR078,SR/72,4,5,4,0791,0,0,0,,0,4648A,"ALBION RD","IVY HILL WY",0.00,,Y,A,-,N,,,,,,,,,,N,4,0,1,2,A,-,17,21451,A,N,D,G,A,A,H,-,A,A,0,,Y,,,Y,,D,22,0,0,1,0,0,0,1,0,0,"- ","- ",,,"CONTRA COSTA","SAN RAMON",-121.89833831787109,37.767601013183594
9406809,2022,2022-03-18,0740,2022-02-09,1049,SR078,SR/72,3,5,4,0791,0,0,0,,0,001,"RT 680","BOLLINGER CANYON RD",0.00,,Y,A,-,N,,,,,,,,,,Y,3,0,1,2,A,-,12,21453,A,N,D,D,A,A,H,-,A,A,0,,,,,Y,,A,01,0,1,0,0,0,0,0,0,0,SF,"- ",,,"CONTRA COSTA","SAN RAMON",-121.96534729003906,37.760147094726562
9407033,2022,2022-03-08,0740,2022-02-01,1631,SR057,SR,2,5,4,0791,0,0,0,,0,BEAT5,"GOLDENROD LN","GOLDENROD LN 2071",0.00,,Y,A,-,N,,,,,,,,,,Y,4,0,1,2,A,-,09,21804,A,N,A,C,A,A,H,-,A,D,0,,,,,Y,,A,01,0,0,1,0,0,0,0,0,0,"- ","- ",37.790950775146484,-121.92519378662109,"CONTRA COSTA","SAN RAMON",-121.92549200000001,37.790719000000003
9407144,2022,2022-03-08,0740,2022-01-27,1812,SR501,SR,4,5,4,0791,0,0,0,,0,BEAT4,"ALCOSTA BL","BELLE MEADE DR",158.00,W,N,A,-,N,,,,,,,,,,Y,4,0,1,4,A,-,07,21658,A,N,C,E,A,A,H,-,C,A,0,,,,,Y,,A,07,0,0,1,0,0,0,0,0,0,"- ","- ",37.72821044921875,-121.93476867675781,"CONTRA COSTA","SAN RAMON",-121.93404388427734,37.728347778320312
9407145,2022,2022-03-08,0740,2022-01-21,1407,SR501,SR,5,5,4,0791,0,0,0,,0,BEAT3,"CAMINO RAMON","CROW CANYON RD",1225.00,S,N,A,-,N,,,,,,,,,,Y,3,0,1,2,A,-,09,21804,A,N,D,C,A,A,H,-,A,A,0,,,,,Y,,A,07,0,1,0,0,0,0,0,0,0,"- ","- ",37.776390075683594,-121.96688842773438,"CONTRA COSTA","SAN RAMON",-121.96714782714844,37.776641845703125
9407146,2022,2022-03-08,0740,2022-01-24,1115,SR544,SR,1,5,4,0791,0,0,0,,0,BEAT3,"BISHOP DR","EXECUTIVE PKWY",746.00,N,N,A,-,N,,,,,,,,,,N,4,0,1,2,A,-,10,21950,A,N,G,B,B,A,H,-,A,A,0,Y,,,,Y,,A,07,0,0,1,0,1,0,0,0,0,"- ","- ",37.771610260009766,-121.97097015380859,"CONTRA COSTA","SAN RAMON",-121.97047424316406,37.768863677978516
9407263,2022,2022-04-13,0709,2022-02-16,1225,481,1280,3,5,4,0709,0,0,0,,0,001,"BUSKIRK AV","LAMKIN LN",0.00,,Y,A,-,N,,,,,,,,,,Y,4,0,1,2,A,-,12,21453,,N,D,C,A,A,H,-,A,A,0,,,,,Y,,-,"- ",0,0,1,0,0,0,0,0,0,"- ","- ",37.944290161132812,-122.05518341064453,"CONTRA COSTA","PLEASANT HILL",-122.05584716796875,37.944442749023438
9407893,2022,2022-06-16,0700,2022-05-02,1724,042,,1,5,3,0734,0,0,0,,0,051,"BIG BREAK RD","MAIN ST",0.00,,Y,A,-,N,,,,,,,,,,,4,0,1,2,A,-,03,22350,,N,C,C,A,A,H,-,A,A,0,,,,,Y,,-,"- ",0,0,1,0,0,0,0,0,0,"- ","- ",38.004409790039062,-121.7330322265625,"CONTRA COSTA",OAKLEY,-121.73296356201172,38.004291534423828
9408001,2022,2022-03-17,0702,2022-01-05,1031,542E,308B,3,5,3,0702,0,0,0,,0,003,"2ND ST","CHESTNUT ST",0.00,,Y,A,-,N,,,,,,,,,,N,3,0,1,2,A,-,12,22450,A,N,D,G,A,A,H,-,A,A,0,,Y,,,Y,,L,04,0,1,0,0,0,0,1,0,0,"- ","- ",37.932170867919922,-121.69235992431641,"CONTRA COSTA",BRENTWOOD,-121.69273376464844,37.932174682617188
9408002,2022,2022-03-17,0702,2022-01-12,1545,558T,127B,3,5,3,0702,0,0,0,,0,001,"LONE TREE WY","WINDY SPRINGS",36.00,W,N,A,-,N,,,,,,,,,,Y,3,0,3,2,A,-,03,22350,,N,C,C,A,A,H,-,A,A,0,,,,,Y,,A,01,0,1,2,0,0,0,0,0,0,"- ","- ",37.939449310302734,-121.73869323730469,"CONTRA COSTA",BRENTWOOD,-121.72796630859375,37.961566925048828
9408003,2022,2022-03-17,0702,2022-01-18,1834,549D,422B,2,5,3,0702,0,0,0,,0,004,"WALNUT BL",REMINGTON,0.00,,Y,A,-,N,,,,,,,,,,Y,3,0,2,2,A,-,08,22107,,N,B,C,A,A,H,-,C,D,0,,,,,Y,,A,07,0,1,1,0,0,0,0,0,0,"- ","- ",37.921981811523438,-121.69619750976562,"CONTRA COSTA",BRENTWOOD,-121.69612121582031,37.921977996826172
9408004,2022,2022-03-17,0702,2022-01-12,1417,502M,127B,3,5,3,0702,0,0,0,,0,001,"GRANT ST","FAIRVIEW AV",0.00,,Y,A,-,N,,,,,,,,,,N,3,0,1,2,A,-,08,22107,,N,B,G,A,A,H,-,A,A,0,,Y,,,Y,,A,01,0,1,0,0,0,0,1,0,0,"- ","- ",37.953868865966797,-121.72328186035156,"CONTRA COSTA",BRENTWOOD,-121.72328186035156,37.953872680664062
9408005,2022,2022-03-17,0702,2022-01-21,1024,490M,308B,5,5,3,0702,0,0,0,,0,003,"BALFOUR RD","BRENTWOOD BL",0.00,,Y,A,-,N,,,,,,,,,,Y,3,0,2,2,A,-,09,21453,C,N,A,C,A,A,H,-,A,A,0,,,,,Y,,A,07,0,2,0,0,0,0,0,0,0,"- ","- ",37.925628662109375,-121.69056701660156,"CONTRA COSTA",BRENTWOOD,-121.69060516357422,37.925586700439453
94080840,2024,2024-08-12,9370,2024-08-01,1610,023478,,4,2,4,0711,0,3,5,,2,010,"SHAMROCK DR","KAVANAGH RD",0.00,,Y,A,-,N,,,,,,,,,,N,4,0,1,2,A,-,12,22450,A,N,D,C,A,A,H,-,A,D,0,,,,,Y,,M,94,0,0,1,0,0,0,0,0,0,"- ","- ",37.993598937988281,-122.32393646240234,"CONTRA COSTA","SAN PABLO",-122.32386779785156,37.993618011474609
9408464,2022,2022-03-03,0740,2022-01-26,0925,SR124,SR,3,5,4,0791,0,0,0,,0,003,"BOLLINGER CANYON RD","CHEVERON PARK CIR W",55.00,W,N,A,-,N,,,,,,,,,,N,4,0,1,2,A,-,03,22350,,N,C,C,A,A,H,-,A,A,0,,,,,Y,,A,01,0,0,1,0,0,0,0,0,0,"- ","- ",37.775009155273438,-121.99697113037109,"CONTRA COSTA","SAN RAMON",-121.96030426025391,37.761306762695312
9408465,2022,2022-03-03,0740,2022-01-20,1619,SR085,SR,4,5,4,0791,0,0,0,,0,006,"DOUGHERTY RD","BOLLINGER CANYON RD",0.00,,N,A,-,N,,,,,,,,,,Y,4,0,2,3,A,-,"- ",,,N,C,C,A,A,H,-,A,A,0,,,,,Y,,-,,0,0,2,0,0,0,0,0,0,"- ","- ",37.747840881347656,-121.91504669189453,"CONTRA COSTA","SAN RAMON",-121.92510986328125,37.7735595703125
9408466,2022,2022-03-03,0740,2022-01-21,1448,SR078,SR72,5,5,4,0791,0,0,0,,0,003,"CAMINO RAMON","NORRIS CANYON RD",400.00,N,N,A,G,N,,,,,,,,,,Y,4,0,2,2,A,-,09,21804,A,N,D,D,A,A,H,-,A,A,0,,,,,Y,,A,01,0,0,2,0,0,0,0,0,0,"- ","- ",37.775348663330078,-121.96671295166016,"CONTRA COSTA","SAN RAMON",-121.96575164794922,37.775402069091797
9408752,2022,2022-03-09,0705,2022-02-04,1017,E221,PATRO,5,5,3,0705,0,0,0,,0,011,"ELM ST","GLADYS AV",0.00,,Y,A,-,N,,,,,,,,,,Y,4,0,2,2,A,-,09,21802,A,N,B,C,A,A,H,-,A,A,0,,,,,Y,Y,A,01,0,0,2,0,0,0,0,0,0,"- ","- ",37.920269012451172,-122.31063842773438,"CONTRA COSTA","EL CERRITO",-122.31062316894531,37.920303344726562
9409782,2022,2022-03-10,0712,2022-02-01,1212,P545,,2,5,5,0712,0,0,0,,0,003,"TREAT BL","CANDELERO DR",200.00,E,N,A,-,N,,,,,,,,,,,4,0,1,2,A,-,03,22350,,N,C,C,A,A,H,-,A,A,0,,,,,Y,,A,01,0,0,1,0,0,0,0,0,0,"- ","- ",,,"CONTRA COSTA","WALNUT CREEK",-122.04458618164062,37.927951812744141
9409783,2022,2022-04-13,0712,2022-02-09,1421,P386,,3,5,5,0712,0,0,0,,0,001,"YGNACIO VALLEY RD","HOMESTEAD AV",230.00,W,N,-,-,N,,,,,,,,,,,4,0,1,1,A,-,08,22107,,N,-,-,A,-,-,-,-,-,0,,,,,Y,,A,01,0,0,1,0,0,0,0,0,0,"- ","- ",,,"CONTRA COSTA","WALNUT CREEK",-122.05307769775391,37.908866882324219
9409784,2022,2022-03-10,0712,2022-02-08,0645,P386,,2,5,5,0712,0,0,0,,0,003,"YGNACIO VALLEY RD","OAK GROVE RD",200.00,W,N,A,-,N,,,,,,,,,,,4,0,2,2,A,-,03,22350,,N,C,C,A,A,H,-,B,D,0,,,,,Y,,A,07,0,0,2,0,0,0,0,0,0,"- ","- ",,,"CONTRA COSTA","WALNUT CREEK",-122.01532745361328,37.927280426025391
9409785,2022,2022-03-10,0712,2022-02-11,1010,P386,,5,5,5,0712,0,0,0,,0,003,"BANCROFT RD","BANBURY RD",15.00,S,N,A,-,N,,,,,,,,,,,4,0,1,2,A,-,03,22350,,N,C,C,A,A,H,-,A,A,0,,,,,Y,,A,01,0,0,1,0,0,0,0,0,0,"- ","- ",,,"CONTRA COSTA","WALNUT CREEK",-122.03775024414062,37.924118041992188
9410250,2022,2022-04-28,0702,2022-01-30,0059,619M,307B,7,5,3,0702,0,0,0,,0,003,"FIRST ST","CHESTNUT ST",0.00,,Y,A,-,N,,,,,,,,,,Y,4,0,1,5,A,-,00,23103,,F,H,C,A,A,H,-,C,A,0,,,,,Y,,D,72,0,0,1,0,0,0,0,0,0,"- ","- ",37.933689117431641,-121.69580078125,"CONTRA COSTA",BRENTWOOD,-121.69386291503906,37.931526184082031
9410254,2022,2022-04-28,0702,2022-01-06,2140,550D,431B,4,5,3,0702,0,0,0,,0,004,"FOOTHILL DR","BALFOUR RD",312.00,S,N,A,-,N,,,,,,,,,,N,3,0,2,2,A,-,01,23152,A,N,A,C,A,A,H,-,C,D,0,,,,,Y,Y,D,72,0,1,1,0,0,0,0,0,0,"- ","- ",37.925300598144531,-121.74224853515625,"CONTRA COSTA",BRENTWOOD,-121.74238586425781,37.924388885498047
9410258,2022,2022-03-22,0702,2022-02-09,0954,519R,127B,3,5,3,0702,0,0,0,,0,001,"LONE TREE WY",MEDIAN,26.00,W,N,A,-,N,,,,,,,,,,N,4,0,1,2,A,-,"- ",,,N,C,E,A,A,H,-,A,D,0,,,,,Y,,D,22,0,0,1,0,0,0,0,0,0,"- ","- ",37.959560394287109,-121.74564361572266,"CONTRA COSTA",BRENTWOOD,,
9410350,2022,2022-03-18,0702,2022-01-23,0136,623J,434B,7,5,3,0702,0,0,0,,0,004,"BALFOUR RD","SUMMERSET DR",651.00,W,N,A,-,N,,,,,,,,,,Y,4,0,1,2,A,-,03,22350,,N,C,C,A,A,H,-,C,A,0,,,,,Y,Y,A,01,0,0,1,0,0,0,0,0,0,"- ","- ",37.925270080566406,-121.73282623291016,"CONTRA COSTA",BRENTWOOD,-121.73065948486328,37.925277709960938
9410365,2022,2022-03-17,0709,2022-01-21,1511,428,3100,5,5,4,0709,0,0,0,,0,001,"CONTRA COSTA BL","GREGORY LN",0.00,,Y,A,-,N,,,,,,,,,,N,3,0,1,2,A,-,10,21950,,N,G,B,B,A,H,-,A,A,0,Y,,,,Y,,-,,0,1,0,0,1,0,0,0,0,"- ","- ",37.947921752929688,-122.06028747558594,"CONTRA COSTA","PLEASANT HILL",-122.06028747558594,37.948013305664062
9410388,2022,2022-03-23,0700,2022-01-26,0813,030,2252,3,5,3,0734,0,0,0,,0,052,"SELLERS AV","GOLDEN STATE PKWY",14.00,N,N,E,-,N,,,,,,,,,,Y,4,0,1,2,A,-,09,21804,A,N,D,D,A,D,H,-,A,A,0,,,,,Y,,A,01,0,0,1,0,0,0,0,0,0,"- ","- ",37.994419097900391,-121.67739105224609,"CONTRA COSTA",OAKLEY,,
9410392,2022,2022-04-11,0702,2022-01-18,1808,549D,426B,2,5,3,0702,0,0,0,,0,004,"BALFOUR RD","COUNTRY CLUB DR",800.00,W,N,A,-,N,,,,,,,,,,Y,3,0,1,2,A,-,08,22107,,N,E,J,A,A,H,-,D,D,0,,,,Y,Y,,F,21,0,1,0,0,0,0,0,0,0,"- ","- ",37.92803955078125,-121.7332763671875,"CONTRA COSTA",BRENTWOOD,-121.75529479980469,37.925285339355469
9410393,2022,2022-03-21,0702,2022-01-17,1615,543D,418B,1,5,3,0702,0,0,0,,0,004,"BALFOUR RD","GRIFFITH LN",299.00,W,N,A,-,N,,,,,,,,,,Y,3,0,2,2,A,-,03,22350,,N,C,C,A,A,H,-,A,A,0,,,,,Y,,A,01,0,2,0,0,0,0,0,0,0,"- ","- ",37.925529479980469,-121.70491027832031,"CONTRA COSTA",BRENTWOOD,-121.70594787597656,37.925399780273438
9410394,2022,2022-03-21,0702,2022-01-27,1351,490M,308B,4,5,3,0702,0,0,0,,0,003,"BRENTWOOD BL","BALFOUR RD",66.00,S,N,A,-,N,,,,,,,,,,Y,3,0,1,2,A,-,03,22350,,N,C,C,A,A,H,-,A,A,0,,,,,Y,,A,01,0,1,0,0,0,0,0,0,0,"- ","- ",37.925628662109375,-121.69056701660156,"CONTRA COSTA",BRENTWOOD,-121.69046783447266,37.925441741943359
9410395,2022,2022-03-29,0702,2022-01-23,1516,524E,434B,7,5,3,0702,0,0,0,,0,004,"BALFOUR RD","RT 4",0.00,,Y,A,-,Y,CC,4,4,-,R,35.800,R,4,W,N,3,0,3,2,A,-,03,22350,,N,C,C,A,A,H,-,A,A,0,,,,,Y,,A,01,0,2,1,0,0,0,0,0,0,"- ",NF,37.925270080566406,-121.73282623291016,"CONTRA COSTA",BRENTWOOD,-121.73215484619141,37.922416687011719