CASE_ID,ACCIDENT_YEAR,PROC_DATE,JURIS,COLLISION_DATE,COLLISION_TIME,OFFICER_ID,REPORTING_DISTRICT,DAY_OF_WEEK,CHP_SHIFT,POPULATION,CNTY_CITY_LOC,SPECIAL_COND,BEAT_TYPE,CHP_BEAT_TYPE,CITY_DIVISION_LAPD,CHP_BEAT_CLASS,BEAT_NUMBER,PRIMARY_RD,SECONDARY_RD,DISTANCE,DIRECTION,INTERSECTION,WEATHER_1,WEATHER_2,STATE_HWY_IND,CALTRANS_COUNTY,CALTRANS_DISTRICT,STATE_ROUTE,ROUTE_SUFFIX,POSTMILE_PREFIX,POSTMILE,LOCATION_TYPE,RAMP_INTERSECTION,SIDE_OF_HWY,TOW_AWAY,COLLISION_SEVERITY,NUMBER_KILLED,NUMBER_INJURED,PARTY_COUNT,PRIMARY_COLL_FACTOR,PCF_CODE_OF_VIOL,PCF_VIOL_CATEGORY,PCF_VIOLATION,PCF_VIOL_SUBSECTION,HIT_AND_RUN,TYPE_OF_COLLISION,MVIW,PED_ACTION,ROAD_SURFACE,ROAD_COND_1,ROAD_COND_2,LIGHTING,CONTROL_DEVICE,CHP_ROAD_TYPE,PEDESTRIAN_ACCIDENT,BICYCLE_ACCIDENT,MOTORCYCLE_ACCIDENT,TRUCK_ACCIDENT,NOT_PRIVATE_PROPERTY,ALCOHOL_INVOLVED,STWD_VEHTYPE_AT_FAULT,CHP_VEHTYPE_AT_FAULT,COUNT_SEVERE_INJ,COUNT_VISIBLE_INJ,COUNT_COMPLAINT_PAIN,COUNT_PED_KILLED,COUNT_PED_INJURED,COUNT_BICYCLIST_KILLED,COUNT_BICYCLIST_INJURED,COUNT_MC_KILLED,COUNT_MC_INJURED,PRIMARY_RAMP,SECONDARY_RAMP,LATITUDE,LONGITUDE,COUNTY,CITY,POINT_X,POINT_Y
94491656,2024,2024-12-04,9320,2024-11-16,"235 ",023783,,6,3,9,0700,0,1,3,,2,403,"STATE ROUTE 4 EASTBOUND","WILLOW PASS ROAD",140.00,E,N,A,-,Y,CC,,4," ",R,16.886,H,,R,N,4,0,1,2,A,-,03,22350,,N,C,C,A,A,D,-,C,A,0,,,,,Y,Y,A,01,0,0,1,0,0,0,0,0,0,"- ","- ",38.013698577880859,-121.99674987792969,"CONTRA COSTA",UNINCORPORATED,-121.99678802490234,38.013774871826172
94491768,2024,2024-12-04,9320,2024-11-22,1600,024006,,5,2,5,0712,0,1,3,,2,241,"SR-24 W/B","PLEASANT HILL ROAD",131.00,E,N,B,C,Y,CC,,24," ",R,8.302,H,,L,N,4,0,1,1,A,-,08,22107,,N,E,I,A,B,H,-,C,A,0,,,,,Y,,A,01,0,0,1,0,0,0,0,0,0,"- ","- ",37.898059844970703,-122.084716796875,"CONTRA COSTA","WALNUT CREEK",-122.08470916748047,37.898159027099609
94491784,2024,2024-12-04,9320,2024-05-19,2120,022486,,7,2,9,0700,0,2,4,,2,071,"WILLOW PASS ROAD","POINSETTIA AVENUE",108.00,W,N,A,-,N,,,,,,,,,,N,1,1,0,2,A,-,11,21954,A,N,G,B,D,A,H,-,C,A,0,Y,,,,Y,,N,60,0,0,0,1,0,0,0,0,0,"- ","- ",38.026779174804688,-121.93910217285156,"CONTRA COSTA",UNINCORPORATED,-121.93896484375,38.026760101318359
9449225,2022,2022-06-28,0705,2022-05-19,2314,E248,PATRO,4,5,3,0705,0,0,0,,0,012,"TERRACE DR","SEAVIEW DR",38.00,N,N,A,-,N,,,,,,,,,,Y,2,0,1,3,A,-,01,23152,A,N,C,E,A,A,H,-,C,D,0,,,,,Y,Y,A,01,1,0,0,0,0,0,0,0,0,"- ","- ",37.913368225097656,-122.29205322265625,"CONTRA COSTA","EL CERRITO",-122.29229736328125,37.913566589355469
9449226,2022,2022-06-08,0705,2022-05-25,2103,E248,PATRO,3,5,3,0705,0,0,0,,0,010,"CENTRAL AV","CARLSON BL",12.00,E,N,B,-,N,,,,,,,,,,Y,4,0,1,2,A,-,09,21801,A,N,A,C,A,A,H,-,C,A,0,,,,,Y,,A,01,0,0,1,0,0,0,0,0,0,"- ","- ",,,"CONTRA COSTA","EL CERRITO",-122.30458831787109,37.901947021484375
94492658,2024,2024-12-04,9320,2024-10-08,1932,023788,,2,2,6,0704,0,1,1,,2,683,"I-680 SB","CENTER AVENUE",300.00,S,N,A,-,Y,CC,,680," "," ",20.332,H,,L,Y,3,0,1,2,A,-,03,22350,,N,C,C,A,A,H,-,C,A,0,,,Y,,Y,,A,01,0,1,0,0,0,0,0,0,1,"- ","- ",37.982650756835938,-122.06606292724609,"CONTRA COSTA",CONCORD,-122.06612396240234,37.982643127441406
94492995,2024,2024-12-05,9370,2024-12-03,1535,023377,,2,2,5,0710,0,1,1,,2,082,"I-80 W/B FROM CARLSON BOULEVARD","CARLSON BOULEVARD",900.00,W,N,A,-,Y,CC,,80," "," ",0.855,H,,L,N,4,0,2,2,A,-,03,22350,,N,C,C,A,A,H,-,A,D,0,,,,,Y,,A,01,0,0,2,0,0,0,0,0,0,"- ","- ",37.908771514892578,-122.31654357910156,"CONTRA COSTA",RICHMOND,-122.31636810302734,37.908840179443359
94493012,2024,2024-12-05,9370,2024-12-04,1745,023377,,3,2,5,0710,0,1,1,,2,083,"I-80 W/B","HILLTOP DRIVE",530.00,W,N,A,-,Y,CC,,80," "," ",5.905,H,,L,N,4,0,1,2,A,-,07,21658,A,N,B,C,A,A,H,-,D,B,0,,,,Y,Y,,A,01,0,0,1,0,0,0,0,0,0,"- ","- ",37.975181579589844,-122.31891632080078,"CONTRA COSTA",RICHMOND,-122.31894683837891,37.975185394287109
94493279,2024,2024-12-05,9320,2024-11-27,1313,017219,,3,1,4,0709,0,1,1,,2,683,"I-680 S/B","MONUMENT BLVD",60.00,N,N,A,-,Y,CC,,680," ",R,17.746,H,,L,Y,4,0,1,3,A,-,03,22350,,N,C,C,A,A,H,-,A,A,0,,,,,Y,,A,07,0,0,1,0,0,0,0,0,0,"- ","- ",37.945690155029297,-122.05815124511719,"CONTRA COSTA","PLEASANT HILL",-122.05818176269531,37.945697784423828
94493549,2024,2024-12-05,9320,2024-06-29,2225,023760,,6,3,9,0700,0,3,5,,2,020,"FISH RANCH ROAD",SR-24,1584.00,N,N,A,-,N,,,,,,,,,,Y,3,0,1,2,A,-,03,22350,,M,C,C,A,A,H,-,D,A,0,,,,,Y,,-,99,0,1,0,0,0,0,0,0,0,"- ","- ",37.863319396972656,-122.21582794189453,"CONTRA COSTA",UNINCORPORATED,-122.20927429199219,37.863845825195312
94493828,2024,2024-12-05,9320,2024-11-26,1015,017271,,2,1,3,0715,0,1,3,,2,241,SR-24,"ACALANES RD U/C",1003.00,E,N,C,-,Y,CC,,24," ",R,4.628,H,,L,N,4,0,1,1,A,-,08,22107,,N,E,I,A,B,H,-,A,A,0,,,,,Y,,-,"- ",0,0,1,0,0,0,0,0,0,"- ","- ",37.891590118408203,-122.15080261230469,"CONTRA COSTA",LAFAYETTE,-122.15077972412109,37.89166259765625
94494120,2024,2024-12-06,9320,2024-11-27,"745 ",017271,,3,1,5,0712,0,1,1,,2,681,"I-680 N/B","NEWELL AVE U/C",175.00,S,N,A,-,Y,CC,,680," "," ",13.648,H,,R,N,3,0,1,2,A,-,07,21658,A,N,C,C,A,A,H,-,A,A,0,,,,,Y,,A,08,0,1,0,0,0,0,0,0,0,"- ","- ",37.891708374023438,-122.06192779541016,"CONTRA COSTA","WALNUT CREEK",-122.06197357177734,37.891647338867188
94494369,2024,2025-03-05,9320,2024-11-26,1450,022486,,2,2,3,0702,0,1,3,,2,405,"SR-4 W/B","BALFOUR ROAD U/C",320.00,E,N,B,-,Y,CC,,4," ",R,35.665,H,,L,N,4,0,2,2,A,-,03,22350,,N,D,D,A,B,H,-,A,D,0,,,,,Y,,A,01,0,0,2,0,0,0,0,0,0,"- ","- ",37.924320220947266,-121.73275756835938,"CONTRA COSTA",BRENTWOOD,-121.73255920410156,37.924350738525391
94494370,2024,2024-12-06,9320,2024-11-26,"345 ",022915,,2,3,3,0706,0,1,1,,2,180,"I-80 W/B",SR-4,800.00,E,N,A,-,Y,CC,,80," "," ",10.228,H,,L,Y,4,0,1,1,A,-,08,22107,,N,E,I,A,A,H,-,C,A,0,,,,,Y,,A,01,0,0,1,0,0,0,0,0,0,"- ","- ",38.017021179199219,-122.26779937744141,"CONTRA COSTA",HERCULES,-122.26771545410156,38.0169677734375
94494396,2024,2024-12-06,9390,2024-11-23,1233,019780,,6,1,9,0700,0,2,4,,2,112,"CAMINO TASSAJARA (1100 BLOCK)","KNOLLVIEW DRIVE",19.00,E,N,B,-,N,,,,,,,,,,N,4,0,3,2,A,-,03,22350,,N,C,C,A,B,H,-,A,A,0,,,,,Y,,A,01,0,0,3,0,0,0,0,0,0,"- ","- ",37.798908233642578,-121.88820648193359,"CONTRA COSTA",UNINCORPORATED,-121.88837432861328,37.799034118652344
94494398,2024,2024-12-06,9320,2024-11-22,2345,023002,,5,3,4,0709,0,1,1,,2,683,"I-680 S/B","WILLOW PASS ROAD",2735.00,S,N,B,C,Y,CC,,680," ",R,18.733,H,,L,N,3,0,1,1,A,-,03,22350,,N,E,8,A,B,H,-,C,A,0,,,,,Y,Y,A,01,0,1,0,0,0,0,0,0,0,"- ","- ",37.958950042724609,-122.05278015136719,"CONTRA COSTA","PLEASANT HILL",-122.05264282226562,37.958957672119141
94494871,2024,2024-12-06,9320,2024-11-26,1950,023666,,2,2,4,0714,0,2,S,,2,901,"PACHECO BLVD N/B","ARNOLD DR",845.00,N,N,A,-,N,,,,,,,,,,Y,3,0,1,2,A,-,05,21650,,N,B,C,A,A,H,-,C,A,0,,,,,Y,,A,01,0,1,0,0,0,0,0,0,0,"- ","- ",37.999660491943359,-122.07907867431641,"CONTRA COSTA",MARTINEZ,-122.07908630371094,37.999649047851562
94494908,2024,2024-12-06,9320,2024-11-26,1845,023666,,2,2,9,0700,0,1,3,,2,402,"SR-4 E/B","SOLANO WAY",203.00,W,N,A,-,Y,CC,,4," ",R,13.616,H,,R,Y,3,0,1,1,A,-,08,22107,,N,A,8,A,A,H,-,C,A,0,,,,,Y,,A,01,0,1,0,0,0,0,0,0,0,"- ","- ",38.000568389892578,-122.05393218994141,"CONTRA COSTA",UNINCORPORATED,-122.05397796630859,38.000686645507812
94494921,2024,2024-12-06,9320,2024-11-24,"435 ",023002,,7,3,5,0708,0,1,3,,2,404,"SR-4 E/B","SOMERSVILLE RD",4490.00,W,N,A,-,Y,CC,,4," "," ",25.163,H,,R,N,3,0,2,1,A,-,08,22107,,N,F,0,A,A,H,-,D,A,0,,,,,Y,Y,A,01,0,1,1,0,0,0,0,0,0,"- ","- ",38.00762939453125,-121.85240173339844,"CONTRA COSTA",PITTSBURG,-121.852294921875,38.007865905761719
94495077,2024,2024-12-06,9320,2024-11-26,"525 ",023982,,2,3,3,0792,0,1,3,,2,240,"STATE ROUTE 24 WESTBOUND","WILDER ROAD",68.00,E,N,B,C,Y,CC,,24," "," ",1.207,H,,L,Y,4,0,1,4,A,-,08,22107,,N,B,C,A,B,H,-,D,A,0,,,,,Y,,D,22,0,0,1,0,0,0,0,0,0,"- ","- ",37.867458343505859,-122.19790649414062,"CONTRA COSTA",ORINDA,-122.19792175292969,37.867504119873047
94495123,2024,2024-12-06,9320,2024-11-24,1717,023821,,7,2,5,0708,0,1,3,,2,403,"SR-4 WB","RAILROAD AVE.",6864.00,W,N,A,-,Y,CC,,4," "," ",21.736,H,,L,Y,4,0,1,2,A,-,08,22107,,M,B,2,A,A,H,-,D,A,0,,,,,Y,,-,99,0,0,1,0,0,0,0,0,0,"- ","- ",38.020271301269531,-121.91291046142578,"CONTRA COSTA",PITTSBURG,-121.91291046142578,38.020126342773438
94495130,2024,2024-12-06,9320,2024-11-22,"850 ",023061,,5,1,5,0701,0,1,3,,2,405,"SR-4 EB","LAUREL RD",1450.00,W,N,B,-,Y,CC,,4," ",R,31.297,H,,R,N,4,0,2,3,A,-,03,22350,,M,C,2,A,A,H,-,A,A,0,,,,,Y,,-,99,0,0,2,0,0,0,0,0,0,"- ","- ",37.982391357421875,-121.74690246582031,"CONTRA COSTA",ANTIOCH,-121.74687957763672,37.982398986816406
94495340,2024,2024-12-09,9370,2024-11-21,"15  ",023178,,4,3,4,0711,0,1,1,,2,083,"I-80 E/B (EASTSHORE FREEWAY)","EL PORTAL DRIVE",192.00,W,N,B,C,Y,CC,,80," "," ",5.222,H,,R,Y,2,0,1,1,A,-,03,22350,,N,E,J,A,B,H,-,C,D,0,,,,,Y,,J,48,1,0,0,0,0,0,0,0,0,"- ","- ",37.965808868408203,-122.32279968261719,"CONTRA COSTA","SAN PABLO",-122.3228759765625,37.965877532958984
94496025,2024,2024-12-10,9320,2024-11-26,"930 ",023982,,2,1,3,0792,0,1,3,,2,240,"STATE ROUTE 24 EASTBOUND","WILDER ROAD",1017.00,W,N,B,-,Y,CC,,24," "," ",1.027,H,,R,N,4,0,1,2,A,-,08,22107,,N,B,C,A,B,H,-,A,A,0,,,,,Y,,A,07,0,0,1,0,0,0,0,0,0,"- ","- ",37.867191314697266,-122.20160675048828,"CONTRA COSTA",ORINDA,-122.20161437988281,37.867233276367188
94496026,2024,2024-12-10,9320,2024-11-26,"516 ",022828,,2,3,3,0715,0,1,3,,2,241,"STATE ROUTE 24 EASTBOUND","EL NIDO RANCH",1060.00,E,N,B,C,Y,CC,,24," ",R,5.159,H,,R,N,3,0,1,2,A,-,03,22350,,M,C,C,A,B,C,-,C,A,0,,,,,Y,,A,01,0,1,0,0,0,0,0,0,0,"- ","- ",37.891010284423828,-122.14066314697266,"CONTRA COSTA",LAFAYETTE,-122.14065551757812,37.891014099121094
94496383,2024,2024-12-12,9370,2024-11-23,"634 ",023803,,6,1,5,0710,0,1,1,,2,082,"I-80 E/B","CARLSON BOULEVARD",385.00,W,N,B,-,Y,CC,,80," "," ",0.926,H,,R,Y,4,0,1,1,A,-,01,23152,A,N,E,I,A,A,H,-,B,D,0,,,,,Y,Y,A,07,0,0,1,0,0,0,0,0,0,"- ","- ",37.909721374511719,-122.3167724609375,"CONTRA COSTA",RICHMOND,-122.31671142578125,37.909744262695312
94496500,2024,2024-12-12,9320,2024-11-17,1825,023768,,7,2,5,0708,0,1,3,,2,404,"SR-4 EASTBOUND","LOVERIDGE ROAD",155.00,E,N,A,-,Y,CC,,4," "," ",24.362,H,,R,Y,3,0,1,2,A,-,08,22107,,N,C,C,A,A,H,-,C,A,0,,,,,Y,Y,D,22,0,1,0,0,0,0,0,0,0,"- ","- ",38.011508941650391,-121.86675262451172,"CONTRA COSTA",PITTSBURG,-121.86672973632812,38.011562347412109
94496671,2024,2024-12-13,9320,2024-11-23,"25  ",023057,,6,3,4,0709,0,1,1,,2,682,"I-680 NORTHBOUND","OAK PARK BOULEVARD",1129.00,N,N,C,-,Y,CC,,680," "," ",17.116,H,,R,Y,4,0,1,1,A,-,01,23152,A,M,E,8,A,B,H,-,C,B,0,,,,,Y,Y,A,01,0,0,1,0,0,0,0,0,0,"- ","- ",37.936550140380859,-122.05986785888672,"CONTRA COSTA","PLEASANT HILL",-122.06014251708984,37.936546325683594
94496911,2024,2024-12-13,9390,2024-11-25,1250,017095,,1,1,9,0700,0,2,4,,2,112,"CAMINO TASSAJARA","DUBLIN CITY LIMITS",200.00,N,N,B,C,N,,,,,,,,,,Y,4,0,1,1,A,-,08,22107,,N,E,I,A,B,H,-,A,D,0,,,,,Y,,A,01,0,0,1,0,0,0,0,0,0,"- ","- ",37.741001129150391,-121.87071990966797,"CONTRA COSTA",UNINCORPORATED,,
94497066,2024,2024-12-13,9370,2024-11-25,1730,023694,,1,2,9,0700,0,3,5,,2,012,"EL PORTAL DRIVE","BARRANCA STREET",0.00,,Y,C,-,N,,,,,,,,,,N,4,0,1,2,A,-,10,21950,A,M,D,B,C,B,H,-,B,D,0,Y,,,,Y,,-,99,0,0,1,0,1,0,0,0,0,"- ","- ",37.965110778808594,-122.32051849365234,"CONTRA COSTA",UNINCORPORATED,-122.31993865966797,37.965744018554688
94497119,2024,2024-12-13,9370,2024-11-28,"335 ",023344,,4,3,5,0710,0,1,1,,2,082,"INTERSTATE 80 WESTBOUND","CUTTING BLVD",700.00,E,N,A,-,Y,CC,,80," "," ",2.568,H,,L,Y,3,0,1,3,A,-,03,22350,,N,C,C,A,A,H,-,C,D,0,,,,Y,Y,,A,01,0,1,0,0,0,0,0,0,0,"- ","- ",37.931911468505859,-122.32562255859375,"CONTRA COSTA",RICHMOND,-122.32559967041016,37.931919097900391
94497145,2024,2024-12-13,9320,2024-11-30,"845 ",022505,,6,1,9,0700,0,2,4,,2,046,"TREAT BLVD","JONES RD",0.00,,Y,B,-,N,,,,,,,,,,N,3,0,2,2,A,-,09,21453,C,N,D,C,A,A,H,-,A,A,0,,,,,Y,,A,01,0,1,1,0,0,0,0,0,0,"- ","- ",37.926399230957031,-122.05477142333984,"CONTRA COSTA",UNINCORPORATED,-122.05477905273438,37.926628112792969
9449777,2022,2022-05-31,0712,2022-03-27,1720,P525,,7,5,5,0712,0,0,0,,0,003,"BANCROFT RD","ABERWOOD LN",0.00,,Y,A,-,N,,,,,,,,,,N,4,0,1,2,A,-,03,22350,,N,C,C,A,A,H,-,A,A,0,,,,,Y,,A,01,0,0,1,0,0,0,0,0,0,"- ","- ",,,"CONTRA COSTA","WALNUT CREEK",-122.04012298583984,37.926548004150391
94498064,2024,2024-12-13,9320,2024-11-25,1920,021949,,1,2,9,0700,0,2,4,,2,034,"BARRY HILL RD. E/B","CUMMINGS SKYWAY",18.00,E,N,B,-,N,,,,,,,,,,N,4,0,1,1,A,-,01,23152,G,N,E,8,A,B,H,-,C,A,0,,,,,Y,Y,A,01,0,0,1,0,0,0,0,0,0,"- ","- ",38.013328552246094,-122.1905517578125,"CONTRA COSTA",UNINCORPORATED,-122.19071197509766,38.013339996337891
94498095,2024,2024-12-13,9320,2024-11-26,"850 ",016563,,2,1,5,0708,0,1,3,,2,403,"SR-4 E/B","BAILEY ROAD",1730.00,W,N,B,-,Y,CC,,4," ",R,19.778,H,,R,Y,4,0,1,1,A,-,08,22107,,N,F,8,A,A,H,-,A,A,0,,,,,Y,,A,07,0,0,1,0,0,0,0,0,0,"- ","- ",38.018718719482422,-121.94819641113281,"CONTRA COSTA",PITTSBURG,-121.9481201171875,38.018959045410156
94498168,2024,2024-12-13,9370,2024-11-29,1620,023900,,5,2,5,0710,0,1,1,,2,083,"INTERSTATE 80 EASTBOUND","SAN PABLO DAM ROAD",1800.00,E,N,A,-,Y,CC,,80," "," ",4.589,H,,R,N,4,0,2,1,A,-,08,22107,,N,E,8,A,A,H,-,A,D,0,,,,,Y,,A,07,0,0,2,0,0,0,0,0,0,"- ","- ",37.959659576416016,-122.33058929443359,"CONTRA COSTA",RICHMOND,-122.33053588867188,37.95965576171875
94498504,2024,2024-12-13,9320,2024-12-02,1630,023788,,1,2,9,0700,0,1,1,,2,180,"I-80 W/B","CUMMINGS SKYWAY",2573.00,W,N,A,-,Y,CC,,80," "," ",12.259,H,,L,N,4,0,1,2,A,-,07,21658,A,M,B,C,A,A,H,-,A,A,0,,,,,Y,,A,01,0,0,1,0,0,0,0,0,0,"- ","- ",38.040470123291016,-122.24501037597656,"CONTRA COSTA",UNINCORPORATED,-122.24497222900391,38.040435791015625
94498758,2024,2024-12-13,9370,2024-11-20,2316,024123,,3,3,3,0707,0,1,1,,2,083,"I-80 E/B","APPIAN WAY",2493.00,W,N,C,-,Y,CC,,80," "," ",7.107,H,,R,Y,4,0,1,3,A,-,07,21658,A,M,B,2,A,B,H,-,D,D,0,,,,,Y,Y,-,99,0,0,1,0,0,0,0,0,0,"- ","- ",37.990779876708984,-122.31011962890625,"CONTRA COSTA",PINOLE,-122.31009674072266,37.990753173828125
94498805,2024,2024-12-13,9320,2024-11-27,1550,023666,,3,2,9,0700,0,2,4,,2,086,"DELTA ROAD","SELLERS AVE",1320.00,E,N,A,-,N,,,,,,,,,,N,4,0,1,1,A,-,08,22107,,N,A,8,A,A,H,-,A,A,0,,,,,Y,,A,07,0,0,1,0,0,0,0,0,0,"- ","- ",37.968940734863281,-121.67312622070312,"CONTRA COSTA",UNINCORPORATED,-121.67307281494141,37.968849182128906
94498913,2024,2024-12-13,9320,2024-12-01,1825,023982,,7,2,9,0700,0,1,3,,2,402,"STATE ROUTE 4 EASTBOUND","WILLOW PASS ROAD",2558.00,W,N,A,-,Y,CC,,4," ",R,16.348,H,,R,N,4,0,1,2,A,-,07,21658,A,M,B,C,A,A,H,-,D,A,0,,,,,Y,,-,99,0,0,1,0,0,0,0,0,0,"- ","- ",38.012020111083984,-122.00614166259766,"CONTRA COSTA",UNINCORPORATED,-122.00615692138672,38.012100219726562
94498963,2024,2024-12-13,9320,2024-12-01,1235,019759,,7,1,9,0700,0,2,4,,2,077,"MARSH CREEK RD.","MORGAN TERRITORY RD.",4646.00,W,N,A,-,N,,,,,,,,,,Y,2,0,2,1,C,-,18,,,N,H,A,A,A,H,-,A,A,0,,,,,Y,,-,"- ",2,0,0,0,0,0,0,0,0,"- ","- ",37.913131713867188,-121.88613128662109,"CONTRA COSTA",UNINCORPORATED,-121.88618469238281,37.913169860839844
9449917,2022,2022-06-14,0700,2022-04-28,0937,030,2202,4,5,3,0734,0,0,0,,0,051,"MAIN ST","LIVE OAK AV",313.00,W,N,A,-,N,,,,,,,,,,,4,0,1,2,A,-,11,21954,A,N,G,B,E,A,H,-,A,D,0,Y,,,,Y,,N,60,0,0,1,0,1,0,0,0,0,"- ","- ",38.005138397216797,-121.74149322509766,"CONTRA COSTA",OAKLEY,-121.74267578125,38.00518798828125
94499259,2024,2024-12-13,9320,2024-12-03,1725,022828,,2,2,6,0704,0,1,1,,2,683,"INTERSTATE 680 NORTHBOUND TO SR-4 EASTBOUND",I-680,950.00,E,N,A,-,Y,CC,,4," "," ",12.846,H,,R,N,3,0,1,2,A,-,03,22350,,N,C,C,A,A,H,-,C,A,0,,,,,Y,,A,08,0,1,0,0,0,0,0,0,0,"- ","- ",37.995368957519531,-122.0667724609375,"CONTRA COSTA",CONCORD,-122.06686401367188,37.995548248291016
94499591,2024,2024-12-13,9320,2024-12-02,1918,023783,,1,2,9,0700,0,1,3,,2,402,"SR-4 EASTBOUND TO I-680 SOUTHBOUND","STATE ROUTE 4",727.00,S,N,A,-,Y,,,,,,,,,,Y,4,0,1,1,A,-,01,23152,A,N,F,I,A,A,H,-,C,A,0,,,,,Y,Y,A,01,0,0,1,0,0,0,0,0,0,"- ","- ",37.992668151855469,-122.069091796875,"CONTRA COSTA",UNINCORPORATED,,
94499684,2024,2024-12-13,9320,2024-11-16,1915,023953,,6,2,3,0715,0,1,3,,2,241,"SR-24 E/B","PLEASANT HILL RD",1056.00,E,N,A,-,Y,CC,,24," ",R,7.454,H,,R,N,2,0,1,2,A,-,08,22107,,M,F,A,A,A,H,-,C,A,0,,,Y,,Y,,C,02,1,0,0,0,0,0,0,0,1,"- ","- ",37.897251129150391,-122.09996032714844,"CONTRA COSTA",LAFAYETTE,-122.09995269775391,37.897232055664062
94499696,2024,2024-12-13,9320,2024-11-27,1940,023768,,3,2,9,0700,0,2,4,,2,012,"SAN PABLO DAM ROAD","EL PORTAL DRIVE",255.00,E,N,A,-,N,,,,,,,,,,N,3,0,1,2,A,-,09,21801,A,M,H,G,A,A,H,-,C,A,0,,Y,,,Y,Y,L,04,0,1,0,0,0,0,1,0,0,"- ","- ",37.964450836181641,-122.31700134277344,"CONTRA COSTA",UNINCORPORATED,-122.31751251220703,37.964324951171875
94499722,2024,2024-12-13,9320,2024-12-04,2120,022828,,3,2,4,0709,0,1,1,,2,683,"INTERSTATE 680 NORTHBOUND","MONUMENT BOULEVARD",3170.00,N,N,A,-,Y,CC,,680," ",R,18.338,H,,R,Y,3,0,1,2,A,-,03,22350,,N,C,C,A,A,C,-,C,A,0,,,,,Y,,A,01,0,1,0,0,0,0,0,0,0,"- ","- ",37.953781127929688,-122.05426025390625,"CONTRA COSTA","PLEASANT HILL",-122.05426025390625,37.953781127929688
94499999,2024,2024-12-13,9320,2024-12-04,1709,023788,,3,2,9,0700,0,1,1,,2,681,"I-680 S/B","LIVORNA ROAD",1583.00,S,N,A,-,Y,CC,,680," ",R,10.992,H,,L,N,4,0,1,2,A,-,03,22350,,N,C,C,A,A,H,-,C,A,0,,,,,Y,,A,01,0,0,1,0,0,0,0,0,0,"- ","- ",37.859600067138672,-122.03240966796875,"CONTRA COSTA",UNINCORPORATED,-122.03235626220703,37.859619140625
9450016,2022,2022-06-20,0700,2022-04-29,1546,032,OAKLE,5,5,3,0734,0,0,0,,0,053,"CARPENTER RD","JOSHUA ST",0.00,,Y,A,-,N,,,,,,,,,,Y,4,0,2,2,A,-,09,21801,A,N,A,C,A,A,H,-,A,A,0,,,,,Y,,A,01,0,0,2,0,0,0,0,0,0,"- ","- ",37.975898742675781,-121.72923278808594,"CONTRA COSTA",OAKLEY,-121.72883605957031,37.97601318359375
94500198,2024,2024-12-13,9320,2024-11-28,"525 ",023063,,4,3,5,0708,0,1,3,,2,403,"SR-4 WESTBOUND","WILLOW PASS ROAD",1636.00,W,N,A,-,Y,CC,,4," ",R,18.461,H,,L,Y,4,0,1,2,A,-,01,23152,A,N,B,C,A,A,H,-,C,A,0,,,,,Y,Y,A,01,0,0,1,0,0,0,0,0,0,"- ","- ",38.024101257324219,-121.97139739990234,"CONTRA COSTA",PITTSBURG,-121.97140502929688,38.024013519287109
94500242,2024,2024-12-13,9320,2024-12-04,"845 ",024165,,3,1,9,0700,0,1,3,,2,403,"SR-4 W/B","WILLOW PASS ROAD (BAY POINT)",1901.00,E,N,A,-,Y,CC,,4," ",R,19.153,H,,L,N,3,0,2,2,A,-,03,22350,,M,C,C,A,A,H,-,A,A,0,,,,,Y,,A,01,0,1,1,0,0,0,0,0,0,"- ","- ",38.021800994873047,-121.95903778076172,"CONTRA COSTA",UNINCORPORATED,-121.95903778076172,38.021808624267578
94500387,2024,2024-12-13,9320,2024-12-01,1720,023948,,7,2,3,0702,0,1,3,,2,405,"SR-4 E/B","LONE TREE WAY (BRENTWOOD)",2112.00,E,N,A,-,Y,CC,,4," ",R,33.400,H,,R,N,4,0,1,2,A,-,03,22350,,N,A,C,A,A,H,-,B,A,0,,,,,Y,,A,01,0,0,1,0,0,0,0,0,0,"- ","- ",37.955379486083984,-121.74490356445312,"CONTRA COSTA",BRENTWOOD,-121.74491882324219,37.955379486083984
94500400,2024,2024-12-13,9320,2024-11-28,1421,023948,,4,2,9,0700,0,2,4,,2,096,"VASCO ROAD","DYER RD",3960.00,N,N,A,-,N,,,,,,,,,,Y,4,0,1,1,A,-,08,22107,,N,E,I,A,A,H,-,A,A,0,,,,,Y,,A,07,0,0,1,0,0,0,0,0,0,"- ","- ",37.794109344482422,-121.68772125244141,"CONTRA COSTA",UNINCORPORATED,,