CASE_ID,ACCIDENT_YEAR,PROC_DATE,JURIS,COLLISION_DATE,COLLISION_TIME,OFFICER_ID,REPORTING_DISTRICT,DAY_OF_WEEK,CHP_SHIFT,POPULATION,CNTY_CITY_LOC,SPECIAL_COND,BEAT_TYPE,CHP_BEAT_TYPE,CITY_DIVISION_LAPD,CHP_BEAT_CLASS,BEAT_NUMBER,PRIMARY_RD,SECONDARY_RD,DISTANCE,DIRECTION,INTERSECTION,WEATHER_1,WEATHER_2,STATE_HWY_IND,CALTRANS_COUNTY,CALTRANS_DISTRICT,STATE_ROUTE,ROUTE_SUFFIX,POSTMILE_PREFIX,POSTMILE,LOCATION_TYPE,RAMP_INTERSECTION,SIDE_OF_HWY,TOW_AWAY,COLLISION_SEVERITY,NUMBER_KILLED,NUMBER_INJURED,PARTY_COUNT,PRIMARY_COLL_FACTOR,PCF_CODE_OF_VIOL,PCF_VIOL_CATEGORY,PCF_VIOLATION,PCF_VIOL_SUBSECTION,HIT_AND_RUN,TYPE_OF_COLLISION,MVIW,PED_ACTION,ROAD_SURFACE,ROAD_COND_1,ROAD_COND_2,LIGHTING,CONTROL_DEVICE,CHP_ROAD_TYPE,PEDESTRIAN_ACCIDENT,BICYCLE_ACCIDENT,MOTORCYCLE_ACCIDENT,TRUCK_ACCIDENT,NOT_PRIVATE_PROPERTY,ALCOHOL_INVOLVED,STWD_VEHTYPE_AT_FAULT,CHP_VEHTYPE_AT_FAULT,COUNT_SEVERE_INJ,COUNT_VISIBLE_INJ,COUNT_COMPLAINT_PAIN,COUNT_PED_KILLED,COUNT_PED_INJURED,COUNT_BICYCLIST_KILLED,COUNT_BICYCLIST_INJURED,COUNT_MC_KILLED,COUNT_MC_INJURED,PRIMARY_RAMP,SECONDARY_RAMP,LATITUDE,LONGITUDE,COUNTY,CITY,POINT_X,POINT_Y
94716051,2025,2025-06-06,9320,2025-06-04,1125,020984,,3,1,9,0700,0,2,4,,1,042,"PACHECO BLVD","GIANNINI RD",10.00,W,N,A,-,N,,,,,,,,,,Y,3,0,2,2,A,-,09,21804,A,M,C,C,A,A,H,-,A,D,0,,,,,Y,,A,07,0,1,1,0,0,0,0,0,0,"- ","- ",38.008209228515625,-122.09519958496094,"CONTRA COSTA",UNINCORPORATED,-122.09513092041016,38.008132934570312
94716120,2025,2025-06-06,9320,2025-04-29,2130,023768,,2,2,4,0714,0,1,3,,2,402,"SR-4 EASTBOUND","ALHAMBRA AVE",1215.00,E,N,A,-,Y,CC,,4," ",R,8.805,H,,R,N,3,0,1,1,A,-,01,23152,F,N,E,I,A,A,H,-,C,D,0,,,,,Y,Y,A,01,0,1,0,0,0,0,0,0,0,"- ","- ",37.991619110107422,-122.12583923339844,"CONTRA COSTA",MARTINEZ,-122.12592315673828,37.991710662841797
94716270,2025,2025-06-06,9320,2025-05-30,1910,023781,,5,2,3,0702,0,1,3,,2,405,"SR-4 WESTBOUND","LONE TREE WAY",2323.00,W,N,A,-,Y,CC,,4," ",R,32.389,H,,L,N,3,0,1,1,A,-,08,22107,,N,E,I,A,A,H,-,A,D,0,,,,,Y,,A,01,0,1,0,0,0,0,0,0,0,"- ","- ",37.967739105224609,-121.73854827880859,"CONTRA COSTA",BRENTWOOD,-121.73863983154297,37.967750549316406
94716706,2025,2025-08-15,9370,2025-05-24,2000,024343,,6,2,5,0710,0,1,1,,2,082,"I-80 W/B","BARRETT STREET",370.00,W,N,A,-,Y,CC,,80," "," ",2.762,H,,L,Y,2,0,4,6,A,-,01,23152,A,N,C,C,A,A,H,-,B,D,0,,,,,Y,Y,A,01,1,0,3,0,0,0,0,0,0,"- ","- ",37.934490203857422,-122.32694244384766,"CONTRA COSTA",RICHMOND,-122.32694244384766,37.934490203857422
94718069,2025,2025-06-09,9320,2025-05-27,1840,023953,,2,2,9,0700,0,1,3,,2,402,"I-680 S/B FROM SR-4 E/B","PACHECO BOULEVARD",820.00,E,N,A,-,Y,,,,,,,,,,Y,4,0,1,1,A,-,01,23152,A,N,F,0,A,A,H,-,A,A,0,,,,,Y,Y,D,22,0,0,1,0,0,0,0,0,0,"- ","- ",37.993560791015625,-122.07147216796875,"CONTRA COSTA",UNINCORPORATED,,
94718306,2025,2025-06-09,9320,2025-06-01,"220 ",023982,,7,3,3,0702,0,1,3,,2,405,"STATE ROUTE 4 WESTBOUND","LONE TREE WAY",3491.00,E,N,A,-,Y,CC,,4," ",R,33.656,H,,L,Y,3,0,1,1,A,-,01,23152,A,N,F,A,A,A,H,-,C,A,0,,,,,Y,Y,D,22,0,1,0,0,0,0,0,0,0,"- ","- ",37.951850891113281,-121.74439239501953,"CONTRA COSTA",BRENTWOOD,-121.74443817138672,37.951850891113281
9471831,2023,2023-11-07,0716,2023-09-21,"22  ",171,R3,4,5,3,0716,0,0,0,,0,001,"ASCOT DR","ASCOT DR 2009",0.00,,N,B,-,N,,,,,,,,,,Y,4,0,1,1,A,-,03,22350,,N,E,I,A,A,H,-,C,D,0,,,,,Y,Y,A,01,0,0,1,0,0,0,0,0,0,"- ","- ",,,"CONTRA COSTA",MORAGA,-122.12884521484375,37.857601165771484
9471832,2023,2023-11-01,0716,2023-09-15,"814 ",172,R8,5,5,3,0716,0,0,0,,0,002,"CAMINO PABLO","DUARTE CT",108.00,W,N,A,-,N,,,,,,,,,,N,4,0,1,2,A,-,09,21804,A,N,E,G,A,A,H,-,A,D,0,,Y,,,Y,,A,01,0,0,1,0,0,0,1,0,0,"- ","- ",,,"CONTRA COSTA",MORAGA,-122.12914276123047,37.825965881347656
9471834,2023,2023-11-01,0712,2023-09-21,1448,P613,,4,5,5,0712,0,0,0,,0,003,"TREAT BL","CANDELERO DR",393.00,W,N,A,-,N,,,,,,,,,,Y,4,0,1,4,A,-,03,22350,,N,C,C,A,A,H,-,A,A,0,,,,,Y,,A,07,0,0,1,0,0,0,0,0,0,"- ","- ",37.926811218261719,-122.04621124267578,"CONTRA COSTA","WALNUT CREEK",-122.04625701904297,37.927001953125
9471835,2023,2023-11-07,0712,2023-09-13,2146,P550,,3,5,5,0712,0,0,0,,0,002,"N BROADWAY","ARROYO WY",0.00,,Y,A,-,N,,,,,,,,,,N,4,0,1,2,A,-,00,20001,,F,C,C,A,A,H,-,B,A,0,,,,,Y,Y,A,01,0,0,1,0,0,0,0,0,0,"- ","- ",,,"CONTRA COSTA","WALNUT CREEK",-122.06125640869141,37.905067443847656
9471836,2023,2023-11-01,0712,2023-09-26,1200,P613,,2,5,5,0712,0,0,0,,0,002,"N MAIN ST","SAN LUIS RD",0.00,,Y,A,-,N,,,,,,,,,,N,4,0,1,2,A,-,10,21950,A,M,G,B,B,A,H,-,A,A,0,Y,,,,Y,,-,,0,0,1,0,1,0,0,0,0,"- ","- ",,,"CONTRA COSTA","WALNUT CREEK",-122.06571960449219,37.917251586914062
94718544,2025,2025-06-09,9320,2025-05-31,2155,023680,,6,2,6,0704,0,1,1,,2,683,"I-680 S/B","WILLOW PASS RD",2243.00,N,N,A,-,Y,CC,,680," "," ",19.503,H,,L,Y,4,0,1,2,A,-,07,21658,,M,C,C,A,A,H,-,C,A,0,,,,,Y,,-,99,0,0,1,0,0,0,0,0,0,"- ","- ",37.971511840820312,-122.06078338623047,"CONTRA COSTA",CONCORD,-122.06069183349609,37.971553802490234
94718968,2025,2025-06-09,9370,2025-05-28,"610 ",024438,,3,1,5,0710,0,1,1,,2,083,"I-80 W/B","EL PORTAL DRIVE",475.00,E,N,A,-,Y,CC,,80," "," ",5.354,H,,L,N,4,0,1,2,A,-,07,21658,A,M,B,C,A,A,H,-,A,A,0,,,,,Y,,-,99,0,0,1,0,0,0,0,0,0,"- ","- ",37.967479705810547,-122.32169342041016,"CONTRA COSTA",RICHMOND,-122.32163238525391,37.967456817626953
94718979,2025,2025-06-09,9370,2025-05-29,2252,023905,,4,3,4,0711,0,3,5,,2,012,"GLENLOCK STREET","EL PORTAL DRIVE",19.00,N,N,A,-,N,,,,,,,,,,Y,3,0,2,2,A,-,01,23152,A,M,B,C,A,A,H,-,C,A,0,,,,,Y,Y,A,07,0,1,1,0,0,0,0,0,0,"- ","- ",37.964698791503906,-122.32604217529297,"CONTRA COSTA","SAN PABLO",-122.32598114013672,37.964664459228516
94719908,2025,2025-06-10,9320,2025-06-01,"35  ",024227,,7,3,9,0700,0,2,4,,2,072,"BAILEY ROAD","SR-4 W/B TO BAILEY ROAD",0.00,,Y,A,-,Y,CC,,4," ",R,20.112,H,,L,Y,4,0,1,2,A,-,01,23152,A,N,D,2,A,A,H,-,C,A,0,,,,,Y,Y,A,01,0,0,1,0,0,0,0,0,0,"- ","- ",38.019290924072266,-121.9420166015625,"CONTRA COSTA",UNINCORPORATED,-121.94202423095703,38.019096374511719
94720073,2025,2025-06-10,9320,2025-06-03,"635 ",023061,,2,1,6,0704,0,1,3,,2,242,"SR-242 S/B","CLAYTON RD",1426.00,S,N,A,-,Y,CC,,242," ",R,0.524,H,,L,Y,3,0,1,2,A,-,03,22350,,N,C,C,A,A,H,-,A,A,0,,,,,Y,,A,01,0,1,0,0,0,0,0,0,0,"- ","- ",37.965930938720703,-122.04934692382812,"CONTRA COSTA",CONCORD,-122.04934692382812,37.965930938720703
94720369,2025,2025-06-10,9370,2025-06-03,1420,024344,,2,2,5,0710,0,1,1,,2,083,"I-80 W/B","APPIAN WAY",150.00,W,N,A,-,Y,CC,,80," "," ",7.580,H,,L,N,4,0,5,2,A,-,03,22350,,N,C,C,A,A,H,-,A,D,0,,,,,Y,,A,01,0,0,5,0,0,0,0,0,0,"- ","- ",37.993400573730469,-122.30236053466797,"CONTRA COSTA",RICHMOND,-122.30236053466797,37.993404388427734
94720505,2025,2025-06-10,9370,2025-06-05,"615 ",024100,,4,1,4,0711,0,1,1,,2,082,"I-80 W/B","SAN PABLO AVE",990.00,E,N,A,-,Y,CC,,80," "," ",3.179,H,,L,Y,4,0,1,2,A,-,03,22350,,N,C,C,A,A,H,-,A,D,0,,,,,Y,,D,22,0,0,1,0,0,0,0,0,0,"- ","- ",37.940219879150391,-122.32472991943359,"CONTRA COSTA","SAN PABLO",-122.32476043701172,37.940227508544922
94720542,2025,2025-06-10,9320,2025-05-30,"358 ",022896,,5,3,3,0715,0,1,3,,2,241,"SR-24 E/B","EL NIDO RANCH ROAD",2120.00,E,N,A,-,Y,CC,,24," ",R,5.350,H,,R,N,3,0,2,1,A,-,01,23152,A,N,E,I,A,A,H,-,C,A,0,,,,,Y,Y,A,07,0,1,1,0,0,0,0,0,0,"- ","- ",37.890369415283203,-122.13729095458984,"CONTRA COSTA",LAFAYETTE,-122.13727569580078,37.89044189453125
94720545,2025,2025-06-10,9370,2025-06-05,2218,024008,,4,3,5,0710,0,1,1,,2,082,"I-80 E/B","MCDONALD AVENUE",500.00,E,N,A,-,Y,CC,,80," "," ",2.370,H,,R,N,4,0,1,2,A,-,03,22350,,M,C,D,A,A,H,-,C,D,0,,,,,Y,,-,99,0,0,1,0,0,0,0,0,0,"- ","- ",37.929550170898438,-122.32341766357422,"CONTRA COSTA",RICHMOND,-122.32359313964844,37.929470062255859
94720643,2025,2025-06-10,9370,2025-06-09,1232,023801,,1,1,5,0710,0,1,1,,2,082,"I-80 W/B","CUTTING BLVD",1555.00,E,N,A,-,Y,CC,,80," "," ",2.350,H,,L,N,4,0,1,2,A,-,03,22350,,N,C,C,A,A,H,-,A,D,0,,,,,Y,,I,20,0,0,1,0,0,0,0,0,0,"- ","- ",37.92926025390625,-122.32373046875,"CONTRA COSTA",RICHMOND,-122.32376861572266,37.929244995117188
94720717,2025,2025-12-03,9370,2025-05-30,2208,023576,,5,3,5,0710,0,1,1,,2,083,"I-80 W/B","SAN PABLO DAM RD",2373.00,W,N,A,-,Y,CC,,80," "," ",6.280,H,,L,N,4,0,1,3,A,-,08,22107,,M,B,C,A,A,D,-,D,D,0,,,,Y,Y,,-,99,0,0,1,0,0,0,0,0,0,"- ","- ",37.980430603027344,-122.31714630126953,"CONTRA COSTA",RICHMOND,-122.31719207763672,37.980438232421875
94721566,2025,2025-06-11,9320,2025-06-02,1720,023775,,1,2,6,0704,0,1,3,,2,242,"SR-242 N/B","WILLOW PASS RD",450.00,N,N,A,-,Y,CC,,242," ",R,0.998,H,,R,Y,4,0,2,2,A,-,03,22350,,N,C,C,A,A,H,-,A,A,0,,,,,Y,,D,22,0,0,2,0,0,0,0,0,0,"- ","- ",37.972499847412109,-122.04682922363281,"CONTRA COSTA",CONCORD,-122.04674530029297,37.97247314453125
94721571,2025,2025-06-11,9320,2025-05-29,1800,023788,,4,2,9,0700,0,1,3,,2,402,"SR-4 W/B TO PORT CHICAGO HIGHWAY","PORT CHICAGO HIGHWAY",38.00,E,N,A,-,Y,,,,,,,,,,Y,4,0,2,2,A,-,03,22350,,N,C,C,A,A,H,-,A,A,0,,,,,Y,,A,01,0,0,2,0,0,0,0,0,0,"- ","- ",38.010448455810547,-122.02265167236328,"CONTRA COSTA",UNINCORPORATED,-122.02275085449219,38.009975433349609
9472186,2022,2022-07-20,0712,2022-06-08,1342,P518,,3,5,5,0712,0,0,0,,0,002,"YGNACIO VALLEY RD","N BROADWAY",0.00,,Y,A,-,N,,,,,,,,,,,3,0,1,2,A,-,12,21453,A,N,D,C,A,A,H,-,A,A,0,,,,,Y,,A,07,0,1,0,0,0,0,0,0,0,"- ","- ",,,"CONTRA COSTA","WALNUT CREEK",-122.06149291992188,37.906768798828125
9472187,2022,2022-07-20,0712,2022-06-30,1228,P386,,4,5,5,0712,0,0,0,,0,003,"STRATTON RD","DOWNHAM CT",125.00,W,N,A,-,N,,,,,,,,,,,4,0,1,2,A,-,09,21804,A,N,H,C,A,A,H,-,A,D,0,,,,,Y,,A,01,0,0,1,0,0,0,0,0,0,"- ","- ",,,"CONTRA COSTA","WALNUT CREEK",-122.03292846679688,37.924030303955078
94722102,2025,2025-06-11,9320,2025-06-02,1440,022743,,1,2,5,0712,0,1,3,,2,241,"I-680 S/B FROM SR-24 E/B","BOULEVARD WAY",1200.00,W,N,A,-,Y,,,,,,,,,,N,4,0,2,3,A,-,08,22107,,N,B,2,A,A,H,-,A,A,0,,,,,Y,,A,08,0,0,2,0,0,0,0,0,0,"- ","- ",37.895648956298828,-122.07630157470703,"CONTRA COSTA","WALNUT CREEK",-122.07129669189453,37.896469116210938
94722133,2025,2025-06-11,9320,2025-05-31,1135,023644,,6,1,6,0704,0,1,3,,2,402,"SR-4 E/B","PERALTA ROAD",1350.00,E,N,A,-,Y,CC,,4," ",R,14.243,H,,R,N,4,0,3,2,A,-,03,22350,,N,C,C,A,A,H,-,A,D,0,,,,Y,Y,,F,26,0,0,3,0,0,0,0,0,0,"- ","- ",38.003341674804688,-122.04299163818359,"CONTRA COSTA",CONCORD,-122.04300689697266,38.003391265869141
94722336,2025,2025-06-11,9320,2025-06-03,"805 ",016563,,2,1,9,0700,0,2,4,,2,046,"TREAT BLVD","OAK ROAD",260.00,E,N,A,-,N,,,,,,,,,,N,3,0,2,2,A,-,03,22350,,N,C,C,A,A,H,-,A,A,0,,,,,Y,,A,01,0,2,0,0,0,0,0,0,0,"- ","- ",37.926639556884766,-122.05638122558594,"CONTRA COSTA",UNINCORPORATED,-122.05655670166016,37.926429748535156
94722340,2025,2025-06-11,9320,2025-06-03,1320,022199,,2,1,9,0700,0,2,4,,2,032,"MCEWEN RD","CARQUINEZ SCENIC DRIVE",15840.00,S,N,A,-,N,,,,,,,,,,N,2,0,1,1,A,-,08,22107,,N,F,A,A,A,H,-,A,A,0,,,Y,,Y,,C,02,1,0,0,0,0,0,0,0,1,"- ","- ",38.029239654541016,-122.18778228759766,"CONTRA COSTA",UNINCORPORATED,-122.17784118652344,38.014381408691406
94722362,2025,2025-06-11,9320,2025-06-04,1254,017530,,3,1,9,0700,0,2,4,,2,094,"BYRON HIGHWAY","BRENTWOOD BLVD",0.00,,Y,A,-,N,,,,,,,,,,Y,4,0,2,2,A,-,12,21453,A,N,D,C,A,A,H,-,A,A,0,,,,,Y,,D,22,0,0,2,0,0,0,0,0,0,"- ","- ",37.909938812255859,-121.64177703857422,"CONTRA COSTA",UNINCORPORATED,-121.64182281494141,37.909942626953125
94723472,2025,2025-06-12,9320,2025-06-04,1633,022835,,3,2,9,0700,0,1,3,,2,402,"SR-4 E/B","PACHECO BLVD.",1056.00,E,N,A,-,Y,CC,,4," "," ",12.632,H,,R,N,3,0,1,2,A,-,08,22107,,N,B,C,A,A,H,-,A,A,0,,,Y,,Y,,C,02,0,1,0,0,0,0,0,0,1,"- ","- ",37.994251251220703,-122.07041168212891,"CONTRA COSTA",UNINCORPORATED,-122.07044982910156,37.994316101074219
94723635,2025,2025-06-12,9320,2025-06-04,"800 ",016563,,3,1,6,0704,0,1,1,,2,683,"I-680 S/B","CONCORD AVENUE",645.00,S,N,A,-,Y,CC,,680," "," ",19.740,H,,L,N,4,0,1,3,A,-,03,22350,,N,C,C,A,A,H,-,A,A,0,,,,,Y,,A,07,0,0,1,0,0,0,0,0,0,"- ","- ",37.974418640136719,-122.06304931640625,"CONTRA COSTA",CONCORD,-122.06307983398438,37.974407196044922
94723873,2025,2025-06-12,9320,2025-06-04,1650,024233,,3,2,6,0704,0,1,3,,2,402,"SR-4 EASTBOUND","WILLOW PASS ROAD",3273.00,W,N,A,-,Y,CC,,4," ",R,16.199,H,,R,N,3,0,1,2,A,-,03,22350,,N,C,C,A,A,H,-,A,A,0,,,Y,,Y,,C,02,0,1,0,0,0,0,0,0,1,"- ","- ",38.011631011962891,-122.009033203125,"CONTRA COSTA",CONCORD,-122.009033203125,38.011653900146484
94724625,2025,2025-06-13,9370,2025-06-07,1730,023870,,6,2,5,0710,0,1,1,,2,082,"I-80 E/B","SAN PABLO AVE",727.00,E,N,A,-,Y,CC,,80," "," ",3.103,H,,R,N,4,0,1,2,A,-,08,22107,,N,B,C,A,A,H,-,A,D,0,,,,,Y,,D,22,0,0,1,0,0,0,0,0,0,"- ","- ",37.939079284667969,-122.32502746582031,"CONTRA COSTA",RICHMOND,-122.32509613037109,37.939102172851562
94724887,2025,2025-06-13,9320,2025-05-11,2200,023760,,7,3,6,0704,0,1,1,,2,683,"I-680 NB","WILLOW PASS ROAD",792.00,S,N,A,-,Y,CC,,680," ",R,18.875,H,,R,Y,4,0,1,3,A,-,07,21658,A,N,B,2,A,A,H,-,A,D,0,,,,,Y,,A,01,0,0,1,0,0,0,0,0,0,"- ","- ",37.961238861083984,-122.05329895019531,"CONTRA COSTA",CONCORD,-122.05327606201172,37.961246490478516
94725094,2025,2025-06-13,9320,2025-06-01,"435 ",024219,,7,3,6,0704,0,1,3,,2,402,"SR-4 E/B","KINNE BOULEVARD",303.00,W,N,A,-,Y,CC,,4," ",R,15.991,H,,R,Y,4,0,1,1,A,-,01,23152,A,N,E,I,A,A,H,-,C,A,0,,,,,Y,Y,A,07,0,0,1,0,0,0,0,0,0,"- ","- ",38.011081695556641,-122.01287078857422,"CONTRA COSTA",CONCORD,-122.01286315917969,38.011062622070312
94725187,2025,2025-06-13,9320,2025-06-05,1545,022199,,4,2,9,0700,0,2,4,,2,011,"SOBRANTE AVE","APPIAN WAY",0.00,,Y,A,-,N,,,,,,,,,,N,3,0,2,3,A,-,09,21802,A,N,D,C,A,A,H,-,A,A,0,,,Y,,Y,,A,01,0,1,1,0,0,0,0,0,1,"- ","- ",37.977218627929688,-122.29531860351562,"CONTRA COSTA",UNINCORPORATED,-122.2958984375,37.976840972900391
94725203,2025,2025-06-13,9320,2025-06-05,1725,023948,,4,2,6,0704,0,1,3,,2,402,"SR-4 WB","PORT CHICAGO HIGHWAY",2500.00,E,N,A,-,Y,CC,,4," ",R,15.936,H,,L,N,4,0,1,2,A,-,03,22350,,M,C,C,A,A,H,-,A,A,0,,,,,Y,,-,99,0,0,1,0,0,0,0,0,0,"- ","- ",38.01129150390625,-122.01405334472656,"CONTRA COSTA",CONCORD,-122.0140380859375,38.011245727539062
94725209,2025,2025-06-13,9320,2025-06-06,1515,023948,,5,2,9,0700,0,2,4,,2,046,"TREAT BOULEVARD E/B","OAK ROAD",100.00,E,N,A,-,N,,,,,,,,,,Y,3,0,1,3,A,-,03,22350,,N,C,C,A,A,H,-,A,A,0,,,,,Y,,A,07,0,1,0,0,0,0,0,0,0,"- ","- ",37.926410675048828,-122.05692291259766,"CONTRA COSTA",UNINCORPORATED,-122.05711364746094,37.926422119140625
9472541,2022,2022-08-04,0740,2022-06-28,1637,SR076,SR,2,5,4,0791,0,0,0,,0,BEAT2,"BOLLINGER CANYON RD","MARKET PL",0.00,,Y,A,-,N,,,,,,,,,,Y,3,0,2,2,A,-,12,21453,A,N,D,C,A,A,H,-,A,A,0,,,,,Y,,A,01,0,1,1,0,0,0,0,0,0,"- ","- ",37.764080047607422,-121.95387268066406,"CONTRA COSTA","SAN RAMON",-121.95407104492188,37.764450073242188
9472542,2022,2022-07-21,0740,2022-06-13,1757,SR544,SR,1,5,4,0791,0,0,0,,0,BEAT3,"CROW CANYON RD","CROW CANYON PL",0.00,,N,A,-,N,,,,,,,,,,N,4,0,1,2,A,-,03,22350,,N,B,C,A,A,H,-,A,A,0,,,,,Y,,A,01,0,0,1,0,0,0,0,0,0,"- ","- ",37.778430938720703,-121.97161102294922,"CONTRA COSTA","SAN RAMON",-121.97161102294922,37.778617858886719
9472543,2022,2022-07-21,0740,2022-06-02,2337,SR501,SR,4,5,4,0791,0,0,0,,0,BEAT5,"BOLLINGER CANYON RD","DOUGHERTY RD",0.00,,Y,A,-,N,,,,,,,,,,Y,3,0,2,2,A,-,09,21453,C,N,D,C,A,A,H,-,C,A,0,,,,,Y,,A,07,0,1,1,0,0,0,0,0,0,"- ","- ",37.773719787597656,-121.92488861083984,"CONTRA COSTA","SAN RAMON",-121.92510986328125,37.7735595703125
94726586,2025,2025-06-16,9320,2025-06-06,"55  ",024442,,5,3,5,0708,0,1,3,,2,404,"SR-4 W/B TO LOVERIDGE RD","CALIFORNIA AVE",34.00,S,N,A,-,Y,,,,,,,,,,N,4,0,1,1,A,-,08,22107,,N,E,8,A,A,H,-,C,D,0,,,,,Y,,A,01,0,0,1,0,0,0,0,0,0,"- ","- ",38.012771606445312,-121.86859130859375,"CONTRA COSTA",PITTSBURG,-121.87004852294922,38.012821197509766
94727130,2025,2025-06-16,9320,2025-05-30,1730,023953,,5,2,4,0714,0,1,3,,2,402,"SR-4 E/B","ALHAMBRA AVE",895.00,E,N,A,-,Y,CC,,4," ",R,8.740,H,,R,Y,4,0,1,2,A,-,08,22107,,N,E,I,A,A,H,-,A,A,0,,,,,Y,,A,01,0,0,1,0,0,0,0,0,0,"- ","- ",37.991168975830078,-122.12690734863281,"CONTRA COSTA",MARTINEZ,-122.12696075439453,37.991268157958984
94727188,2025,2025-06-16,9320,2025-06-09,1610,023993,,1,2,9,0700,0,2,4,,2,012,"VALLEY VIEW ROAD","CHRISTOPHER COURT",100.00,E,N,A,-,N,,,,,,,,,,Y,4,0,1,2,A,-,08,22107,,N,B,E,A,A,H,-,A,A,0,,,,,Y,,A,01,0,0,1,0,0,0,0,0,0,"- ","- ",37.964950561523438,-122.28214263916016,"CONTRA COSTA",UNINCORPORATED,-122.28201293945312,37.965221405029297
94727454,2025,2025-06-16,9370,2025-06-02,"215 ",024126,,1,3,5,0710,0,1,1,,2,082,"I-80 E/B","CARLSON BOULEVARD",1652.00,W,N,A,-,Y,CC,,80," "," ",0.684,H,,R,N,4,0,1,1,A,-,01,23152,A,N,B,I,A,A,H,-,C,D,0,,,,,Y,Y,A,07,0,0,1,0,0,0,0,0,0,"- ","- ",37.906650543212891,-122.31471252441406,"CONTRA COSTA",RICHMOND,-122.31467437744141,37.906665802001953
94727705,2025,2025-06-16,9370,2025-05-27,"112 ",023907,,2,3,9,0700,0,3,5,,2,010,"PARR BLVD","FRED JACKSON WAY",0.00,,Y,A,-,N,,,,,,,,,,N,4,0,1,1,A,-,01,23152,A,N,E,I,A,A,H,-,D,A,0,,,,,Y,Y,A,01,0,0,1,0,0,0,0,0,0,"- ","- ",37.968471527099609,-122.36670684814453,"CONTRA COSTA",UNINCORPORATED,-122.36679077148438,37.968273162841797
94727794,2025,2025-06-16,9320,2025-06-08,"637 ",023063,,7,1,9,0700,0,1,3,,2,401,"SR-4 WESTBOUND","MCEWEN ROAD",600.00,W,N,A,-,Y,CC,,4," ",R,5.063,H,,L,Y,3,0,3,2,A,-,01,23152,A,N,B,C,A,A,H,-,A,A,0,,,,,Y,Y,A,07,0,1,2,0,0,0,0,0,0,"- ","- ",38.015720367431641,-122.17964172363281,"CONTRA COSTA",UNINCORPORATED,-122.17964172363281,38.015705108642578
94728482,2025,2025-06-17,9320,2025-05-25,1605,022835,,7,2,9,0700,0,1,1,,2,681,"I-680 N/B","STONE VALLEY RD",4752.00,N,N,A,-,Y,CC,,680," ",R,11.334,H,,R,N,3,0,1,2,A,-,08,22107,,M,B,C,A,A,H,-,A,D,0,,,,,Y,,-,99,0,1,0,0,0,0,0,0,0,"- ","- ",37.863700866699219,-122.03574371337891,"CONTRA COSTA",UNINCORPORATED,-122.03575897216797,37.863681793212891
94728727,2025,2025-06-17,9320,2025-06-04,2304,023431,,3,3,9,0700,0,3,5,,2,039,"CALIFORNIA ST","5TH ST",5.00,N,N,A,-,N,,,,,,,,,,N,2,0,1,1,A,-,08,22107,,N,E,I,A,A,H,-,C,A,0,,,Y,,Y,,C,02,1,0,0,0,0,0,0,0,1,"- ","- ",38.033378601074219,-122.25879669189453,"CONTRA COSTA",UNINCORPORATED,-122.25862121582031,38.033370971679688
94728848,2025,2025-06-17,9320,2025-06-10,1155,019759,,2,1,9,0700,0,2,4,,2,071,"WILLOW PASS RD.","BAILEY RD.",85.00,W,N,A,-,N,,,,,,,,,,N,4,0,1,2,A,-,03,22350,,N,C,C,A,A,H,-,A,A,0,,,,,Y,,A,01,0,0,1,0,0,0,0,0,0,"- ","- ",38.026699066162109,-121.94245147705078,"CONTRA COSTA",UNINCORPORATED,-122.00351715087891,37.992023468017578
94728875,2025,2025-06-17,9320,2025-06-08,1637,023948,,7,2,4,0714,0,1,3,,2,402,"SR-4 E/B","PACHECO BOULEVARD",2904.00,W,N,A,-,Y,CC,,4," ",R,11.280,H,,R,Y,3,0,2,1,A,-,08,22107,,N,E,I,A,A,H,-,A,A,0,,,,,Y,,A,07,0,1,1,0,0,0,0,0,0,"- ","- ",37.991241455078125,-122.08399963378906,"CONTRA COSTA",MARTINEZ,-122.08399200439453,37.991165161132812
94728919,2024,2025-06-17,9320,2024-12-06,1625,023788,,5,2,9,0700,0,2,4,,2,088,"SELLERS AVENUE","SUNSET ROAD",2600.00,N,N,A,-,N,,,,,,,,,,Y,1,1,0,1,A,-,01,23152,F,N,E,I,A,A,H,-,A,D,0,,,,,Y,,M,96,0,0,0,0,0,0,0,0,0,"- ","- ",37.961711883544922,-121.67774963378906,"CONTRA COSTA",UNINCORPORATED,-121.67764282226562,37.961662292480469
94729181,2025,2025-06-17,9320,2025-06-06,1849,022743,,5,2,3,0715,0,1,3,,2,241,"SR-24 E/B","OAK HILL RD",1300.00,W,N,A,-,Y,CC,,24," ",R,6.018,H,,R,N,4,0,1,4,A,-,03,22350,,N,C,C,A,A,H,-,A,A,0,,,,,Y,,A,01,0,0,1,0,0,0,0,0,0,"- ","- ",37.892780303955078,-122.12564086914062,"CONTRA COSTA",LAFAYETTE,-122.12562561035156,37.892738342285156