CASE_ID,ACCIDENT_YEAR,PROC_DATE,JURIS,COLLISION_DATE,COLLISION_TIME,OFFICER_ID,REPORTING_DISTRICT,DAY_OF_WEEK,CHP_SHIFT,POPULATION,CNTY_CITY_LOC,SPECIAL_COND,BEAT_TYPE,CHP_BEAT_TYPE,CITY_DIVISION_LAPD,CHP_BEAT_CLASS,BEAT_NUMBER,PRIMARY_RD,SECONDARY_RD,DISTANCE,DIRECTION,INTERSECTION,WEATHER_1,WEATHER_2,STATE_HWY_IND,CALTRANS_COUNTY,CALTRANS_DISTRICT,STATE_ROUTE,ROUTE_SUFFIX,POSTMILE_PREFIX,POSTMILE,LOCATION_TYPE,RAMP_INTERSECTION,SIDE_OF_HWY,TOW_AWAY,COLLISION_SEVERITY,NUMBER_KILLED,NUMBER_INJURED,PARTY_COUNT,PRIMARY_COLL_FACTOR,PCF_CODE_OF_VIOL,PCF_VIOL_CATEGORY,PCF_VIOLATION,PCF_VIOL_SUBSECTION,HIT_AND_RUN,TYPE_OF_COLLISION,MVIW,PED_ACTION,ROAD_SURFACE,ROAD_COND_1,ROAD_COND_2,LIGHTING,CONTROL_DEVICE,CHP_ROAD_TYPE,PEDESTRIAN_ACCIDENT,BICYCLE_ACCIDENT,MOTORCYCLE_ACCIDENT,TRUCK_ACCIDENT,NOT_PRIVATE_PROPERTY,ALCOHOL_INVOLVED,STWD_VEHTYPE_AT_FAULT,CHP_VEHTYPE_AT_FAULT,COUNT_SEVERE_INJ,COUNT_VISIBLE_INJ,COUNT_COMPLAINT_PAIN,COUNT_PED_KILLED,COUNT_PED_INJURED,COUNT_BICYCLIST_KILLED,COUNT_BICYCLIST_INJURED,COUNT_MC_KILLED,COUNT_MC_INJURED,PRIMARY_RAMP,SECONDARY_RAMP,LATITUDE,LONGITUDE,COUNTY,CITY,POINT_X,POINT_Y
94741165,2025,2025-06-26,9320,2025-06-22,1845,023781,,7,2,4,0709,0,1,1,,2,682,"I-680 SOUTHBOUND","MONUMENT BOULEVARD",1584.00,S,N,A,-,Y,CC,,680," ",R,17.422,H,,L,N,3,0,1,3,A,-,08,22107,,N,B,C,A,A,H,-,A,A,0,,,,,Y,,A,07,0,1,0,0,0,0,0,0,0,"- ","- ",37.940860748291016,-122.06024169921875,"CONTRA COSTA","PLEASANT HILL",-122.06023406982422,37.940860748291016
94741410,2025,2025-06-26,9370,2025-06-25,"812 ",023801,,3,1,9,0700,0,3,5,,2,012,"TARA HILLS DRIVE","KAVANAGH RD",0.00,,Y,A,-,N,,,,,,,,,,N,4,0,1,2,A,-,12,22450,A,N,D,C,A,A,H,-,A,A,0,,,,,Y,,A,01,0,0,1,0,0,0,0,0,0,"- ","- ",37.997669219970703,-122.32083129882812,"CONTRA COSTA",UNINCORPORATED,-122.32079315185547,37.997722625732422
94741455,2025,2025-08-04,9370,2025-06-19,1130,023803,,4,1,5,0710,0,1,1,,2,082,"I-80 W/B","CARLSON BOULEVARD",1503.00,E,N,A,-,Y,CC,,80," "," ",1.312,H,,L,N,4,0,1,4,A,-,03,22350,,N,C,2,A,A,H,-,A,D,0,,,,,Y,,A,01,0,0,1,0,0,0,0,0,0,"- ","- ",37.915260314941406,-122.31751251220703,"CONTRA COSTA",RICHMOND,-122.31752777099609,37.915260314941406
94741907,2025,2025-06-27,9320,2025-06-08,"107 ",023766,,7,3,5,0701,0,1,3,,2,404,"STATE ROUTE 4 EASTBOUND","HILLCREST AVENUE",1480.00,E,N,A,-,Y,CC,,4," ",R,29.230,H,,R,Y,2,0,2,2,A,-,03,22350,,F,C,C,A,A,H,-,C,D,0,,,,,Y,,A,01,2,0,0,0,0,0,0,0,0,"- ","- ",37.995140075683594,-121.78012847900391,"CONTRA COSTA",ANTIOCH,-121.78011322021484,37.995208740234375
94741960,2025,2025-06-27,9320,2025-06-16,1138,024483,,1,1,9,0700,0,2,4,,2,071,"LOFTUS RD","WILLOW PASS RD",19.00,S,N,A,-,N,,,,,,,,,,N,2,0,3,1,A,-,08,22107,,N,E,I,A,A,H,-,A,D,0,,,,,Y,,D,22,1,2,0,0,0,0,0,0,0,"- ","- ",38.026660919189453,-121.92845916748047,"CONTRA COSTA",UNINCORPORATED,-121.92835998535156,38.026748657226562
94741974,2025,2025-06-27,9320,2025-06-25,1825,023775,,3,2,9,0700,0,1,3,,2,403,"SR-4 E/B","BAILEY ROAD",1584.00,W,N,A,-,Y,CC,,4," ",R,19.786,H,,R,N,4,0,1,2,A,-,03,22350,,M,C,C,A,A,H,-,A,D,0,,,,,Y,,D,22,0,0,1,0,0,0,0,0,0,"- ","- ",38.018848419189453,-121.947998046875,"CONTRA COSTA",UNINCORPORATED,-121.94797515869141,38.018928527832031
94742000,2025,2025-06-27,9320,2025-06-19,2010,022199,,4,2,9,0700,0,2,4,,2,032,"CARQUINEZ SCENIC DRIVE","WINSLOW STREET",10560.00,S,N,A,-,N,,,,,,,,,,N,3,0,1,1,A,-,08,22107,,N,F,A,A,A,H,-,B,D,0,,,Y,,Y,,C,02,0,1,0,0,0,0,0,0,1,"- ","- ",38.050189971923828,-122.20230865478516,"CONTRA COSTA",UNINCORPORATED,-122.19204711914062,38.042312622070312
94742032,2025,2025-06-27,9320,2025-06-25,"947 ",019759,,3,1,5,0708,0,1,3,,2,404,"SR-4 W/B FROM AUTO CENTER DR.","AUTO CENTER DR.",634.00,W,N,A,-,Y,,,,,,,,,,N,3,0,1,2,A,-,03,22350,,N,C,C,A,A,H,-,A,A,0,,,,,Y,,A,01,0,1,0,0,0,0,0,0,0,"- ","- ",38.005168914794922,-121.83882141113281,"CONTRA COSTA",PITTSBURG,-121.83820343017578,38.004199981689453
94742034,2025,2025-06-27,9390,2025-06-19,"310 ",024420,,4,3,4,0791,0,1,1,,2,068,"I-680 SOUTHBOUND","MONTEVIDEO DRIVE UNDERCROSSING",2112.00,S,N,A,-,Y,CC,,680," ",R,1.504,H,,L,Y,3,0,1,2,A,-,03,22350,,M,F,C,A,A,H,-,C,D,0,,,,,Y,Y,A,07,0,1,0,0,0,0,0,0,0,"- ","- ",37.742111206054688,-121.95420074462891,"CONTRA COSTA","SAN RAMON",-121.95416259765625,37.74212646484375
94742039,2025,2025-06-27,9320,2025-06-25,1000,017530,,3,1,9,0700,0,1,3,,1,406,"SR4 EB","CHANNEL RD",433.00,E,N,A,-,Y,CC,,4," "," ",47.409,H,,R,Y,4,0,1,2,A,-,03,22350,,N,C,C,A,A,H,-,A,A,0,,,,Y,Y,,A,07,0,0,1,0,0,0,0,0,0,"- ","- ",37.890048980712891,-121.58512878417969,"CONTRA COSTA",UNINCORPORATED,-121.58512878417969,37.890098571777344
94742173,2025,2025-06-27,9320,2025-06-17,1540,023644,,2,2,9,0700,0,2,4,,2,086,"BYRON HIGHWAY","BALFOUR ROAD",0.00,,Y,A,-,N,,,,,,,,,,Y,3,0,1,2,A,-,09,21801,A,N,D,C,A,A,H,-,A,A,0,,,,,Y,,A,01,0,1,0,0,0,0,0,0,0,"- ","- ",37.925521850585938,-121.64115905761719,"CONTRA COSTA",UNINCORPORATED,-121.64115142822266,37.925567626953125
94742201,2025,2025-06-27,9320,2025-06-05,"704 ",021472,,4,1,9,0700,0,2,4,,2,071,"PORT CHICAGO HIGHWAY","WILLOW PASS ROAD",374.00,N,N,A,-,N,,,,,,,,,,N,4,0,1,2,A,-,08,22107,,N,D,C,A,A,H,-,A,A,0,,,,,Y,,J,48,0,0,1,0,0,0,0,0,0,"- ","- ",38.027629852294922,-121.96054840087891,"CONTRA COSTA",UNINCORPORATED,-122.03005218505859,37.979541778564453
94742285,2025,2025-06-27,9390,2025-06-19,1630,022204,,4,2,4,0790,0,1,1,,2,069,"I-680 NORTHBOUND","SYCAMORE VALLEY ROAD",1584.00,S,N,A,-,Y,CC,,680," ",R,6.349,H,,R,N,3,0,2,2,A,-,03,22350,,N,C,C,A,A,H,-,A,D,0,,,,,Y,,I,09,0,2,0,0,0,0,0,0,0,"- ","- ",37.8060302734375,-121.99057006835938,"CONTRA COSTA",DANVILLE,-121.990478515625,37.806056976318359
94742325,2025,2025-06-27,9320,2025-06-18,1735,022835,,3,2,6,0704,0,1,1,,2,683,"I-680 N/B","CONCORD AVE.",4224.00,N,N,A,-,Y,CC,,680," "," ",20.789,H,,R,N,4,0,1,3,A,-,08,22107,,N,B,C,A,A,H,-,A,A,0,,,,,Y,,A,01,0,0,1,0,0,0,0,0,0,"- ","- ",37.98931884765625,-122.06717681884766,"CONTRA COSTA",CONCORD,-122.06722259521484,37.989315032958984
94742329,2025,2025-06-27,9320,2025-03-27,"405 ",022928,,4,3,9,0700,0,1,1,,2,180,"I-80 EB","CUMMINGS SKYWAY",2012.00,E,N,B,-,Y,CC,,80," "," ",13.147,H,,R,Y,1,1,1,2,A,-,01,23152,F,N,C,C,A,B,H,-,C,D,0,,,,Y,Y,,A,01,0,1,0,0,0,0,0,0,0,"- ","- ",38.048961639404297,-122.23272705078125,"CONTRA COSTA",UNINCORPORATED,-122.23270416259766,38.048938751220703
94742442,2025,2025-06-27,9320,2025-03-14,"820 ",016563,,5,1,3,0792,0,1,3,,2,240,"SR-24 E/B","WILDER ROAD",300.00,W,N,B,C,Y,CC,,24," "," ",1.143,H,,R,Y,1,1,0,2,A,-,01,23152,A,N,C,2,A,B,H,-,A,D,0,,,,,Y,Y,A,07,0,0,0,0,0,0,0,0,0,"- ","- ",37.867168426513672,-122.19911956787109,"CONTRA COSTA",ORINDA,-122.19911956787109,37.867229461669922
94742522,2025,2025-06-27,9320,2025-06-21,2030,024233,,6,2,3,0707,0,1,1,,2,180,"I-80 WESTBOUND","PINOLE VALLEY ROAD",950.00,E,N,A,-,Y,CC,,80," "," ",8.714,H,,L,N,3,0,4,2,A,-,08,22107,,N,E,I,A,A,A,-,A,A,0,,,,,Y,,A,01,0,4,0,0,0,0,0,0,0,"- ","- ",37.999481201171875,-122.28410339355469,"CONTRA COSTA",PINOLE,-122.28399658203125,37.999420166015625
94743667,2025,2025-06-30,9320,2025-06-22,"227 ",023763,,7,3,6,0704,0,1,3,,2,402,"SR-4 WESTBOUND","PORT CHICAGO HIGHWAY",1056.00,E,N,A,-,Y,CC,,4," ",R,16.111,H,,L,Y,2,0,3,2,A,-,01,23152,A,N,B,2,A,A,H,-,D,D,0,,,,,Y,Y,A,07,1,1,1,0,0,0,0,0,0,"- ","- ",38.011669158935547,-122.01087951660156,"CONTRA COSTA",CONCORD,-122.01089477539062,38.011737823486328
94743781,2025,2025-06-30,9320,2025-06-27,1354,023948,,5,1,3,0715,0,1,3,,2,241,"SR-24 EB","ACALANES ROAD",2640.00,E,N,A,-,Y,CC,,24," ",R,4.906,H,,R,Y,4,0,1,2,A,-,03,22350,,N,C,C,A,A,H,-,A,A,0,,,,,Y,,A,07,0,0,1,0,0,0,0,0,0,"- ","- ",37.891040802001953,-122.145263671875,"CONTRA COSTA",LAFAYETTE,-122.14524841308594,37.890983581542969
94744143,2025,2025-06-30,9320,2025-06-21,2250,022994,,6,3,9,0700,0,2,4,,2,071,"WILLOW PASS ROAD","MANOR DRIVE",441.00,W,N,A,-,N,,,,,,,,,,Y,2,0,2,2,A,-,01,23152,A,F,B,4,A,A,H,-,C,D,0,,,,,Y,Y,D,22,1,1,0,0,0,0,0,0,0,"- ","- ",38.026859283447266,-121.94918823242188,"CONTRA COSTA",UNINCORPORATED,-121.94907379150391,38.026782989501953
94744282,2025,2025-06-30,9370,2025-06-20,"655 ",023803,,5,1,4,0711,0,1,1,,2,083,"I-80 W/B","SAN PABLO DAM ROAD",1239.00,E,N,A,-,Y,CC,,80," "," ",4.568,H,,L,Y,4,0,1,3,A,-,07,21658,A,M,D,2,A,A,H,-,A,D,0,,,,,Y,,-,99,0,0,1,0,0,0,0,0,0,"- ","- ",37.9593505859375,-122.33074951171875,"CONTRA COSTA","SAN PABLO",-122.33078002929688,37.959354400634766
94744319,2025,2025-06-30,9370,2025-06-21,1705,023327,,6,2,5,0710,0,1,1,,2,083,"I-80 WESTBOUND","EL PORTAL",1200.00,E,N,A,-,Y,CC,,80," "," ",5.702,H,,L,Y,3,0,2,1,A,-,03,22350,,N,F,A,A,A,H,-,A,D,0,,,Y,,Y,,C,02,0,2,0,0,0,0,0,0,2,"- ","- ",37.972339630126953,-122.32000732421875,"CONTRA COSTA",RICHMOND,-122.31988525390625,37.972316741943359
94744663,2025,2025-06-30,9370,2025-06-21,"400 ",024469,,6,3,4,0711,0,1,1,,2,083,"I-80 W/B TO SAN PABLO DAM ROAD","SAN PABLO DAM ROAD",500.00,E,N,A,-,Y,,,,,,,,,,N,4,0,1,1,A,-,08,22107,,N,F,0,A,A,H,-,D,D,0,,,,,Y,,A,01,0,0,1,0,0,0,0,0,0,"- ","- ",37.957069396972656,-122.33097839355469,"CONTRA COSTA","SAN PABLO",-122.32990264892578,37.955768585205078
94744715,2025,2025-06-30,9320,2025-06-14,"111 ",023763,,6,3,5,0701,0,1,3,,2,404,"SR-4 EASTBOUND","CENTURY BLVD",130.00,E,N,A,-,Y,,,,,,,,,,Y,4,0,1,3,A,-,01,23152,A,N,E,8,A,A,H,-,C,A,0,,,,,Y,Y,A,01,0,0,1,0,0,0,0,0,0,"- ","- ",33.008571624755859,-122.85459899902344,"CONTRA COSTA",ANTIOCH,-121.85511779785156,38.008628845214844
94744732,2025,2025-06-30,9370,2025-06-19,1719,024511,,4,2,5,0710,0,1,1,,2,082,"I-80 W/B","CUTTING BOULEVARD",201.00,E,N,A,-,Y,CC,,80," "," ",2.098,H,,L,Y,3,0,1,3,A,-,01,23152,A,N,E,8,A,A,H,-,A,D,0,,,,,Y,Y,A,01,0,1,0,0,0,0,0,0,0,"- ","- ",37.926059722900391,-122.32144165039062,"CONTRA COSTA",RICHMOND,-122.32152557373047,37.926021575927734
94744779,2025,2025-06-30,9320,2025-06-18,1705,023644,,3,2,9,0700,0,2,4,,2,096,"VASCO ROAD","CAMINO DIABLO",10560.00,S,N,A,-,N,,,,,,,,,,Y,4,0,1,2,A,-,03,22350,,N,C,C,A,A,H,-,A,D,0,,,,,Y,,A,01,0,0,1,0,0,0,0,0,0,"- ","- ",37.844131469726562,-121.64674377441406,"CONTRA COSTA",UNINCORPORATED,-121.66764068603516,37.865211486816406
94744810,2025,2025-06-30,9320,2025-06-19,1545,023644,,4,2,9,0700,0,1,1,,2,681,"I-680 N/B","STONE VALLEY ROAD",3000.00,S,N,A,-,Y,CC,,680," ",R,9.803,H,,R,Y,4,0,1,2,A,-,07,21658,A,N,C,C,A,A,H,-,A,D,0,,,,,Y,,A,01,0,0,1,0,0,0,0,0,0,"- ","- ",37.844440460205078,-122.02368927001953,"CONTRA COSTA",UNINCORPORATED,-122.02362823486328,37.844493865966797
94744820,2025,2025-06-30,9370,2025-06-20,2148,024469,,5,2,3,0707,0,1,1,,2,083,"I-80 E/B","APPIAN WAY",600.00,W,N,A,-,Y,CC,,80," "," ",7.476,H,,R,N,4,0,3,3,A,-,03,22350,,N,C,C,A,A,H,-,D,D,0,,,,,Y,,A,01,0,0,3,0,0,0,0,0,0,"- ","- ",37.993049621582031,-122.30413818359375,"CONTRA COSTA",PINOLE,-122.30413055419922,37.993000030517578
94744889,2025,2025-06-30,9370,2025-06-23,"451 ",023576,,1,3,5,0710,0,1,1,,2,058,"I-580 E/B","BAYVIEW AVE",1920.00,W,N,A,-,Y,CC,,580," "," ",1.612,H,,R,N,4,0,1,2,A,-,03,22350,,N,C,C,A,A,H,-,D,D,0,,,,,Y,,A,01,0,0,1,0,0,0,0,0,0,"- ","- ",37.916389465332031,-122.32810974121094,"CONTRA COSTA",RICHMOND,-122.32785034179688,37.91656494140625
9474533,2022,2022-07-08,0740,2022-06-15,1144,SR078,SR/72,3,5,4,0791,0,0,0,,0,003,"CROW CANYON PL","FOSTORIA WY",211.00,S,N,A,-,N,,,,,,,,,,Y,3,0,2,2,A,-,09,21804,A,N,D,C,A,A,H,-,A,D,0,,,,,Y,,A,07,0,1,1,0,0,0,0,0,0,"- ","- ",37.780818939208984,-121.97392272949219,"CONTRA COSTA","SAN RAMON",-121.97352600097656,37.780242919921875
94745497,2025,2025-07-01,9320,2025-06-28,2200,024227,,6,3,9,0700,0,2,4,,2,011,"SAN PABLO DAM ROAD","APPIAN WAY",0.00,,Y,A,-,N,,,,,,,,,,N,3,0,1,2,A,-,03,22350,,N,C,C,A,A,H,-,D,A,0,,,,,Y,,D,22,0,1,0,0,0,0,0,0,0,"- ","- ",37.966358184814453,-122.30930328369141,"CONTRA COSTA",UNINCORPORATED,-122.30940246582031,37.966285705566406
94745500,2025,2025-07-01,9320,2025-06-24,"645 ",024555,,2,1,9,0700,0,1,1,,2,180,"I-80 EASTBOUND","POMONA STREET",1372.00,W,N,A,-,Y,CC,,80," "," ",13.259,H,,R,Y,3,0,1,1,A,-,08,22107,,N,E,I,A,A,H,-,A,D,0,,,,,Y,,A,07,0,1,0,0,0,0,0,0,0,"- ","- ",38.049919128417969,-122.23107147216797,"CONTRA COSTA",UNINCORPORATED,-122.23117828369141,38.050014495849609
94745505,2025,2025-07-01,9320,2025-06-23,"613 ",024532,,1,1,3,0706,0,1,3,,2,400,"SR-4 WESTBOUND","SAN PABLO AVENUE",17.00,E,N,A,-,Y,CC,,4," ",L,0.016,H,,L,N,3,0,2,2,A,-,03,22350,,N,C,2,A,A,H,-,A,A,0,,,,,Y,,A,07,0,2,0,0,0,0,0,0,0,"- ","- ",38.015949249267578,-122.27220153808594,"CONTRA COSTA",HERCULES,-122.27220153808594,38.015953063964844
94746120,2025,2025-07-01,9350,2025-06-17,"615 ",024001,,2,1,9,0700,0,1,1,,2,115,"I-580 W/B","WESTERN AVE UNDERCROSSING",5386.00,W,N,A,-,Y,CC,,580," "," ",6.903,H,,L,Y,4,0,2,3,A,-,03,22350,,N,C,C,A,A,H,-,A,D,0,,,,,Y,,A,07,0,0,2,0,0,0,0,0,0,"- ","- ",37.933330535888672,-122.41763305664062,"CONTRA COSTA",UNINCORPORATED,-122.41763305664062,37.933311462402344
94746155,2025,2025-07-01,9350,2025-06-16,"800 ",024244,,1,1,9,0700,0,1,1,,2,115,"I-580 W/B","MARINE ST",3509.00,W,N,A,-,Y,CC,,580," "," ",6.147,H,,R,N,4,0,1,2,A,-,03,22350,,N,C,C,A,A,H,-,A,D,0,,,,,Y,,D,22,0,0,1,0,0,0,0,0,0,"- ","- ",37.932548522949219,-122.40371704101562,"CONTRA COSTA",UNINCORPORATED,-122.40372467041016,37.932529449462891
94746174,2025,2025-07-01,9320,2025-06-19,1620,023644,,4,2,9,0700,0,1,1,,2,681,"I-680 N/B","DIABLO ROAD",1500.00,N,N,A,-,Y,CC,,680," ",R,7.854,H,,R,N,3,0,1,2,A,-,03,22350,,N,C,C,A,A,H,-,A,D,0,,,,,Y,,D,22,0,1,0,0,0,0,0,0,0,"- ","- ",37.826568603515625,-121.99607086181641,"CONTRA COSTA",UNINCORPORATED,-121.99607849121094,37.826560974121094
94746454,2025,2025-07-03,9320,2025-06-28,"324 ",024165,,6,3,9,0700,0,1,3,,2,241,"SR-24 EASTBOUND","ACALANES ROAD",200.00,E,N,A,-,Y,CC,,24," ",R,4.448,H,,R,Y,4,0,2,2,A,-,01,23152,A,N,C,C,A,A,G,-,C,A,0,,,,,Y,Y,A,01,0,0,2,0,0,0,0,0,0,"- ","- ",37.891719818115234,-122.15361785888672,"CONTRA COSTA",UNINCORPORATED,-122.15362548828125,37.891712188720703
94746584,2025,2025-07-07,9320,2025-06-25,"535 ",017530,,3,3,9,0700,0,1,3,,2,405,"SR-4 W/B","LONE TREE WAY",950.00,E,N,A,-,Y,CC,,4," ",R,33.165,H,,L,Y,3,0,1,2,A,-,08,22107,,N,C,C,A,A,H,-,B,A,0,,,,Y,Y,,A,01,0,1,0,0,0,0,0,0,0,"- ","- ",37.958889007568359,-121.74394989013672,"CONTRA COSTA",UNINCORPORATED,-121.74402618408203,37.958904266357422
94746648,2025,2025-07-07,9320,2025-06-18,1630,024581,,3,2,9,0700,0,1,3,,2,241,"SR-24 E/B","PLEASANT HILL RD",800.00,E,N,A,-,Y,CC,,24," ",R,7.843,H,,R,Y,3,0,1,3,A,-,07,21658,A,F,B,2,A,A,H,-,A,A,0,,,Y,,Y,,A,01,0,1,0,0,0,0,0,0,1,"- ","- ",37.897621154785156,-122.09288024902344,"CONTRA COSTA",UNINCORPORATED,-122.09288024902344,37.897636413574219
94747766,2025,2025-07-07,9320,2025-06-25,1620,024442,,3,2,9,0700,0,1,3,,2,240,"SR-24 EASTBOUND","SAINT STEPHENS DR",2010.00,W,N,A,-,Y,CC,,24," ",R,3.081,H,,R,N,4,0,2,2,A,-,03,22350,,N,C,C,A,A,H,-,A,A,0,,,,,Y,,A,07,0,0,2,0,0,0,0,0,0,"- ","- ",37.887981414794922,-122.17666625976562,"CONTRA COSTA",UNINCORPORATED,-122.17667388916016,37.887985229492188
9474778,2022,2022-07-21,0716,2022-06-23,2154,216,R6,4,5,3,0716,0,0,0,,0,002,"MORAGA WY","MIRAMONTE DR",0.00,,N,A,-,N,,,,,,,,,,N,4,0,1,2,A,-,08,22107,,N,F,B,E,A,H,-,C,D,0,Y,,,,Y,Y,A,01,0,0,1,0,1,0,0,0,0,"- ","- ",,,"CONTRA COSTA",MORAGA,-122.14260864257812,37.841381072998047
94747802,2025,2025-07-07,9320,2025-06-25,1859,024442,,3,2,9,0700,0,1,3,,2,240,"SR-24 EASTBOUND","CAMINO PABLO",2150.00,E,N,A,-,Y,CC,,24," ",R,2.739,H,,R,Y,4,0,1,2,A,-,08,22107,,N,D,2,A,A,H,-,A,A,0,,,,,Y,,A,01,0,0,1,0,0,0,0,0,0,"- ","- ",37.883640289306641,-122.17961883544922,"CONTRA COSTA",UNINCORPORATED,-122.17962646484375,37.883644104003906
94747884,2025,2025-07-07,9320,2025-06-21,2255,022994,,6,3,9,0700,0,3,5,,2,075,"ANCHOR DRIVE","NAPA COURT",50.00,S,N,A,-,N,,,,,,,,,,N,3,0,1,2,A,-,01,23152,A,N,C,E,A,A,H,-,D,D,0,,,,,Y,Y,A,01,0,1,0,0,0,0,0,0,0,"- ","- ",38.031539916992188,-121.96295166015625,"CONTRA COSTA",UNINCORPORATED,-121.96295928955078,38.031631469726562
9474789,2022,2022-08-26,0707,2022-06-08,1630,P430,3,3,5,3,0707,0,0,0,,0,0P3,"APPIAN WY","RT 80",0.00,,Y,A,-,Y,CC,4,80,-,-,7.396,R,4,E,Y,4,0,1,2,A,-,12,21453,A,N,D,E,A,A,H,-,A,A,0,,,,,Y,,A,01,0,0,1,0,0,0,0,0,0,"- ",EF,38.009609222412109,-122.27433013916016,"CONTRA COSTA",PINOLE,-122.30551910400391,37.992702484130859
94748005,2025,2025-07-07,9320,2025-06-26,1530,022199,,4,2,9,0700,0,2,4,,2,012,"SAN PABLO DAM ROAD","HILLCREST ROAD",425.00,W,N,A,-,N,,,,,,,,,,N,4,0,1,2,A,-,09,21804,A,N,D,C,A,A,H,-,A,A,0,,,,,Y,,A,01,0,0,1,0,0,0,0,0,0,"- ","- ",37.964511871337891,-122.31625366210938,"CONTRA COSTA",UNINCORPORATED,-122.31621551513672,37.964580535888672
94748168,2025,2025-07-07,9320,2025-06-28,"637 ",024483,,6,1,9,0700,0,1,3,,2,403,"SR-4 WESTBOUND","WILLOW PASS ROAD",6336.00,E,N,A,-,Y,CC,,4," ",R,18.079,H,,L,Y,3,0,1,2,A,-,03,22350,,N,C,C,A,A,H,-,A,A,0,,,,,Y,,A,01,0,1,0,0,0,0,0,0,0,"- ","- ",38.022968292236328,-121.97824096679688,"CONTRA COSTA",UNINCORPORATED,-121.97824096679688,38.022979736328125
94749014,2025,2025-07-07,9320,2025-06-27,1630,024233,,5,2,9,0700,0,1,1,,2,683,"I-680 NORTHBOUND",SR-4,845.00,S,N,A,-,Y,CC,,680," "," ",21.012,H,,R,N,3,0,1,1,A,-,08,22107,,N,F,A,A,A,H,-,A,A,0,,,Y,,Y,,C,02,0,1,0,0,0,0,0,0,1,"- ","- ",37.992511749267578,-122.06790924072266,"CONTRA COSTA",UNINCORPORATED,-122.06813049316406,37.992443084716797
94749201,2025,2025-07-07,9320,2025-06-28,"710 ",024503,,6,1,9,0700,0,1,3,,2,241,"I-680 N/B FROM SR-24 E/B","CAMINO DIABLO UNDERCROSSING",792.00,S,N,A,-,Y,CC,,24," ",R,8.861,H,,R,Y,3,0,1,1,A,-,08,22107,,N,E,8,A,A,H,-,A,A,0,,,,,Y,,A,01,0,1,0,0,0,0,0,0,0,"- ","- ",37.895771026611328,-122.07527160644531,"CONTRA COSTA",UNINCORPORATED,-122.07526397705078,37.895843505859375
94749457,2025,2025-07-07,9320,2025-06-15,"940 ",019914,,7,1,9,0700,0,2,4,,1,061,"DANVILLE BOULEVARD","WAYNE COURT",65.00,N,N,A,-,N,,,,,,,,,,N,4,0,1,2,A,-,09,21801,A,N,H,G,A,A,H,-,A,D,0,,Y,,,Y,,A,01,0,0,1,0,0,0,1,0,0,"- ","- ",37.835269927978516,-122.01760864257812,"CONTRA COSTA",UNINCORPORATED,-122.01753997802734,37.835166931152344
94749734,2025,2025-07-07,9370,2025-06-26,1630,024343,,4,2,5,0710,0,1,1,,2,082,"I-80 E/B","SAN PABLO DAM ROAD",1185.00,W,N,A,-,Y,CC,,80," "," ",4.106,H,,R,N,4,0,1,2,A,-,03,22350,,N,C,C,A,A,H,-,A,D,0,,,,,Y,,A,01,0,0,1,0,0,0,0,0,0,"- ","- ",37.952980041503906,-122.32798004150391,"CONTRA COSTA",RICHMOND,-122.32805633544922,37.952957153320312
94749909,2025,2025-07-07,9320,2025-06-24,"255 ",024165,,2,3,5,0712,0,1,1,,2,682,"I-680 NORTHBOUND","HILLSIDE AVE",560.00,N,N,B,-,Y,CC,,680," "," ",14.966,H,,R,N,4,0,1,2,A,-,08,22107,,N,B,C,A,A,H,-,C,A,0,,,,,Y,,-,"- ",0,0,1,0,0,0,0,0,0,"- ","- ",37.906990051269531,-122.06903076171875,"CONTRA COSTA","WALNUT CREEK",-122.06898498535156,37.906982421875
94750436,2025,2025-07-07,9320,2025-06-26,1000,024555,,4,1,3,0706,0,1,1,,2,180,"SR-4 EASTBOUND FROM SAN PABLO AVE","SAN PABLO AVE",57.00,E,N,A,-,Y,CC,,4," ",L,0.022,H,,R,N,4,0,1,2,A,-,03,22350,,N,C,C,A,A,H,-,A,A,0,,,,,Y,,A,01,0,0,1,0,0,0,0,0,0,"- ","- ",38.015750885009766,-122.27216339111328,"CONTRA COSTA",HERCULES,-122.27213287353516,38.015819549560547
94750438,2025,2025-07-07,9320,2025-06-26,1810,024442,,4,2,9,0700,0,2,4,,2,062,"STONE VALLEY ROAD","WINESTONE COURT",112.00,W,N,A,-,N,,,,,,,,,,N,3,0,1,1,A,-,03,22350,,N,E,J,A,A,C,-,A,D,0,,Y,,,Y,,L,04,0,1,0,0,0,0,1,0,0,"- ","- ",37.847049713134766,-121.99513244628906,"CONTRA COSTA",UNINCORPORATED,-121.99513244628906,37.847003936767578