CASE_ID,ACCIDENT_YEAR,PROC_DATE,JURIS,COLLISION_DATE,COLLISION_TIME,OFFICER_ID,REPORTING_DISTRICT,DAY_OF_WEEK,CHP_SHIFT,POPULATION,CNTY_CITY_LOC,SPECIAL_COND,BEAT_TYPE,CHP_BEAT_TYPE,CITY_DIVISION_LAPD,CHP_BEAT_CLASS,BEAT_NUMBER,PRIMARY_RD,SECONDARY_RD,DISTANCE,DIRECTION,INTERSECTION,WEATHER_1,WEATHER_2,STATE_HWY_IND,CALTRANS_COUNTY,CALTRANS_DISTRICT,STATE_ROUTE,ROUTE_SUFFIX,POSTMILE_PREFIX,POSTMILE,LOCATION_TYPE,RAMP_INTERSECTION,SIDE_OF_HWY,TOW_AWAY,COLLISION_SEVERITY,NUMBER_KILLED,NUMBER_INJURED,PARTY_COUNT,PRIMARY_COLL_FACTOR,PCF_CODE_OF_VIOL,PCF_VIOL_CATEGORY,PCF_VIOLATION,PCF_VIOL_SUBSECTION,HIT_AND_RUN,TYPE_OF_COLLISION,MVIW,PED_ACTION,ROAD_SURFACE,ROAD_COND_1,ROAD_COND_2,LIGHTING,CONTROL_DEVICE,CHP_ROAD_TYPE,PEDESTRIAN_ACCIDENT,BICYCLE_ACCIDENT,MOTORCYCLE_ACCIDENT,TRUCK_ACCIDENT,NOT_PRIVATE_PROPERTY,ALCOHOL_INVOLVED,STWD_VEHTYPE_AT_FAULT,CHP_VEHTYPE_AT_FAULT,COUNT_SEVERE_INJ,COUNT_VISIBLE_INJ,COUNT_COMPLAINT_PAIN,COUNT_PED_KILLED,COUNT_PED_INJURED,COUNT_BICYCLIST_KILLED,COUNT_BICYCLIST_INJURED,COUNT_MC_KILLED,COUNT_MC_INJURED,PRIMARY_RAMP,SECONDARY_RAMP,LATITUDE,LONGITUDE,COUNTY,CITY,POINT_X,POINT_Y
94790653,2025,2025-08-05,9320,2025-07-30,"835 ",017530,,3,1,9,0700,0,1,3,,1,406,"SR-4 (MARSH CREEK ROAD)","WALNUT BLVD",1003.00,E,N,A,-,Y,CC,,4," ",M,39.166,H,,R,Y,3,0,1,3,A,-,03,22350,,N,C,C,A,A,H,-,A,A,0,,,,Y,Y,,G,25,0,1,0,0,0,0,0,0,0,"- ","- ",37.896381378173828,-121.69251251220703,"CONTRA COSTA",UNINCORPORATED,-121.69251251220703,37.896358489990234
94790660,2025,2025-08-05,9320,2025-07-29,1843,022743,,2,2,6,0704,0,1,1,,2,683,"I-680 N/B","CENTER AVE",280.00,N,N,A,-,Y,CC,,680," "," ",20.442,H,,R,N,3,0,5,2,A,-,08,22107,,N,C,2,A,A,H,-,A,D,0,,,,,Y,,A,01,0,1,4,0,0,0,0,0,0,"- ","- ",37.984260559082031,-122.06629180908203,"CONTRA COSTA",CONCORD,-122.06623840332031,37.984264373779297
94791518,2025,2025-08-06,9320,2025-07-28,2231,024483,,1,3,5,0708,0,1,3,,2,403,"SR-4 EASTBOUND","RAILROAD AVE",5597.00,W,N,A,-,Y,CC,,4," "," ",21.957,H,,R,Y,3,0,1,2,A,-,03,22350,,M,C,C,A,A,H,-,D,D,0,,,,,Y,,-,99,0,1,0,0,0,0,0,0,0,"- ","- ",38.019859313964844,-121.90889739990234,"CONTRA COSTA",PITTSBURG,-121.90889739990234,38.019916534423828
94792340,2025,2025-08-06,9320,2025-07-26,1945,023644,,6,2,6,0704,0,1,3,,2,242,"SR-242 S/B TO CONCORD AVENUE","CONCORD AVENUE",25.00,N,N,A,-,Y,,,,,,,,,,N,4,0,2,2,A,-,03,22350,,F,C,C,A,A,H,-,B,A,0,,,,,Y,,-,99,0,0,2,0,0,0,0,0,0,"- ","- ",37.979480743408203,-122.04488372802734,"CONTRA COSTA",CONCORD,-122.04337310791016,37.979122161865234
94793290,2025,2025-08-07,9320,2025-07-20,"227 ",024165,,7,3,9,0700,0,1,3,,2,402,"SR-4 EASTBOUND","SOLANO WAY",3010.00,W,N,A,-,Y,CC,,4," ",R,13.073,H,,R,Y,2,0,2,1,A,-,01,23152,A,N,E,8,A,A,H,-,C,D,0,,,,,Y,Y,A,07,1,0,1,0,0,0,0,0,0,"- ","- ",37.996940612792969,-122.06266021728516,"CONTRA COSTA",UNINCORPORATED,-122.06273651123047,37.997035980224609
94793891,2025,2025-08-07,9370,2025-07-31,1605,024126,,4,2,5,0710,0,1,1,,2,082,"I-80 E/B","MACDONALD AVE",1385.00,W,N,A,-,Y,CC,,80," "," ",2.369,H,,R,N,4,0,3,2,A,-,03,22350,,N,C,C,A,A,H,-,A,D,0,,,,,Y,,A,01,0,0,3,0,0,0,0,0,0,"- ","- ",37.929428100585938,-122.32366180419922,"CONTRA COSTA",RICHMOND,-122.32358551025391,37.929462432861328
94794895,2025,2025-08-08,9320,2025-07-30,2000,022199,,3,2,9,0700,0,1,3,,2,401,"SR-4 EB","MCEWEN RD",425.00,E,N,A,-,Y,CC,,4," ",R,5.282,H,,R,N,3,0,1,1,A,-,08,22107,,N,E,J,A,A,H,-,B,D,0,,,,,Y,,A,01,0,1,0,0,0,0,0,0,0,"- ","- ",38.013988494873047,-122.17636108398438,"CONTRA COSTA",UNINCORPORATED,-122.17630004882812,38.014041900634766
94795111,2025,2025-08-08,9320,2025-07-29,1835,024532,,2,2,9,0700,0,1,1,,2,681,"I-680 NORTHBOUND","STONE VALLEY ROAD",835.00,N,N,A,-,Y,CC,,680," ",R,10.559,H,,R,Y,2,0,2,2,A,-,08,22107,,N,C,2,A,A,H,-,A,D,0,,,,,Y,,A,01,1,0,1,0,0,0,0,0,0,"- ","- ",37.854011535644531,-122.02903747558594,"CONTRA COSTA",UNINCORPORATED,-122.02902221679688,37.854011535644531
94795147,2025,2025-08-08,9320,2025-07-26,2230,024503,,6,3,9,0700,0,2,4,,2,012,"SAN PABLO DAM RD W/B","OLD SAN PABLO PABLO DAM RD",3168.00,E,N,A,-,N,,,,,,,,,,Y,4,0,1,1,A,-,01,23152,A,N,E,I,A,A,H,-,D,D,0,,,,,Y,Y,A,01,0,0,1,0,0,0,0,0,0,"- ","- ",37.934101104736328,-122.25800323486328,"CONTRA COSTA",UNINCORPORATED,,
94795265,2025,2025-08-08,9320,2025-07-31,1240,019914,,4,1,9,0700,0,2,4,,2,022,"WILDCAT CANYON","SOUTH PARK",0.00,,Y,A,-,N,,,,,,,,,,N,4,0,1,1,A,-,08,22107,,N,F,A,A,A,H,-,A,D,0,,Y,,,Y,,-,"- ",0,0,1,0,0,0,1,0,0,"- ","- ",37.892841339111328,-122.24250793457031,"CONTRA COSTA",UNINCORPORATED,-122.24263763427734,37.892791748046875
94795285,2025,2025-12-05,9320,2025-08-03,1214,022505,,7,1,9,0700,0,3,5,,2,075,"ALBERTS AVE","HILL ST",95.00,N,N,A,-,N,,,,,,,,,,N,4,0,1,2,A,-,21,22106,,N,H,C,A,A,H,-,A,D,0,,,,,Y,,A,01,0,0,1,0,0,0,0,0,0,"- ","- ",38.023700714111328,-121.95590972900391,"CONTRA COSTA",UNINCORPORATED,-121.95590209960938,38.023639678955078
94795417,2025,2025-11-21,9320,2025-08-06,"712 ",017219,,3,1,4,0714,0,1,1,,2,684,"I-680 S/B","MARINA VISTA AVE",3696.00,N,N,A,-,Y,CC,,680," "," ",25.105,H,,L,Y,4,0,1,2,A,-,07,21658,A,N,B,C,A,A,H,-,A,D,0,,,,,Y,,A,01,0,0,1,0,0,0,0,0,0,"- ","- ",38.034069061279297,-122.11769866943359,"CONTRA COSTA",MARTINEZ,-122.11771392822266,38.034065246582031
94795529,2025,2025-08-08,9320,2025-07-30,1640,024532,,3,2,5,0712,0,1,1,,2,681,"I-680 S/B","SOUTH MAIN STREET",1100.00,S,N,A,-,Y,CC,,680," "," ",12.873,H,,L,N,4,0,1,3,A,-,03,22350,,N,C,C,A,A,H,-,A,A,0,,,,,Y,,A,01,0,0,1,0,0,0,0,0,0,"- ","- ",37.883319854736328,-122.05281066894531,"CONTRA COSTA","WALNUT CREEK",-122.0528564453125,37.883289337158203
9479646,2022,2022-08-25,0712,2022-08-22,0812,P518,,1,5,5,0712,0,0,0,,0,003,"OAK GROVE RD","YGNACIO VALLEY RD",250.00,S,N,A,-,N,,,,,,,,,,Y,3,0,1,2,A,-,09,21804,A,N,D,C,A,A,H,-,A,D,0,,,,,Y,,A,01,0,1,0,0,0,0,0,0,0,"- ","- ",,,"CONTRA COSTA","WALNUT CREEK",-122.01421356201172,37.926967620849609
94796857,2025,2025-08-11,9320,2025-08-05,"210 ",024227,,2,3,6,0704,0,1,3,,2,402,"SR-4 E/B","PORT CHICAGO HIGHWAY",2882.00,W,N,A,-,Y,CC,,4," ",R,14.886,H,,R,N,3,0,2,2,A,-,03,22350,,N,C,C,A,A,H,-,C,D,0,,,,,Y,,D,22,0,2,0,0,0,0,0,0,0,"- ","- ",38.007549285888672,-122.03262329101562,"CONTRA COSTA",CONCORD,-122.03261566162109,38.007541656494141
94797025,2025,2025-08-11,9320,2025-08-02,1100,024442,,6,1,3,0706,0,1,1,,2,180,"I-80 EASTBOUND","WILLOW AVENUE",961.00,W,N,A,-,Y,CC,,80," "," ",10.505,H,,R,Y,4,0,1,1,A,-,08,22107,,N,F,I,A,A,H,-,A,D,0,,,,,Y,,A,01,0,0,1,0,0,0,0,0,0,"- ","- ",38.020130157470703,-122.26437377929688,"CONTRA COSTA",HERCULES,-122.26448822021484,38.020198822021484
9479751,2022,2022-10-25,0740,2022-08-31,0803,SR076,SR,3,5,4,0791,0,0,0,,0,"BEAT 1","CROW CANYON RD","DEERWOOD DR",21.00,W,N,B,-,N,,,,,,,,,,Y,3,0,2,2,A,-,12,21453,A,N,A,C,A,A,H,-,A,A,0,,,,,Y,,A,01,0,2,0,0,0,0,0,0,0,"- ","- ",37.773380279541016,-121.98832702636719,"CONTRA COSTA","SAN RAMON",-121.98843383789062,37.773456573486328
9479752,2022,2022-10-25,0740,2022-08-25,0452,SR078,SR,4,5,4,0791,0,0,0,,0,4556,"BOLLINGER CANYON RD","CANYON LAKES DR",29.00,N,N,A,-,N,,,,,,,,,,Y,2,0,2,2,A,-,01,23153,A,N,D,C,A,A,H,-,C,A,0,,,,,Y,Y,A,01,2,0,0,0,0,0,0,0,0,"- ","- ",37.771270751953125,-121.94605255126953,"CONTRA COSTA","SAN RAMON",-121.94614410400391,37.771327972412109
9479753,2022,2022-10-25,0740,2022-08-18,2033,SR546,SR,4,5,4,0791,0,0,0,,0,"BEAT 2","MONTEVIDEO DR","DAVONA DR",0.00,,Y,A,-,N,,,,,,,,,,N,3,0,1,2,A,-,12,22450,,N,D,-,A,A,H,-,C,A,0,,Y,,,Y,,L,04,0,1,0,0,0,0,1,0,0,"- ","- ",37.748661041259766,-121.95690155029297,"CONTRA COSTA","SAN RAMON",-121.95587158203125,37.748359680175781
9479754,2022,2022-10-25,0740,2022-08-25,1629,SR120,SR,4,5,4,0791,0,0,0,,0,"BEAT 3","CAMINO RAMON","NORRIS CANYON",824.00,N,N,A,-,N,,,,,,,,,,Y,3,0,2,2,A,-,21,22106,,N,D,C,A,A,H,-,A,D,0,,,,,Y,,A,01,0,2,0,0,0,0,0,0,0,"- ","- ",37.775348663330078,-121.96669769287109,"CONTRA COSTA","SAN RAMON",-121.96682739257812,37.776176452636719
94797578,2025,2025-08-11,9370,2025-07-26,2050,023327,,6,2,5,0710,0,3,5,,2,012,"SAN PABLO AVENUE","KAY ROAD",0.00,,Y,A,-,N,,,,,,,,,,N,4,0,1,2,A,-,12,21453,A,N,D,C,A,A,H,-,B,A,0,,,,,Y,,D,22,0,0,1,0,0,0,0,0,0,"- ","- ",37.991771697998047,-122.33183288574219,"CONTRA COSTA",RICHMOND,-122.33185577392578,37.991645812988281
94797646,2025,2025-08-11,9320,2025-08-04,"720 ",017530,,1,1,9,0700,0,3,5,,2,092,"CLIPPER DR","CYPRESS POINT",0.00,,Y,A,-,N,,,,,,,,,,N,2,0,1,2,A,-,10,21950,A,N,G,B,B,A,H,-,A,D,0,Y,,,,Y,,A,08,1,0,0,0,1,0,0,0,0,"- ","- ",37.891830444335938,-121.60951995849609,"CONTRA COSTA",UNINCORPORATED,-121.60944366455078,37.891719818115234
94797683,2025,2025-08-11,9320,2025-07-27,2318,024503,,7,3,5,0708,0,1,3,,2,403,"SR-4 E/B","RAILROAD AVE",5702.00,W,N,A,-,Y,CC,,4," "," ",21.909,H,,R,Y,3,0,4,3,A,-,01,23152,A,N,B,2,A,A,H,-,D,A,0,,,,,Y,Y,A,01,0,4,0,0,0,0,0,0,0,"- ","- ",38.019901275634766,-121.90975952148438,"CONTRA COSTA",PITTSBURG,-121.90975952148438,38.019916534423828
9479771,2022,2022-10-20,0740,2022-08-23,0800,SR076,SR,2,5,4,0791,0,0,0,,0,003,"IRON HORSE TRAIL","EXECUTIVE PKWY",0.00,,Y,A,-,N,,,,,,,,,,N,4,0,1,2,A,-,09,21804,A,M,D,-,A,A,H,-,A,A,0,,Y,,,Y,,-,,0,0,1,0,0,0,1,0,0,"- ","- ",37.770908355712891,-121.95719909667969,"CONTRA COSTA","SAN RAMON",-121.96015167236328,37.770866394042969
94798007,2025,2025-08-11,9320,2025-08-03,1559,023760,,7,2,3,0715,0,1,3,,2,241,"SR-24 W/B","DOLORES DRIVE",95.00,E,N,A,-,Y,CC,,24," ",R,5.928,H,,L,Y,2,0,5,1,A,-,01,23152,F,N,E,I,A,A,H,-,A,A,0,,,,,Y,,A,08,1,1,3,0,0,0,0,0,0,"- ","- ",37.892768859863281,-122.12750244140625,"CONTRA COSTA",LAFAYETTE,-122.12747955322266,37.892715454101562
9479839,2022,2022-10-14,0740,2022-09-10,0805,SR088,SR,6,5,4,0791,0,0,0,,0,BEAT2,"MONTEVIDEO DR","IRON HORSE TRAIL",20.00,N,N,B,-,N,,,,,,,,,,N,3,0,1,2,A,-,17,21200,,N,D,-,A,A,H,-,A,A,0,,Y,,,Y,,L,04,0,1,0,0,0,0,1,0,0,"- ","- ",37.753528594970703,-121.94756317138672,"CONTRA COSTA","SAN RAMON",-121.94754028320312,37.753585815429688
9479840,2022,2022-10-14,0740,2022-09-02,0843,SR078,SR72,5,5,4,0791,0,0,0,,0,BEAT4,"PINE VALLEY RD","IRON HORSE TRAIL",25.00,N,N,A,-,N,,,,,,,,,,N,3,0,1,2,A,-,17,21200,,N,D,-,A,A,H,-,A,A,0,,Y,,,Y,,L,04,0,1,0,0,0,0,1,0,0,"- ","- ",37.740688323974609,-121.93831634521484,"CONTRA COSTA","SAN RAMON",-121.93829345703125,37.740741729736328
94798731,2025,2025-08-12,9320,2025-08-04,1440,022743,,1,2,9,0700,0,2,4,,2,046,"TREAT BLVD E/B","I-680 N/B TO TREAT BLVD",60.00,E,N,A,-,N,,,,,,,,,,N,4,0,1,2,A,-,03,22350,,N,C,C,A,A,H,-,A,A,0,,,,,Y,,A,01,0,0,1,0,0,0,0,0,0,"- ","- ",37.92633056640625,-122.05975341796875,"CONTRA COSTA",UNINCORPORATED,,
94798803,2025,2025-08-12,9320,2025-08-03,1812,023644,,7,2,9,0700,0,2,4,,1,061,"RUDGEAR ROAD","DANVILLE BOULEVARD",0.00,,Y,A,-,N,,,,,,,,,,N,3,0,1,2,A,-,21,22106,,N,H,6,A,A,H,-,A,A,0,,Y,,,Y,,A,07,0,1,0,0,0,0,1,0,0,"- ","- ",37.878929138183594,-122.04985046386719,"CONTRA COSTA",UNINCORPORATED,-122.04982757568359,37.878688812255859
94798831,2025,2025-08-12,9320,2025-08-03,1718,023666,,7,2,5,0708,0,1,3,,2,404,"SR-4 W/B","LOVERIDGE ROAD",440.00,W,N,A,-,Y,CC,,4," "," ",24.221,H,,L,N,4,0,1,2,A,-,03,22350,,N,C,C,A,A,H,-,A,D,0,,,,,Y,,D,22,0,0,1,0,0,0,0,0,0,"- ","- ",38.012310028076172,-121.86882019042969,"CONTRA COSTA",PITTSBURG,-121.86881256103516,38.012340545654297
94798928,2025,2025-08-12,9320,2025-08-03,"722 ",023063,,7,1,3,0706,0,1,3,,2,401,"SR-4 WESTBOUND","SAN PABLO AVENUE",1001.00,E,N,A,-,Y,CC,,4," "," ",0.044,H,,L,N,3,0,1,1,A,-,01,23152,A,N,E,I,A,A,H,-,A,D,0,,,,,Y,Y,A,01,0,1,0,0,0,0,0,0,0,"- ","- ",38.014930725097656,-122.26859283447266,"CONTRA COSTA",HERCULES,-122.26859283447266,38.014919281005859
94799340,2025,2025-08-12,9320,2025-08-05,1705,024555,,2,2,4,0714,0,1,1,,2,683,"I-680 NORTHBOUND",SR-4,2059.00,S,N,A,-,Y,CC,,680," "," ",20.780,H,,R,Y,4,0,1,2,A,-,03,22350,,N,C,C,A,A,H,-,A,D,0,,,,,Y,,A,01,0,0,1,0,0,0,0,0,0,"- ","- ",37.989189147949219,-122.06714630126953,"CONTRA COSTA",MARTINEZ,-122.06719970703125,37.989185333251953
94799584,2025,2025-08-12,9320,2025-08-02,2255,024520,,6,3,9,0700,0,2,S,,2,080,"BALFOUR ROAD","DEER VALLEY ROAD",3475.00,E,N,A,-,N,,,,,,,,,,Y,3,0,1,1,C,-,18,,,N,H,H,A,A,H,-,D,D,0,,,,,Y,,-,"- ",0,1,0,0,0,0,0,0,0,"- ","- ",37.925300598144531,-121.76600646972656,"CONTRA COSTA",UNINCORPORATED,-121.76608276367188,37.925273895263672
94800002,2025,2025-08-12,9370,2025-08-05,1050,024117,,2,1,5,0710,0,1,1,,2,058,"I-580 E/B","HARBOR WAY SOUTH",950.00,E,N,A,-,Y,CC,,580," ",R,3.404,H,,R,N,3,0,2,2,A,-,03,22350,,N,C,C,A,A,H,-,A,D,0,,,,,Y,,D,22,0,2,0,0,0,0,0,0,0,"- ","- ",37.922080993652344,-122.35703277587891,"CONTRA COSTA",RICHMOND,-122.35691833496094,37.922325134277344
94800017,2025,2025-08-12,9370,2025-08-06,2131,023589,,3,2,5,0710,0,1,1,,2,082,"I-80 E/B","CARLSON BLVD",1346.00,W,N,A,-,Y,CC,,80," "," ",0.707,H,,R,N,4,0,1,2,A,-,03,22350,,N,C,C,A,A,D,E,C,D,0,,,,,Y,,A,01,0,0,1,0,0,0,0,0,0,"- ","- ",37.906959533691406,-122.31485748291016,"CONTRA COSTA",RICHMOND,-122.31487274169922,37.906955718994141
94800568,2025,2025-08-13,9370,2025-08-03,1500,024469,,7,2,5,0710,0,1,1,,2,083,"I-80 E/B","RICHMOND PARKWAY",500.00,W,N,A,-,Y,CC,,80," "," ",6.445,H,,R,N,4,0,1,3,A,-,07,21658,A,N,B,C,A,A,H,-,A,D,0,,,,,Y,,-,"- ",0,0,1,0,0,0,0,0,0,"- ","- ",37.982738494873047,-122.31613159179688,"CONTRA COSTA",RICHMOND,-122.31614685058594,37.982742309570312
94800726,2025,2025-08-13,9370,2025-08-02,2345,023576,,6,3,5,0710,0,1,1,,2,082,"I-80 W/B","CENTRAL AVE",402.00,E,N,A,-,Y,CC,,80," "," ",0.318,H,,L,N,3,0,1,2,A,-,08,22107,,N,C,E,A,A,H,-,D,D,0,,,,Y,Y,,G,25,0,1,0,0,0,0,0,0,0,"- ","- ",37.901939392089844,-122.31173706054688,"CONTRA COSTA",RICHMOND,-122.3116455078125,37.901981353759766
9480107,2022,2022-07-19,0712,2022-06-29,0747,P386,,3,5,5,0712,0,0,0,,0,003,"YGNACIO VALLEY RD","LA CASA VIA",0.00,,Y,A,-,N,,,,,,,,,,Y,4,0,3,3,A,-,03,22350,,N,C,C,A,A,H,-,A,A,0,,,,,Y,,A,01,0,0,3,0,0,0,0,0,0,"- ","- ",,,"CONTRA COSTA","WALNUT CREEK",-122.04365539550781,37.913185119628906
94801210,2025,2025-08-13,9370,2025-08-11,1650,024341,,1,2,3,0705,0,1,1,,2,082,"I-80 E/B","POTRERO AVENUE",150.00,E,N,A,-,Y,CC,,80," "," ",1.738,H,,R,N,4,0,1,2,A,-,03,22350,,N,C,C,A,A,H,-,A,D,0,,,,,Y,,A,07,0,0,1,0,0,0,0,0,0,"- ","- ",37.921329498291016,-122.31797790527344,"CONTRA COSTA","EL CERRITO",-122.31797790527344,37.921333312988281
94802532,2025,2025-08-14,9320,2025-08-02,"100 ",024227,,6,3,3,0707,0,1,1,,2,180,"I-80 EB","APPIAN WAY",357.00,E,N,A,-,Y,CC,,80," "," ",7.681,H,,R,N,3,0,1,3,A,-,01,23152,A,N,C,C,A,A,D,-,C,A,0,,,,,Y,Y,A,01,0,1,0,0,0,0,0,0,0,"- ","- ",37.993499755859375,-122.30040740966797,"CONTRA COSTA",PINOLE,-122.3004150390625,37.993515014648438
94802999,2025,2025-08-14,9320,2025-08-05,"10  ",023982,,2,3,6,0704,0,1,3,,2,402,"STATE ROUTE 4 EASTBOUND","WILLOW PASS ROAD",1496.00,W,N,A,-,Y,CC,,4," ",R,18.482,H,,R,Y,4,0,1,4,A,-,08,22107,,M,B,C,A,A,H,-,C,D,0,,,,,Y,,-,99,0,0,1,0,0,0,0,0,0,"- ","- ",38.023670196533203,-121.9710693359375,"CONTRA COSTA",CONCORD,-121.97106170654297,38.023712158203125
94803023,2025,2025-08-14,9320,2025-08-03,1140,019914,,7,1,4,0790,0,1,1,,2,681,"I-680 SB","STONE VALLEY ROAD UC",100.00,S,N,A,-,Y,CC,,680," ",R,8.164,H,,L,N,4,0,1,2,A,-,03,22350,,N,C,C,A,A,C,-,A,D,0,,,,,Y,,A,01,0,0,1,0,0,0,0,0,0,"- ","- ",37.829360961914062,-122.00064086914062,"CONTRA COSTA",DANVILLE,-122.00062561035156,37.829376220703125
9480334,2022,2022-07-25,0712,2022-06-26,1608,P607,,7,5,5,0712,0,0,0,,0,001,"NEWELL AV","NURSERY LN",0.00,,Y,A,-,N,,,,,,,,,,N,4,0,1,2,A,-,05,21202,A,N,D,G,A,A,H,-,A,D,0,,Y,,,Y,,L,04,0,0,1,0,0,0,1,0,0,"- ","- ",,,"CONTRA COSTA","WALNUT CREEK",-122.05593872070312,37.893520355224609
9480335,2022,2022-07-25,0712,2022-06-29,1514,P518,,3,5,5,0712,0,0,0,,0,003,"OAK GROVE RD","YGNACIO VALLEY RD",225.00,S,N,A,-,N,,,,,,,,,,Y,3,0,1,2,A,-,09,21804,A,N,D,C,A,A,H,-,A,A,0,,,,,Y,,A,01,0,1,0,0,0,0,0,0,0,"- ","- ",,,"CONTRA COSTA","WALNUT CREEK",-122.01425933837891,37.927024841308594
9480410,2022,2022-07-26,0709,2022-07-02,2012,428,2170,6,5,4,0709,0,0,0,,0,001,"CLEAVELAND RD","BOYD RD",0.00,,Y,A,-,N,,,,,,,,,,Y,3,0,5,2,A,-,12,21453,,N,D,C,A,A,H,-,A,A,0,,,,,Y,,A,01,0,4,1,0,0,0,0,0,0,"- ","- ",37.9434814453125,-122.06401824951172,"CONTRA COSTA","PLEASANT HILL",-122.06394958496094,37.943458557128906
9480411,2022,2022-07-26,0709,2022-07-12,1647,395,1300,2,5,4,0709,0,0,0,,0,001,"PATTERSON BL","SOULE AV",0.00,,Y,A,-,N,,,,,,,,,,Y,3,0,1,2,A,-,03,22350,,N,B,C,A,A,H,-,A,D,0,,,,,Y,,A,01,0,1,0,0,0,0,0,0,0,"- ","- ",37.941059112548828,-122.0697021484375,"CONTRA COSTA","PLEASANT HILL",-122.06969451904297,37.9410400390625
9480412,2022,2022-08-12,0709,2022-07-12,1311,401,3100,2,5,4,0709,0,0,0,,0,001,"CONTRA COSTA BL","WOODSWORTH LN",0.00,,Y,A,-,N,,,,,,,,,,N,4,0,2,2,A,-,03,22350,,N,C,C,A,A,H,-,A,A,0,,,,,Y,,A,01,0,0,2,0,0,0,0,0,0,"- ","- ",37.950611114501953,-122.06079864501953,"CONTRA COSTA","PLEASANT HILL",-122.06025695800781,37.950183868408203
94804332,2025,2025-08-15,9320,2025-08-08,1545,023680,,5,2,5,0712,0,1,1,,2,682,"I-680 N/B","TREAT BLVD.",1816.00,S,N,A,-,Y,CC,,680," "," ",16.042,H,,R,N,4,0,2,2,A,-,03,22350,,N,C,C,A,A,H,-,A,D,0,,,,,Y,,D,22,0,0,2,0,0,0,0,0,0,"- ","- ",37.921298980712891,-122.06179809570312,"CONTRA COSTA","WALNUT CREEK",-122.06177520751953,37.921295166015625
94804557,2025,2025-08-15,9370,2025-08-06,2130,023589,,3,2,5,0710,0,1,1,,2,082,"I-80 E/B","CARLSON BLVD",1747.00,W,N,A,-,Y,CC,,80," "," ",0.659,H,,R,Y,4,0,2,3,A,-,03,22350,,N,C,C,A,A,H,-,C,D,0,,,,,Y,,A,07,0,0,2,0,0,0,0,0,0,"- ","- ",37.906349182128906,-122.31443786621094,"CONTRA COSTA",RICHMOND,-122.314453125,37.906345367431641
94804754,2025,2025-10-01,9320,2025-08-06,"950 ",017271,,3,1,9,0700,0,3,5,,2,060,"HILLGRADE AVE","IRON HORSE REGIONAL TRAIL",0.00,,Y,A,-,Y,,,,,,,,,,N,3,0,1,2,A,-,09,21804,A,N,H,G,A,A,H,-,A,D,0,,Y,,,Y,,L,04,0,1,0,0,0,0,1,0,0,"- ","- ",37.868370056152344,-122.04641723632812,"CONTRA COSTA",UNINCORPORATED,-122.04646301269531,37.868389129638672
94804800,2025,2025-08-15,9320,2025-08-04,1650,023644,,1,2,9,0700,0,2,4,,2,062,"I-680 N/B TO STONE VALLEY ROAD W/B","STONE VALLEY ROAD",0.00,,Y,A,-,Y,,,,,,,,,,N,3,0,1,2,A,-,21,22106,,N,D,2,A,A,H,-,A,A,0,,,Y,,Y,,C,02,0,1,0,0,0,0,0,0,1,"- ","- ",37.851821899414062,-122.02778625488281,"CONTRA COSTA",UNINCORPORATED,-122.02875518798828,37.851505279541016
94806461,2025,2025-08-18,9320,2025-08-08,1900,024219,,5,2,9,0700,0,2,4,,2,096,"VASCO RD","CAMINO DIABLO",125.00,S,N,A,-,N,,,,,,,,,,N,4,0,1,3,A,-,03,22350,,N,C,C,A,A,H,-,A,A,0,,,,,Y,,A,07,0,0,1,0,0,0,0,0,0,"- ","- ",37.864948272705078,-121.66725158691406,"CONTRA COSTA",UNINCORPORATED,-121.66764068603516,37.865211486816406
94806503,2025,2025-08-18,9320,2025-08-02,1602,024165,,6,2,9,0700,0,2,4,,2,011,"APPIAN WAY NORTHBOUND","LA PALOMA ROAD",80.00,S,N,A,-,N,,,,,,,,,,N,3,0,1,2,A,-,11,21954,A,N,G,B,D,A,H,-,A,D,0,Y,,,,Y,,N,60,0,1,0,0,1,0,0,0,0,"- ","- ",37.970920562744141,-122.30596923828125,"CONTRA COSTA",UNINCORPORATED,-122.30594635009766,37.971000671386719
94806528,2025,2025-08-18,9320,2025-08-01,"515 ",023953,,5,3,4,0709,0,1,1,,2,682,"I-680 S/B","TREAT BOULEVARD",3330.00,N,N,A,-,Y,CC,,680," "," ",17.051,H,,L,N,2,0,1,3,A,-,08,22107,,N,C,C,A,A,H,-,C,D,0,,,,Y,Y,,A,07,1,0,0,0,0,0,0,0,0,"- ","- ",37.935768127441406,-122.06034088134766,"CONTRA COSTA","PLEASANT HILL",-122.06040954589844,37.935768127441406