CASE_ID,ACCIDENT_YEAR,PROC_DATE,JURIS,COLLISION_DATE,COLLISION_TIME,OFFICER_ID,REPORTING_DISTRICT,DAY_OF_WEEK,CHP_SHIFT,POPULATION,CNTY_CITY_LOC,SPECIAL_COND,BEAT_TYPE,CHP_BEAT_TYPE,CITY_DIVISION_LAPD,CHP_BEAT_CLASS,BEAT_NUMBER,PRIMARY_RD,SECONDARY_RD,DISTANCE,DIRECTION,INTERSECTION,WEATHER_1,WEATHER_2,STATE_HWY_IND,CALTRANS_COUNTY,CALTRANS_DISTRICT,STATE_ROUTE,ROUTE_SUFFIX,POSTMILE_PREFIX,POSTMILE,LOCATION_TYPE,RAMP_INTERSECTION,SIDE_OF_HWY,TOW_AWAY,COLLISION_SEVERITY,NUMBER_KILLED,NUMBER_INJURED,PARTY_COUNT,PRIMARY_COLL_FACTOR,PCF_CODE_OF_VIOL,PCF_VIOL_CATEGORY,PCF_VIOLATION,PCF_VIOL_SUBSECTION,HIT_AND_RUN,TYPE_OF_COLLISION,MVIW,PED_ACTION,ROAD_SURFACE,ROAD_COND_1,ROAD_COND_2,LIGHTING,CONTROL_DEVICE,CHP_ROAD_TYPE,PEDESTRIAN_ACCIDENT,BICYCLE_ACCIDENT,MOTORCYCLE_ACCIDENT,TRUCK_ACCIDENT,NOT_PRIVATE_PROPERTY,ALCOHOL_INVOLVED,STWD_VEHTYPE_AT_FAULT,CHP_VEHTYPE_AT_FAULT,COUNT_SEVERE_INJ,COUNT_VISIBLE_INJ,COUNT_COMPLAINT_PAIN,COUNT_PED_KILLED,COUNT_PED_INJURED,COUNT_BICYCLIST_KILLED,COUNT_BICYCLIST_INJURED,COUNT_MC_KILLED,COUNT_MC_INJURED,PRIMARY_RAMP,SECONDARY_RAMP,LATITUDE,LONGITUDE,COUNTY,CITY,POINT_X,POINT_Y
94828650,2025,2025-09-03,9320,2025-08-27,1605,024503,,3,2,3,0715,0,1,3,,2,241,"SR-24 E/B TO PLEASANT HILL RD","PLEASANT HILL RD",38.00,E,N,A,-,Y,,,,,,,,,,N,3,0,1,3,A,-,03,22350,,N,C,2,C,A,H,-,A,A,0,Y,,,,Y,,D,22,0,1,0,0,1,0,0,0,0,"- ","- ",37.896820068359375,-122.09548950195312,"CONTRA COSTA",LAFAYETTE,-122.09574127197266,37.897571563720703
94828666,2025,2025-09-03,9320,2025-08-27,1135,017219,,3,1,9,0700,0,2,4,,2,072,"BAILEY RD","CANAL RD",78.00,N,N,A,-,N,,,,,,,,,,N,3,0,1,2,A,-,05,21651,B,N,D,C,A,A,H,-,A,A,0,,,,,Y,,M,94,0,1,0,0,0,0,0,0,0,"- ","- ",38.0218505859375,-121.94203948974609,"CONTRA COSTA",UNINCORPORATED,-121.94194793701172,38.021766662597656
94828741,2025,2025-09-03,9320,2025-08-09,2320,024503,,6,3,9,0700,0,2,4,,2,011,"APPIAN WAY","SOBRANTE AVE",53.00,N,N,A,-,N,,,,,,,,,,Y,3,0,1,1,A,-,01,23152,A,N,E,I,A,A,H,-,C,D,0,,,,,Y,Y,A,01,0,1,0,0,0,0,0,0,0,"- ","- ",37.977401733398438,-122.29543304443359,"CONTRA COSTA",UNINCORPORATED,-122.29576873779297,37.976940155029297
94828768,2025,2025-09-03,9390,2025-08-28,"800 ",019612,,4,1,4,0790,0,1,1,,2,069,"I-680 NORTHBOUND","SYCAMORE VALLEY ROAD",1200.00,N,N,A,-,Y,CC,,680," ",R,7.157,H,,R,Y,2,0,2,3,A,-,03,22350,,N,C,C,A,A,H,-,A,D,0,,,,,Y,,A,07,1,0,1,0,0,0,0,0,0,"- ","- ",37.817070007324219,-121.99307250976562,"CONTRA COSTA",DANVILLE,-121.99317932128906,37.817073822021484
9482881,2022,2022-07-28,0700,2022-05-16,1752,044,OAKLE,1,5,3,0734,0,0,0,,0,052,"LAUREL RD","MEADOWS LN",0.00,,Y,A,-,N,,,,,,,,,,N,3,0,1,2,A,-,05,21650,,N,D,C,A,A,H,-,A,A,0,,,Y,,Y,Y,C,02,0,1,0,0,0,0,0,0,1,"- ","- ",37.982860565185547,-121.69339752197266,"CONTRA COSTA",OAKLEY,-121.69313049316406,37.98333740234375
9482883,2022,2022-07-28,0700,2022-05-13,1200,043,OAKLE,5,5,3,0734,0,0,0,,0,052,"EAST CYPRESS RD","KNIGHTSTEN AV",0.00,,Y,A,-,N,,,,,,,,,,N,3,0,1,2,A,-,21,22106,,N,D,C,A,A,H,-,A,A,0,,,,Y,Y,,-,"- ",0,1,0,0,0,0,0,0,0,"- ","- ",,,"CONTRA COSTA",OAKLEY,-121.66828918457031,37.990657806396484
94829785,2025,2025-09-04,9320,2025-08-28,1650,022199,,4,2,9,0700,0,2,4,,2,038,"ALHAMBRA VALLEY RD","BEAR VALLEY RD",0.00,,Y,A,-,N,,,,,,,,,,N,4,0,1,2,A,-,12,22450,A,N,D,C,A,A,H,-,A,A,0,,,,,Y,,A,07,0,0,1,0,0,0,0,0,0,"- ","- ",37.963218688964844,-122.20069122314453,"CONTRA COSTA",UNINCORPORATED,-122.200745,37.963177000000002
9483011,2022,2022-08-02,0714,2022-06-26,2500,159,112,7,5,4,0714,0,0,0,,0,002,"PINE ST","HOWE RD",0.00,,Y,A,-,N,,,,,,,,,,Y,4,0,1,1,A,-,08,22107,,N,E,I,A,A,H,-,C,A,0,,,,,Y,Y,A,01,0,0,1,0,0,0,0,0,0,"- ","- ",37.996341705322266,-122.12088012695312,"CONTRA COSTA",MARTINEZ,-122.12101745605469,37.996360778808594
94830190,2025,2025-09-04,9320,2025-08-26,"750 ",017271,,2,1,4,0714,0,1,1,,2,684,"I-680 S/B BENICIA BRIDGE","BENICIA BRIDGE (EAST END)",1800.00,N,N,A,-,Y,CC,,680," "," ",25.385,H,,L,N,4,0,2,4,A,-,03,22350,,N,C,C,A,A,H,-,A,D,0,,,,,Y,,A,01,0,0,2,0,0,0,0,0,0,"- ","- ",38.037551879882812,-122.12039184570312,"CONTRA COSTA",MARTINEZ,-122.12046051025391,38.037513732910156
94830514,2025,2025-09-04,9320,2025-08-18,1228,019759,,1,1,9,0700,0,1,3,,2,403,"SR-4 E/B TO BAILEY RD. S/B","BAILEY RD.",1056.00,W,N,A,-,Y,CC,,4," ",R,19.917,H,,R,Y,3,0,3,2,A,-,03,22350,,N,C,C,A,A,H,-,A,A,0,,,,,Y,,A,01,0,2,1,0,0,0,0,0,0,"- ","- ",38.018531799316406,-121.94560241699219,"CONTRA COSTA",UNINCORPORATED,-121.94559478759766,38.018772125244141
94830713,2025,2025-09-04,9370,2025-08-19,1650,024438,,2,2,5,0710,0,1,1,,2,058,"I-580 W/B","HARBOUR WAY S",575.00,E,N,A,-,Y,CC,,580," ",R,3.488,H,,L,Y,3,0,1,1,A,-,08,22107,,N,E,I,A,A,H,-,A,A,0,,,,,Y,,A,01,0,1,0,0,0,0,0,0,0,"- ","- ",37.922679901123047,-122.35826873779297,"CONTRA COSTA",RICHMOND,-122.35832977294922,37.922584533691406
94831328,2025,2025-09-05,9370,2025-08-10,"235 ",024331,,7,3,4,0711,0,1,1,,2,083,"I-80 W/B","SAN PABLO DAM RD",560.00,E,N,A,-,Y,CC,,80," "," ",4.418,H,,L,N,4,0,1,2,A,-,07,21658,A,M,B,C,A,A,H,-,C,D,0,,,Y,,Y,,-,99,0,0,1,0,0,0,0,0,1,"- ","- ",37.957019805908203,-122.3306884765625,"CONTRA COSTA","SAN PABLO",-122.33052825927734,37.957061767578125
94831648,2025,2025-09-05,9320,2025-08-29,"415 ",022804,,5,3,6,0704,0,1,3,,2,402,"SR-4 WB","PORT CHICAGO HIGHWAY",316.00,E,N,A,-,Y,CC,,4," ",R,15.480,H,,L,Y,4,0,1,2,A,-,03,22350,,N,C,C,A,A,H,-,C,D,0,,,,,Y,,D,22,0,0,1,0,0,0,0,0,0,"- ","- ",38.009979248046875,-122.02220916748047,"CONTRA COSTA",CONCORD,-122.022216796875,38.010002136230469
94831672,2025,2025-09-05,9370,2025-08-23,2040,024469,,6,2,9,0700,0,3,5,,2,012,"TARA HILLS DRIVE","DOOLIN CT",0.00,,Y,A,-,Y,,,,,,,,,,N,4,0,4,2,A,-,12,22450,A,M,D,C,A,A,H,-,C,A,0,,,,,Y,,D,22,0,0,4,0,0,0,0,0,0,"- ","- ",37.997409820556641,-122.31317138671875,"CONTRA COSTA",UNINCORPORATED,-122.3131103515625,37.997333526611328
94831697,2025,2025-09-05,9320,2025-08-29,"851 ",021847,,5,1,9,0700,0,1,3,,2,405,"SR-4 (MARSH CREEK ROAD) E/B","SELLERS AVENUE",500.00,W,N,A,-,Y,CC,,4," ",R,39.835,H,,R,N,4,0,1,2,A,-,03,22350,,N,C,C,A,A,H,-,A,A,0,,,,,Y,,A,01,0,0,1,0,0,0,0,0,0,"- ","- ",37.896430969238281,-121.68025207519531,"CONTRA COSTA",UNINCORPORATED,-121.68025207519531,37.896457672119141
94832012,2025,2025-09-05,9320,2025-08-25,2326,023948,,1,3,9,0700,0,1,3,,2,242,"SR-242 SB","CONCORD AVE.",1400.00,N,N,A,-,Y,CC,,242," ",R,1.754,H,,L,Y,4,0,1,3,A,-,03,22350,,N,C,C,A,A,D,-,C,D,0,,,,,Y,,A,01,0,0,1,0,0,0,0,0,0,"- ","- ",37.98284912109375,-122.04170989990234,"CONTRA COSTA",UNINCORPORATED,-122.04177093505859,37.982860565185547
94832020,2025,2025-09-05,9320,2025-08-30,1550,024219,,6,2,9,0700,0,1,1,,2,682,"I-680 N/B TO TREAT BOULEVARD","TREAT BOULEVARD",12.00,S,N,A,-,Y,,,,,,,,,,N,4,0,2,2,A,-,03,22350,,N,C,C,A,A,H,-,A,A,0,,,,,Y,,A,01,0,0,2,0,0,0,0,0,0,"- ","- ",37.926288604736328,-122.05986785888672,"CONTRA COSTA",UNINCORPORATED,-122.06039428710938,37.927085876464844
94833961,2025,2025-09-08,9320,2025-08-23,"159 ",023783,,6,3,3,0792,0,1,3,,2,240,"STATE ROUTE 24 WESTBOUND","CAMINO PABLO",4667.00,E,N,A,-,Y,CC,,24," ",R,3.225,H,,L,Y,3,0,1,2,A,-,01,23152,A,N,C,C,A,A,H,-,C,D,0,,,,Y,Y,Y,A,01,0,1,0,0,0,0,0,0,0,"- ","- ",37.889820098876953,-122.17534637451172,"CONTRA COSTA",ORINDA,-122.17527770996094,37.889755249023438
94834139,2025,2025-09-08,9320,2025-08-24,"240 ",024520,,7,3,4,0714,0,1,1,,2,683,"INTERSTATE 680 NORTHBOUND","BLUM ROAD",240.00,S,N,A,-,Y,CC,,680," "," ",21.491,H,,R,Y,3,0,2,2,A,-,01,23152,A,N,C,C,A,A,H,-,C,D,0,,,,,Y,Y,A,01,0,2,0,0,0,0,0,0,0,"- ","- ",37.997768402099609,-122.07366943359375,"CONTRA COSTA",MARTINEZ,-122.07367706298828,37.997760772705078
94834264,2025,2025-09-08,9320,2025-08-28,2128,024221,,4,2,9,0700,0,3,5,,2,039,"EDWARD WERTH DR","WHISPERING TREES CT",45.00,N,N,A,-,N,,,,,,,,,,N,2,0,1,1,A,-,08,22107,,N,F,A,A,A,H,-,C,D,0,,Y,,,Y,,M,91,1,0,0,0,0,0,1,0,0,"- ","- ",38.026481628417969,-122.26466369628906,"CONTRA COSTA",UNINCORPORATED,-122.26458740234375,38.026416778564453
94834321,2025,2025-09-08,9320,2025-08-29,1515,024165,,5,2,9,0700,0,2,4,,2,091,"BIXLER ROAD",SR-4,1055.00,S,N,A,-,N,,,,,,,,,,N,4,0,1,2,A,-,09,21801,B,N,D,C,A,A,H,-,A,D,0,,,,,Y,,A,01,0,0,1,0,0,0,0,0,0,"- ","- ",37.885910034179688,-121.62309265136719,"CONTRA COSTA",UNINCORPORATED,-121.62306976318359,37.886550903320312
94834751,2025,2025-09-08,9370,2025-08-17,1035,024344,,7,1,5,0710,0,1,1,,2,082,"I-80 W/B","SOLANO AVENUE OVERPASS",200.00,E,N,A,-,Y,CC,,80," "," ",3.441,H,,L,Y,2,0,2,1,A,-,01,23152,A,N,E,I,A,A,H,-,A,D,0,,,,,Y,Y,A,07,1,1,0,0,0,0,0,0,0,"- ","- ",37.943878173828125,-122.32389831542969,"CONTRA COSTA",RICHMOND,-122.32401275634766,37.943862915039062
94836729,2025,2025-09-09,9320,2025-09-02,"930 ",022505,,2,1,5,0708,0,1,3,,2,403,"SR-4 E/B","BAILEY RD",2693.00,W,N,A,-,Y,CC,,4," ",R,19.600,H,,R,N,4,0,1,2,A,-,07,21658,A,N,B,C,A,A,H,-,A,D,0,,,,,Y,,A,01,0,0,1,0,0,0,0,0,0,"- ","- ",38.019588470458984,-121.95130157470703,"CONTRA COSTA",PITTSBURG,-121.95123291015625,38.019733428955078
94836809,2025,2025-09-09,9320,2025-08-29,"830 ",024656,,5,1,5,0708,0,1,3,,2,404,"SR4 WB","RAILROAD AVE",730.00,E,N,A,-,Y,CC,,4," "," ",23.201,H,,L,N,3,0,3,2,A,-,03,22350,,N,C,C,A,A,H,-,A,D,0,,,,,Y,,A,07,0,1,2,0,0,0,0,0,0,"- ","- ",38.016429901123047,-121.88681030273438,"CONTRA COSTA",PITTSBURG,-121.88678741455078,38.016498565673828
94836810,2025,2025-09-09,9320,2025-08-29,"630 ",024656,,5,1,9,0700,0,1,3,,2,403,"SR 4 W/B","SAN MARCO BLVD",3960.00,W,N,A,-,Y,CC,,4," ",R,17.763,H,,L,N,4,0,2,2,A,-,03,22350,,M,C,C,A,A,H,-,B,D,0,,,,,Y,,-,99,0,0,2,0,0,0,0,0,0,"- ","- ",38.020828247070312,-121.98339080810547,"CONTRA COSTA",UNINCORPORATED,-121.98335266113281,38.020778656005859
94836832,2025,2025-09-09,9320,2025-08-27,"655 ",016636,,3,1,9,0700,0,2,4,,2,073,"KIRKER PASS RD SB","NORTONVILLE RD",1056.00,S,N,A,-,N,,,,,,,,,,Y,3,0,1,2,A,-,07,21658,A,N,B,C,A,A,H,-,A,D,0,,,,,Y,,A,01,0,1,0,0,0,0,0,0,0,"- ","- ",37.980381011962891,-121.8997802734375,"CONTRA COSTA",UNINCORPORATED,,
94836857,2025,2025-09-09,9320,2025-08-29,1745,024520,,5,2,5,0708,0,1,3,,2,404,"SR-4 WESTBOUND FROM LOVERIDGE ROAD","LOVERIDGE ROAD",1650.00,W,N,A,-,Y,CC,,4," "," ",23.997,H,,L,N,3,0,1,2,A,-,03,22350,,N,C,C,A,A,H,-,A,D,0,,,,,Y,,D,22,0,1,0,0,0,0,0,0,0,"- ","- ",38.013278961181641,-121.87274932861328,"CONTRA COSTA",PITTSBURG,-121.87277221679688,38.013214111328125
94836878,2025,2025-09-09,9320,2025-09-02,"515 ",022804,,2,3,9,0700,0,2,4,,2,097,"CONCORD AVE","WALNUT BLVD",0.00,,Y,B,-,N,,,,,,,,,,Y,4,0,2,2,A,-,12,21453,A,N,D,C,A,B,H,-,D,A,0,,,,,Y,,A,01,0,0,2,0,0,0,0,0,0,"- ","- ",37.903690338134766,-121.69632720947266,"CONTRA COSTA",UNINCORPORATED,-121.69630432128906,37.903705596923828
94836973,2025,2025-09-09,9350,2025-09-01,1340,024036,,1,1,9,0700,0,1,1,,2,115,"I-580 W/B","STENMARK DR U/C",5914.00,W,N,A,-,Y,CC,,580," "," ",7.159,H,,L,Y,3,0,6,3,A,-,03,22350,,N,C,C,A,A,H,-,A,D,0,,,,,Y,,A,07,0,2,4,0,0,0,0,0,0,"- ","- ",37.933670043945312,-122.42231750488281,"CONTRA COSTA",UNINCORPORATED,-122.42232513427734,37.933624267578125
94838487,2025,2025-09-10,9320,2025-04-17,1335,022743,,4,1,9,0700,0,1,1,,2,681,"I-680 NORTHBOUND","STONE VALLEY ROAD",1769.00,S,N,B,-,Y,CC,,680," ",R,10.043,H,,R,N,1,1,0,2,A,-,16,24002,A,N,H,3,A,A,H,-,A,D,0,,,,,Y,,D,22,0,0,0,0,0,0,0,0,0,"- ","- ",37.846889495849609,-122.02681732177734,"CONTRA COSTA",UNINCORPORATED,-122.02678680419922,37.846908569335938
94838501,2025,2025-09-10,9320,2025-08-31,"243 ",024532,,7,3,9,0700,0,2,4,,2,071,"WILLOW PASS ROAD","ALBERTS AVENUE",115.00,E,N,A,-,N,,,,,,,,,,Y,2,0,1,3,A,-,01,23152,A,N,B,E,A,A,H,-,C,A,0,,,,,Y,Y,A,01,1,0,0,0,0,0,0,0,0,"- ","- ",38.026699066162109,-121.95545959472656,"CONTRA COSTA",UNINCORPORATED,-121.95549774169922,38.026779174804688
94838569,2025,2025-09-10,9320,2025-08-29,"925 ",019914,,5,1,5,0712,0,1,1,,2,682,"I-680 NB","NORTH MAIN STREET O/C",1500.00,N,N,A,-,Y,CC,,680," "," ",15.917,H,,R,N,4,0,1,2,A,-,07,21658,A,N,B,C,A,A,H,-,A,D,0,,,,,Y,,D,22,0,0,1,0,0,0,0,0,0,"- ","- ",37.919418334960938,-122.06252288818359,"CONTRA COSTA","WALNUT CREEK",-122.06258392333984,37.919437408447266
94838606,2025,2025-09-10,9320,2025-08-17,2330,024520,,7,3,3,0707,0,1,1,,2,180,"INTERSTATE 80 WESTBOUND TO PINOLE VALLEY ROAD","PINOLE VALLEY ROAD",895.00,E,N,A,-,Y,CC,,80," "," ",8.757,H,,L,Y,3,0,1,1,A,-,01,23152,A,N,E,I,A,A,H,-,C,D,0,,,,,Y,Y,A,07,0,1,0,0,0,0,0,0,0,"- ","- ",38.000049591064453,-122.28376007080078,"CONTRA COSTA",PINOLE,-122.28353881835938,37.999919891357422
94838687,2025,2025-09-19,9320,2025-08-30,1835,024219,,6,2,9,0700,0,2,4,,2,046,"OAK ROAD","TREAT BOULEVARD",0.00,,Y,A,-,N,,,,,,,,,,Y,4,0,1,2,A,-,12,21453,A,N,D,C,A,A,H,-,A,A,0,,,,,Y,,A,08,0,0,1,0,0,0,0,0,0,"- ","- ",37.926399230957031,-122.05760955810547,"CONTRA COSTA",UNINCORPORATED,-122.05745697021484,37.926422119140625
94838762,2025,2025-09-10,9320,2025-08-31,1735,024219,,7,2,9,0700,0,2,4,,2,023,"BEAR CREEK ROAD","BRIONES ROAD",360.00,S,N,A,-,N,,,,,,,,,,N,2,0,1,1,A,-,08,22107,,N,F,A,A,A,H,-,A,D,0,,,Y,,Y,,C,02,1,0,0,0,0,0,0,0,1,"- ","- ",37.924678802490234,-122.1627197265625,"CONTRA COSTA",UNINCORPORATED,-122.16274261474609,37.924774169921875
94839347,2025,2025-09-10,9320,2025-09-02,1525,022486,,2,2,5,0712,0,1,3,,2,241,"SR-24 E/B","EL CURTOLA BLVD",465.00,E,N,A,-,Y,CC,,24," ",R,8.375,H,,R,N,4,0,1,2,A,-,03,22350,,M,C,C,A,A,H,-,A,D,0,,,,,Y,,-,99,0,0,1,0,0,0,0,0,0,"- ","- ",37.897628784179688,-122.08334350585938,"CONTRA COSTA","WALNUT CREEK",-122.08332824707031,37.897682189941406
94839366,2025,2025-09-10,9320,2025-09-02,1325,024503,,2,1,5,0701,0,1,3,,2,405,"SR 4 W/B","LONE TREE WAY",518.00,W,N,A,-,Y,CC,,4," ",R,32.825,H,,L,Y,3,0,1,3,A,-,08,22107,,N,B,E,E,A,H,-,A,D,0,Y,,,,Y,,D,22,0,1,0,0,1,0,0,0,0,"- ","- ",37.963050842285156,-121.74144744873047,"CONTRA COSTA",ANTIOCH,-121.74150085449219,37.963077545166016
9483953,2022,2022-08-01,0714,2022-06-08,0910,162,082,3,5,4,0714,0,0,0,,0,001,"ALHAMBRA AV","SOTO ST",0.00,,Y,A,-,N,,,,,,,,,,Y,3,0,1,1,A,-,03,22350,A,M,A,I,A,A,H,-,A,D,0,,,,,Y,,A,01,0,1,0,0,0,0,0,0,0,"- ","- ",38.0089111328125,-122.13063812255859,"CONTRA COSTA",MARTINEZ,-122.13079071044922,38.008636474609375
9483956,2022,2022-08-08,0714,2022-06-27,2211,173,102,1,5,4,0714,0,0,0,,0,001,"ALHAMBRA AV","RT 4",0.00,,Y,A,-,Y,CC,4,4,-,R,8.409,R,4,W,N,3,0,1,2,A,-,12,21453,A,N,D,C,A,A,H,-,C,A,0,,,,,Y,,A,07,0,1,0,0,0,0,0,0,0,"- ","- ",37.990840911865234,-122.12777709960938,"CONTRA COSTA",MARTINEZ,-122.1326904296875,37.990215301513672
94839636,2025,2025-09-10,9320,2025-09-05,1150,021472,,5,1,9,0700,0,1,1,,2,683,"I-680 S/B","ARTHUR ROAD",1086.00,N,N,A,-,Y,CC,,680," "," ",22.922,H,,L,Y,3,0,1,1,A,-,08,22107,,N,F,A,A,A,H,-,A,A,0,,,,,Y,,E,22,0,1,0,0,0,0,0,0,0,"- ","- ",38.013320922851562,-122.09105682373047,"CONTRA COSTA",UNINCORPORATED,-122.09095001220703,38.013385772705078
94840279,2025,2025-09-11,9370,2025-09-08,1505,024664,,1,2,5,0710,0,1,1,,2,082,"I-80 E/B FROM CARLSON BOULEVARD","CARLSON BOULEVARD",617.00,E,N,A,-,Y,CC,,80," "," ",1.125,H,,R,N,3,0,2,2,A,-,03,22350,,N,C,C,A,A,H,-,A,A,0,,,,,Y,,A,07,0,2,0,0,0,0,0,0,0,"- ","- ",37.912528991699219,-122.31716156005859,"CONTRA COSTA",RICHMOND,-122.31732177734375,37.912528991699219
94840478,2025,2025-09-11,9390,2025-08-27,"855 ",024683,,3,1,4,0791,1,4,S,,2,901,"APTOS WAY","DAVONA DRIVE",120.00,E,N,A,-,N,,,,,,,,,,N,3,0,1,2,A,-,09,21804,A,N,B,C,A,A,H,-,A,D,0,,,,,Y,,A,07,0,1,0,0,0,0,0,0,0,"- ","- ",37.748260498046875,-121.95484161376953,"CONTRA COSTA","SAN RAMON",-121.954833984375,37.748207092285156
94840491,2025,2025-09-11,9320,2025-09-03,1545,022199,,3,2,3,0706,0,1,3,,2,400,"STATE ROUTE 4 WESTBOUND","SAN PABLO AVENUE",1400.00,E,N,A,-,Y,CC,,4," "," ",0.084,H,,L,N,3,0,1,1,C,-,18,,,N,E,J,A,A,H,-,A,D,0,,,,,Y,,-,"- ",0,1,0,0,0,0,0,0,0,"- ","- ",38.0147705078125,-122.26788330078125,"CONTRA COSTA",HERCULES,-122.26790618896484,38.014717102050781
94840927,2025,2025-09-11,9370,2025-09-04,2008,023900,,4,2,4,0711,0,3,5,,2,012,"SAN PABLO DAM ROAD","BARRANCA STREET",0.00,,Y,A,-,N,,,,,,,,,,N,4,0,1,2,A,-,05,21651,B,N,B,C,A,A,H,-,A,D,0,,,,,Y,,A,07,0,0,1,0,0,0,0,0,0,"- ","- ",37.963871002197266,-122.32018280029297,"CONTRA COSTA","SAN PABLO",-122.32019805908203,37.963817596435547
94841225,2025,2025-09-11,9370,2025-09-03,1540,024342,,3,2,5,0710,0,1,1,,2,082,"I-80 E/B","SOLANO AVE",1870.00,W,N,A,-,Y,CC,,80," "," ",3.059,H,,R,N,4,0,1,2,A,-,03,22350,,N,C,C,A,A,H,-,A,D,0,,,,Y,Y,,A,07,0,0,1,0,0,0,0,0,0,"- ","- ",37.938491821289062,-122.32540893554688,"CONTRA COSTA",RICHMOND,-122.32540130615234,37.938488006591797
94842251,2025,2025-09-12,9320,2025-08-12,1615,022743,,2,2,5,0712,0,1,1,,2,682,"I-680 N/B","NORTH MAIN ST",650.00,S,N,A,-,Y,CC,,680," "," ",15.456,H,,R,N,2,0,1,2,A,-,06,21755,A,M,B,C,A,A,H,-,A,D,0,,,Y,,Y,,C,02,1,0,0,0,0,0,0,0,1,"- ","- ",37.913558959960938,-122.06674957275391,"CONTRA COSTA","WALNUT CREEK",-122.06668090820312,37.913543701171875
9484228,2022,2022-11-14,0709,2022-06-27,2031,428,3150,1,5,4,0709,0,0,0,,0,001,"BUSKIRK AV","THE CROSSROADS",0.00,,Y,A,-,N,,,,,,,,,,N,4,0,1,1,D,-,00,,,N,E,I,A,A,H,-,B,D,0,,,,,Y,,-,"- ",0,0,1,0,0,0,0,0,0,"- ","- ",37.943710327148438,-122.05756378173828,"CONTRA COSTA","PLEASANT HILL",-122.056214,37.943658999999997
94842355,2025,2025-09-12,9320,2025-09-04,1220,023766,,4,1,9,0700,0,2,4,,2,091,"BIXLER ROAD","STATE ROUTE 4",1695.00,S,N,A,-,N,,,,,,,,,,Y,3,0,1,1,A,-,08,22107,,N,E,I,A,A,H,-,A,D,0,,,,,Y,,A,01,0,1,0,0,0,0,0,0,0,"- ","- ",37.884410858154297,-121.62309265136719,"CONTRA COSTA",UNINCORPORATED,-121.62308502197266,37.884796142578125
94842366,2025,2025-09-12,9390,2025-09-05,2145,021939,,5,2,4,0790,0,1,1,,2,069,"I-680 NORTHBOUND","DIABLO ROAD UNDER-CROSSING",1900.00,S,N,A,-,Y,CC,,680," ",R,7.156,H,,R,Y,4,0,1,4,A,-,07,21658,A,M,B,C,A,A,H,-,C,D,0,,,,,Y,,-,99,0,0,1,0,0,0,0,0,0,"- ","- ",37.817050933837891,-121.99320983886719,"CONTRA COSTA",DANVILLE,-121.99317932128906,37.817050933837891
94842596,2025,2025-09-12,9320,2025-09-06,1554,024219,,6,2,9,0700,0,2,4,,2,071,"WILLOW PASS ROAD","BAILEY ROAD",20.00,W,N,A,-,N,,,,,,,,,,Y,2,0,1,1,A,-,08,22107,,F,A,8,A,A,H,-,A,A,0,,,,,Y,,A,01,1,0,0,0,0,0,0,0,0,"- ","- ",38.026840209960938,-121.94213104248047,"CONTRA COSTA",UNINCORPORATED,-122.00337982177734,37.992164611816406
94842687,2025,2025-09-12,9320,2025-07-21,"122 ",023760,,1,3,9,0700,0,2,4,,2,046,"TREAT BOULEVARD W/B","JONES ROAD",100.00,W,N,A,-,N,,,,,,,,,,N,4,0,1,1,A,-,08,22107,,N,E,I,A,A,H,-,C,D,0,,,,,Y,,A,01,0,0,1,0,0,0,0,0,0,"- ","- ",37.925991058349609,-122.04953765869141,"CONTRA COSTA",UNINCORPORATED,-122.05513000488281,37.926628112792969
94842709,2025,2025-09-12,9320,2025-09-03,"836 ",022525,,3,1,4,0790,0,1,S,,2,904,"I-680 NB","SYCAMORE VALLEY RD.",6019.00,S,N,A,-,Y,CC,,680," ",R,5.590,H,,R,N,4,0,1,2,A,-,03,22350,,N,C,C,A,A,H,-,A,D,0,,,,,Y,,A,01,0,0,1,0,0,0,0,0,0,"- ","- ",37.796051025390625,-121.98490905761719,"CONTRA COSTA",DANVILLE,-121.98489379882812,37.796058654785156
94842732,2025,2025-09-12,9320,2025-09-06,1115,021472,,6,1,6,0704,0,1,3,,2,242,"SR-242 N/B","OLIVERIA ROAD",1384.00,S,N,A,-,Y,CC,,242," ",R,2.532,H,,R,N,2,0,1,1,A,-,08,22107,,N,F,A,A,A,H,-,A,D,0,,,Y,,Y,,C,02,1,0,0,0,0,0,0,0,1,"- ","- ",37.993759155273438,-122.03913879394531,"CONTRA COSTA",CONCORD,-122.03920745849609,37.993770599365234