CASE_ID,ACCIDENT_YEAR,PROC_DATE,JURIS,COLLISION_DATE,COLLISION_TIME,OFFICER_ID,REPORTING_DISTRICT,DAY_OF_WEEK,CHP_SHIFT,POPULATION,CNTY_CITY_LOC,SPECIAL_COND,BEAT_TYPE,CHP_BEAT_TYPE,CITY_DIVISION_LAPD,CHP_BEAT_CLASS,BEAT_NUMBER,PRIMARY_RD,SECONDARY_RD,DISTANCE,DIRECTION,INTERSECTION,WEATHER_1,WEATHER_2,STATE_HWY_IND,CALTRANS_COUNTY,CALTRANS_DISTRICT,STATE_ROUTE,ROUTE_SUFFIX,POSTMILE_PREFIX,POSTMILE,LOCATION_TYPE,RAMP_INTERSECTION,SIDE_OF_HWY,TOW_AWAY,COLLISION_SEVERITY,NUMBER_KILLED,NUMBER_INJURED,PARTY_COUNT,PRIMARY_COLL_FACTOR,PCF_CODE_OF_VIOL,PCF_VIOL_CATEGORY,PCF_VIOLATION,PCF_VIOL_SUBSECTION,HIT_AND_RUN,TYPE_OF_COLLISION,MVIW,PED_ACTION,ROAD_SURFACE,ROAD_COND_1,ROAD_COND_2,LIGHTING,CONTROL_DEVICE,CHP_ROAD_TYPE,PEDESTRIAN_ACCIDENT,BICYCLE_ACCIDENT,MOTORCYCLE_ACCIDENT,TRUCK_ACCIDENT,NOT_PRIVATE_PROPERTY,ALCOHOL_INVOLVED,STWD_VEHTYPE_AT_FAULT,CHP_VEHTYPE_AT_FAULT,COUNT_SEVERE_INJ,COUNT_VISIBLE_INJ,COUNT_COMPLAINT_PAIN,COUNT_PED_KILLED,COUNT_PED_INJURED,COUNT_BICYCLIST_KILLED,COUNT_BICYCLIST_INJURED,COUNT_MC_KILLED,COUNT_MC_INJURED,PRIMARY_RAMP,SECONDARY_RAMP,LATITUDE,LONGITUDE,COUNTY,CITY,POINT_X,POINT_Y
9583218,2023,2023-07-10,0702,2023-05-18,1456,648S,121B,4,5,3,0702,0,0,0,,0,001,"HIGHLAND WY","MILL CREEK WY",0.00,,Y,A,-,N,,,,,,,,,,Y,4,0,1,2,A,-,09,21804,,N,B,C,A,A,H,-,A,D,0,,,,,Y,,A,01,0,0,1,0,0,0,0,0,0,"- ","- ",37.941608428955078,-121.72987365722656,"CONTRA COSTA",BRENTWOOD,-121.73052978515625,37.941650390625
9583219,2023,2023-07-03,0702,2023-05-30,"750 ",558T,310B,2,5,3,0702,0,0,0,,0,003,"WALNUT BL","MCCLARREN RD",146.00,S,N,A,-,N,,,,,,,,,,Y,3,0,2,2,A,-,03,22350,,N,B,C,A,A,H,-,A,D,0,,,,,Y,,A,01,0,1,1,0,0,0,0,0,0,"- ","- ",37.92926025390625,-121.69608306884766,"CONTRA COSTA",BRENTWOOD,-121.69609069824219,37.928787231445312
9583220,2023,2023-07-03,0702,2023-05-21,"231 ",616B,431B,7,5,3,0702,0,0,0,,0,004,"TORREY PINES DR","PEBBLE BEACH DR",380.00,W,N,A,-,N,,,,,,,,,,Y,3,0,1,1,A,-,03,22350,,N,E,I,A,A,H,-,C,D,0,,,,,Y,,A,01,0,1,0,0,0,0,0,0,0,"- ","- ",37.922798156738281,-121.74713897705078,"CONTRA COSTA",BRENTWOOD,-121.74694061279297,37.922607421875
9583221,2023,2023-07-03,0702,2023-05-25,1405,490M,416B,4,5,3,0702,0,0,0,,0,004,"FAIRVIEW AV","BALDWIN DR",50.00,N,N,A,-,N,,,,,,,,,,N,3,0,2,2,A,-,03,22350,,M,C,C,A,A,H,-,A,A,0,,,,,Y,,D,22,0,2,0,0,0,0,0,0,0,"- ","- ",37.9180908203125,-121.72268676757812,"CONTRA COSTA",BRENTWOOD,-121.72274780273438,37.918228149414062
9583245,2023,2023-07-03,0702,2023-05-08,1525,502M,418B,1,5,3,0702,0,0,0,,0,004,"FAIRVIEW AV","BALFOUR RD",0.00,,Y,A,-,N,,,,,,,,,,Y,3,0,2,2,A,-,08,22107,,N,D,C,A,A,H,-,A,A,0,,,,,Y,,A,07,0,1,1,0,0,0,0,0,0,"- ","- ",37.925331115722656,-121.72371673583984,"CONTRA COSTA",BRENTWOOD,-121.72380065917969,37.925262451171875
9583246,2023,2023-07-03,0702,2023-05-09,1417,613D,127B,2,5,3,0702,0,0,0,,0,001,"LONE TREE WY","FAIRVIEW AV",0.00,,Y,A,-,N,,,,,,,,,,Y,4,0,1,2,A,-,12,21453,A,N,H,C,A,A,H,-,A,A,0,,,,,Y,,A,01,0,0,1,0,0,0,0,0,0,"- ","- ",37.961620330810547,-121.72532653808594,"CONTRA COSTA",BRENTWOOD,-121.72532653808594,37.961620330810547
9583261,2023,2023-07-21,0740,2023-06-12,"756 ",SR544,SR72,1,5,4,0791,0,0,0,,0,BEAT1,"SAN RAMON VALLEY BL","SAN RAMON VALLEY BL 2505",0.00,,Y,B,-,N,,,,,,,,,,N,3,0,1,2,A,-,17,21657,,N,D,C,A,A,H,-,A,D,0,,,Y,,Y,,C,03,0,1,0,0,0,0,0,0,1,"- ","- ",37.773281097412109,-121.97663879394531,"CONTRA COSTA","SAN RAMON",-121.94247436523438,37.722888946533203
9583278,2023,2023-07-20,0740,2023-06-20,1244,SR120,SR72,2,5,4,0791,0,0,0,,0,BEAT4,"OLD RANCH RD","OLD RANCH ESTATE DR",72.00,W,N,A,-,N,,,,,,,,,,Y,3,0,1,1,A,-,08,22107,,N,A,I,A,A,H,-,A,A,0,,,,,Y,,A,01,0,1,0,0,0,0,0,0,0,"- ","- ",37.737991333007812,-121.92328643798828,"CONTRA COSTA","SAN RAMON",-121.91736602783203,37.737632751464844
9583279,2023,2023-07-20,0740,2023-06-13,2123,SR130,SR,2,5,4,0791,0,0,0,,0,4720,"N GALE RIDGE RD","DOUGHERTY RD",0.00,,Y,A,-,N,,,,,,,,,,Y,3,0,1,2,A,-,03,22350,,N,C,C,A,A,H,-,C,D,0,,,,,Y,,A,01,0,1,0,0,0,0,0,0,0,"- ","- ",37.777839660644531,-121.92327117919922,"CONTRA COSTA","SAN RAMON",-121.92327117919922,37.777877807617188
9583280,2023,2023-07-20,0740,2023-06-12,2111,SR116,SR72,1,5,4,0791,0,0,0,,0,BEAT3,"BOLLINGER CANYON RD","ALCOSTA BL",1327.00,E,N,A,-,N,,,,,,,,,,N,2,0,2,2,A,-,03,22350,,N,A,B,C,A,H,-,C,D,0,Y,Y,,,Y,,L,04,1,0,1,0,1,0,1,0,0,"- ","- ",37.765750885009766,-121.95188903808594,"CONTRA COSTA","SAN RAMON",-121.94976806640625,37.768875122070312
9583324,2023,2023-07-11,0702,2023-05-07,"553 ",633M,123B,7,5,3,0702,0,0,0,,0,001,"APRICOT WY","RAMPART WAY",0.00,,Y,A,-,N,,,,,,,,,,Y,4,0,1,1,A,-,03,22350,,M,E,I,A,A,H,-,C,D,0,,,,,Y,Y,A,07,0,0,1,0,0,0,0,0,0,"- ","- ",37.951148986816406,-121.73381042480469,"CONTRA COSTA",BRENTWOOD,-121.73297882080078,37.950679779052734
9583646,2023,2023-08-01,0740,2023-06-19,1830,SR139,SR72,1,5,4,0791,0,0,0,,0,001,"BOLLINGER CANYON RD","RT 680",0.00,,Y,A,-,Y,CC,4,680,-,R,2.670,R,4,N,N,3,0,2,2,A,-,09,21453,B,N,D,C,A,A,H,-,A,A,0,,,,,Y,,A,07,0,2,0,0,0,0,0,0,0,"- ",NF,37.756908416748047,-121.96688079833984,"CONTRA COSTA","SAN RAMON",-121.96354675292969,37.757316589355469
9583853,2023,2023-08-03,0702,2023-06-30,1205,604A,121B,5,5,3,0702,0,0,0,,0,001,"LINDEN ST","SAND CREEK RD",22.00,S,N,A,-,N,,,,,,,,,,N,3,0,1,2,A,-,03,22350,,N,C,C,A,A,H,-,A,A,0,,,,,Y,,D,22,0,1,0,0,0,0,0,0,0,"- ","- ",37.943641662597656,-121.72604370117188,"CONTRA COSTA",BRENTWOOD,,
9583979,2023,2023-08-15,0740,2023-07-02,2345,SR133,SR,7,5,4,0791,0,0,0,,0,BEAT2,"MAAS AV","SPRINGFIELD DR",232.00,E,N,A,-,N,,,,,,,,,,Y,2,0,3,1,A,-,03,22350,,N,A,I,A,A,H,-,C,D,0,,,,,Y,,-,"- ",3,0,0,0,0,0,0,0,0,"- ","- ",37.763740539550781,-121.95320892333984,"CONTRA COSTA","SAN RAMON",,
9584217,2023,2023-05-16,0705,2023-03-15,"831 ",E265,PATRO,3,5,3,0705,0,0,0,,0,011,"SCHMIDT LN","CABRILLO ST",0.00,,Y,-,-,N,,,,,,,,,,N,3,0,1,2,A,-,09,21800,B,N,A,G,A,A,H,-,A,A,0,,Y,,,Y,,A,01,0,1,0,0,0,0,1,0,0,"- ","- ",37.916889190673828,-122.30396270751953,"CONTRA COSTA","EL CERRITO",-122.30396270751953,37.916946411132812
9584562,2023,2023-05-22,0714,2023-04-22,1641,178,02,6,5,4,0714,0,0,0,,0,001,"ESCOBAR ST","CASTRO ST",0.00,,Y,A,-,N,,,,,,,,,,Y,3,0,1,2,A,-,08,22107,,N,D,E,A,A,H,-,A,D,0,,,,,Y,Y,A,07,0,1,0,0,0,0,0,0,0,"- ","- ",38.017551422119141,-122.13851165771484,"CONTRA COSTA",MARTINEZ,-122.13797760009766,38.017402648925781
9584781,2023,2023-05-24,0702,2023-04-05,1515,646M,201B,3,5,3,0702,0,0,0,,0,002,"BRENTWOOD BL","LONE TREE BL",595.00,S,N,A,-,N,,,,,,,,,,N,3,0,1,2,A,-,17,21228,,N,A,C,A,A,H,-,A,D,0,,,Y,,Y,,C,03,0,1,0,0,0,0,0,0,1,"- ","- ",37.960220336914062,-121.69525146484375,"CONTRA COSTA",BRENTWOOD,-121.69611358642578,37.959957122802734
9585139,2023,2023-05-27,0702,2023-04-13,2008,642C,121B,4,5,3,0702,0,0,0,,0,001,"SAND CREEK RD","SAND CREEK RD 2535",0.00,,Y,A,-,N,,,,,,,,,,Y,3,0,2,2,A,-,09,21802,A,M,E,I,A,A,H,-,C,A,0,,,,,Y,,-,,0,1,1,0,0,0,0,0,0,"- ","- ",37.945869445800781,-121.74118041992188,"CONTRA COSTA",BRENTWOOD,-121.73770904541016,37.943523406982422
9585140,2023,2023-05-27,0702,2023-04-22,2117,647N,324B,6,5,3,0702,0,0,0,,0,003,"GARIN PKWY","SPRUCE ST",0.00,,Y,A,-,N,,,,,,,,,,Y,4,0,1,1,A,-,01,23152,A,N,H,I,A,A,H,-,C,A,0,,,,,Y,Y,A,01,0,0,1,0,0,0,0,0,0,"- ","- ",37.938148498535156,-121.68724822998047,"CONTRA COSTA",BRENTWOOD,-121.68708038330078,37.938282012939453
9585141,2023,2023-05-27,0702,2023-04-26,"528 ",644J,310B,3,5,3,0702,0,0,0,,0,003,"WALNUT BL","ORCHARD DR",0.00,,Y,A,-,N,,,,,,,,,,N,3,0,1,2,A,-,03,22350,,N,C,E,A,A,H,-,C,D,0,,,,,Y,,A,01,0,1,0,0,0,0,0,0,0,"- ","- ",37.927738189697266,-121.69609832763672,"CONTRA COSTA",BRENTWOOD,-121.69609832763672,37.927738189697266
9585547,2023,2023-06-12,0740,2023-04-27,"824 ",SR085,SR,4,5,4,0791,0,0,0,,0,004,"ALCOSTA BL","FIRCREST LN",6.00,N,N,A,-,N,,,,,,,,,,N,4,0,1,2,A,-,00,21954,C,N,D,J,A,A,H,-,A,D,0,,,,,Y,,M,94,0,0,1,0,0,0,0,0,0,"- ","- ",37.777030944824219,-121.96156311035156,"CONTRA COSTA","SAN RAMON",-121.92761993408203,37.731712341308594
9585549,2023,2023-05-26,0740,2023-04-01,2037,SR041,SR,6,5,4,0791,0,0,0,,0,001,"CROW CANYON RD","SAN RAMON VALLEY BL",19.00,W,N,A,-,N,,,,,,,,,,Y,4,0,1,2,A,-,09,21453,C,N,D,C,A,A,H,-,C,A,0,,,,,Y,,A,01,0,0,1,0,0,0,0,0,0,"- ","- ",37.771411895751953,-122.00225830078125,"CONTRA COSTA","SAN RAMON",-121.97818756103516,37.775917053222656
9585629,2023,2023-05-31,0740,2023-04-11,1855,SR088,SR,2,5,4,0791,0,0,0,,0,002,"ALCOSTA BL","REFLECTIONS DR",29.00,S,N,A,-,N,,,,,,,,,,Y,3,0,1,1,C,-,18,,,N,A,I,A,A,H,-,A,D,0,,,,,Y,,-,"- ",0,1,0,0,0,0,0,0,0,"- ","- ",37.777030944824219,-121.96156311035156,"CONTRA COSTA","SAN RAMON",-121.94809722900391,37.762912750244141
9585630,2023,2023-05-31,0740,2023-04-14,1328,SR501,SR,5,5,4,0791,0,0,0,,0,003,"CAMINO RAMON","CROW CANYON RD",975.00,S,N,A,-,N,,,,,,,,,,Y,2,0,1,2,A,-,09,21801,A,N,D,C,A,A,H,-,A,A,0,,,Y,,Y,,A,07,1,0,0,0,0,0,0,0,1,"- ","- ",37.765659332275391,-121.67012786865234,"CONTRA COSTA","SAN RAMON",-121.96754455566406,37.777252197265625
9585631,2023,2023-05-31,0740,2023-04-21,"723 ",SR119,SR,5,5,4,0791,0,0,0,,0,003,"CROW CANYON RD","IRON HORSE TRAIL",220.00,E,N,A,-,N,,,,,,,,,,Y,4,0,1,1,C,-,18,,,N,A,I,A,A,H,-,A,A,0,,,,,Y,,-,"- ",0,0,1,0,0,0,0,0,0,"- ","- ",,,"CONTRA COSTA","SAN RAMON",-121.96626281738281,37.780677795410156
9585632,2023,2023-06-01,0740,2023-04-24,2137,SR078,SR/72,1,5,4,0791,0,0,0,,0,001,"SAN RAMON VALLEY BL","DEERWOOD RD",0.00,,Y,A,-,N,,,,,,,,,,Y,4,0,2,2,A,-,12,21453,A,N,D,C,A,A,H,-,C,A,0,,,,,Y,,A,01,0,0,2,0,0,0,0,0,0,"- ","- ",37.7843017578125,-121.98004150390625,"CONTRA COSTA","SAN RAMON",-121.97792053222656,37.779857635498047
9585636,2023,2023-06-29,0740,2023-04-27,"907 ",SR084,SR/72,4,5,4,0791,0,0,0,,0,006,"BOLLING CANYON RD","EAST BRANCH PKWY",375.00,S,N,A,-,N,,,,,,,,,,N,3,0,1,2,A,-,11,21954,A,N,G,B,E,A,H,-,A,D,0,Y,,,,Y,,N,60,0,1,0,0,1,0,0,0,0,"- ","- ",37.766960144042969,-121.95056915283203,"CONTRA COSTA","SAN RAMON",-117.89488983154297,37.464839935302734
9585752,2023,2023-06-13,0709,2023-05-13,"725 ",467,,6,5,4,0709,0,0,0,,0,001,"MONUMENT BL","RT 680",0.00,,Y,A,-,N,,,,,,,,,,N,4,0,1,2,D,-,00,,,N,C,C,A,A,H,-,A,D,0,,,,,Y,,-,"- ",0,0,1,0,0,0,0,0,0,"- ","- ",37.947620391845703,-122.05145263671875,"CONTRA COSTA","PLEASANT HILL",-122.05802154541016,37.945339202880859
9585814,2023,2023-06-09,0700,2023-05-11,1449,83231,33,4,5,4,0790,0,0,0,,0,632,"CAMINO TASSAJARA","TASSAJARA RANCH RD",0.00,,Y,A,-,N,,,,,,,,,,Y,4,0,2,2,A,-,12,21453,A,N,D,C,A,A,H,-,A,A,0,,,,,Y,,A,01,0,0,2,0,0,0,0,0,0,"- ","- ",37.798629760742188,-121.91726684570312,"CONTRA COSTA",DANVILLE,-121.91725921630859,37.798648834228516
9585988,2023,2023-06-12,0709,2023-05-19,"849 ",443,3020,5,5,4,0709,0,0,0,,0,002,"CONTRA COSTA BL","GOLF CLUB RD",80.00,N,N,A,-,N,,,,,,,,,,Y,2,0,1,2,A,-,08,22107,,N,C,C,A,A,H,-,A,D,0,,,Y,,Y,,A,01,1,0,0,0,0,0,0,0,1,"- ","- ",37.971549987792969,-122.06352996826172,"CONTRA COSTA","PLEASANT HILL",-122.06374359130859,37.971805572509766
9585989,2023,2023-06-12,0709,2023-05-01,2057,481,3001,1,5,4,0709,0,0,0,,0,002,"CONTRA COSTA BL","CONCORD AV",0.00,,Y,A,-,N,,,,,,,,,,Y,4,0,2,2,A,-,12,21453,A,N,A,C,A,A,H,-,E,A,0,,,,,Y,,A,01,0,0,2,0,0,0,0,0,0,"- ","- ",37.975601196289062,-122.06491851806641,"CONTRA COSTA","PLEASANT HILL",-122.06484222412109,37.975761413574219
9586012,2023,2023-06-05,0740,2023-05-01,1317,SR139,SR72,1,5,4,0791,0,0,0,,0,BEAT1,"CROW CANYON RD","OLD MILL RD",30.00,S,N,B,-,N,,,,,,,,,,Y,3,0,4,3,A,-,03,22350,,N,C,C,A,A,H,-,A,A,0,,,,,Y,,A,01,0,4,0,0,0,0,0,0,0,"- ","- ",37.771411895751953,-122.00225830078125,"CONTRA COSTA","SAN RAMON",-121.98558807373047,37.773971557617188
9586013,2023,2023-06-05,0740,2023-05-10,1732,SR501,SR,3,5,4,0791,0,0,0,,0,BEAT2,"MONTEVIDEO DR","IRON HORSE TRAIL",0.00,,Y,A,-,N,,,,,,,,,,Y,3,0,1,2,A,-,12,22450,A,N,D,G,A,A,H,-,A,A,0,,Y,,,Y,,L,04,0,1,0,0,0,0,1,0,0,"- ","- ",37.753528594970703,-121.94756317138672,"CONTRA COSTA","SAN RAMON",-121.94760131835938,37.753559112548828
9586014,2023,2023-06-01,0740,2023-05-11,1524,SR501,SR,4,5,4,0791,0,0,0,,0,BEAT3,"CAMINO RAMON","CROW CANYON RD",940.00,S,N,A,-,N,,,,,,,,,,Y,3,0,3,2,A,-,09,21804,A,N,D,C,A,A,H,-,A,A,0,,,,,Y,,A,07,0,3,0,0,0,0,0,0,0,"- ","- ",37.776199340820312,-121.97015380859375,"CONTRA COSTA","SAN RAMON",-121.96759796142578,37.777336120605469
9587247,2023,2023-08-30,0702,2023-07-17,1537,549D,121B,1,5,3,0702,0,0,0,,0,001,"SAND CREEK RD","FAIRVIEW AV",0.00,,Y,A,-,N,,,,,,,,,,N,3,0,1,2,A,-,03,22350,,N,C,C,A,A,H,-,A,A,0,,,,,Y,,A,07,0,1,0,0,0,0,0,0,0,"- ","- ",37.944259643554688,-121.72353363037109,"CONTRA COSTA",BRENTWOOD,-121.72360229492188,37.944206237792969
9587248,2023,2023-08-30,0702,2023-07-22,"549 ",589J,324B,6,5,3,0702,0,0,0,,0,003,"BALFOUR RD","SELLERS AV",0.00,,Y,A,-,N,,,,,,,,,,Y,3,0,2,2,A,-,12,22450,A,N,D,C,A,A,H,-,A,A,0,,,,,Y,,A,01,0,2,0,0,0,0,0,0,0,"- ","- ",37.925571441650391,-121.67788696289062,"CONTRA COSTA",BRENTWOOD,-121.67794036865234,37.925567626953125
9587249,2023,2023-08-30,0702,2023-07-31,1820,604A,422B,1,5,3,0702,0,0,0,,0,004,"BALFOUR RD","WALNUT BL",472.00,W,N,A,-,N,,,,,,,,,,Y,3,0,1,2,A,-,09,21801,,N,D,C,A,A,H,-,A,D,0,,,,,Y,,A,07,0,1,0,0,0,0,0,0,0,"- ","- ",37.925548553466797,-121.69615173339844,"CONTRA COSTA",BRENTWOOD,-121.69791412353516,37.925479888916016
9587250,2023,2023-08-30,0702,2023-07-28,1044,490M,422B,5,5,3,0702,0,0,0,,0,004,"WALNUT BL","BALFOUR RD",332.00,N,N,A,-,N,,,,,,,,,,Y,3,0,3,2,A,-,08,22107,,N,B,C,A,A,H,-,A,D,0,,,,,Y,,A,01,0,3,0,0,0,0,0,0,0,"- ","- ",37.925548553466797,-121.69615173339844,"CONTRA COSTA",BRENTWOOD,-121.69627380371094,37.9263916015625
9587251,2023,2023-08-30,0702,2023-07-18,2331,599J,431B,2,5,3,0702,0,0,0,,0,004,"BALFOUR RD","FOOTHILL DR",0.00,,Y,A,-,N,,,,,,,,,,Y,3,0,2,2,A,-,12,21453,,N,D,C,A,A,H,-,C,A,0,,,,,Y,,A,01,0,2,0,0,0,0,0,0,0,"- ","- ",37.925308227539062,-121.74224090576172,"CONTRA COSTA",BRENTWOOD,-121.74233245849609,37.925243377685547
9588675,2023,2023-06-27,0740,2023-05-13,1237,SR124,SR,6,5,4,0791,0,0,0,,0,BEAT3,"BOLLINGER CANYON RD","CAMINO RAMON",0.00,,Y,A,-,N,,,,,,,,,,Y,2,0,4,3,A,-,12,21453,A,N,A,C,A,A,H,-,A,A,0,,,,,Y,,A,71,1,0,3,0,0,0,0,0,0,"- ","- ",37.775131225585938,-121.99683380126953,"CONTRA COSTA","SAN RAMON",-121.95719146728516,37.762702941894531
9588679,2023,2023-06-23,0740,2023-05-17,1051,SR085,SR,3,5,4,0791,0,0,0,,0,4514,"CROW CANYON","RT 680",0.00,,Y,A,-,Y,CC,4,680,-,R,3.991,R,4,N,Y,3,0,2,2,A,-,12,21453,A,N,D,C,A,A,H,-,A,A,0,,,,Y,Y,,F,26,0,2,0,0,0,0,0,0,0,"- ",EO,37.776878356933594,-121.9761962890625,"CONTRA COSTA","SAN RAMON",-121.97385406494141,37.774589538574219
9589039,2023,2023-06-13,0740,2023-05-10,"908 ",SR085,SR,3,5,4,0791,0,0,0,,0,BEAT3,"NORRIS CANYON RD","CAMINO RAMON/BISHOP DR",0.00,,Y,A,-,N,,,,,,,,,,N,3,0,1,2,A,-,00,21954,C,N,D,G,A,A,H,-,A,D,0,,Y,,,Y,,L,04,0,1,0,0,0,0,1,0,0,"- ","- ",37.774520874023438,-121.97007751464844,"CONTRA COSTA","SAN RAMON",-121.96486663818359,37.774566650390625
9589040,2023,2023-06-13,0740,2023-05-16,"727 ",SR105,SR,2,5,4,0791,0,0,0,,0,BEAT15,"BOLLINGER CANYON RD","N GALE RIDGE RD",0.00,,Y,A,-,N,,,,,,,,,,Y,4,0,1,2,A,-,12,21453,A,N,D,C,A,A,H,-,A,A,0,,,,,Y,,A,01,0,0,1,0,0,0,0,0,0,"- ","- ",37.766960144042969,-121.95056915283203,"CONTRA COSTA","SAN RAMON",-121.93168640136719,37.772441864013672
9589048,2023,2023-06-12,0740,2023-04-22,1600,SR141,SR,6,5,4,0791,0,0,0,,0,001,"CROW CANYON RD","BOLLINGER CANYON",65.00,W,N,A,-,N,,,,,,,,,,N,4,0,1,2,A,-,03,22350,,N,C,C,A,A,H,-,A,A,0,,,,,Y,,A,01,0,0,1,0,0,0,0,0,0,"- ","- ",37.772621154785156,-121.99844360351562,"CONTRA COSTA","SAN RAMON",-121.99617767333984,37.772624969482422
9591041,2023,2023-07-19,0712,2023-06-11,1206,P641,,7,5,5,0712,0,0,0,,0,003,"CITRUS AV","PEPPERTREE RD",50.00,S,N,A,-,N,,,,,,,,,,N,2,0,1,2,A,-,08,22107,,N,B,E,A,A,H,-,A,D,0,,,,,Y,,A,01,1,0,0,0,0,0,0,0,0,"- ","- ",,,"CONTRA COSTA","WALNUT CREEK",-122.01004028320312,37.933029174804688
9591305,2023,2023-07-19,0714,2023-06-09,1358,150,02,5,5,4,0714,0,0,0,,0,001,"BERRELLESA ST","GREEN ST",0.00,,Y,A,-,N,,,,,,,,,,N,2,0,2,2,A,-,12,22450,A,N,D,C,A,A,H,-,A,A,0,,,,,Y,,A,07,1,1,0,0,0,0,0,0,0,"- ","- ",38.014858245849609,-122.13780975341797,"CONTRA COSTA",MARTINEZ,-122.13777923583984,38.014858245849609
9591647,2023,2023-07-12,0712,2023-06-19,"849 ",P637,,1,5,5,0712,0,0,0,,0,002,"N MAIN ST","PARKSIDE DR",210.00,N,N,A,-,N,,,,,,,,,,Y,4,0,1,2,A,-,07,21658,A,N,C,C,A,A,H,-,A,A,0,,,,,Y,,D,22,0,0,1,0,0,0,0,0,0,"- ","- ",37.912700653076172,-122.06549835205078,"CONTRA COSTA","WALNUT CREEK",-122.06548309326172,37.912574768066406
9591655,2023,2023-08-22,0712,2023-06-12,1941,P660,,1,5,5,0712,0,0,0,,0,001,"MOUNT DIABLO BL","BONANZA ST",0.00,,Y,A,-,N,,,,,,,,,,Y,4,0,1,2,A,-,09,21801,A,N,D,C,A,A,H,-,B,A,0,,,,,Y,,A,01,0,0,1,0,0,0,0,0,0,"- ","- ",,,"CONTRA COSTA","WALNUT CREEK",-122.06597137451172,37.897361755371094
9591774,2023,2023-07-18,0700,2023-06-28,1905,89358,0700,3,5,3,0792,0,0,0,,0,082,"MORAGA WY / WOODLAND RD","HALL DR",51.00,S,N,A,-,N,,,,,,,,,,Y,4,0,1,2,A,-,09,21801,,N,A,C,A,A,H,-,A,D,0,,,,,Y,,A,,0,0,1,0,0,0,0,0,0,"- ","- ",,,"CONTRA COSTA",ORINDA,-122.15542602539062,37.856208801269531
9591780,2023,2023-07-18,0700,2023-06-28,1108,83231,33,3,5,4,0790,0,0,0,,0,062,"SYCAMORE VALLEY RD","BROOKSIDE DR",439.00,W,N,A,-,N,,,,,,,,,,Y,4,0,3,2,A,-,03,22350,,N,C,C,A,A,H,-,A,D,0,,,,,Y,,A,01,0,0,3,0,0,0,0,0,0,"- ","- ",37.811408996582031,-121.98728942871094,"CONTRA COSTA",DANVILLE,-121.98879241943359,37.811309814453125
9592953,2023,2023-07-05,0712,2023-06-17,1219,P531,,6,5,5,0712,0,0,0,,0,003,"WIGET LN","YGNACIO VALLEY RD",0.00,,Y,-,-,N,,,,,,,,,,N,3,0,1,2,A,-,07,21658,A,N,H,C,A,A,H,-,A,A,0,,,,Y,Y,,I,11,0,1,0,0,0,0,0,0,0,"- ","- ",,,"CONTRA COSTA","WALNUT CREEK",-122.02359008789062,37.924407958984375
9592957,2023,2023-07-05,0712,2023-06-14,1316,P386,,3,5,5,0712,0,0,0,,0,003,"YGNACIO VALLEY RD","HOMESTEAD AV",15.00,E,N,A,-,N,,,,,,,,,,N,4,0,2,2,A,-,03,22350,,N,C,C,A,A,H,-,A,A,0,,,,,Y,,I,11,0,0,2,0,0,0,0,0,0,"- ","- ",,,"CONTRA COSTA","WALNUT CREEK",-122.05227661132812,37.909091949462891
9594257,2023,2023-07-05,0740,2023-06-03,1208,SR124,SR,6,5,4,0791,0,0,0,,0,BEAT2,"BOLLINGER CANYON RD","ALCOSTA BL",10.00,S,N,A,-,N,,,,,,,,,,N,2,0,1,2,A,-,07,21658,A,N,H,G,A,A,H,-,A,A,0,,Y,,,Y,,A,01,1,0,0,0,0,0,1,0,0,"- ","- ",37.765678405761719,-121.95155334472656,"CONTRA COSTA","SAN RAMON",-121.95211791992188,37.765800476074219
9594258,2023,2023-07-05,0740,2023-06-06,1612,SR544,SR72,2,5,4,0791,0,0,0,,0,BEAT5,"CROW CANYON","INDIAN RICE RD",0.00,,Y,B,-,N,,,,,,,,,,Y,3,0,1,2,A,-,01,23152,A,N,C,C,A,A,H,-,A,A,0,,,,,Y,Y,A,01,0,1,0,0,0,0,0,0,0,"- ","- ",37.789951324462891,-121.9251708984375,"CONTRA COSTA","SAN RAMON",-121.92527008056641,37.789947509765625
9594297,2023,2023-07-03,0740,2023-05-22,1756,SR140,SR,1,5,4,0791,0,0,0,,0,4643,"WINDERMERE PKWY","HARCOURT WY",75.00,S,N,A,-,N,,,,,,,,,,Y,2,0,1,1,A,-,00,27602,A,N,A,I,A,A,H,-,A,D,0,,,,,Y,,A,01,1,0,0,0,0,0,0,0,0,"- ","- ",37.763160705566406,-121.90573120117188,"CONTRA COSTA","SAN RAMON",-121.89444732666016,37.762680053710938
9594418,2023,2023-06-30,0712,2023-05-22,1051,P637,,1,5,5,0712,0,0,0,,0,003,"LONGFORD CT","GILL PORT LN",650.00,N,N,A,-,N,,,,,,,,,,N,4,0,1,3,A,-,21,22106,,N,B,E,A,A,H,-,A,D,0,,,,,Y,,A,01,0,0,1,0,0,0,0,0,0,"- ","- ",37.931468963623047,-122.04049682617188,"CONTRA COSTA","WALNUT CREEK",-122.04187774658203,37.930789947509766
9594461,2023,2023-06-30,0700,2023-05-22,1938,050,OAKLE,1,5,3,0734,0,0,0,,0,053,"EMPIRE AV","GAMAY DR",0.00,,Y,A,-,N,,,,,,,,,,N,4,0,1,2,A,-,09,21800,A,N,D,C,A,A,H,-,A,D,0,,,,,Y,,A,01,0,0,1,0,0,0,0,0,0,"- ","- ",37.994060516357422,-121.73223114013672,"CONTRA COSTA",OAKLEY,-121.73228454589844,37.994014739990234