CASE_ID,ACCIDENT_YEAR,PROC_DATE,JURIS,COLLISION_DATE,COLLISION_TIME,OFFICER_ID,REPORTING_DISTRICT,DAY_OF_WEEK,CHP_SHIFT,POPULATION,CNTY_CITY_LOC,SPECIAL_COND,BEAT_TYPE,CHP_BEAT_TYPE,CITY_DIVISION_LAPD,CHP_BEAT_CLASS,BEAT_NUMBER,PRIMARY_RD,SECONDARY_RD,DISTANCE,DIRECTION,INTERSECTION,WEATHER_1,WEATHER_2,STATE_HWY_IND,CALTRANS_COUNTY,CALTRANS_DISTRICT,STATE_ROUTE,ROUTE_SUFFIX,POSTMILE_PREFIX,POSTMILE,LOCATION_TYPE,RAMP_INTERSECTION,SIDE_OF_HWY,TOW_AWAY,COLLISION_SEVERITY,NUMBER_KILLED,NUMBER_INJURED,PARTY_COUNT,PRIMARY_COLL_FACTOR,PCF_CODE_OF_VIOL,PCF_VIOL_CATEGORY,PCF_VIOLATION,PCF_VIOL_SUBSECTION,HIT_AND_RUN,TYPE_OF_COLLISION,MVIW,PED_ACTION,ROAD_SURFACE,ROAD_COND_1,ROAD_COND_2,LIGHTING,CONTROL_DEVICE,CHP_ROAD_TYPE,PEDESTRIAN_ACCIDENT,BICYCLE_ACCIDENT,MOTORCYCLE_ACCIDENT,TRUCK_ACCIDENT,NOT_PRIVATE_PROPERTY,ALCOHOL_INVOLVED,STWD_VEHTYPE_AT_FAULT,CHP_VEHTYPE_AT_FAULT,COUNT_SEVERE_INJ,COUNT_VISIBLE_INJ,COUNT_COMPLAINT_PAIN,COUNT_PED_KILLED,COUNT_PED_INJURED,COUNT_BICYCLIST_KILLED,COUNT_BICYCLIST_INJURED,COUNT_MC_KILLED,COUNT_MC_INJURED,PRIMARY_RAMP,SECONDARY_RAMP,LATITUDE,LONGITUDE,COUNTY,CITY,POINT_X,POINT_Y
9866298,2025,2025-09-09,0709,2025-08-26,1834,425,3120,2,5,4,0709,0,0,0,,0,001,"CRESCENT PLZ","CRESCENT DR",0.00,,Y,A,-,N,,,,,,,,,,N,3,0,1,2,A,-,09,21801,A,N,D,C,A,A,H,-,A,A,0,,,,,Y,,A,01,0,1,0,0,0,0,0,0,0,"- ","- ",37.945270538330078,-122.0618896484375,"CONTRA COSTA","PLEASANT HILL",-122.06182861328125,37.945205688476562
9866374,2025,2025-09-22,0709,2025-08-29,1840,482,3050,5,5,4,0709,0,0,0,,0,002,"TAYLOR BL","NORSE DR",0.00,,Y,A,-,N,,,,,,,,,,Y,3,0,1,1,A,-,"- ",,,N,E,I,A,A,H,-,A,D,0,,,,,Y,,A,01,0,1,0,0,0,0,0,0,0,"- ","- ",,,"CONTRA COSTA","PLEASANT HILL",-122.07310485839844,37.961307525634766
9866429,2025,2025-08-04,0740,2025-06-28,1701,SR149,SR,6,5,4,0791,0,0,0,,0,003,"BOLLINGER CANYON RD","CAMINO RAMON",0.00,,Y,A,-,N,,,,,,,,,,Y,4,0,1,2,A,-,12,21453,A,N,D,C,A,A,H,-,A,A,0,,,,,Y,,A,01,0,0,1,0,0,0,0,0,0,"- ","- ",37.775131225585938,-121.99683380126953,"CONTRA COSTA","SAN RAMON",-121.95719146728516,37.762702941894531
9866649,2025,2025-09-05,0740,2025-08-13,1105,SR105,SR,3,5,4,0791,0,0,0,,0,003,"CROW CANYON OVERPASS","RT 680",0.00,,Y,A,-,Y,CC,4,680,-,R,3.991,R,4,N,Y,4,0,1,2,A,-,03,22350,,N,C,C,A,A,H,-,A,A,0,,,,,Y,,A,08,0,0,1,0,0,0,0,0,0,"- ","- ",37.777050018310547,-121.97398376464844,"CONTRA COSTA","SAN RAMON",-121.97385406494141,37.774589538574219
9866731,2025,2025-09-12,0740,2025-08-11,2159,SR153,SR,1,5,4,0791,0,0,0,,0,BEAT4,"RT 680","ALCOSTA BL",42.00,N,N,A,-,Y,ALA,4,680,-,R,21.741,R,4,N,Y,2,0,1,1,A,-,03,22350,A,N,A,I,A,A,H,-,C,A,0,,,,,Y,Y,A,01,1,0,0,0,0,0,0,0,0,"- ","- ",,,"CONTRA COSTA","SAN RAMON",-121.93864440917969,37.721717834472656
9866921,2025,2025-10-03,0702,2025-05-05,1535,580M,310B,1,5,3,0702,0,0,0,,0,003,"DAINTY AV","WALNUT BL",93.00,E,N,A,-,N,,,,,,,,,,N,1,1,0,3,A,-,21,22106,,N,G,B,E,A,D,-,A,D,0,Y,,,,Y,,K,45,0,0,0,1,0,0,0,0,0,"- ","- ",37.932510375976562,-121.69759368896484,"CONTRA COSTA",BRENTWOOD,-121.69783782958984,37.932651519775391
9866932,2025,2025-10-09,0710,2025-01-18,2329,1739,NORTH,6,5,5,0710,0,0,0,,0,005,"GERTRUDE AV","MAYA WY",0.00,,Y,A,-,N,,,,,,,,,,N,1,1,1,2,A,-,01,23152,A,N,H,C,A,A,H,-,C,D,0,,,Y,,Y,Y,C,02,1,0,0,0,0,0,0,1,1,"- ","- ",37.954048156738281,-122.37213134765625,"CONTRA COSTA",RICHMOND,-122.3720703125,37.954071044921875
9866935,2025,2025-10-09,0714,2025-03-07,1836,165,20,5,5,4,0714,0,0,0,,0,003,"ALHAMBRA AV","ELDERWOOD DR",0.00,,Y,A,-,N,,,,,,,,,,Y,1,1,1,2,A,-,01,23152,B,N,D,C,A,A,H,-,C,A,0,,,,,Y,Y,A,08,1,0,0,0,0,0,0,0,0,"- ","- ",37.969688415527344,-122.10202026367188,"CONTRA COSTA",MARTINEZ,-122.10202026367188,37.969711303710938
9866963,2025,2025-10-10,0700,2025-03-01,1316,89327,33,6,5,4,0790,0,0,0,,0,062,"SYCAMORE VALLEY RD","CAMINO RAMON",38.00,W,N,A,-,N,,,,,,,,,,Y,1,1,3,2,A,-,12,21453,A,N,D,C,A,A,H,-,A,A,0,,,,,Y,,A,01,0,1,2,0,0,0,0,0,0,"- ","- ",37.811481475830078,-121.99089813232422,"CONTRA COSTA",DANVILLE,-121.99101257324219,37.811389923095703
9866984,2025,2025-10-29,0714,2025-04-22,1418,185,14,2,5,4,0714,0,0,0,,0,003,"FIG TREE LN",ARNOLD,227.00,N,N,A,-,N,,,,,,,,,,N,1,1,0,1,A,-,01,23152,A,N,E,I,A,A,H,-,A,D,0,,,,,Y,Y,A,01,0,0,0,0,0,0,0,0,0,"- ","- ",37.991451263427734,-122.09468078613281,"CONTRA COSTA",MARTINEZ,-122.09445953369141,37.991680145263672
9867069,2025,2026-01-05,0712,2025-06-29,"214 ",P591,,7,5,5,0712,0,0,0,,0,002,"YGNACIO VALLEY RD","CIVIC DR",339.00,W,N,A,-,N,,,,,,,,,,Y,1,1,0,1,A,-,01,23152,A,N,E,I,A,A,H,-,C,A,0,,,,,Y,Y,A,07,0,0,0,0,0,0,0,0,0,"- ","- ",,,"CONTRA COSTA","WALNUT CREEK",-122.05997467041016,37.906597137451172
9867093,2025,2026-01-12,0712,2025-08-09,1640,P656,,6,5,5,0712,0,0,0,,0,003,"YGNACIO VALLEY RD","OAK GROVE RD",3000.00,E,N,A,-,N,,,,,,,,,,N,1,1,2,2,A,-,05,21651,B,N,A,C,A,A,H,-,A,D,0,,,Y,,Y,,A,01,2,0,0,0,0,0,0,0,1,"- ","- ",,,"CONTRA COSTA","WALNUT CREEK",-122.00489807128906,37.930187225341797
9867097,2025,2026-01-12,0704,2025-06-20,1813,0598,,5,5,6,0704,0,0,0,,0,006,"YGNACIO VALLEY RD","PARK HIGHLANDS BL",16.00,N,N,A,-,N,,,,,,,,,,N,1,1,0,2,A,-,10,21950,A,N,G,B,B,A,H,-,A,A,0,Y,,,,Y,,A,07,0,0,0,1,0,0,0,0,0,"- ","- ",37.949840545654297,-121.96083831787109,"CONTRA COSTA",CONCORD,-121.96080017089844,37.949722290039062
9867169,2024,2026-02-27,0705,2024-07-10,2328,E259,PATRO,3,5,3,0705,0,0,0,,0,010,"SAN PABLO AV","EL DORADO ST",145.00,S,N,A,-,Y,CC,4,123,-,-,0.440,I,6,S,N,1,1,0,2,A,-,10,21954,B,F,G,B,D,A,H,-,C,D,0,Y,,,,Y,,D,22,0,0,0,1,0,0,0,0,0,"- ","- ",37.904121398925781,-122.30420684814453,"CONTRA COSTA","EL CERRITO",-122.30423736572266,37.904079437255859
9867819,2025,2025-08-13,0712,2025-07-13,"20  ",P667,,7,5,5,0712,0,0,0,,0,004,"LOCUST ST","CYPRESS ST",62.00,S,N,A,-,N,,,,,,,,,,N,3,0,1,3,A,-,08,22107,,N,D,G,A,A,H,-,C,D,0,,Y,,,Y,,J,48,0,1,0,0,0,0,1,0,0,"- ","- ",,,"CONTRA COSTA","WALNUT CREEK",-122.06195068359375,37.898799896240234
9867856,2025,2025-08-12,0700,2025-07-16,1434,88252,33,3,5,4,0790,0,0,0,,0,062,"CAMINO TASSAJARA","SYCAMORE VALLEY RD",0.00,,Y,A,-,N,,,,,,,,,,Y,4,0,1,2,A,-,04,21703,,N,C,C,A,A,H,-,A,A,0,,,,,Y,,A,01,0,0,1,0,0,0,0,0,0,"- ","- ",37.8160400390625,-121.9683837890625,"CONTRA COSTA",DANVILLE,-121.96837615966797,37.816082000732422
9868018,2025,2025-08-11,0712,2025-07-01,1920,P525,,2,5,5,0712,0,0,0,,0,003,"YGNACIO VALLEY RD",COWELL,500.00,W,N,A,-,N,,,,,,,,,,Y,3,0,2,3,A,-,08,22107,,F,B,E,A,A,H,-,A,D,0,,,,,Y,,-,,0,2,0,0,0,0,0,0,0,"- ","- ",,,"CONTRA COSTA","WALNUT CREEK",-121.99383544921875,37.946556091308594
9868019,2025,2025-08-11,0712,2025-07-22,1515,P628,,2,5,5,0712,0,0,0,,0,003,"YGNACIO VALLEY RD","WIMBLEDON RD",0.00,,Y,A,-,N,,,,,,,,,,N,3,0,1,3,A,-,04,21703,,N,C,C,A,A,H,-,A,A,0,,,,,Y,,A,01,0,1,0,0,0,0,0,0,0,"- ","- ",,,"CONTRA COSTA","WALNUT CREEK",-122.02918243408203,37.923057556152344
9868485,2025,2025-08-04,0712,2025-07-01,1558,P525,,2,5,5,0712,0,0,0,,0,003,"YGNACIO VALLEY RD","VIA MONTE",0.00,,Y,A,-,N,,,,,,,,,,Y,3,0,4,2,A,-,12,21453,A,N,D,C,A,A,H,-,A,A,0,,,,,Y,,A,07,0,3,1,0,0,0,0,0,0,"- ","- ",,,"CONTRA COSTA","WALNUT CREEK",-122.01834869384766,37.925846099853516
9868531,2025,2025-08-06,0740,2025-06-09,1759,SR084,SR,1,5,4,0791,0,0,0,,0,BEAT5,"BOLLINGER CANYON RD","DOUGHERTY RD",23.00,N,N,A,-,N,,,,,,,,,,Y,4,0,1,2,A,-,12,21453,A,N,D,C,A,A,H,-,A,A,0,,,,,Y,,A,01,0,0,1,0,0,0,0,0,0,"- ","- ",37.766960144042969,-121.95056915283203,"CONTRA COSTA","SAN RAMON",-121.92510986328125,37.7735595703125
9868532,2025,2025-08-06,0740,2025-06-02,1549,SR131,SR,1,5,4,0791,0,0,0,,0,BEAT4,"ALCOSTA BL","BROADMOOR DR",0.00,,Y,A,-,N,,,,,,,,,,Y,2,0,1,2,A,-,09,21801,A,F,D,C,A,A,H,-,A,A,0,,,Y,,Y,Y,A,01,1,0,0,0,0,0,0,0,1,"- ","- ",37.730098724365234,-121.93102264404297,"CONTRA COSTA","SAN RAMON",-121.9310302734375,37.730125427246094
9868534,2025,2025-08-26,0712,2025-06-28,"920 ",P669,,6,5,5,0712,0,0,0,,0,001,"ROSSMOOR PKWY","TERRA CALIFORNIA DR S",0.00,,Y,A,-,N,,,,,,,,,,N,3,0,1,2,A,-,21,22106,,N,H,G,A,A,H,-,A,D,0,,Y,,,Y,,-,"- ",0,1,0,0,0,0,1,0,0,"- ","- ",,,"CONTRA COSTA","WALNUT CREEK",-122.07125854492188,37.869327545166016
9869203,2025,2025-08-13,0705,2025-07-17,1437,E259,TRAFF,4,5,3,0705,0,0,0,,0,010,"CARLSON BL","EL DORADO ST",15.00,S,N,A,-,N,,,,,,,,,,Y,4,0,1,2,A,-,09,21802,A,N,D,C,A,A,H,-,A,A,0,,,,,Y,,A,07,0,0,1,0,0,0,0,0,0,"- ","- ",37.902999877929688,-122.30500030517578,"CONTRA COSTA","EL CERRITO",-122.30563354492188,37.903423309326172
9869324,2025,2025-08-19,0740,2025-07-29,1710,SR120,SR72,2,5,4,0791,0,0,0,,0,BEAT1,"SAN RAMON VALLEY BL","BARNWOOD DR",193.00,S,N,A,-,N,,,,,,,,,,Y,4,0,1,1,A,-,08,22107,,N,E,I,A,A,H,-,A,D,0,,,,,Y,,A,01,0,0,1,0,0,0,0,0,0,"- ","- ",37.784000396728516,-121.98004150390625,"CONTRA COSTA","SAN RAMON",-121.96248626708984,37.75445556640625
9869501,2025,2025-08-28,0712,2025-07-26,"800 ",P672,,6,5,5,0712,0,0,0,,0,002,"N BROADWAY","CIVIC DR",100.00,S,N,A,-,N,,,,,,,,,,N,3,0,1,1,A,-,08,22107,,N,E,I,A,A,H,-,A,D,0,,,,,Y,,A,01,0,1,0,0,0,0,0,0,0,"- ","- ",,,"CONTRA COSTA","WALNUT CREEK",-122.06085968017578,37.902301788330078
9869502,2025,2025-08-28,0712,2025-07-19,1920,P674,,6,5,5,0712,0,0,0,,0,002,"LACASSIE AV","NORTH CALIFORNIA BL",0.00,,Y,A,-,N,,,,,,,,,,N,3,0,2,3,A,-,10,21950,A,N,G,B,B,A,H,-,A,A,0,Y,,,,Y,,A,01,0,1,1,0,2,0,0,0,0,"- ","- ",,,"CONTRA COSTA","WALNUT CREEK",-122.065185546875,37.903579711914062
9869503,2025,2025-08-28,0712,2025-07-24,1531,P673,0712,4,5,5,0712,0,0,0,,0,003,"BANCROFT RD","TREAT BL",0.00,,Y,A,-,N,,,,,,,,,,N,4,0,1,2,A,-,21,22106,,N,C,C,A,A,H,-,A,A,0,,,,,Y,,A,01,0,0,1,0,0,0,0,0,0,"- ","- ",,,"CONTRA COSTA","WALNUT CREEK",-122.04248809814453,37.929141998291016
9869504,2025,2025-08-28,0712,2025-07-28,1747,P668,,1,5,5,0712,0,0,0,,0,001,"SAN MIGUEL DR","NEWELL HILL PL",0.00,,Y,A,-,N,,,,,,,,,,N,3,0,2,2,A,-,06,21750,,N,B,C,A,A,H,-,A,D,0,,,,,Y,,A,01,0,2,0,0,0,0,0,0,0,"- ","- ",,,"CONTRA COSTA","WALNUT CREEK",-122.05341339111328,37.895561218261719
9869521,2025,2025-08-26,0712,2025-06-17,2249,P687,,2,5,5,0712,0,0,0,,0,001,"NORTH MAIN ST","ARROYO LN",0.00,,Y,A,-,N,,,,,,,,,,Y,3,0,1,2,A,-,08,22107,,N,A,C,A,A,H,-,C,D,0,,,,,Y,,A,01,0,1,0,0,0,0,0,0,0,"- ","- ",,,"CONTRA COSTA","WALNUT CREEK",-122.06369018554688,37.904994964599609
9869522,2025,2025-08-26,0712,2025-06-11,1846,P583,,3,5,5,0712,0,0,0,,0,004,"LOCUST ST","MOUNT DIABLO BL",0.00,,Y,A,-,N,,,,,,,,,,N,2,0,1,2,A,-,10,21950,A,N,G,B,B,A,H,-,A,A,0,Y,,,,Y,,A,07,1,0,0,0,1,0,0,0,0,"- ","- ",,,"CONTRA COSTA","WALNUT CREEK",-122.06141662597656,37.897327423095703
9869523,2025,2025-08-26,0712,2025-06-10,1300,P637,,2,5,5,0712,0,0,0,,0,003,"YGNACIO VALLEY RD","WIMBLEDON RD",20.00,W,N,A,-,N,,,,,,,,,,Y,4,0,1,3,A,-,04,21703,,N,C,C,A,A,D,H,A,A,0,,,,,Y,Y,A,01,0,0,1,0,0,0,0,0,0,"- ","- ",,,"CONTRA COSTA","WALNUT CREEK",-122.02924346923828,37.92303466796875
9869529,2025,2025-08-25,0712,2025-05-10,1100,P672,,6,5,5,0712,0,0,0,,0,002,"N MAIN ST","DUNCAN ST",0.00,,Y,A,-,N,,,,,,,,,,N,3,0,1,2,A,-,09,21801,A,N,D,C,A,A,H,-,A,D,0,,,,,Y,,A,07,0,1,0,0,0,0,0,0,0,"- ","- ",,,"CONTRA COSTA","WALNUT CREEK",-122.06026458740234,37.898189544677734
9869540,2025,2025-08-25,0712,2025-03-06,1859,P683,02,4,5,5,0712,0,0,0,,0,002,"NORTH CALIFORNIA BL","PRINGLE AV",0.00,,Y,A,-,N,,,,,,,,,,Y,3,0,1,2,D,-,00,,,N,D,C,A,A,H,-,C,A,0,,,,,Y,,-,"- ",0,1,0,0,0,0,0,0,0,"- ","- ",,,"CONTRA COSTA","WALNUT CREEK",-122.06644439697266,37.907657623291016
9869709,2025,2025-08-29,0740,2025-07-03,1219,SR117,SR,4,5,4,0791,0,0,0,,0,005,"BOLLINGER CANYON RD","HARCOURT WY",15.00,N,N,A,-,N,,,,,,,,,,N,4,0,1,2,A,-,09,21453,C,N,D,C,A,A,H,-,A,A,0,,,,,Y,,A,01,0,0,1,0,0,0,0,0,0,"- ","- ",37.766960144042969,-121.95056915283203,"CONTRA COSTA","SAN RAMON",-121.90547943115234,37.759307861328125
9870527,2025,2025-09-17,0705,2025-08-12,1556,E259,PATRO,2,5,3,0705,0,0,0,,0,011,"SAN PABLO AV","POTRERO AV",189.00,N,N,A,-,N,,,,,,,,,,Y,4,0,1,1,A,-,01,23152,A,N,E,I,A,A,H,-,A,A,0,,,,,Y,Y,A,07,0,0,1,0,0,0,0,0,0,"- ","- ",37.920780181884766,-122.31520843505859,"CONTRA COSTA","EL CERRITO",-122.31542205810547,37.921176910400391
9870528,2025,2025-09-17,0705,2025-08-25,1211,E267,PATRO,1,5,3,0705,0,0,0,,0,011,"RICHMOND ST","DONAL AV",0.00,,Y,A,-,N,,,,,,,,,,N,3,0,1,2,A,-,10,21950,A,N,G,B,B,A,H,-,A,A,0,Y,,,,Y,,A,01,0,1,0,0,1,0,0,0,0,"- ","- ",37.918910980224609,-122.30879211425781,"CONTRA COSTA","EL CERRITO",-122.30872344970703,37.919078826904297
9870605,2025,2025-09-11,0700,2025-08-25,1827,88983,33,1,5,4,0790,0,0,0,,0,062,"EL CAPITAN DR","SAINT REGIS DR",0.00,,Y,A,-,N,,,,,,,,,,N,3,0,1,2,A,-,03,22350,,N,C,C,A,A,H,-,A,D,0,,,,,Y,,M,94,0,1,0,0,0,0,0,0,0,"- ","- ",37.792949676513672,-121.96492767333984,"CONTRA COSTA",DANVILLE,-121.96492767333984,37.792999267578125
9874113,2025,2025-10-09,0740,2025-08-28,"816 ",SR120,SR72,4,5,4,0791,0,0,0,,0,BEAT5,"S WEDGEWOOD RD","CYPRESS RD",202.00,N,N,A,-,N,,,,,,,,,,N,4,0,1,2,A,-,03,22350,,N,D,G,A,A,C,-,A,D,0,,Y,,,Y,,M,91,0,0,1,0,0,0,1,0,0,"- ","- ",37.767398834228516,-121.91708374023438,"CONTRA COSTA","SAN RAMON",-121.91685485839844,37.767471313476562
9874114,2025,2025-09-22,0740,2025-08-21,"830 ",SR120,SR72,4,5,4,0791,0,0,0,,0,BEAT3,"BOLLINGER CANYON RD","CANYON LAKE DR",210.00,E,N,A,-,N,,,,,,,,,,N,2,0,1,2,A,-,08,22107,,N,B,G,A,A,-,-,A,A,0,,Y,,,Y,,L,04,1,0,0,0,0,0,1,0,0,"- ","- ",37.766960144042969,-121.95056915283203,"CONTRA COSTA","SAN RAMON",-121.94557189941406,37.771533966064453
9874115,2025,2025-10-02,0740,2025-08-25,2022,SR142,SR,1,5,4,0791,0,0,0,,0,BEAT2,"CAMINO RAMON","BISHOP DR",300.00,S,N,A,-,N,,,,,,,,,,Y,4,0,2,2,A,-,08,22107,,N,B,C,A,A,H,-,C,D,0,,,,,Y,,A,01,0,0,2,0,0,0,0,0,0,"- ","- ",37.780479431152344,-121.96968078613281,"CONTRA COSTA","SAN RAMON",-121.95792388916016,37.763835906982422
9874116,2025,2025-09-22,0740,2025-08-27,"758 ",SR120,SR72,3,5,4,0791,0,0,0,,0,BEAT3,"CROW CANYON RD","CROW CANYON PL",0.00,,Y,A,-,N,,,,,,,,,,Y,4,0,2,3,A,-,12,21453,A,N,D,C,A,A,H,-,A,A,0,,,,,Y,,A,01,0,0,2,0,0,0,0,0,0,"- ","- ",37.771411895751953,-122.00225830078125,"CONTRA COSTA","SAN RAMON",-121.97161102294922,37.778617858886719
9874130,2025,2025-09-23,0712,2025-06-20,2316,P545,,5,5,5,0712,0,0,0,,0,004,"N BROADWAY","CIVIC DR",0.00,,Y,A,-,N,,,,,,,,,,N,3,0,2,2,A,-,04,21703,,F,C,C,A,A,H,-,C,A,0,,,,,Y,Y,A,01,0,2,0,0,0,0,0,0,0,"- ","- ",,,"CONTRA COSTA","WALNUT CREEK",-122.06098175048828,37.902565002441406
9874787,2025,2025-10-22,0740,2025-09-15,1044,SR105,SR,1,5,4,0791,0,0,0,,0,BEAT1,"SAN RAMON VALLEY BL","MORGAN DR",0.00,,Y,A,-,N,,,,,,,,,,N,3,0,1,2,A,-,09,21802,A,N,D,G,A,A,H,-,A,D,0,,Y,,,Y,,A,01,0,1,0,0,0,0,1,0,0,"- ","- ",37.751438140869141,-121.96053314208984,"CONTRA COSTA","SAN RAMON",-121.96057891845703,37.751419067382812
9874788,2025,2025-10-22,0740,2025-09-09,1752,SR131,SR72,2,5,4,0791,0,0,0,,0,BEAT5,"E BRANCH PKWY","INGLETON WAY",100.00,W,N,A,-,N,,,,,,,,,,Y,4,0,1,1,A,-,08,22107,,N,E,I,A,A,H,-,A,D,0,,,,,Y,,A,07,0,0,1,0,0,0,0,0,0,"- ","- ",37.753231048583984,-121.90918731689453,"CONTRA COSTA","SAN RAMON",-121.90380096435547,37.754180908203125
9874881,2025,2025-10-09,0740,2025-08-17,1606,SR142,SR72,7,5,4,0791,0,0,0,,0,BEAT5,"MELBOURNE WY","MORNINGTON LN",0.00,,Y,A,-,N,,,,,,,,,,N,2,0,1,2,A,-,11,21954,A,N,D,B,C,A,H,-,A,D,0,Y,,,,Y,,N,60,1,0,0,0,1,0,0,0,0,"- ","- ",37.754001617431641,-121.89700317382812,"CONTRA COSTA","SAN RAMON",-121.89801788330078,37.755073547363281
9874882,2025,2025-10-13,0740,2025-08-09,2054,SR153,SR72,6,5,4,0791,0,0,0,,0,BEAT3,"ALCOSTA BL","NORRIS CANYON RD",0.00,,Y,A,-,N,,,,,,,,,,Y,3,0,1,2,A,-,12,21453,A,N,D,C,A,A,H,-,C,A,0,,,,,Y,,-,"- ",0,1,0,0,0,0,0,0,0,"- ","- ",37.777000427246094,-121.96099853515625,"CONTRA COSTA","SAN RAMON",-121.96147918701172,37.776897430419922
9874980,2025,2025-11-03,0740,2025-09-03,2200,SR142,SR72,3,5,4,0791,0,0,0,,0,BEAT5,"BOLLINGER CANYON RD","DOUGHERTY RD",0.00,,Y,A,-,N,,,,,,,,,,Y,4,0,1,2,A,-,17,21451,A,N,D,C,A,A,H,-,C,A,0,,,,,Y,,A,01,0,0,1,0,0,0,0,0,0,"- ","- ",37.765998840332031,-121.95050048828125,"CONTRA COSTA","SAN RAMON",-121.92510986328125,37.7735595703125
9875433,2025,2025-10-21,0712,2025-09-05,1445,P672,,5,5,5,0712,0,0,0,,0,002,"TRINITY AV","OAKLAND BL",419.00,W,N,A,-,N,,,,,,,,,,N,3,0,2,2,A,-,08,22103,,N,D,C,A,A,H,-,A,D,0,,,,,Y,,A,01,0,2,0,0,0,0,0,0,0,"- ","- ",,,"CONTRA COSTA","WALNUT CREEK",-122.06942749023438,37.901401519775391
9875434,2025,2025-10-21,0712,2025-09-18,1556,P674,,4,5,5,0712,0,0,0,,0,003,"YGNACIO VALLEY RD","WALNUT BL",0.00,E,N,A,-,N,,,,,,,,,,N,3,0,1,2,A,-,00,23103,A,N,A,G,A,A,H,-,A,A,0,,Y,,,Y,,L,04,0,1,0,0,0,0,1,0,0,"- ","- ",,,"CONTRA COSTA","WALNUT CREEK",-122.05490875244141,37.908126831054688
9875609,2025,2025-10-29,0712,2025-08-05,1758,P628,,2,5,5,0712,0,0,0,,0,003,"YGNACIO VALLEY RD","VIA MONTE",0.00,,Y,A,-,N,,,,,,,,,,N,3,0,1,2,A,-,10,21950,,N,D,G,A,A,H,-,A,A,0,,Y,,,Y,,A,01,0,1,0,0,0,0,1,0,0,"- ","- ",,,"CONTRA COSTA","WALNUT CREEK",-122.01834869384766,37.925846099853516
9875610,2025,2025-11-05,0712,2025-08-07,1738,P671,,4,5,5,0712,0,0,0,,0,001,"S MAIN ST","OLYMPIC BL",0.00,,Y,A,-,N,,,,,,,,,,N,3,0,1,2,A,-,10,21950,A,M,G,B,B,A,H,-,A,A,0,Y,,,,Y,,-,"- ",0,1,0,0,1,0,0,0,0,"- ","- ",,,"CONTRA COSTA","WALNUT CREEK",-122.05995941162109,37.89630126953125
9875611,2025,2025-11-05,0712,2025-08-09,2338,P545,,6,5,5,0712,0,0,0,,0,002,"N MAIN ST","N MAIN ST 2955",0.00,,N,A,-,N,,,,,,,,,,N,3,0,1,2,A,-,01,21200,5,N,D,G,A,A,H,-,C,D,0,,Y,,,Y,Y,L,04,0,1,0,0,0,0,1,0,0,"- ","- ",,,"CONTRA COSTA","WALNUT CREEK",-122.06001281738281,37.897342681884766
9875612,2025,2025-10-28,0712,2025-08-19,"745 ",P615,,2,5,5,0712,0,0,0,,0,003,"BANCROFT RD","STRATTON CIR",0.00,,Y,A,-,N,,,,,,,,,,N,3,0,1,2,A,-,17,21235,G,N,B,C,A,A,H,-,A,D,0,,,,,Y,,M,94,0,1,0,0,0,0,0,0,0,"- ","- ",,,"CONTRA COSTA","WALNUT CREEK",-122.0361328125,37.922164916992188
9875613,2025,2025-10-28,0712,2025-08-23,1813,P654,,6,5,5,0712,0,0,0,,0,001,"S MAIN ST","NEWELL AV",0.00,,Y,A,-,N,,,,,,,,,,N,3,0,1,2,A,-,17,21228,A,N,G,B,B,A,H,-,A,A,0,Y,,,,Y,,N,60,0,1,0,0,1,0,0,0,0,"- ","- ",,,"CONTRA COSTA","WALNUT CREEK",-122.05830383300781,37.893032073974609
9875622,2025,2025-10-29,0712,2025-07-12,1947,P674,,6,5,5,0712,0,0,0,,0,002,"MAIN ST","PARKSIDE DR",315.00,S,N,A,-,N,,,,,,,,,,N,3,0,1,1,A,-,08,22107,,N,E,I,A,A,H,-,A,D,0,,,,,Y,,A,07,0,1,0,0,0,0,0,0,0,"- ","- ",,,"CONTRA COSTA","WALNUT CREEK",-122.06535339355469,37.911136627197266
9875623,2025,2025-10-29,0712,2025-07-18,2245,P593,,5,5,5,0712,0,0,0,,0,001,"MOUNT PISGAH RD","VILLAGE CT",20.00,N,N,A,-,N,,,,,,,,,,N,2,0,1,2,A,-,05,21651,B,F,G,B,F,A,H,-,C,D,0,Y,,,,Y,,-,,1,0,0,0,1,0,0,0,0,"- ","- ",,,"CONTRA COSTA","WALNUT CREEK",-122.05741882324219,37.900184631347656
9875640,2025,2025-10-29,0712,2025-06-28,"800 ",P672,,6,5,5,0712,0,0,0,,0,002,"BUENA VISTA AV","2ND AV",580.00,N,N,A,-,N,,,,,,,,,,N,3,0,1,2,A,-,17,22517,,N,B,G,A,A,H,-,A,D,0,,Y,,,Y,,A,01,0,1,0,0,0,0,1,0,0,"- ","- ",,,"CONTRA COSTA","WALNUT CREEK",-122.07362365722656,37.923351287841797
9875736,2025,2025-12-01,0740,2025-10-09,1803,SR150,SR72,4,5,4,0791,0,0,0,,0,"BEAT 1","CROW CANYON RD","TWIN CREEKS DR",184.00,E,N,A,-,N,,,,,,,,,,Y,4,0,1,3,A,-,03,22350,,N,C,C,A,A,H,-,A,D,0,,,,,Y,,A,01,0,0,1,0,0,0,0,0,0,"- ","- ",37.771411895751953,-122.00225830078125,"CONTRA COSTA","SAN RAMON",-121.97968292236328,37.775367736816406
9875801,2025,2025-11-24,0712,2025-10-02,1354,P637,,4,5,5,0712,0,0,0,,0,004,"N BROADWAY","CIVIC DR",66.00,S,N,B,-,N,,,,,,,,,,Y,3,0,1,1,A,-,08,22107,,N,E,I,A,A,H,-,A,A,0,,,,,Y,,A,01,0,1,0,0,0,0,0,0,0,"- ","- ",,,"CONTRA COSTA","WALNUT CREEK",-122.06089782714844,37.902389526367188